,PANGEA_annotation,SEN,PPV,CFS,score
oligodendrocyte@ Ma_2022_Brain,Oligodendrocyte_mature,0.9995426630079707,1.0,0.9999974543668676,0.9998466826746826
astrocyte@ Ma_2022_Brain,Astrocyte,0.9997859497409992,0.9999571826161422,0.9997840648473896,0.9998423957736721
oligodendrocyte@Siletti_2023_Brain,Oligodendrocyte_mature,0.9964785460011395,0.9998966091867806,0.999946595819678,0.9987725969835413
oligodendrocyte@Monavarfeshani_2023_Eye,Oligodendrocyte_mature,0.998964050342745,0.9971837183718372,0.9999152901354136,0.9986870443856121
oligodendrocyte@Phan_2024_Brain|Opioid,Oligodendrocyte_mature,0.9994760407735543,0.9965803847067205,0.9999981020675084,0.998683710397894
mast cell@Chen_2021_Cancer|CRC,Mast&Basophil,0.9960552268244576,1.0,0.9983735233037448,0.9981416039066496
astrocyte@Yang_2021_Brain|Frontal,Astrocyte,0.9996448863636364,0.9984039723355205,0.9958082475256026,0.9979510879336692
astrocyte@Phan_2024_Brain|Opioid,Astrocyte,0.9988183859151601,0.9941197224508996,0.9978288402519608,0.9969202630391151
oligodendrocyte precursor cell@Phan_2024_Brain|Opioid,Oligodendrocyte_progenitor,0.9954764776839565,0.9980347694633409,0.9971074921505968,0.9968723520557198
plasma cell@Zeng_2025_BoneMarrow,Plasma,0.9984245766049625,0.9917840375586855,0.9999850205986414,0.9967248601213977
Plasmablast@Stephenson_2021_Blood|COVID-19,Plasma,0.9906202723146748,0.9983736531815409,0.9996910791286884,0.9962202832771034
plasma cell@Chen_2021_Cancer|CRC,Plasma,0.9879356568364611,1.0,0.9999672778974416,0.9959514075207587
inhibitory interneuron@Phan_2024_Brain|Opioid,Neuron_inhibitory,0.9948586118251928,0.998280309544282,0.9946422282248308,0.9959256569110134
Mast cells@Hirz_2023_Cancer|PRC,Mast&Basophil,0.9912724733810439,0.9982422218316048,0.9980063229803484,0.995835088586727
hepatocyte@MacParland_2018_Liver,Hepatocyte,0.9911453870322765,0.9962675854148723,0.9999805476947452,0.9957912490771246
Hepatocytes@Aizarani_2019_Liver,Hepatocyte,0.9948897256589564,0.9922210300429185,0.9995439144549172,0.9955469609756294
Mast@Fan_2023_Cancer|CC,Mast&Basophil,0.9946502057613169,0.9942410530645824,0.9977216187010484,0.9955364148717419
Mast-KIT@Fan_2023_Cancer|CC,Mast&Basophil,0.9946502057613169,0.9942410530645824,0.9977216187010484,0.9955364148717419
cMA01 (Mast)@Pelka_2021_Cancer|CRC,Mast&Basophil,0.995565988523735,0.9896292455276121,0.9996825952337572,0.994950713563217
ependymal cell@Siletti_2023_Brain,Ciliated,0.9877592655559334,0.9955448937628513,0.9998979163165508,0.9943880004480118
oligodendrocyte precursor cell@Siletti_2023_Brain,Oligodendrocyte_progenitor,0.9994987421264683,0.9847187409733417,0.9988411874159596,0.9943294423789606
pDC@Park_2020_Thymus,Dendritic_plasmacytoid,0.9933206106870229,0.994269340974212,0.9952205287956576,0.9942698576113733
pDC@Quah_2023_Cancer|HNSCC,Dendritic_plasmacytoid,0.9963636363636363,0.9891696750902527,0.9972130886158832,0.9942422420808834
oligodendrocyte@Rexach_2024_Brain|Dementia,Oligodendrocyte_mature,0.9999718791082866,0.9827411097369712,0.9999813315588332,0.9941981126884557
oligodendrocyte precursor cell@Monavarfeshani_2023_Eye,Oligodendrocyte_progenitor,0.9856198989506413,0.9996058336618053,0.9970185540226104,0.994062815120492
oligodendrocyte precursor cell@ Ma_2022_Brain,Oligodendrocyte_progenitor,0.9998924962373683,0.9995701235894681,0.9810596605342642,0.9934682639337123
Mast cells@Sikkema_2023_Lung,Mast&Basophil,0.9870149479088026,0.9925599757060432,0.9994618597106926,0.9929992140329671
oligodendrocyte@Velmeshev_2023_Brain,Oligodendrocyte_mature,0.9966727828746177,0.9835824138680316,0.9979194105353107,0.9927036255083024
oligodendrocyte precursor cell@Rexach_2024_Brain|Dementia,Oligodendrocyte_progenitor,0.9863568379965709,0.9981910809214413,0.9920267784777406,0.9921797981469466
pDC@Hao_2021_Blood,Dendritic_plasmacytoid,0.9772079772079773,0.9990291262135922,0.9999308414587692,0.9920000768698986
HSC@Stephenson_2021_Blood|COVID-19,Hematopoietic,0.9924812030075187,0.990990990990991,0.9921507403497948,0.9918741055623957
oligodendrocyte@Seeker_2023_Brain,Oligodendrocyte_mature,0.99994617868676,0.9750708512648263,0.9999102103305724,0.9915727899902258
Mast@Adams_2020_Lung|IPF,Mast&Basophil,0.9894662921348315,0.9936530324400564,0.9898202522912444,0.990978047283963
Mast@Adams_2020_Lung|IPF,Mast&Basophil,0.9894662921348315,0.9936530324400564,0.9898202522912444,0.990978047283963
Mast cell@Wang_2023_Cancer|CRC,Mast&Basophil,0.9840342679127726,0.989041095890411,0.9997377968491844,0.9909161133370836
plasma cell@MacParland_2018_Liver,Plasma,0.9843444227005871,0.9882121807465619,0.9996405846837848,0.9907111614651961
pDC@Schulte-Schrepping_2020_Blood|COVID-19,Dendritic_plasmacytoid,0.9883268482490273,0.9864077669902913,0.995356423631103,0.9900228842253908
"plasmacytoid dendritic cell, human@Schulte-Schrepping_2020_Blood|COVID-19",Dendritic_plasmacytoid,0.9883268482490273,0.9864077669902913,0.995356423631103,0.9900228842253908
Mast cell@Elmentaite_2021_Intestine,Mast&Basophil,0.9867549668874173,0.9867549668874173,0.9961679536050198,0.9898827045965235
pDC@Hao_2021_Blood,Dendritic_plasmacytoid,0.978116079923882,0.991321118611379,0.9999400101378654,0.9897516496671329
Lymphatic endothelial cell@Elmentaite_2020_Intestine|pIBD,Endothelial|Lymphatic_LYVE1,0.9770114942528736,1.0,0.9919098922352412,0.9895945576385361
Contractile pericyte (PLN+)@Elmentaite_2021_Intestine,Mural|RERGL,0.9902723735408561,0.9970617042115573,0.980744587731166,0.989336897486438
Ciliated@Madissoon_2022_Lung,Ciliated,0.9992096944151738,0.9690853346959633,0.9999508434636656,0.9893100869233179
mature B cell@MacParland_2018_Liver,B_mature,0.9689922480620154,1.0,0.9991490216894472,0.9892745958610948
pDC@Stephenson_2021_Blood|COVID-19,Dendritic_plasmacytoid,0.9861866889912098,0.9845382365231926,0.9967863404185956,0.9891555693778191
oligodendrocyte precursor cell@Yang_2021_Brain|Frontal,Oligodendrocyte_progenitor,0.9977536503182328,0.9992500937382827,0.9698963319709508,0.9888739733428356
astrocyte@Rexach_2024_Brain|Dementia,Astrocyte,0.9680012183565724,0.9991790679801579,0.9992996429654069,0.9887162100656096
B_plasma@Park_2020_Thymus,Plasma,0.9770354906054279,0.9873417721518988,0.9999913967551212,0.9880783229018015
oligodendrocyte@Yang_2021_Brain|Frontal,Oligodendrocyte_mature,1.0,0.9643730024440684,0.9999837598145274,0.9879750948661917
cDC1@Elmentaite_2020_Intestine|pIBD,Dendritic_classical|DC1,1.0,0.9682539682539683,0.9936432685000384,0.9872032886075396
astrocyte@Tadross_2025_Brain,Astrocyte,0.9715504517217329,0.9965063468033073,0.993273234991135,0.9870475011720556
B cells@Quah_2023_Cancer|HNSCC,B_mature,0.9633899676375405,0.9958185239389504,0.9968058717517658,0.9852148952287595
HSPC@Hao_2021_Blood,Hematopoietic,0.9829683698296837,0.9782082324455206,0.9944485654478188,0.9851848561605655
Plasma cells@Sikkema_2023_Lung,Plasma,0.979131415679639,0.9747332959011791,0.9989799467321844,0.9842252873266637
cM07 (pDC)@Pelka_2021_Cancer|CRC,Dendritic_plasmacytoid,0.9882214369846879,0.964367816091954,0.99926696767484,0.9838438383545165
Plasmablast@Hao_2021_Blood,Plasma,0.989159891598916,0.9630606860158312,0.99850094776813,0.9834588920561159
Mast cells@Dominguez-Conde_2022_Multiple,Mast&Basophil,0.9559404436341538,0.9987301587301587,0.9943091963137376,0.9828037816490671
endothelial cell of lymphatic vessel@Kumar_2023_Breast_scRNA,Endothelial|Lymphatic_LYVE1,0.9983299933199733,0.9944549184873017,0.9560909822201792,0.9827720885451917
Glia@Garrido-Trigo_2023_Intestine|IBD,Schwann,0.9901960784313726,0.9805825242718447,0.9766112092374026,0.9824467461058751
astrocyte@Siletti_2023_Brain,Astrocyte,0.9992904370262861,0.9502471998331554,0.9974949764710548,0.9820788292251181
astrocyte@Monavarfeshani_2023_Eye,Astrocyte,0.9943749009665663,0.9988327983659178,0.9515999028390606,0.9813692501102772
Plasma@Hao_2021_Blood,Plasma,0.9876160990712074,0.9579579579579579,0.9988962477311264,0.9813373548190857
Mast_cell@Madissoon_2022_Lung,Mast&Basophil,0.9919571045576407,0.9833887043189369,0.9681264609382486,0.9811078096638488
plasma cell@Han_2020_Multiple,Plasma,0.9906622922450157,0.953203593852985,0.999769089296506,0.9810030018530759
B cells@Sikkema_2023_Lung,B_mature,0.9678563511416537,0.9793629430237775,0.9953377123031536,0.9807876989509446
cS33 (Schwann)@Pelka_2021_Cancer|CRC,Schwann,0.9679715302491103,0.9784172661870504,0.9954218100130134,0.9805384192298142
pDC@Stephenson_2021_Blood|COVID-19,Dendritic_plasmacytoid,0.9887250650477016,0.9527789385708316,0.997920114606478,0.979612886890274
Luminal adaptive secretory precurser@Reed_2024_Breast,Ductal|Gland_LTF,0.9884582616663183,0.9773921797181307,0.9704721060814242,0.9787461894031745
Plasma cells@Habermann_2020_Lung|COVID-19,Plasma,0.995347971715668,0.9521181915272339,0.9889987139422636,0.9786344697964442
Plasma cells@Habermann_2020_Lung|COVID-19,Plasma,0.995347971715668,0.9521181915272339,0.9889987139422636,0.9786344697964442
HSPC@Hao_2021_Blood,Hematopoietic,0.9619047619047619,0.9782082324455206,0.9944485654478188,0.9780969498679232
Plasma cells@Melms_2021_Lung,Plasma,0.9955481357818586,0.9499115044247788,0.9888104657295236,0.9778813313148323
Mast@Chan_2021_Lung|SCLC,Mast&Basophil,0.9968429360694554,0.9376391982182628,0.9998516943535464,0.9776859162469635
Mast@Chan_2021_Lung|SCLC,Mast&Basophil,0.9968429360694554,0.9376391982182628,0.9998516943535464,0.9776859162469635
Endothelial_CCL21@Fan_2023_Cancer|CC,Endothelial|Lymphatic_LYVE1,0.9669669669669669,0.9698795180722891,0.9954873234495888,0.9773611084699447
glutamatergic neuron@Rexach_2024_Brain|Dementia,Neuron_excitatory,0.9991893319053675,0.9396607798566183,0.99377609411582,0.9771677937979439
Myeloid_c4_DCs_pDC_IRF7@Wu_2021_Cancer|BRCA,Dendritic_plasmacytoid,0.9516616314199395,0.9782608695652174,0.999847657123516,0.9763908295764304
platelet@Szabo_2021_Airway|COVID-19,Platelet,0.9617021276595744,0.9699570815450643,0.9956653106826594,0.9756682155027012
platelet@Szabo_2021_Blood|COVID-19,Platelet,0.9617021276595744,0.9699570815450643,0.9956653106826594,0.9756682155027012
cM10 (Granulocyte)@Pelka_2021_Cancer|CRC,Neutrophil,0.9716103768967205,0.9607938044530494,0.9929834042912868,0.9750377780571775
pDC@Dominguez-Conde_2022_Multiple,Dendritic_plasmacytoid,0.9663394109396914,0.9690576652601969,0.9882634485933598,0.974504873651885
Platelet@Hao_2021_Blood,Platelet,0.9421992481203008,0.9940505701536936,0.9870328718627396,0.9741539956657858
Platelet@Hao_2021_Blood,Platelet,0.9417566932832315,0.9940505701536936,0.9870328718627396,0.9740014504087248
central nervous system macrophage@Siletti_2023_Brain,Macrophage|CX3CR1,0.9520786602495699,0.9999771269113324,0.9697553413846364,0.9737370446910908
Lymphatic@Shiao_2024_Breast|BRCA,Endothelial|Lymphatic_LYVE1,0.9616228070175439,0.9887260428410372,0.9687758389898083,0.9729742406797843
DC1@Park_2020_Thymus,Dendritic_classical|DC1,0.9884309472161966,0.9460207612456747,0.9846804829418428,0.9728534961688398
oligodendrocyte@Nascimento_2023_Brain,Oligodendrocyte_mature,0.998950223077596,0.9210356509114374,0.9997636954069344,0.9725364419002742
microglial cell@Phan_2024_Brain|Opioid,Macrophage|CX3CR1,0.9552036199095023,0.9998421218819071,0.9627610215190812,0.9724082375521799
Dendritic_Plasmacytoid@Adams_2020_Lung|IPF,Dendritic_plasmacytoid,0.9943422913719944,0.9323607427055703,0.991636884632012,0.9723535129076253
pDC@Adams_2020_Lung|IPF,Dendritic_plasmacytoid,0.9943422913719944,0.9323607427055703,0.991636884632012,0.9723535129076253
plasma cells@Hirz_2023_Cancer|PRC,Plasma,0.9570267131242741,0.9603729603729604,0.9992394160929284,0.9720259223449264
Myoepithelial@Wu_2021_Cancer|BRCA,Squamous|Myoepithelial,0.9908925318761385,0.9927007299270073,0.9312713148719352,0.9711963483556716
Myoepithelial@Wu_2021_Cancer|BRCA,Squamous|Myoepithelial,0.9908925318761385,0.9927007299270073,0.9312713148719352,0.9711963483556716
eye photoreceptor cell@TabulaSapiens_2022_Multiple,Rod,0.9955106621773289,0.9201244813278008,0.9999999988080654,0.9711750137334635
Plasmablasts@Wu_2021_Cancer|BRCA,Plasma,0.9886492622020431,0.9241379310344827,0.9999556512196816,0.9703310467121402
Plasmablasts@Wu_2021_Cancer|BRCA,Plasma,0.9886492622020431,0.9241379310344827,0.9999556512196816,0.9703310467121402
plasma cell@TabulaSapiens_2022_Multiple,Plasma,0.9456907752273711,0.9667079865415265,0.9992619026191748,0.9703042413865289
Airway ciliated@Melms_2021_Lung,Ciliated,0.9937290969899666,0.9191802010827533,0.9999115096432226,0.970234570639635
oligodendrocyte precursor cell@Seeker_2023_Brain,Oligodendrocyte_progenitor,0.9928894634776988,0.9225225225225225,0.9957311833794824,0.9697802367534888
Airway ciliated@Habermann_2020_Lung|COVID-19,Ciliated,0.9936467598475223,0.9174814235432147,0.9999274508767336,0.9696148625616808
Mast@Gur_2022_Skin|Scleroderma,Mast&Basophil,0.939203354297694,0.9718004338394793,0.997007973286898,0.9690476179738804
plasma cells@Quah_2023_Cancer|HNSCC,Plasma,0.9710610932475884,0.9337455830388692,0.9997281272742392,0.9678001279049891
AT2@Sikkema_2023_Lung,Ductal|AT2,0.9859512608051572,0.933637526783925,0.9823221418494849,0.9670061285386431
oligodendrocyte@Han_2020_Multiple,Oligodendrocyte_mature,0.9808261485008365,0.9219789524615943,0.9998221587816865,0.9669676240792178
basal cell@Kumar_2023_Breast_scRNA,Squamous|Myoepithelial,0.9995402433775482,0.986626885271228,0.9160179332159706,0.9666866819663799
oligodendrocyte@Jakel_2019_Brain|MS,Oligodendrocyte_mature,0.9805623471882641,0.9186805635093346,0.99988990911118,0.9657483513645027
Mueller cell@Voigt_2021_Eye,Muller,0.9885152735022495,0.9167673218403426,0.9929916969938898,0.9654490847854591
kidney epithelial cell@TabulaSapiens_2022_Multiple,Ductal|Proximal-tubule,0.9632697155203457,0.9856300663227708,0.9459307755826324,0.9648069020307455
Erythroid@Dominguez-Conde_2022_Multiple,Erythroid,0.9775280898876404,0.9753363228699552,0.937886279153344,0.9634102787129599
Ery@Park_2020_Thymus,Erythroid,0.9953416149068323,0.9002808988764045,0.9950140708424754,0.9624831610212459
Neutrophil-FCGR3B@Fan_2023_Cancer|CC,Neutrophil,0.9904306220095693,0.9423368740515933,0.9549791487954566,0.9623684527995676
Neutrophil@Fan_2023_Cancer|CC,Neutrophil,0.9904306220095693,0.9423368740515933,0.9549791487954566,0.9623684527995676
pDC@Wang_2023_Cancer|CRC,Dendritic_plasmacytoid,0.8987951807228916,0.9920212765957447,0.999532711833542,0.9623349186984113
type ii pneumocyte@TabulaSapiens_2022_Multiple,Ductal|AT2,0.998906625847365,0.9133260021993402,0.9758996548033166,0.9620226415718552
Mature arterial EC@Elmentaite_2021_Intestine,Endothelial|Arterial,0.9607843137254902,0.9553208773354996,0.9677984813304829,0.9612876651805171
enucleated reticulocyte@COMBAT_2022_Blood|COVID-19,Erythroid,0.9177631578947368,0.9653979238754326,0.998859941394726,0.9600942282140452
B_plasma@Perez_2022_Blood|SLE,Plasma,0.9800166527893422,0.9019157088122606,0.9984144671459864,0.9591873090202897
NK cells@Sikkema_2023_Lung,T&NK|NK_CD16,0.9368005654376251,0.945825404376784,0.9929342799443862,0.9582074455894841
Mast cells@Quah_2023_Cancer|HNSCC,Mast&Basophil,0.9947368421052631,0.883177570093458,0.9988677737552808,0.9573882180882299
mast@Szabo_2021_Airway|COVID-19,Mast&Basophil,0.9793510324483776,0.907103825136612,0.9867270638837676,0.957041582817778
mast@Szabo_2021_Blood|COVID-19,Mast&Basophil,0.9793510324483776,0.907103825136612,0.9867270638837676,0.957041582817778
cDC1@Hao_2021_Blood,Dendritic_classical|DC1,0.9710982658959537,0.9032258064516129,0.9983505254117546,0.9567111944186767
vascular associated smooth muscle cell@Kumar_2023_Breast_scRNA,Mural|RERGL,0.9707103981667144,0.9289973271194572,0.9701496185392732,0.9564177359992413
Pericytes@Sikkema_2023_Lung,Mural|LAMC3,0.9868073878627969,0.95744,0.9255851794446418,0.9562837676048204
Stem cells@Zhu_2020_Blood|COVID-19,Hematopoietic,0.93125,0.9430379746835443,0.9951184168680208,0.9560708500150844
Plasma@Ren_2021_Blood|COVID-19,Plasma,0.9658451239920889,0.9040227839088644,0.9998432534452912,0.9557396334035618
Plasmacytoid DCs@Sikkema_2023_Lung,Dendritic_plasmacytoid,0.9384057971014492,0.9299820466786356,0.9988965818301836,0.9552753937151973
Lymphatic endothelial@Reed_2024_Breast,Endothelial|Lymphatic_LYVE1,0.9673596975865077,0.9615579160343956,0.9371612485177264,0.9552695178437014
cDC1@Hao_2021_Blood,Dendritic_classical|DC1,0.9764705882352941,0.8924731182795699,0.9992296933857542,0.9549336864661098
Plasma_cell@Reed_2024_Breast,Plasma,0.9823434991974318,0.892128279883382,0.9927800485403712,0.9546582006485583
microglial cell@Seeker_2023_Brain,Macrophage|CX3CR1,0.9289972899728998,0.9760820045558086,0.9588928258008194,0.9544582601654737
B_Plasma@Adams_2020_Lung|IPF,Plasma,0.8890845070422535,0.9805825242718447,0.9966437733238964,0.9542358230668175
Lymphatic@Adams_2020_Lung|IPF,Endothelial|Lymphatic_LYVE1,0.9957183634633682,0.8898809523809523,0.980023939929059,0.9540439256901889
Lymphatic-Endothelial@Adams_2020_Lung|IPF,Endothelial|Lymphatic_LYVE1,0.9957183634633682,0.8898809523809523,0.980023939929059,0.9540439256901889
NK_dim@Perez_2022_Blood|SLE,T&NK|NK_CD16,0.9362090806053737,0.930945782892905,0.9956897081341124,0.9538360930851439
megakaryocyte-erythroid progenitor cell@COMBAT_2022_Blood|COVID-19,Platelet,0.9782469609724888,0.8858632676709154,0.9996496007630647,0.9532811367946536
Schwann cell@Monavarfeshani_2023_Eye,Schwann,0.9957627118644068,0.9475806451612904,0.9171415968223154,0.9529486021397995
NK_16hi@Stephenson_2021_Blood|COVID-19,T&NK|NK_CD16,0.970916263600214,0.90060534101526,0.9896190430267984,0.9529309794844847
pDC@Liu_2021_Blood|COVID-19,Dendritic_plasmacytoid,0.980884109916368,0.8827956989247312,0.9990965110829464,0.9528585824164604
M11_cDC_LAMP3@Wang_2023_Cancer|CRC,Dendritic_classical|LAMP3,0.9006622516556292,0.9927007299270073,0.9671171370291692,0.9526933353275137
NK@Hao_2021_Blood,T&NK|NK_CD16,0.9611375984033707,0.9293487000804074,0.9636754420763975,0.9512580639723073
NK_16hi@Stephenson_2021_Blood|COVID-19,T&NK|NK_CD16,0.9802042047216957,0.8857248520710059,0.9900855059143402,0.9508150152595287
astrocyte@Seeker_2023_Brain,Astrocyte,0.8826473859844272,0.9887850467289719,0.9845633718468854,0.9507016947539697
Mast@Park_2020_Thymus,Mast&Basophil,0.918918918918919,0.9379310344827586,0.9949056202665684,0.9500431430522607
cS06 (Endo lymphatic)@Pelka_2021_Cancer|CRC,Endothelial|Lymphatic_LYVE1,0.8725490196078431,1.0,0.981556370721528,0.9496604692339027
cM03 (DC1)@Pelka_2021_Cancer|CRC,Dendritic_classical|DC1,0.912621359223301,0.9494949494949495,0.9869013434283312,0.9491882264787991
Ciliated@Adams_2020_Lung|IPF,Ciliated,0.9930672268907563,0.8606281292671826,0.999994629473342,0.9489950591006032
Schwann cell@vanZyl_2022_Eye,Schwann,0.9757861635220125,0.97090112640801,0.9016316606256302,0.9488253325466257
NK cells@Terekhova_2023_Blood,T&NK|NK_CD16,0.9060101523830846,0.9492623924694172,0.9925504158963212,0.9486164215314775
Endothelia_Lymphatic@Madissoon_2022_Lung,Endothelial|Lymphatic_LYVE1,0.8795366795366796,0.9959195569804722,0.9742409698610136,0.9485237329602683
pancreatic acinar cell@TabulaSapiens_2022_Multiple,Ductal|Pancreatobiliary_acinar,0.9788579689194074,0.8911005099522948,0.97708820276318,0.948112882416819
Neural cell@Kanemaru_2023_Heart,Schwann,0.953035336756267,0.9731688511950656,0.9182131807388338,0.9478659200012062
Plasma cell@Chan_2021_Lung|SCLC,Plasma,0.9084084084084084,0.9350850077279753,0.9988872968591948,0.9467084275317914
Plasma cell@Chan_2021_Lung|SCLC,Plasma,0.9084084084084084,0.9350850077279753,0.9988872968591948,0.9467084275317914
Mast cells@Habermann_2020_Lung|COVID-19,Mast&Basophil,1.0,0.9585964912280702,0.8848298525496021,0.9465971673018133
Mast cells@Habermann_2020_Lung|COVID-19,Mast&Basophil,1.0,0.9585964912280702,0.8848298525496021,0.9465971673018133
Mast cells@Habermann_2020_Lung|COVID-19,Mast&Basophil,0.992816091954023,0.9698245614035088,0.8808050949715165,0.9465580824760688
cB3 (B CD40+ GC-like)@Pelka_2021_Cancer|CRC,B_GC,0.8818519665531124,0.9637840582162802,0.9976308178342574,0.9464879609052799
NK@Hao_2021_Blood,T&NK|NK_CD16,0.920059942124845,0.9544358080943447,0.9638552568595125,0.9459283082583335
endothelial cell of lymphatic vessel@Kumar_2023_Breast_snRNA,Endothelial|Lymphatic_LYVE1,0.995136186770428,0.9353142857142858,0.909049220385978,0.9458214560638439
glutamatergic neuron@Nascimento_2023_Brain,Neuron_excitatory,0.8692929345425253,0.9803364201148752,0.9909758229393132,0.9452240910440293
retinal rod cell@Wang_2022_Eye,Rod,0.9999688075111514,0.8436537803626412,0.9999712223893056,0.9448859775340572
pDC-LILRA4@Fan_2023_Cancer|CC,Dendritic_plasmacytoid,0.8808290155440415,0.9686609686609686,0.987561409822607,0.9445156855781216
Luminal hormone sensing@Reed_2024_Breast,Ductal|Gland_MUCL1,0.9586009017625359,0.947151921351259,0.9274663186866108,0.9443185948654222
Mast cells@Melms_2021_Lung,Mast&Basophil,0.9986091794158554,0.9598930481283422,0.8697494151107513,0.9411760095436998
Mast cells@Melms_2021_Lung,Mast&Basophil,0.9904371584699454,0.9692513368983957,0.8664946203866528,0.9404659326381263
Plasma_B IGHG1@Fan_2023_Cancer|CC,Plasma,0.9925595238095238,0.8387826961770624,0.99787279432285,0.9400704511678081
glial cell@Yang_2021_Brain|Choroid,Oligodendrocyte_mature,0.9559748427672956,0.9934640522875817,0.8741385020053929,0.939852332106176
PDC@Hirz_2023_Cancer|PRC,Dendritic_plasmacytoid,0.8595744680851064,0.9665071770334929,0.9990077190983024,0.9397647368893378
CD4+ T cells@Terekhova_2023_Blood,T&NK|T_CD4_N&CM,0.8921769024537481,0.9514368822660658,0.977419681576024,0.939659869007547
Mast cell@Kanemaru_2023_Heart,Mast&Basophil,0.9390178089584458,0.9461663947797716,0.9304334543658588,0.9385171687447841
Neuronal cells@Habermann_2020_Lung|COVID-19,Endothelial|Lymphatic_LYVE1,0.9105145413870246,0.9459616502033701,0.9568210928673522,0.937555643458994
Neuronal cells@Habermann_2020_Lung|COVID-19,Endothelial|Lymphatic_LYVE1,0.9105145413870246,0.9459616502033701,0.9568210928673522,0.937555643458994
Neuronal cells@Habermann_2020_Lung|COVID-19,Endothelial|Lymphatic_LYVE1,0.9105145413870246,0.9459616502033701,0.9568210928673522,0.937555643458994
DC1@Dominguez-Conde_2022_Multiple,Dendritic_classical|DC1,0.9662921348314607,0.86,0.9909704640441326,0.9373228451494028
Neuronal cells@Melms_2021_Lung,Endothelial|Lymphatic_LYVE1,0.9647992067426872,0.9214015151515151,0.9261642131103937,0.9372554013011206
Neuronal cells@Melms_2021_Lung,Endothelial|Lymphatic_LYVE1,0.9647992067426872,0.9214015151515151,0.9261642131103937,0.9372554013011206
IgA plasma cell@Kumar_2023_Breast_scRNA,Plasma,0.9996178100515957,0.8233905241618134,0.99997352568655,0.9371507362784373
pDC@Liu_2021_Blood|COVID-19,Dendritic_plasmacytoid,0.9763681592039801,0.8431793770139635,0.999113591067594,0.9369494275128111
natural killer cell@Schulte-Schrepping_2020_Blood|COVID-19,T&NK|NK_CD16,0.9360428080010192,0.8932522796352583,0.981164506883455,0.9361322875411073
NK@Schulte-Schrepping_2020_Blood|COVID-19,T&NK|NK_CD16,0.9360428080010192,0.8932522796352583,0.981164506883455,0.9361322875411073
Adult Glia@Elmentaite_2021_Intestine,Schwann,0.8290909090909091,1.0,0.9880987186247644,0.9356946861122144
gdT@Stephenson_2021_Blood|COVID-19,T&NK|T_gdT_TRDV2,0.8843332706413392,0.9394605394605394,0.98494084123674,0.935337222656352
platelet@TabulaSapiens_2022_Multiple,Platelet,0.8805970149253731,0.959349593495935,0.9639023231574744,0.9338182929828888
natural killer cell@COMBAT_2022_Blood|COVID-19,T&NK|NK_CD16,0.9447502809428299,0.8657255331352,0.995209950877891,0.933692754495572
mature DC@Quah_2023_Cancer|HNSCC,Dendritic_classical|LAMP3,0.9906542056074766,0.933920704845815,0.8785088931401717,0.9332387239484676
oligodendrocyte precursor cell@Zhu_2023_Brain,Oligodendrocyte_progenitor,0.9348447712418301,0.9487976782752903,0.914369424467972,0.9325631933864543
Multiciliated (non-nasal)@Sikkema_2023_Lung,Ciliated,0.9961107168204401,0.8144846796657381,0.9996025763441428,0.9325510877967736
cM09 (mregDC)@Pelka_2021_Cancer|CRC,Dendritic_classical|LAMP3,0.9285714285714286,0.9332493702770781,0.9343282363263804,0.9320463256056515
B_pro/pre@Park_2020_Thymus,B_progenitor,0.9275862068965517,0.8966666666666666,0.972135821485442,0.931617028014246
Megakaryocytes@Dominguez-Conde_2022_Multiple,Platelet,0.8643533123028391,0.9681978798586572,0.9661155201010648,0.931597173616205
aDC@Park_2020_Thymus,Dendritic_classical|LAMP3,0.8283898305084746,0.9949109414758269,0.9807742910710836,0.9315282133857891
PB_Plasmablasts@Liu_2021_Blood|COVID-19,Plasma,0.8361711919005983,0.9654622741764081,0.9991960256045606,0.9308800774679322
Plasmablast@Liu_2021_Blood|COVID-19,Plasma,0.8361711919005983,0.9654622741764081,0.9991960256045606,0.9308800774679322
neuron@Jakel_2019_Brain|MS,Neuron_excitatory,0.8199165175909362,0.9823767563705644,0.997874130705824,0.9297677809355751
MAIT cells@Terekhova_2023_Blood,T&NK|T_MAIT,0.8907403588368736,0.9162105977684443,0.9831800050506888,0.929236997766613
oligodendrocyte@Tadross_2025_Brain,Oligodendrocyte_mature,0.8250404034058786,0.9722403547850899,0.9998679050106551,0.9291029296935615
plasmablast@Schulte-Schrepping_2020_Blood|COVID-19,Plasma,0.8116805721096544,0.988388969521045,0.9996954088222838,0.9290952638466966
Plasmablast@Schulte-Schrepping_2020_Blood|COVID-19,Plasma,0.8116805721096544,0.988388969521045,0.9996954088222838,0.9290952638466966
hematopoietic stem cell@COMBAT_2022_Blood|COVID-19,Hematopoietic,0.9967880085653105,0.806060606060606,0.9974281846498702,0.9288609656514508
M09_cDC_CPNE3@Wang_2023_Cancer|CRC,Dendritic_classical|DC1,0.9819277108433735,0.8190954773869347,0.9960574236203358,0.9287513833929774
SMG mucous@Sikkema_2023_Lung,Ductal|Submucosal_mucous,0.9664804469273743,0.9700934579439252,0.8515918995338597,0.9277110365515087
B_Plasma@Adams_2020_Lung|IPF,Plasma,0.8941747572815534,0.8941747572815534,0.9983839119334796,0.9276428361718473
neutrophil@Szabo_2021_Blood|COVID-19,Neutrophil,0.8950537634408602,0.9454793275783735,0.9430195650155696,0.9275570299587658
neutrophil@Szabo_2021_Airway|COVID-19,Neutrophil,0.8950537634408602,0.9454793275783735,0.9430195650155696,0.9275570299587658
progenitor cell@Jakel_2019_Brain|MS,Oligodendrocyte_progenitor,0.9090909090909091,0.8791208791208791,0.9980743659507594,0.9274124825668097
Plasma cell@Bi_2021_Cancer|RCC,Plasma,0.9956803455723542,0.8031358885017421,0.997445133382314,0.927397657020502
inhibitory interneuron@Rexach_2024_Brain|Dementia,Neuron_inhibitory,0.8011640428695964,0.9951273885350318,0.9995877891159156,0.927129408266688
CD8 Naive@Hao_2021_Blood,T&NK|T_CD8_N&CM,0.91830624465355,0.9095915946449754,0.9533166046090712,0.9268804269336418
IgA plasma cell@Elmentaite_2021_Intestine,Plasma,0.9336277080171105,0.8530005042864347,0.9996125360324288,0.9267976089063381
CD8 Naive@Hao_2021_Blood,T&NK|T_CD8_N&CM,0.9061537180447997,0.9220471106592103,0.9515697509585236,0.9263999835367123
Lymphatic EC mature@Sikkema_2023_Lung,Endothelial|Lymphatic_LYVE1,0.992001999500125,0.8403557061189921,0.9521788827736324,0.9259014171305929
cone retinal bipolar cell@Voigt_2021_Eye,Neuron_bipolar,0.9894386298763083,0.815543878911458,0.9835347717838278,0.9258528570005351
glutamatergic neuron@Seeker_2023_Brain,Neuron_excitatory,0.9976,0.7983354673495519,0.9959598106211538,0.9256807365060549
MAIT@Hao_2021_Blood,T&NK|T_MAIT,0.9455362156092083,0.8978938949613436,0.9341176114523309,0.9256246582340599
enterocyte@Elmentaite_2020_Intestine|pIBD,Ductal|Enterocyte,0.9982976653696498,0.7917068466730954,0.9993947188565784,0.9243870132942759
B cell@Bi_2021_Cancer|RCC,B_mature,0.9594594594594594,0.8626168224299066,0.9542315944590418,0.9243422012694278
mast cell@Kumar_2023_Breast_snRNA,Mast&Basophil,0.8472958642629904,0.9839901477832512,0.9464168999705914,0.9240655389933119
oligodendrocyte precursor cell@Nascimento_2023_Brain,Oligodendrocyte_progenitor,0.8373318988703604,0.9608641975308642,0.9803328933361544,0.9239413577996854
microglial cell@ Ma_2022_Brain,Macrophage|CX3CR1,0.9368713605082054,0.9806067322343814,0.8581910569315402,0.9238176867939324
Lymphatic@Hwang_2022_Cancer|PDAC,Endothelial|Lymphatic_LYVE1,0.894224924012158,0.9484203739522888,0.9291759527689616,0.923666520502061
Lymphatic@Hwang_2022_Cancer|PDAC,Endothelial|Lymphatic_LYVE1,0.894224924012158,0.9484203739522888,0.9291759527689616,0.923666520502061
MAIT@Hao_2021_Blood,T&NK|T_MAIT,0.937952142459655,0.8986936816848841,0.9341568288929922,0.923430157487408
Lymphatic Endothelial cell@Kanemaru_2023_Heart,Endothelial|Lymphatic_LYVE1,0.8625482625482626,0.9450084602368867,0.9650737379650128,0.923123626072466
neutrophil@TabulaSapiens_2022_Multiple,Neutrophil,0.9809939556749496,0.8020535910388754,0.9994590598233818,0.9230209875569682
oligodendrocyte precursor cell@Velmeshev_2023_Brain,Oligodendrocyte_progenitor,0.9903478593272171,0.8530856405894136,0.9303926336421848,0.922887762782316
T cell@Kumar_2023_Breast_snRNA,T&NK|T_CD4_N&CM,0.8617922425323228,0.9911126303196035,0.9190042131495384,0.9224603283823909
microglial cell@Nascimento_2023_Brain,Macrophage|CX3CR1,0.9087736789631107,0.9798441279226014,0.878952826316851,0.921565271691067
L2/3 intratelencephalic projecting glutamatergic neuron@ Ma_2022_Brain,Neuron_excitatory,0.9991387214180535,0.783212823416674,0.9999974167248656,0.921513041728255
Mega@Ren_2021_Blood|COVID-19,Platelet,0.8217677696078431,0.9601754071952747,0.9906806098271916,0.9211798897382699
Mega@Ren_2021_Blood|COVID-19,Platelet,0.8217677696078431,0.9601754071952747,0.9906806098271916,0.9211798897382699
intestinal epithelial cell@Chen_2021_Cancer|CRC,Ductal|BEST4,0.9540350877192982,0.9087566844919787,0.8987376762708982,0.9201987480909607
Transitional Stromal 3 (C3+)@Elmentaite_2021_Intestine,Fibroblast|Universal,0.9648158328752061,0.9140625,0.8825334124693177,0.9198503052843607
pDC@Liu_2021_Blood|COVID-19,Dendritic_plasmacytoid,0.9664516129032258,0.8045112781954887,0.9990294271357903,0.9192426744129495
cardiac neuron@Reichart_2022_Heart,Schwann,0.8605257667431672,0.9771381189291637,0.9224504972020936,0.9187999608236521
B naive@Hao_2021_Blood,B_mature|Naive,0.9216162508279974,0.9651982888195167,0.8702805424923998,0.918209919917297
Ciliated@Adams_2020_Lung|IPF,Ciliated,0.9997631454287068,0.7703960576747582,0.999999807531146,0.9166503257373652
B_c05-MZB1-XBP1@Ren_2021_Blood|COVID-19,Plasma,0.9763459841129744,0.7876112495550017,0.9999457727705356,0.9161446178229494
natural killer cell@Kumar_2023_Breast_scRNA,T&NK|NK_CD16,0.923590333716916,0.8455541508638854,0.984244640970624,0.9160263246319938
DC_Mature@Adams_2020_Lung|IPF,Dendritic_classical|LAMP3,0.8660714285714286,0.9496503496503497,0.9338259767286972,0.9157869804137628
Dendritic_C@Adams_2020_Lung|IPF,Dendritic_classical|LAMP3,0.8660714285714286,0.9496503496503497,0.9338259767286972,0.9157869804137628
astrocyte@Jakel_2019_Brain|MS,Astrocyte,0.7745571658615137,0.9927760577915377,0.9983770414749495,0.9156576305045692
microglial cell@Tadross_2025_Brain,Macrophage|CX3CR1,0.8165828083379139,0.997469269703543,0.940630290959546,0.9150389322300696
Naive B cells@Dominguez-Conde_2022_Multiple,B_mature|Naive,0.8927703957708244,0.930043908610553,0.9169785498394368,0.9131332070856247
T cell@Chen_2021_Cancer|CRC,T&NK|T_CD4_N&CM,0.7723356009070295,0.996780801872988,0.988055806060488,0.9128422466484646
cTNI26 (ILC3)@Pelka_2021_Cancer|CRC,T&NK|ILC,0.9411057692307693,0.8224789915966386,0.9796964841196834,0.9119092051076414
NK_CD16+@Dominguez-Conde_2022_Multiple,T&NK|NK_CD16,0.9534748190957214,0.8465054111154228,0.9389332883780236,0.9117124828345031
AT2@Madissoon_2022_Lung,Ductal|AT2,0.8853891820580475,0.9024034959941734,0.947124524509808,0.9112705899790066
gd T cells@Terekhova_2023_Blood,T&NK|T_gdT_TRDV2,0.8239370078740158,0.9330580063825793,0.9829685064880584,0.9108511671304802
Platelets@Stephenson_2021_Blood|COVID-19,Platelet,0.7573042216192339,0.9994170552964691,0.9984194696163222,0.9108427207536772
S1 fibroblasts@Elmentaite_2020_Intestine|pIBD,Fibroblast|ADAMDEC1,0.9661798616448886,0.9479638009049773,0.8228362013010704,0.9100272039031807
Pericytes-2@Hirz_2023_Cancer|PRC,Mural|RERGL,0.9743589743589743,0.7979274611398963,0.9688639455508622,0.909874999308194
cDC1@Adams_2020_Lung|IPF,Dendritic_classical|DC1,0.8208296557811121,0.9318637274549099,0.9838861732422292,0.9095992657627325
Dendritic_B@Adams_2020_Lung|IPF,Dendritic_classical|DC1,0.8208296557811121,0.9318637274549099,0.9838861732422292,0.9095992657627325
B cell@Kim_2024_Blood|HCC,B_mature|Naive,0.7928223844282238,0.9958740831295844,0.9522044985509558,0.9092923156066763
mast cell@Kumar_2023_Breast_scRNA,Mast&Basophil,0.9969879518072289,0.7574370709382151,0.9950784270525588,0.9091410324070744
CD4@Stephenson_2021_Blood|COVID-19,T&NK|T_CD4_N&CM,0.9080953682197022,0.8572340631348144,0.9631327932174188,0.9084597358020575
microglial cell@Rexach_2024_Brain|Dementia,Macrophage|CX3CR1,0.8596523754345307,0.9995149816770855,0.8711026463532356,0.9079470103273335
pericyte@Kumar_2023_Breast_scRNA,Mural|FGF7,0.8699312019425334,0.9639894165657653,0.8923764917456495,0.9078939003018411
B cells@Habermann_2020_Lung|COVID-19,Plasma,0.7710640684144119,0.978996084015664,0.9852375668926712,0.90601932491085
"CD4-positive, alpha-beta T cell@COMBAT_2022_Blood|COVID-19",T&NK|T_CD4_N&CM,0.8253140053622882,0.9149492482825816,0.9832872800704888,0.9055217375827811
DC_c4-LILRA4@Ren_2021_Blood|COVID-19,Dendritic_plasmacytoid,0.8530399104811638,0.8709063214013709,0.9989453723925692,0.9053729418520919
astrocyte@Velmeshev_2023_Brain,Astrocyte,0.9345788884304828,0.8987191113126275,0.8780867214448681,0.9034950642874318
skeletal muscle satellite stem cell@TabulaSapiens_2022_Multiple,Fibroblast|Satellite,0.9443179465949079,0.9781303602058319,0.7984271777450381,0.90347630019609
Alveolar macrophages@Dominguez-Conde_2022_Multiple,Macrophage|Alveolar,0.8994082840236687,0.9205557534734592,0.8897481107180052,0.9031461151674014
classical monocyte@Schulte-Schrepping_2020_Blood|COVID-19,Monocyte|Classical_general,0.8400344414495358,0.9604091765108714,0.9125245613440152,0.902954746775155
Classical Monocyte@Schulte-Schrepping_2020_Blood|COVID-19,Monocyte|Classical_general,0.8400344414495358,0.9604091765108714,0.9125245613440152,0.902954746775155
Mast_CLC@Gur_2022_Blood|Scleroderma,Mast&Basophil,0.9298245614035088,1.0,0.7915613300500922,0.9028768709809784
CD4 T@Hao_2021_Blood,T&NK|T_CD4_N&CM,0.8750851692028163,0.9313512206913223,0.902606462982228,0.9027221181842752
naïve CD8+ T@Kim_2024_Blood|HCC,T&NK|T_CD8_N&CM,0.9473883421650265,0.9716614906832298,0.7988447445842309,0.9026134551789214
B cells@Melms_2021_Lung,Plasma,0.7631288004422333,0.9773451327433629,0.9854540000573112,0.9024588019403249
retinal rod cell@Voigt_2021_Eye,Rod,0.9771573604060914,0.7565708671088185,0.994135922953886,0.9024433790826681
"CD14-positive, CD16-positive monocyte@Zeng_2025_BoneMarrow",Monocyte|Non-classical,0.8210568454763811,0.999756275895686,0.8917769382302055,0.9012415396462498
goblet cell@Chen_2021_Cancer|CRC,Ductal|Goblet,0.9224914988935068,0.822631882941856,0.962802769085881,0.900675633386347
Plasma cells@Dominguez-Conde_2022_Multiple,Plasma,0.9948963317384371,0.7339687022002589,0.9997135573252124,0.900416927184268
DC1@Stephenson_2021_Blood|COVID-19,Dendritic_classical|DC1,0.9781420765027322,0.750524109014675,0.9930884296569772,0.9000186390764247
Myocyte_PLN@Fan_2023_Cancer|CC,Mural|RERGL,0.9505591524426134,0.8073654390934845,0.9497969427466204,0.8999672173717481
Enterocyte@Elmentaite_2021_Intestine,Ductal|Enterocyte,0.8723183749611358,0.9680276020701553,0.8608274377730948,0.8991378655673816
B cells Memory@Wu_2021_Cancer|BRCA,B_mature,0.934134056567222,0.7792501616031028,0.9977187926825136,0.8988724846379842
B cells Memory@Wu_2021_Cancer|BRCA,B_mature,0.934134056567222,0.7792501616031028,0.9977187926825136,0.8988724846379842
oligodendrocyte@Zhu_2023_Brain,Oligodendrocyte_mature,0.7517860413995238,0.9667844522968198,0.9927560096546538,0.8969236591295838
CytoT_GZMH+@Perez_2022_Blood|SLE,T&NK|T_CD8_EMRA,0.8486406519050276,0.856062922777703,0.9897817112435164,0.8958933536303235
Plasma@Zhu_2020_Blood|COVID-19,Plasma,0.8648049645390071,0.8312739667660843,0.9999599420501364,0.8958081009506736
melanocyte@TabulaSapiens_2022_Multiple,Melanocyte,0.9134615384615384,0.8796296296296297,0.8923401317061977,0.8950353333718852
microglial cell@Jakel_2019_Brain|MS,Macrophage|CX3CR1,0.9345794392523364,0.8528784648187633,0.8994981137905298,0.8950237147600542
Cholangiocytes@Aizarani_2019_Liver,Ductal|Pancreatobiliary_ductal,0.8502617801047121,0.9950980392156863,0.8463730425107366,0.8946643183437962
mast cell@TabulaSapiens_2022_Multiple,Mast&Basophil,0.9432529043789097,0.7607207207207207,0.9949532202341465,0.8937554154851454
mast cell@Han_2020_Multiple,Mast&Basophil,0.9535585042219542,0.7468115257439774,0.9990681137591698,0.8927252486692783
B_naive@Perez_2022_Blood|SLE,B_mature|Naive,0.9544219961139084,0.8789552167011401,0.8468911030338111,0.8923014240461696
NK@Adams_2020_Lung|IPF,T&NK|NK_CD16,0.9653378020814959,0.7384791849402874,0.9958594681475028,0.8920828895879487
CD8.TE@Stephenson_2021_Blood|COVID-19,T&NK|T_CD8_EMRA,0.9141666977995293,0.8055272080850644,0.962969521553146,0.891742332935885
NK@Adams_2020_Lung|IPF,T&NK|NK_CD16,0.9653378020814959,0.7374839970352403,0.9958594681475028,0.8916819804313841
B_c01-TCL1A@Ren_2021_Blood|COVID-19,B_mature|Naive,0.8985031673890537,0.856846420951345,0.9180441188317996,0.8907627568978713
ILC3@Elmentaite_2021_Intestine,T&NK|ILC,0.9182692307692307,0.955,0.804852855937611,0.8903551964900915
neuron@Tadross_2025_Brain,Neuron_inhibitory,0.7485087851028683,0.998477539704162,0.940990140176631,0.8892832076809194
Ventricular Cardiomyocyte@Kanemaru_2023_Heart,Mural|SPINT2,0.9966546064705574,0.7944426796850184,0.8840440840997104,0.8878925038638331
pulmonary alveolar type 2 cell@Han_2020_Multiple,Ductal|AT2,0.9008510063487776,0.9764275256222548,0.795106827910943,0.8876453620764125
Artery@Shiao_2024_Breast|BRCA,Endothelial|Arterial,0.8791208791208791,0.8387295713845205,0.9472279609007258,0.8872411712410712
PVL Differentiated s3@Wu_2021_Cancer|BRCA,Mural|RERGL,0.8887295669630054,0.8673383711167086,0.9024687710709812,0.8860606647077549
PVL Differentiated@Wu_2021_Cancer|BRCA,Mural|RERGL,0.8887295669630054,0.8673383711167086,0.9024687710709812,0.8860606647077549
luminal epithelial cell of mammary gland@Kumar_2023_Breast_scRNA,Ductal|Gland_MUCL1,0.7202317674663602,0.9997341238716881,0.9656321284026508,0.885909785393147
AE1@Chan_2021_Lung|SCLC,Ductal|AT1,0.9426666666666667,0.8528347406513872,0.8643577421441692,0.8857384951772768
vein endothelial cell@Kumar_2023_Breast_scRNA,Endothelial|Venous_activated,0.9533526290400386,0.8088650595506078,0.9010151676372878,0.885701231865543
Myeloid cells@Terekhova_2023_Blood,Monocyte|Classical_general,0.7482452105005416,0.9999722351130625,0.928408780650683,0.8856396307460478
AT1@Sikkema_2023_Lung,Ductal|AT1,0.8510772332115408,0.9683199541284404,0.8418464287708053,0.8852655746564047
cardiac muscle cell@Reichart_2022_Heart,Mural|SPINT2,0.766455375090714,0.9762410172721956,0.926940748851536,0.8851807616579432
ATI@Adams_2020_Lung|IPF,Ductal|AT1,0.8765432098765432,0.9102564102564102,0.8663827315389454,0.884196831833526
ATI@Adams_2020_Lung|IPF,Ductal|AT1,0.8765432098765432,0.9102564102564102,0.8663827315389454,0.884196831833526
T cells proliferating@Sikkema_2023_Lung,T&NK|T_CD8_exhausted,0.858,0.8171428571428572,0.9853332531340572,0.8840078849911799
Lymphoid@Hwang_2022_Cancer|PDAC,T&NK|T_CD4_N&CM,0.7294970072456158,0.9929959977129789,0.9535279712447484,0.8839644848503103
astrocyte@Zhu_2023_Brain,Astrocyte,0.8960768614891913,0.7957906712172924,0.967787425502662,0.8837064549941958
natural killer cell@Zeng_2025_BoneMarrow,T&NK|NK_CD16,0.8942532576010691,0.7800932672690177,0.9886502287813512,0.8835203911842419
Adventitial fibroblasts@Sikkema_2023_Lung,Fibroblast|Universal,0.9447727933339792,0.8787059565648373,0.8306288434999751,0.8834717199074267
Platelet@Schulte-Schrepping_2020_Blood|COVID-19,Platelet,0.6890611541774333,1.0,0.9994881689343116,0.8831039113752068
platelet@Schulte-Schrepping_2020_Blood|COVID-19,Platelet,0.6890611541774333,1.0,0.9994881689343116,0.8831039113752068
mucosal invariant T cell@COMBAT_2022_Blood|COVID-19,T&NK|T_MAIT,0.9548557586434706,0.7259333668173448,0.9933650053992724,0.8830415295009519
Kupffer@Aizarani_2019_Liver,Macrophage|LYVE1,0.8840875912408759,0.9905135754007197,0.7800988174125882,0.8807144370539404
NK_bright@Perez_2022_Blood|SLE,T&NK|NK_CD56,0.7580886758538047,0.9125495852866932,0.9840870874232572,0.879704212387284
Myeloid_c3_cDC1_CLEC9A@Wu_2021_Cancer|BRCA,Dendritic_classical|DC1,0.8333333333333334,0.8176100628930818,0.9948232337099884,0.8784228691351901
M2 skewed non-classical monocyte@Kim_2024_Blood|HCC,Monocyte|Non-classical,0.8115995567048393,0.955632883862549,0.8737570461224282,0.8783639962454682
Platelets@Stephenson_2021_Blood|COVID-19,Platelet,0.6777326106594399,0.9996668887408394,0.9983743561080352,0.8778137298819332
mast cell@Reichart_2022_Heart,Mast&Basophil,0.9995267392333176,0.7260226882090065,0.9315202045069492,0.8776316891637215
ILC3@Garrido-Trigo_2023_Intestine|IBD,T&NK|ILC,0.7582417582417582,0.9857142857142858,0.9040022603374585,0.8774911704448711
EC arterial@Sikkema_2023_Lung,Endothelial|Arterial,0.8782302800703559,0.8507208387942333,0.9014347081494596,0.8765497790503255
classical monocyte@COMBAT_2022_Blood|COVID-19,Monocyte|Classical_general,0.8021450932862886,0.8950152201041128,0.9377302497056854,0.8764364396789824
plasmablast@COMBAT_2022_Blood|COVID-19,Plasma,0.9931363424848767,0.6773784019677854,0.99998298552427,0.8762155242423519
CD56dim CD16+ NK@Kim_2024_Blood|HCC,T&NK|NK_CD56,0.8998073217726397,0.9769874476987448,0.7627445792101066,0.8752642943523695
microglial cell@Yang_2021_Brain|Frontal,Macrophage|CX3CR1,0.8219599794766547,1.0,0.8135055253539104,0.8744541836445087
neutrophil@Kumar_2023_Breast_scRNA,Neutrophil,0.9592760180995475,0.7019867549668874,0.9923448530662572,0.8742689252690653
gdT_1@Hao_2021_Blood,T&NK|T_gdT_TRDV2,0.8776678813118167,0.9108589951377634,0.8345645733233789,0.8738034748061807
T_Regulatory_B@Adams_2020_Lung|IPF,T&NK|T_CD4_RM_Treg,0.918918918918919,0.7319698600645855,0.9858024789853312,0.872007256967578
ependymal cell@Tadross_2025_Brain,Ciliated,0.8827160493827161,0.9326086956521739,0.8052817907358696,0.8719457276760628
B09_GCB_RGS13@Wang_2023_Cancer|CRC,B_GC,0.7547169811320755,0.8810572687224669,0.995635207152158,0.871557749051312
Endothelial_ACKR1@Fan_2023_Cancer|CC,Endothelial|Venous_activated,0.8952122854561879,0.8453828108338665,0.8746115024852363,0.8714949545140578
Mo@Gur_2022_Blood|Scleroderma,Monocyte|Classical_general,0.9267725687717939,0.7550505050505051,0.9456528105991564,0.8714188771297775
lymphocyte@Reichart_2022_Heart,T&NK|T_CD4_N&CM,0.7081190960181752,0.9694687730211999,0.96290154747719,0.8711120177589675
astrocyte@Han_2020_Multiple,Astrocyte,0.6918483129292327,0.9927163667523564,0.960854223373357,0.8706251138807535
T cells@Melms_2021_Lung,T&NK|T_CD4_N&CM,0.8160109844188407,0.9739223370146063,0.8296215115027925,0.870362381763331
microglial cell@Velmeshev_2023_Brain,Macrophage|CX3CR1,0.8165695306135239,0.9954163483575248,0.8089033507897634,0.86955727206095
cortical interneuron@Nascimento_2023_Brain,Neuron_inhibitory,0.9959452857840743,0.6631428292619458,0.9925815414892,0.8686995253772306
T_Naive@Gur_2022_Blood|Scleroderma,T&NK|T_CD4_N&CM,0.9883845716810807,0.6770009080295758,0.9762684571323442,0.8676837994695697
LHS1@Reed_2024_Breast,Ductal|Gland_MUCL1,0.966176857850108,0.7283902578478008,0.9266464482043758,0.8671847028393618
cTNI23 (NK CD16A+)@Pelka_2021_Cancer|CRC,T&NK|NK_CD16,0.7889763779527559,0.8287841191066998,0.9949632636037542,0.8665044998025718
cM08 (AS-DC)@Pelka_2021_Cancer|CRC,Dendritic_classical|AS-DC,0.8404255319148937,0.8144329896907216,0.9489690250211668,0.8660351992612338
Alveolar macrophages@Sikkema_2023_Lung,Macrophage|Alveolar,0.9812957203556879,0.6948654852250874,0.9522636288163244,0.8659363034793387
CD14@Stephenson_2021_Blood|COVID-19,Monocyte|Classical_general,0.7622090482590306,0.9633794303698532,0.8823750737231915,0.8653163309396923
Progenitor cells@Terekhova_2023_Blood,Hematopoietic,0.6861761426978819,0.9564879564879565,0.9825673314444764,0.8639577012755545
endothelial cell@Siletti_2023_Brain,Endothelial|Capillary_BBB,0.8424007744433688,0.9931522483451267,0.7702508161173585,0.8637517061432316
ciliary muscle cell@vanZyl_2022_Eye,Mural|SPINT2,0.9099897715649505,0.7300328227571116,0.9682823372861824,0.8632308826514762
microglial cell@Monavarfeshani_2023_Eye,Macrophage|CX3CR1,0.9383662636390445,0.7139331388826565,0.959178816440088,0.862931856267922
megakaryocyte@Zeng_2025_BoneMarrow,Platelet,0.9814814814814815,0.654320987654321,0.9999686283057464,0.8627529347046913
NK_56hi@Stephenson_2021_Blood|COVID-19,T&NK|NK_CD56,0.7166723783413297,0.9270752521334368,0.9612076804795116,0.861160885322124
NK_CD16hi@Madissoon_2022_Lung,T&NK|NK_CD16,0.8681616559881715,0.7441123666701869,0.9872414614968756,0.8607707545210522
muller cell@TabulaSapiens_2022_Multiple,Muller,0.7833333333333333,0.8197674418604651,0.9926998291240838,0.8606338168704116
DC_plasmacytoid@Madissoon_2022_Lung,Dendritic_plasmacytoid,0.6677018633540373,0.9555555555555556,0.9965679536453425,0.8599010564928602
migDC@Dominguez-Conde_2022_Multiple,Dendritic_classical|LAMP3,0.7442748091603053,0.8823529411764706,0.9678917327997884,0.8598066756181482
Goblet cell@Elmentaite_2020_Intestine|pIBD,Ductal|Goblet,0.8474737845567207,0.7888198757763976,0.9507559939289852,0.8597873740958524
NK_56hi@Stephenson_2021_Blood|COVID-19,T&NK|NK_CD56,0.7543574027963992,0.8729912445971406,0.9639671517462504,0.859441709545037
Platelets@Liu_2021_Blood|COVID-19,Platelet,0.6792611251049538,0.9363425925925926,0.9959856577743668,0.8588319804650291
Platelets@Liu_2021_Blood|COVID-19,Platelet,0.6792611251049538,0.9363425925925926,0.9959856577743668,0.8588319804650291
CD14-positive monocyte@Zeng_2025_BoneMarrow,Monocyte|Classical_general,0.879075009391827,0.8197104156936011,0.8753936252346946,0.8576233347321591
endothelial cell of artery@Kumar_2023_Breast_scRNA,Endothelial|Arterial,0.7829553371003948,0.9429477020602218,0.854168962560003,0.857543436659293
Ionocytes@Ziegler_2021_Nose|COVID-19,Ductal|Ionocyte,0.8370927318295739,0.9681159420289855,0.7749539233197213,0.8563650634906103
Ionocytes@Ziegler_2021_Nose|COVID-19,Ductal|Ionocyte,0.8370927318295739,0.9681159420289855,0.7749539233197213,0.8563650634906103
PV MYH11@Garcia-Alonso_2021_Endometrium,Mural|RERGL,0.9843934040047114,0.6687337467493498,0.9531828814166556,0.8561162154608969
PV MYH11@Garcia-Alonso_2021_Endometrium,Mural|RERGL,0.9843934040047114,0.6687337467493498,0.9531828814166556,0.8561162154608969
gamma-delta T cell@MacParland_2018_Liver,T&NK|NK_CD16,0.6362038664323374,0.9863760217983651,0.9998584043053214,0.8561025105030727
Basal-myoepithelial@Reed_2024_Breast,Squamous|Myoepithelial,0.8072277698525915,0.97335728756546,0.7983754761007971,0.856035658203541
Myocyte_MT1A@Fan_2023_Cancer|CC,Mural|FGF7,0.7836805555555556,0.8533081285444234,0.9372175667986762,0.8557793277170148
VSMC@Park_2020_Thymus,Mural|RERGL,0.6546990496304118,0.9943865276663993,0.9592620206556902,0.8547610635376617
Mono_NonClassical@Liu_2021_Blood|COVID-19,Monocyte|Non-classical,0.8469339990638165,0.8652957117806472,0.8518645581030193,0.8546629736557523
DP@Park_2020_Thymus,Hematopoietic,0.9833304178714384,0.6516621773671111,0.9733172402943346,0.8543952035421088
Platelet@Liu_2021_Blood|COVID-19,Platelet,0.6863029599535694,0.9124228395061729,0.9959463694465738,0.8543765586717206
cB1 (B IGD+IgM+)@Pelka_2021_Cancer|CRC,B_mature|Naive,0.844502907781778,0.862537123462028,0.8557056924293516,0.8542161712014935
Salivary@Quah_2023_Cancer|HNSCC,Ductal|Gland_LTF,0.992789544840018,0.9666520403685828,0.6484770184959306,0.853769531725199
Non-classical Monocyte@Schulte-Schrepping_2020_Blood|COVID-19,Monocyte|Non-classical,0.7652975691533948,0.9464409122322046,0.8570086193320445,0.8530405503571464
non-classical monocyte@Schulte-Schrepping_2020_Blood|COVID-19,Monocyte|Non-classical,0.7652975691533948,0.9464409122322046,0.8570086193320445,0.8530405503571464
myCAF@Shiao_2024_Breast|BRCA,Fibroblast|LRRC15,0.7680720639904314,0.9301136106459059,0.8684068169368286,0.8528782992965647
Innate_lymphoid_B@Adams_2020_Lung|IPF,T&NK|ILC,0.7579617834394905,0.85,0.9588110033710036,0.8516603226267276
ILC_B@Adams_2020_Lung|IPF,T&NK|ILC,0.7579617834394905,0.85,0.9588110033710036,0.8516603226267276
cS32 (Smooth Muscle)@Pelka_2021_Cancer|CRC,Mural|RERGL,0.9523269012485811,0.679902755267423,0.9510711585549846,0.8507761141945022
Endothelial CXCL12@Wu_2021_Cancer|BRCA,Endothelial|Arterial,0.6824817518248175,0.9288079470198676,0.9638293310702536,0.8485400949690975
Endothelial CXCL12@Wu_2021_Cancer|BRCA,Endothelial|Arterial,0.6824817518248175,0.9288079470198676,0.9638293310702536,0.8485400949690975
NK@Liu_2021_Blood|COVID-19,T&NK|NK_CD16,0.7818288002669781,0.7881192004709708,0.990173656705759,0.8481480087930857
Mono_NonClassical@Liu_2021_Blood|COVID-19,Monocyte|Non-classical,0.7823792123426715,0.9215686274509803,0.8456749188510895,0.8479745374726128
NK_CD56bright_CD16-@Dominguez-Conde_2022_Multiple,T&NK|NK_CXCR6,0.6972590429117053,0.972884012539185,0.8987086691099643,0.8479261928390266
erythrocyte@TabulaSapiens_2022_Multiple,Erythroid,0.7287350054525628,0.9566929133858267,0.8741885535907181,0.8478436427741761
Monocytes@Zhu_2020_Blood|COVID-19,Monocyte|Non-classical,0.8245341614906833,0.9925233644859813,0.7441697020134299,0.8476315740251364
non-classical monocyte@Kumar_2023_Breast_scRNA,Monocyte|Non-classical,0.7981927710843374,0.9718826405867971,0.777416428897438,0.8448736713370055
Arterial endothelial cells@Habermann_2020_Lung|COVID-19,Endothelial|Arterial,0.906064209274673,0.8860465116279069,0.7495181993072914,0.8442399370217868
ependymal cell@Nascimento_2023_Brain,Ciliated,0.9413680781758957,0.6963855421686747,0.9160840976654556,0.8436873145019455
T_Regulatory@Adams_2020_Lung|IPF,T&NK|T_CD4_RM_Treg,0.6229508196721312,0.9817007534983854,0.9809053787364376,0.8433735968953388
Arterial endothelial cells@Melms_2021_Lung,Endothelial|Arterial,0.9028815368196371,0.8942917547568711,0.7423775159482263,0.8431631214612828
Stellate@Aizarani_2019_Liver,Mural|RERGL,0.8073394495412844,0.9166666666666666,0.8097276641224443,0.843080148724163
gamma-delta T cell@COMBAT_2022_Blood|COVID-19,T&NK|T_gdT_TRDV2,0.6186847599164927,0.9700490998363339,0.9970117959070042,0.8426640712310796
T cells@Habermann_2020_Lung|COVID-19,T&NK|T_CD4_N&CM,0.6667889908256881,0.9751341681574239,0.9190658182699816,0.842299358013349
Kupffer cell@MacParland_2018_Liver,Macrophage|LYVE1,0.9604221635883905,0.7551867219917012,0.8211652312102418,0.8413609615948942
T cell@Monavarfeshani_2023_Eye,T&NK|T_CD4_N&CM,0.6308117617491832,0.9816190848650762,0.9615588929810536,0.8412780443562428
Basal@Madissoon_2022_Lung,Squamous|Basal,0.8206054351565187,0.7814905814905815,0.9248902789691732,0.840200206765747
CD8+ T naive@Schulte-Schrepping_2020_Blood|COVID-19,T&NK|T_CD8_N&CM,0.6834688346883468,0.9085014409221902,0.9533238624757236,0.8396435061608452
"naive thymus-derived CD8-positive, alpha-beta T cell@Schulte-Schrepping_2020_Blood|COVID-19",T&NK|T_CD8_N&CM,0.6834688346883468,0.9085014409221902,0.9533238624757236,0.8396435061608452
Naive T cells@Zhu_2020_Blood|COVID-19,T&NK|T_CD4_N&CM,0.9587036469506589,0.6275325977933801,0.9835378113475802,0.8395319787603185
pancreatic ductal cell@TabulaSapiens_2022_Multiple,Ductal|Pancreatobiliary_ductal,0.779103249691485,0.8732134624250807,0.8696245349605627,0.8394904130334715
S2 fibroblasts@Elmentaite_2020_Intestine|pIBD,Fibroblast|NRG1,0.9652406417112299,0.9525065963060686,0.6433514799060535,0.8394289932019631
Macro_alv@Madissoon_2022_Lung,Macrophage|Alveolar,0.934027371622412,0.7345230429583295,0.861602703674046,0.8392487319663938
ATII@Adams_2020_Lung|IPF,Ductal|AT2,0.9030547841454178,0.7069169960474309,0.9247829815338104,0.8388946988539117
gd IEL@Garrido-Trigo_2023_Intestine|IBD,T&NK|T_CD8_KLRC2,0.7774936061381074,0.9129129129129129,0.8296806018386875,0.83819623202167
Endo@Park_2020_Thymus,Endothelial|Venous_activated,0.7065878671997219,0.9876093294460642,0.8431737110507636,0.8379590692721308
endothelial cell of lymphatic vessel@vanZyl_2022_Eye,Endothelial|Lymphatic_LYVE1,0.9819458375125376,0.6103491271820449,0.9814954371150714,0.837885578355663
BMYO1@Reed_2024_Breast,Squamous|Myoepithelial,0.803484737647137,0.9236649975153854,0.7923435157058598,0.8377900703002066
Ciliated Epithelia@Garcia-Alonso_2021_Endometrium,Ciliated,0.9856115107913669,0.5956521739130435,0.9976584965537436,0.8366814387392727
lung ciliated cell@TabulaSapiens_2022_Multiple,Ciliated,0.9136212624584718,0.6380510440835266,0.9999999851923728,0.8353603769235879
Mural cell@Kanemaru_2023_Heart,Mural|CD36,0.7696499765758703,0.9986849614172643,0.7557589828927321,0.834388601949045
leukocyte@Jakel_2019_Brain|MS,T&NK|T_CD4_N&CM,0.607565011820331,0.9589552238805971,0.9964648776376066,0.8342272276807791
CD14 Mono@Hao_2021_Blood,Monocyte|Classical_general,0.6766809447086101,0.9752499079659049,0.8780143088206556,0.8336821178913587
CD14 Mono@Hao_2021_Blood,Monocyte|Classical_general,0.676645176507587,0.9748534534024297,0.8780178122994525,0.8335555556598941
PB_Plasmablasts_CD34pos@Liu_2021_Blood|COVID-19,Hematopoietic,0.9669117647058824,0.6247030878859857,0.9586154064548976,0.8334923802316907
B naive@Schulte-Schrepping_2020_Blood|COVID-19,B_mature|Naive,0.8705071393402265,0.728171334431631,0.9126859940089622,0.8332508534632423
naive B cell@Schulte-Schrepping_2020_Blood|COVID-19,B_mature|Naive,0.8705071393402265,0.728171334431631,0.9126859940089622,0.8332508534632423
Endothelial cells-2@Hirz_2023_Cancer|PRC,Endothelial|Arterial,0.6828193832599119,0.9309309309309309,0.9097245417150912,0.8331267341174827
TA@Elmentaite_2021_Intestine,Ductal|Gastrointestinal_common,0.9498677704955731,0.7352914997774811,0.8271534320878426,0.8328553717466687
Epi-Squamous@Ren_2021_Blood|COVID-19,Ductal|KLK7,0.7233389168062535,0.8680067001675041,0.9192346457805576,0.8325885444505484
gdT@Stephenson_2021_Blood|COVID-19,T&NK|T_gdT_TRDV2,0.6063229205871283,0.9656343656343657,0.9845921484104312,0.8322574456216756
myeloid cell@Reichart_2022_Heart,Macrophage|LYVE1,0.8296689809944596,0.8357499867540312,0.8311350382577976,0.8321806392399561
Neutrophil@Schulte-Schrepping_2020_Blood|COVID-19,Neutrophil,0.9809624537281861,0.585912823752369,0.9995945177368608,0.8313229142206862
neutrophil@Schulte-Schrepping_2020_Blood|COVID-19,Neutrophil,0.9809624537281861,0.585912823752369,0.9995945177368608,0.8313229142206862
"naive thymus-derived CD8-positive, alpha-beta T cell@Zeng_2025_BoneMarrow",T&NK|T_CD8_N&CM,0.7626440837450011,0.7657966221802291,0.9822811012730488,0.8309158565858733
NK_CD16hi@Liu_2021_Blood|COVID-19,T&NK|NK_CD16,0.8435160589229654,0.6855164292923629,0.9920301254878954,0.8308934993627446
effector CD8+ T_1@Kim_2024_Blood|HCC,T&NK|T_CD8_EMRA,0.8559620596205962,0.8342577918647649,0.8002960236252294,0.8298542360888971
CD8.Naive@Stephenson_2021_Blood|COVID-19,T&NK|T_CD8_N&CM,0.650168404170008,0.9083127940846963,0.9667406110646132,0.8295777301482634
Memory B@Elmentaite_2021_Intestine,B_mature,0.9374398460057748,0.6191989828353465,0.983427664269622,0.8295425898438586
Macrophage_Alveolar@Adams_2020_Lung|IPF,Macrophage|Alveolar,0.964430376351297,0.7598245892111798,0.7787234438873185,0.8294479881462966
Endothelia_vascular_arterial_pulmonary@Madissoon_2022_Lung,Endothelial|Arterial,0.9313996316758748,0.6754590984974959,0.9048460882329528,0.8287749394467618
B memory@Hao_2021_Blood,B_mature|Memory_switched,0.9054878048780488,0.6823308270676691,0.920428705234036,0.8284937774809124
AT2@Melms_2021_Lung,Ductal|AT2,0.9919760162243189,0.7276843467011643,0.7869224383077068,0.8281812196425801
NK_2@Hao_2021_Blood,T&NK|NK_CD16,0.994423273538433,0.5735191637630662,0.9941821060363976,0.827678585322621
inflammatory macrophage@MacParland_2018_Liver,Monocyte|Classical_general,0.6851168511685117,0.9806338028169014,0.8425628986218577,0.8272268333818428
alternatively activated macrophage@Han_2020_Multiple,Macrophage|Alveolar,0.948051948051948,0.689870890456542,0.8633724045919121,0.8265441177037218
NK_CD56bright@Hao_2021_Blood,T&NK|NK_CD56,0.9289871944121071,0.6328310864393338,0.9573469982858772,0.8256366646386043
B@Gur_2022_Blood|Scleroderma,B_mature|Naive,0.7928286852589641,0.9627837737253443,0.7356379350366458,0.8250065779493841
macrophage@ Ma_2022_Brain,Macrophage|LYVE1,0.6618421052631579,0.9901574803149606,0.8562924386886447,0.8248220419684205
Ciliated@Chan_2021_Lung|SCLC,Ciliated,0.8706624605678234,0.6441073512252042,0.9998794688733308,0.8246162880053145
Muscle_pericyte_parenchyma@Madissoon_2022_Lung,Mural|LAMC3,0.8123620309050773,0.8376327769347496,0.8240101715168314,0.8246037094751457
other@Hao_2021_Blood,Platelet,0.5713471945314725,0.9945463559742191,0.9867563680289976,0.8246032126829056
B_Naive@Liu_2021_Blood|COVID-19,B_mature|Naive,0.7943727637428168,0.792353863624074,0.8896298706159955,0.8242348259768143
natural killer cell@MacParland_2018_Liver,T&NK|NK_CXCR6,0.610655737704918,0.916923076923077,0.9996792276976362,0.8241317978816504
pDC@Gur_2022_Blood|Scleroderma,Dendritic_plasmacytoid,0.6666666666666666,0.851063829787234,0.9855965554146636,0.823866196119452
mature NK T cell@Kumar_2023_Breast_scRNA,T&NK|T_CD8_EMRA,0.7994419253575166,0.739593417231365,0.9443999216513416,0.8234652938735089
Activated endothelium@Garrido-Trigo_2023_Intestine|IBD,Endothelial|Venous_activated,0.8141592920353983,0.8679245283018868,0.7898861878215289,0.8233515142188288
Treg@Elmentaite_2020_Intestine|pIBD,T&NK|T_CD4_RM_Treg,0.5985401459854015,0.9761904761904762,0.953876165641419,0.8229496842524229
macrophage@Monavarfeshani_2023_Eye,Macrophage|LYVE1,0.6629408842523596,0.9910880059413294,0.8481488035229946,0.8229112996404377
Myeloid_c0_DC_LAMP3@Wu_2021_Cancer|BRCA,Dendritic_classical|LAMP3,0.648854961832061,0.9550561797752809,0.8981076084395913,0.822561366941635
BEST4+ epithelial@Elmentaite_2021_Intestine,Ductal|BEST4,0.7891156462585034,0.9161603888213852,0.7688844526897195,0.8222257648264597
Migratory DCs@Sikkema_2023_Lung,Dendritic_classical|LAMP3,0.7371794871794872,0.8127208480565371,0.9271026756962124,0.8220170500708281
Mono_Nonclassical@Liu_2021_Blood|COVID-19,Monocyte|Non-classical,0.711701734957549,0.9220468675274988,0.8457441161412437,0.8217946988889767
T cell@Rexach_2024_Brain|Dementia,T&NK|T_CD4_N&CM,0.5913978494623656,1.0,0.9374257952323996,0.8214961774520049
class switched memory B cell@Kumar_2023_Breast_scRNA,B_mature,0.9954167860211973,0.5585918662594438,0.9968829486425844,0.8214502102327248
NK_CD56bright@Hao_2021_Blood,T&NK|NK_CD56,0.9291617473435655,0.6211523283346487,0.9579651330515286,0.8207540743299953
Plasma@Gur_2022_Blood|Scleroderma,Plasma,0.8389830508474576,0.66,0.9977026702332992,0.8205393615286704
vascular associated smooth muscle cell@Monavarfeshani_2023_Eye,Mural|RERGL,0.7057356608478803,0.948073701842546,0.8254021952237778,0.8204458592952366
LEC6 (ADAMTS4+)@Elmentaite_2021_Intestine,Endothelial|Lymphatic_LYVE1,0.9979550102249489,0.5545454545454546,0.993956420455444,0.819354453682448
AT2@Habermann_2020_Lung|COVID-19,Ductal|AT2,0.776416539050536,0.7660652386454537,0.9190072161975442,0.817635649107359
AT2@Habermann_2020_Lung|COVID-19,Ductal|AT2,0.776416539050536,0.7660652386454537,0.9190072161975442,0.817635649107359
naive b cell@TabulaSapiens_2022_Multiple,B_mature|Naive,0.8905487353941725,0.6531077123332248,0.9397288806063744,0.8176140752224336
MAIT@Stephenson_2021_Blood|COVID-19,T&NK|T_MAIT,0.6377468910021946,0.8813182369591589,0.9709588772946626,0.8171980367841954
intestinal tuft cell@TabulaSapiens_2022_Multiple,Ductal|Tuft,0.6839378238341969,0.9496402877697842,0.8351768787363864,0.8155515271354461
Myocyte@Fan_2023_Cancer|CC,Mural|RERGL,0.5893104129618653,0.9940009998333611,0.9259917541115392,0.8155414115545128
Myocyte@Fan_2023_Cancer|CC,Mural|RERGL,0.5893104129618653,0.9940009998333611,0.9259917541115392,0.8155414115545128
CD8_Tc1@Reed_2024_Breast,T&NK|T&NK_HSP,0.688337801608579,0.8872570194384449,0.885903868087403,0.8148529098670583
erythrocyte@MacParland_2018_Liver,Erythroid,0.5806451612903226,0.9310344827586207,0.9999340294632733,0.8146091963481302
B_cell@Stephenson_2021_Blood|COVID-19,B_mature|Naive,0.6614546705968608,0.9918777625703965,0.8232737316849502,0.8143932521234544
MAIT@Liu_2021_Blood|COVID-19,T&NK|T_MAIT,0.7225270418560903,0.753966955668248,0.9909726141809588,0.8142467310870055
CD8_Va7.2@Liu_2021_Blood|COVID-19,T&NK|T_MAIT,0.7225270418560903,0.753966955668248,0.9909726141809588,0.8142467310870055
Endothelial Lymphatic LYVE1@Wu_2021_Cancer|BRCA,Endothelial|Lymphatic_LYVE1,0.5517241379310345,0.9911504424778761,0.9853113142873896,0.8137262845737986
Endothelial Lymphatic LYVE1@Wu_2021_Cancer|BRCA,Endothelial|Lymphatic_LYVE1,0.5517241379310345,0.9911504424778761,0.9853113142873896,0.8137262845737986
B@Fan_2023_Cancer|CC,B_mature|HSP,0.6305436337625179,0.9974540311173975,0.8564950675912304,0.8136624994598085
B cells@Terekhova_2023_Blood,B_mature|Naive,0.5748177730611334,0.9993445329190134,0.9370036480597456,0.8134463288670778
B01_plasma_IGKC@Wang_2023_Cancer|CRC,Plasma,0.9978170175608809,0.5376672940192389,0.9999964288925296,0.812557914865458
Basal@Adams_2020_Lung|IPF,Squamous|Basal,0.6982809721398933,0.9019908116385911,0.8510981789399542,0.8123390440458306
Basal@Adams_2020_Lung|IPF,Squamous|Basal,0.6982809721398933,0.9019908116385911,0.8510981789399542,0.8123390440458306
myeloid dendritic cell@Kumar_2023_Breast_scRNA,Dendritic_classical|LAMP3,0.6659340659340659,0.8324175824175825,0.9665304490872372,0.8121994150208575
N01_NK_NCAM1@Wang_2023_Cancer|CRC,T&NK|NK_CXCR6,0.5823815309842041,0.9523147228293265,0.961314191552984,0.8108698426015165
Neutrophil 1@Garrido-Trigo_2023_Intestine|IBD,Neutrophil,1.0,0.5370121130551817,0.9900984304256644,0.8101289487617983
Endothelial cell@Kanemaru_2023_Heart,Endothelial|Capillary_general,0.6941789285578495,0.9993978739476479,0.7661986476806597,0.8100597924327337
Treg@Schulte-Schrepping_2020_Blood|COVID-19,T&NK|T_CD4_EM_Treg,0.6267100977198697,0.925,0.9167054643936128,0.8099895483753653
regulatory T cell@Schulte-Schrepping_2020_Blood|COVID-19,T&NK|T_CD4_EM_Treg,0.6267100977198697,0.925,0.9167054643936128,0.8099895483753653
cE09 (Best4)@Pelka_2021_Cancer|CRC,Ductal|BEST4,0.7495996506041637,0.9372042227884966,0.7564132743862259,0.8099799177150614
MAIT@Liu_2021_Blood|COVID-19,T&NK|T_MAIT,0.7229665071770335,0.7416557591623036,0.9908596346510796,0.809923927444036
astrocyte@Nascimento_2023_Brain,Astrocyte,0.9948621814899674,0.5379359537485453,0.992117055343041,0.809752199825149
naïve CD4+ T@Kim_2024_Blood|HCC,T&NK|T_CD4_N&CM,0.9921511362599251,0.5872407087294728,0.910261667170797,0.8094438867841115
B@Ren_2021_Blood|COVID-19,B_mature|Naive,0.5914342333415903,0.9988788018240389,0.8972752388829178,0.8093101357568921
fibroblast@Kumar_2023_Breast_scRNA,Fibroblast|IL6,0.7163731465041508,0.9998593492558906,0.7381544525238501,0.8086150455537394
Endothelial@Fan_2023_Cancer|CC,Endothelial|Venous_activated,0.6270662545356807,0.9950949029643847,0.8459202927515652,0.8081695037596222
Endothelial@Fan_2023_Cancer|CC,Endothelial|Venous_activated,0.6270662545356807,0.9950949029643847,0.8459202927515652,0.8081695037596222
NK_CD16hi@Liu_2021_Blood|COVID-19,T&NK|NK_CD16,0.872953951337221,0.6085225679843005,0.9930869380914288,0.8080131549051464
choroid plexus epithelial cell@Siletti_2023_Brain,Ductal|Ependymal,0.6061906619846534,0.9839560903525438,0.8844016997726445,0.8080002769075876
T4_naive@Perez_2022_Blood|SLE,T&NK|T_CD4_N&CM,0.9652216212571462,0.5502298023754482,0.992892098126858,0.8079002364298781
Mac@Park_2020_Thymus,Macrophage|LYVE1,0.8018539976825029,0.858560794044665,0.764751509691942,0.8074746522856184
Ionocyte@Sikkema_2023_Lung,Ductal|Ionocyte,0.8645276292335116,0.7195845697329377,0.8451226595007132,0.8070990235194369
Vascular endothelial@Reed_2024_Breast,Endothelial|Venous_activated,0.690164732486377,0.9438407353320162,0.806746153573856,0.806980042996116
Classical monocytes@Dominguez-Conde_2022_Multiple,Monocyte|Classical_general,0.6501579164187302,0.9703511408662385,0.8327334631273208,0.8068966843923865
pericyte@Voigt_2021_Eye,Mural|RERGL,0.7516339869281046,0.8273381294964028,0.8447175211747546,0.8068639599721663
MAIT@Dominguez-Conde_2022_Multiple,T&NK|T_MAIT,0.6454939162713962,0.8738135120044668,0.9269229168192332,0.8055976234364359
Arterial endothelial cell@Elmentaite_2020_Intestine|pIBD,Endothelial|Capillary_general,0.6816901408450704,0.9565217391304348,0.8016384244690151,0.805539413575051
Fibroblast@Reed_2024_Breast,Fibroblast|IL6,0.6458508058118185,0.9779898229746776,0.8263640933213856,0.8051546890282807
B_Naive@Liu_2021_Blood|COVID-19,B_mature|Naive,0.6880463948757899,0.8587942955920485,0.8819530174956943,0.804731080458626
KRT14_ACTA2@Gur_2022_Skin|Scleroderma,Squamous|Myoepithelial,0.8524945770065075,0.9401913875598086,0.6501707788653655,0.8047205898062011
alternatively activated macrophage@Kumar_2023_Breast_scRNA,Macrophage|LYVE1,0.6760128049453582,0.9446244022828937,0.8151406449803514,0.8044187974012805
B_naive@Stephenson_2021_Blood|COVID-19,B_mature|Naive,0.796152800435019,0.788417958670825,0.8285041956022036,0.8041724965553612
hepatocyte@TabulaSapiens_2022_Multiple,Hepatocyte,0.5700793350963355,0.9117824773413897,0.9999999998836272,0.8040360352273976
cP1 (Plasma IgA)@Pelka_2021_Cancer|CRC,Plasma,0.9927604038414184,0.5229867164798672,0.9999779470471744,0.8037269096523225
Tfh@Elmentaite_2020_Intestine|pIBD,T&NK|T_CD4_EM_Tfh,0.8663793103448276,0.6222910216718266,0.9594471880836404,0.8027387490392006
MAIT@Schulte-Schrepping_2020_Blood|COVID-19,T&NK|T_MAIT,0.6853932584269663,0.7899280575539568,0.9547146861265404,0.8025405596955857
mucosal invariant T cell@Schulte-Schrepping_2020_Blood|COVID-19,T&NK|T_MAIT,0.6853932584269663,0.7899280575539568,0.9547146861265404,0.8025405596955857
macrophage@Jakel_2019_Brain|MS,Monocyte|Classical_general,0.7336956521739131,0.9642857142857143,0.7274599219971055,0.8013893808542604
"effector memory CD8-positive, alpha-beta T cell@Schulte-Schrepping_2020_Blood|COVID-19",T&NK|T_CD8_EMRA,0.6370490662336156,0.8555849820844368,0.9424770761303896,0.800882758102765
CD8+ Tem@Schulte-Schrepping_2020_Blood|COVID-19,T&NK|T_CD8_EMRA,0.6370490662336156,0.8555849820844368,0.9424770761303896,0.800882758102765
Macrophage@Elmentaite_2020_Intestine|pIBD,Macrophage|LYVE1,0.7745901639344263,0.8289473684210527,0.797896481356449,0.8001691958245003
mural cell@Reichart_2022_Heart,Mural|CD36,0.7539537587869463,0.9609365059167833,0.7067794479747653,0.8000327616443053
Hematopoietic stem cells@Sikkema_2023_Lung,Hematopoietic,0.8333333333333334,0.6172839506172839,0.9945111599459724,0.7997810936403785
endothelial cell@Yang_2021_Brain|Frontal,Endothelial|Capillary_BBB,0.889273356401384,1.0,0.5744302912836113,0.7993878406270661
VEA@Reed_2024_Breast,Endothelial|Arterial,0.6528400597907325,0.9332264957264957,0.8383251553684865,0.7993471880260773
LE1@Reed_2024_Breast,Endothelial|Lymphatic_LYVE1,0.9558701082431307,0.5806777946383409,0.9198539820052124,0.7992531023981628
Schwann@Hwang_2022_Cancer|PDAC,Schwann,0.7680921052631579,0.9838483146067416,0.6750439048644669,0.7990203171595098
Schwann@Hwang_2022_Cancer|PDAC,Schwann,0.7680921052631579,0.9838483146067416,0.6750439048644669,0.7990203171595098
Schwann@Hwang_2022_Cancer|PDAC,Schwann,0.7680921052631579,0.9838483146067416,0.6750439048644669,0.7990203171595098
Ciliated Cells@Ziegler_2021_Nose|COVID-19,Ciliated,0.9846903270702854,0.5188852218555189,0.99833008738877,0.7990029409667871
Mono@Hao_2021_Blood,Monocyte|Classical_general,0.5897231728390878,0.9857276357148925,0.8761817062159981,0.7986069813537153
endothelial cell@Zhu_2023_Brain,Endothelial|Capillary_BBB,0.7904509283819628,0.962843295638126,0.6682597086967114,0.798224892790419
FB2@Reed_2024_Breast,Fibroblast|IL6,0.957406321277289,0.6303319975630057,0.8399364832677014,0.7973286383654326
erythroid lineage cell@Han_2020_Multiple,Erythroid,0.9571319603356216,0.5317399779642342,0.9957098617862638,0.7972624563890749
epithelial cell of proximal tubule@Lake_2023_Kidney,Ductal|Proximal-tubule,0.8099590956320448,0.9131105245989146,0.6851531889841666,0.7972442082917568
Mast@Hwang_2022_Cancer|PDAC,Mast&Basophil,0.8754448398576512,0.754601226993865,0.7670456406582096,0.7972401584018267
Mast@Hwang_2022_Cancer|PDAC,Mast&Basophil,0.8754448398576512,0.754601226993865,0.7670456406582096,0.7972401584018267
mural cell@Phan_2024_Brain|Opioid,T&NK|T_CD4_N&CM,0.5185185185185185,0.9921259842519685,0.9811205812108732,0.7961920324685768
HSC_CD38pos@Stephenson_2021_Blood|COVID-19,Hematopoietic,0.9964768056371109,0.5096096096096097,0.9935618195606702,0.7960980603272078
indirect pathway medium spiny neuron@Phan_2024_Brain|Opioid,Neuron_excitatory,1.0,0.5077745783628137,0.9932882178709604,0.7960042980701577
multiplet@Kim_2024_Blood|HCC,Dendritic_plasmacytoid,0.5070643642072213,1.0,0.9944048844395416,0.7959310482162884
DC-LAMP3@Fan_2023_Cancer|CC,Dendritic_classical|LAMP3,0.6444444444444445,0.7923497267759563,0.9869916859125292,0.7958024960531369
vascular associated smooth muscle cell@Siletti_2023_Brain,Mural|RERGL,0.7811918063314711,0.7264069264069264,0.8865715254313514,0.7953357023989084
late pro-B cell@Zeng_2025_BoneMarrow,B_progenitor,0.9678115148498424,0.5191349234603062,0.9992716878085348,0.794788432875974
PV3@Reed_2024_Breast,Mural|RERGL,0.9514271631491688,0.5324089165266669,0.9891182138692436,0.7942484120832338
Naive B cells@Zhu_2020_Blood|COVID-19,B_mature|Naive,0.7840531561461794,0.7678201715468796,0.8296707247572064,0.7934208280902384
Tnaive/CM_CD8@Dominguez-Conde_2022_Multiple,T&NK|T_CD8_N&CM,0.5726188950134599,0.9629230437594309,0.9056676676554286,0.7933692664204314
Epithelial Ciliated@Garcia-Alonso_2021_Endometrium,Ciliated,1.0,0.49875311720698257,0.9999999999927244,0.7930402091000058
cDC1@Elmentaite_2021_Intestine,Dendritic_classical|DC1,0.8571428571428571,0.6,0.9697369374554944,0.7930236385413072
Progenitor@Dominguez-Conde_2022_Multiple,Hematopoietic,0.9242424242424242,0.5632276194299478,0.9574854637734128,0.7928676116528213
BEST2+ Goblet cell@Elmentaite_2021_Intestine,Ductal|Goblet,0.76321915530429,0.8170167319330722,0.7984197673203616,0.792569151010036
DC_activated@Madissoon_2022_Lung,Dendritic_classical|LAMP3,0.6623093681917211,0.8106666666666666,0.92698954705363,0.7924879796867792
Erythrophagocytic macrophages@Dominguez-Conde_2022_Multiple,Macrophage|LYVE1,0.814075130765573,0.936542669584245,0.6524457948175416,0.7923410639677446
monocyte@Han_2020_Multiple,Monocyte|Classical_general,0.8269430590191189,0.7002331617614711,0.8586304784667254,0.7922122014188887
B_plasma_IgA@Madissoon_2022_Lung,Plasma,0.9834123222748815,0.508578431372549,0.9935417287094088,0.7920633141691503
CD4@Ren_2021_Blood|COVID-19,T&NK|T_CD4_N&CM,0.6204058568237995,0.8061185754957295,0.9920471891960112,0.791654557386007
CD16 Mono@Hao_2021_Blood,Monocyte|Non-classical,0.5851533742331289,0.926559160676122,0.9096587411467076,0.7900849484579539
CD16 Mono@Hao_2021_Blood,Monocyte|Non-classical,0.5850607138476634,0.9267534486108413,0.909536705529244,0.7900631256536319
B naive kappa@Hao_2021_Blood,B_mature|Naive,0.9010181939576031,0.6241183951901954,0.8763266639692138,0.7898698255322043
amacrine cell@Wang_2022_Eye,Neuron_inhibitory,0.8325991189427313,0.624105668684645,0.9469885609965502,0.7894893376794831
B06_B_IGHD@Wang_2023_Cancer|CRC,B_mature|Naive,0.7141623488773747,0.8797872340425532,0.7817038689388142,0.7889914358938225
Neutrophil@Chan_2021_Lung|SCLC,Neutrophil,0.96289592760181,0.5185185185185185,0.9826780572964464,0.7887117181807437
Neutrophil@Chan_2021_Lung|SCLC,Neutrophil,0.96289592760181,0.5185185185185185,0.9826780572964464,0.7887117181807437
Cycling T@Hirz_2023_Cancer|PRC,T&NK|T_CD8_exhausted,0.6546052631578947,0.7653846153846153,0.9776193405775448,0.7882724264705243
CD8+ T@Hwang_2022_Cancer|PDAC,T&NK|T_CD4_N&CM,0.9425259003453379,0.546169239565466,0.949356249310296,0.7876801744110279
"naive thymus-derived CD4-positive, alpha-beta T cell@Zeng_2025_BoneMarrow",T&NK|T_CD4_N&CM,0.9035864189835017,0.5496486172202841,0.9818053224034892,0.7870942484422861
VEV@Reed_2024_Breast,Endothelial|Venous_activated,0.942971712663074,0.5580491366721072,0.9261326616072716,0.7869517437601337
ILC3@Park_2020_Thymus,T&NK|ILC,0.5329768270944741,0.9522292993630573,0.960166031713951,0.7869226908251686
GC_B (I)@Dominguez-Conde_2022_Multiple,B_GC,0.8292682926829268,0.6496815286624203,0.9039016652477196,0.786753931943269
cS26 (Myofibro)@Pelka_2021_Cancer|CRC,Mural|SPINT2,0.8658536585365854,0.9815668202764977,0.5692271405817024,0.7850247000524117
Endothelial ACKR1@Wu_2021_Cancer|BRCA,Endothelial|Venous_activated,0.6710041205812188,0.9227557411273486,0.7776154831181884,0.7837765774343824
Endothelial ACKR1@Wu_2021_Cancer|BRCA,Endothelial|Venous_activated,0.6710041205812188,0.9227557411273486,0.7776154831181884,0.7837765774343824
"CD8-positive, alpha-beta memory T cell@Zeng_2025_BoneMarrow",T&NK|T_MAIT,0.652232746955345,0.7614533965244866,0.9685128360405852,0.7835206308375329
oligodendrocyte precursor cell@Aldinger_2021_Brain,Oligodendrocyte_progenitor,0.8245436105476673,0.7583955223880597,0.7661741115525006,0.782490285889435
γδ T cell_2@Kim_2024_Blood|HCC,T&NK|T_gdT_TRDV2,0.5879454131918119,0.9853875476493011,0.8267274402136833,0.7824119525754213
VE_Peribronchial@Adams_2020_Lung|IPF,Endothelial|Venous_activated,0.7836538461538461,0.8660998937300743,0.7041724947707301,0.7818505944624379
type i pneumocyte@TabulaSapiens_2022_Multiple,Ductal|AT1,0.6492890995260664,0.7527472527472527,0.97772529378297,0.7818102869575881
B@Hao_2021_Blood,B_mature|Naive,0.5521292217327459,0.9998843796970748,0.862859242478895,0.7809864351644518
Macrophage_Alveolar@Adams_2020_Lung|IPF,Macrophage|Alveolar,0.9625545711350796,0.6338625121549063,0.7782867887626762,0.7801654179027506
T04_CD8_CD69@Wang_2023_Cancer|CRC,T&NK|T_MAIT,0.7390895892048851,0.659955769084115,0.9732594298986612,0.7800938335669145
CD8 T cell@Elmentaite_2020_Intestine|pIBD,T&NK|T_CD8_RM,0.5676470588235294,0.8693693693693694,0.9618831058476996,0.7800725716977515
Lymph@Park_2020_Thymus,Endothelial|Lymphatic_LYVE1,0.7217391304347827,0.6587301587301587,0.9937008306376424,0.7788392275575894
neural cell@Velmeshev_2023_Brain,Neuron_excitatory,0.5934985821989684,0.9927298304145802,0.8018252660402277,0.7788314820569138
"effector memory CD8-positive, alpha-beta T cell@Zeng_2025_BoneMarrow",T&NK|T_CD8_EMRA,0.5385784230964038,0.901002683236831,0.970871952255088,0.7781183607430561
T cell@Han_2020_Multiple,T&NK|T_CD4_N&CM,0.6044578356989871,0.7905331624175094,0.9851937398542426,0.7779217535722548
T cells@Quah_2023_Cancer|HNSCC,T&NK|T_CD4_N&CM,0.4889263545099241,0.978377549455605,0.98208097851631,0.7773782912356038
Mf@Gur_2022_Skin|Scleroderma,Macrophage|LYVE1,0.6914671006742618,0.7851108764519535,0.8645533124889067,0.77713791565281
Cycling B cell@Elmentaite_2020_Intestine|pIBD,B_GC,0.9895953757225433,0.4745011086474501,0.9980402664265878,0.7767495030076004
ATII_High-Surfactants@Adams_2020_Lung|IPF,Ductal|AT2,0.9883393646964214,0.4859628311585607,0.9728415170614468,0.7759797970602683
CD16+ Monocyte@Bi_2021_Cancer|RCC,Monocyte|Non-classical,0.8722044728434505,0.6453900709219859,0.8297484230979469,0.7758819970507962
fibroblast@TabulaSapiens_2022_Multiple,Fibroblast|Universal,0.8360886277696178,0.6174332464055757,0.9044998667559736,0.7758008983048069
T8_naive@Perez_2022_Blood|SLE,T&NK|T_CD8_N&CM,0.5753857233871638,0.8233545395088887,0.9855849123320832,0.775794454557101
Alveolar fibroblasts@Sikkema_2023_Lung,Fibroblast|Alveolar,0.828251640293323,0.7272111148763131,0.7749881106841756,0.7757217184904613
myeloid cell@Kumar_2023_Breast_snRNA,Macrophage|LYVE1,0.6184377523941387,0.932822833275322,0.806144223963884,0.7747637679040862
CD8@Stephenson_2021_Blood|COVID-19,T&NK|T_CD8_EMRA,0.53864154802171,0.9017019455509102,0.9572568433093308,0.7746944512758609
cS01 (Endo arterial)@Pelka_2021_Cancer|CRC,Endothelial|Arterial,0.9441964285714286,0.5108695652173914,0.9624460661010478,0.7743124850301983
PVL@Shiao_2024_Breast|BRCA,Mural|RERGL,0.5389464594127806,0.9952160739913889,0.8581316257932229,0.7720977809762852
PVL@Shiao_2024_Breast|BRCA,Mural|RERGL,0.5389464594127806,0.9952160739913889,0.8581316257932229,0.7720977809762852
B cell@Elmentaite_2020_Intestine|pIBD,B_GC,0.9928994082840237,0.46507760532150777,0.9965885693948976,0.7720561030274139
Mono_c5-CD16@Ren_2021_Blood|COVID-19,Monocyte|Non-classical,0.5718756434012765,0.9393939393939394,0.855966041333692,0.7718542439608009
CD4-positive helper T cell@Kumar_2023_Breast_scRNA,T&NK|T_CD4_activated,0.6968767653942377,0.7156472733300182,0.9219046583989282,0.7718158122939012
corneal epithelial cell@TabulaSapiens_2022_Multiple,Squamous|Corneal,0.9663978494623656,0.47631666114607485,0.997920826847668,0.7715829189404201
mammary gland epithelial cell@Kumar_2023_Breast_scRNA,Ductal|Gland_LTF,0.9589883200140511,0.5289757956435388,0.9039024723463188,0.7711228353947438
CD4+ T cells@Melms_2021_Lung,T&NK|T_CD4_N&CM,0.9939361982599525,0.5372283576772355,0.8584753042279765,0.7710485904572912
retinal ganglion cell@Voigt_2021_Eye,Neuron_inhibitory,0.7350399478232512,0.6875095317980784,0.9070065559687442,0.7710218710059581
nk cell@TabulaSapiens_2022_Multiple,T&NK|NK_CD16,0.705736224028907,0.6578254920534681,0.9793252294372348,0.7689415885769798
M10_Mono_FCGR3A@Wang_2023_Cancer|CRC,Monocyte|Non-classical,0.6468926553672316,0.950207468879668,0.7395601923286547,0.7689086186879387
Myeloid@Kanemaru_2023_Heart,Macrophage|LYVE1,0.6961070275736009,0.9979092911103058,0.6528456841644488,0.7682912267610258
FGFBP2+ NK@Bi_2021_Cancer|RCC,T&NK|NK_CD16,0.8397565922920892,0.5579514824797843,0.9648242433091092,0.7674781530360988
blood vessel endothelial cell@vanZyl_2022_Eye,Endothelial|Arterial,0.8276450511945392,0.9642147117296223,0.5655328853055457,0.7670527771795167
Vascular-Endothelial_C@Adams_2020_Lung|IPF,Endothelial|Arterial,0.8491547464239272,0.6297010607521697,0.843445890196096,0.7668777973528569
VE_Arterial@Adams_2020_Lung|IPF,Endothelial|Arterial,0.8491547464239272,0.6297010607521697,0.843445890196096,0.7668777973528569
ILC@Hao_2021_Blood,T&NK|ILC,0.688,0.8775510204081632,0.7461527336135225,0.7665894699664227
CAFs@Quah_2023_Cancer|HNSCC,Fibroblast|LRRC15,0.7133594949667292,0.8670676068021568,0.7261231668642399,0.7658150558000105
Memory B cells@Fan_2023_Cancer|CC,B_mature|HSP,0.6651320571843955,0.7760814249363868,0.8695773165708178,0.7656691054202395
IgG plasma cell@Elmentaite_2020_Intestine|pIBD,Plasma,1.0,0.44799054373522457,0.999978322243004,0.7651615603100715
T12_CD4_SELL@Wang_2023_Cancer|CRC,T&NK|T_CD4_N&CM,0.789280677009873,0.5798963730569948,0.9775328284542888,0.7648408429034977
Fibroblast@Adams_2020_Lung|IPF,Fibroblast|Universal,0.7180067950169875,0.8997161778618732,0.6922555975201198,0.7647160171460178
Fibroblast@Adams_2020_Lung|IPF,Fibroblast|Universal,0.7180067950169875,0.8997161778618732,0.6922555975201198,0.7647160171460178
Fibroblasts@Melms_2021_Lung,Fibroblast|CD36,0.86468200270636,0.9727937926631636,0.5309953858296266,0.7644034747728818
CD8+Tmem@Park_2020_Thymus,T&NK|T_CD8_activated,0.6538929440389294,0.7030739045127534,0.9693696233121888,0.7638340460064337
CD4 T cell@Elmentaite_2020_Intestine|pIBD,T&NK|T_CD4_N&CM,0.6454689984101749,0.7116564417177914,0.968725889512445,0.7634528602425931
CD4+ T cells@Habermann_2020_Lung|COVID-19,T&NK|T_CD4_N&CM,0.8507543103448276,0.5649373881932022,0.9251485407421458,0.7632590832128099
CD4+ T cells@Habermann_2020_Lung|COVID-19,T&NK|T_CD4_N&CM,0.8507543103448276,0.5649373881932022,0.9251485407421458,0.7632590832128099
kidney collecting duct intercalated cell@Lake_2023_Kidney,Ductal|Ionocyte,0.8308427309593911,0.6349664600492485,0.8425606033844207,0.7631740350812223
Basal Cells@Ziegler_2021_Nose|COVID-19,Squamous|Basal,0.8196333530455352,0.75,0.7216421518578319,0.7626657785033385
Basal Cells@Ziegler_2021_Nose|COVID-19,Squamous|Basal,0.8196333530455352,0.75,0.7216421518578319,0.7626657785033385
NK_ILC3 KIT@Fan_2023_Cancer|CC,T&NK|ILC,0.6151960784313726,0.8964285714285715,0.8039637649169138,0.7625270267480048
T_mait@Perez_2022_Blood|SLE,T&NK|T_MAIT,0.48788854662559505,0.9210943695479777,0.9861194905835744,0.7624032946878461
ncMonocyte@Adams_2020_Lung|IPF,Monocyte|Non-classical,0.7573580939032937,0.88332652227217,0.6623002320070385,0.7623583292382524
Monocyte_Non-Classical@Adams_2020_Lung|IPF,Monocyte|Non-classical,0.7573580939032937,0.88332652227217,0.6623002320070385,0.7623583292382524
cS02 (Endo capillary)@Pelka_2021_Cancer|CRC,Endothelial|Capillary_general,0.8703703703703703,0.6550522648083623,0.7749529994435369,0.7616436133547199
B_atypical@Perez_2022_Blood|SLE,B_mature|Memory_atypical,0.7821640903686088,0.8100985221674877,0.6970229204784939,0.7615426967321958
Vascular-Endothelial_E@Adams_2020_Lung|IPF,Endothelial|Venous_activated,0.7724974721941354,0.8119022316684378,0.7024793263526883,0.7609301341737429
NK@Quah_2023_Cancer|HNSCC,T&NK|NK_CD56,0.45154419595314166,0.9964747356051704,0.9790220711358092,0.7608861513674201
Fibroblasts@Habermann_2020_Lung|COVID-19,Fibroblast|CD36,0.7460808685505556,0.9774026319287519,0.6038343852254733,0.7607799924468173
Pre-B@Dominguez-Conde_2022_Multiple,B_progenitor,0.9066666666666666,0.5528455284552846,0.8768079754096768,0.760300566398121
direct pathway medium spiny neuron@Phan_2024_Brain|Opioid,Neuron_excitatory,1.0,0.4430275606746195,0.991963455662884,0.7602833373611553
EC venous pulmonary@Sikkema_2023_Lung,Endothelial|Venous_C7,0.686818323465254,0.8452540747842762,0.7547278148943727,0.7595210836565772
T@Adams_2020_Lung|IPF,T&NK|T_CD4_RM_Th1,0.5365793069183953,0.8245061551674778,0.9897758968589904,0.7593725579383617
T@Adams_2020_Lung|IPF,T&NK|T_CD4_RM_Th1,0.5365793069183953,0.8245061551674778,0.9897758968589904,0.7593725579383617
Mono@Ren_2021_Blood|COVID-19,Monocyte|Classical_general,0.5537504918789096,0.987495916663642,0.8005533256242408,0.75929970851152
Smooth-Muscle@Adams_2020_Lung|IPF,Mural|RERGL,0.7082706766917293,0.9345238095238095,0.6610377574939172,0.7591692923422856
L2/3 intratelencephalic projecting glutamatergic neuron@Yang_2021_Brain|Frontal,Neuron_excitatory,0.9996313364055299,0.43779769112779526,0.9989763744419204,0.758966922402331
brush cell@Chen_2021_Cancer|CRC,Ductal|Tuft,0.7532379004771643,0.9963931469792606,0.5823030917017181,0.7588757306242677
microglial cell@Zhu_2023_Brain,Macrophage|CX3CR1,0.5390901060070671,0.9870602507076426,0.8212142768370232,0.758846330578606
N02_NK_FCGR3A@Wang_2023_Cancer|CRC,T&NK|NK_CD16,0.7949046920821115,0.5538952745849297,0.9921482983429032,0.7587635110335195
kidney loop of Henle thick ascending limb epithelial cell@Lake_2023_Kidney,Ductal|Thick-ascending,0.8825180735620387,0.7241328065982241,0.6835187616373319,0.7587477633782916
Dendritic (conventional type 1)@Hwang_2022_Cancer|PDAC,Dendritic_classical|DC1,0.712707182320442,0.6482412060301508,0.945386235589011,0.7587272485844397
B cells@Hirz_2023_Cancer|PRC,B_mature|Memory_unswitched,0.6180197594501718,0.9922413793103448,0.7117657935574235,0.7585524275798645
T_gdT_c14-TRDV2@Ren_2021_Blood|COVID-19,T&NK|T_gdT_TRDV2,0.7306953990959193,0.5974986075244316,0.9980780909220496,0.7581339249726978
"CD16-negative, CD56-bright natural killer cell, human@Schulte-Schrepping_2020_Blood|COVID-19",T&NK|NK_CD56,0.809375,0.5418410041841004,0.9923876545430084,0.7578228023085938
NK CD56bright@Schulte-Schrepping_2020_Blood|COVID-19,T&NK|NK_CD56,0.809375,0.5418410041841004,0.9923876545430084,0.7578228023085938
Epi@Ren_2021_Blood|COVID-19,Ductal|KLK7,0.5044232130219392,0.9551088777219431,0.9011705002862452,0.757213423346816
IgA plasma cell@Elmentaite_2020_Intestine|pIBD,Plasma,1.0,0.43341213553979513,0.999997398338426,0.7567747718821621
Fibro_adventitial@Madissoon_2022_Lung,Fibroblast|Universal,0.6238938053097345,0.9012784090909091,0.7692921684905228,0.7562876073313037
SMC@Adams_2020_Lung|IPF,Mural|RERGL,0.7223796033994334,0.8947368421052632,0.666440417509775,0.7552209712193619
crypt@Elmentaite_2020_Intestine|pIBD,Ductal|Gastrointestinal_common,0.8941176470588236,0.5428571428571428,0.8848665989417864,0.7544885877207045
cTNI25 (NK XCL1+)@Pelka_2021_Cancer|CRC,T&NK|NK_CD56,0.5822021116138764,0.7583497053045186,0.9718209413557044,0.7542405032523439
ILC@Hao_2021_Blood,T&NK|ILC,0.688,0.8349514563106796,0.7461527336135225,0.7539787970417287
cTNI08 (CD4+ Treg)@Pelka_2021_Cancer|CRC,T&NK|T_CD4_RM_Treg,0.5385391444713479,0.8266997057457023,0.962614789131046,0.7539441855620478
Inflammatory fibroblasts@Garrido-Trigo_2023_Intestine|IBD,Fibroblast|IL24,0.8019323671497585,0.7614678899082569,0.701192994925219,0.7537181415130433
Mono2@Hirz_2023_Cancer|PRC,Monocyte|Classical_IL1R2,0.619600725952813,0.9363686231486561,0.7372160651340726,0.7534443612893111
Activated CD4 T@Elmentaite_2021_Intestine,T&NK|T_CD4_activated,0.7160493827160493,0.634375,0.9414553499307672,0.7534068895954067
M01_Mono_CD14@Wang_2023_Cancer|CRC,Monocyte|Classical_general,0.546046511627907,0.9628212137780208,0.8133871429681817,0.7533975384905025
cB2 (B GC-like)@Pelka_2021_Cancer|CRC,B_mature|Memory_unswitched,0.6768781302170284,0.8709989258861439,0.7236579320683285,0.7528130567560414
other T@Hao_2021_Blood,T&NK|T_MAIT,0.48918051095909537,0.9341508930951746,0.9313821754129138,0.7522081489334578
T_CD8_c09-SLC4A10@Ren_2021_Blood|COVID-19,T&NK|T_MAIT,0.5978254930885647,0.7143230186708448,0.996226785185484,0.7521003026101057
T cell@ Ma_2022_Brain,T&NK|T_CD4_N&CM,0.5016949152542373,0.8897795591182365,0.9513436193938029,0.7516572392799746
Epithelial@Quah_2023_Cancer|HNSCC,Squamous|Keratinocyte_basal,0.6814731061217897,0.9995261786306563,0.6210792343097546,0.7506946161114649
Fibroblasts@Habermann_2020_Lung|COVID-19,Fibroblast|CD36,0.7073216995447648,0.991359829855111,0.601800016491155,0.7500671832956892
cP2 (Plasma IgG)@Pelka_2021_Cancer|CRC,Plasma,0.9944640467210123,0.424112702366127,0.999969423940714,0.7499270674883101
Goblet@Garrido-Trigo_2023_Intestine|IBD,Ductal|Goblet,0.9373881932021467,0.6275449101796408,0.716574801956481,0.7497939657878016
CytoT_GZMK+@Perez_2022_Blood|SLE,T&NK|T_CD8_EM,0.6142872389626098,0.6995644687531652,0.9795068024929844,0.7494377486555527
CD4_CD45RAnegCD28pos@Liu_2021_Blood|COVID-19,T&NK|T_CD4_activated,0.700744202324217,0.6269616149708981,0.9544182024642957,0.7484791835751547
iCAF@Shiao_2024_Breast|BRCA,Fibroblast|Universal,0.702459741638648,0.9587942611468045,0.6214242944423842,0.7480173956783186
T_CD4_c01-LEF1@Ren_2021_Blood|COVID-19,T&NK|T_CD4_N&CM,0.8866720245215312,0.4739073972329054,0.994898202364029,0.7477304152176056
glutamatergic neuron@Zhu_2023_Brain,Neuron_excitatory,0.7297276738171307,0.9751956897428078,0.5863928357394281,0.7472749343821036
PI16@Buechler_2019_Fibroblast,Fibroblast|Universal,0.6846892369883779,0.7234383342231714,0.8415873039687,0.7470185700103648
Basal resting@Sikkema_2023_Lung,Squamous|Basal,0.9962007444487229,0.4474357791818475,0.9349375757220384,0.7469417394750195
B03_B_MS4A1@Wang_2023_Cancer|CRC,B_mature|Memory_unswitched,0.6667243767313019,0.9125592417061611,0.6837224417413862,0.7464987397584186
Goblet@Adams_2020_Lung|IPF,Ductal|Club,0.8379013312451057,0.6391875746714456,0.7762387019221664,0.7463436329174482
NPNT@Buechler_2019_Fibroblast,Fibroblast|Alveolar,0.9242871189773845,0.5529411764705883,0.8108875051615367,0.7455592231355012
cDC2_2@Hao_2021_Blood,Dendritic_classical|DC2,0.5305026842362128,0.9636524822695035,0.8096739493902172,0.7452570027117046
BEST4 OTOP2@Garrido-Trigo_2023_Intestine|IBD,Ductal|BEST4,0.9278996865203761,0.7956989247311828,0.5606173083731679,0.7452559185165752
NKs@Zhu_2020_Blood|COVID-19,T&NK|NK_CD16,0.7027027027027027,0.5909090909090909,0.9950042615002822,0.7447989894611247
KRT1_KRT10@Gur_2022_Skin|Scleroderma,Squamous|Keratinocyte_spinous,0.5275152862701501,0.9285714285714286,0.8426349721401973,0.74455470980917
cTNI11 (CD8+GZMK+)@Pelka_2021_Cancer|CRC,T&NK|T_CD8_EM,0.5020088813702686,0.8463458110516934,0.9708689068631728,0.7444004278305174
B cell@COMBAT_2022_Blood|COVID-19,B_mature|Naive,0.562997107736804,0.8825758917502037,0.8265090597555592,0.7433076698842276
VIP GABAergic cortical interneuron@Yang_2021_Brain|Frontal,Neuron_inhibitory,0.9989816700610998,0.4114070035646886,0.999030088475823,0.7432517199213988
PB_Plasmablasts@Liu_2021_Blood|COVID-19,Plasma,0.9849056603773585,0.4160467587672689,0.9998975993458432,0.7427296601199515
CLEC9A+ DC@Bi_2021_Cancer|RCC,Dendritic_classical|DC1,0.4774774774774775,0.8688524590163934,0.9875479849970776,0.7427096114800261
epithelial cell of exocrine pancreas@Han_2020_Multiple,Ductal|Pancreatobiliary_acinar,0.9998204022988506,0.5121435142594296,0.7993966222225081,0.7424923673987595
CD8_Naive_Naive @Liu_2021_Blood|COVID-19,T&NK|T_CD8_N&CM,0.5589289983265598,0.7574923052000648,0.9654357483630662,0.7421404123911872
CD8.EM@Stephenson_2021_Blood|COVID-19,T&NK|T_CD8_EM,0.6079716656975207,0.7291111956383923,0.9216270704317652,0.7420117394807201
CD4_Mem@Liu_2021_Blood|COVID-19,T&NK|T_CD4_activated,0.6442162596544488,0.6642881476093582,0.9542006518380992,0.7418953200745614
acinar cell of salivary gland@TabulaSapiens_2022_Multiple,Ductal|Submucosal_serous,0.6979402779146546,0.9749449339207048,0.5990047974498733,0.7414403490199594
gdT@Hao_2021_Blood,T&NK|T_gdT_TRDV2,0.5311229277447607,0.9173419773095624,0.8347537458413054,0.7409033602361855
eS@Garcia-Alonso_2021_Endometrium,Fibroblast|ITGB8,0.9956593454292907,0.4831900910010111,0.8452918331956432,0.7408753674576001
eS@Garcia-Alonso_2021_Endometrium,Fibroblast|ITGB8,0.9956593454292907,0.4831900910010111,0.8452918331956432,0.7408753674576001
Mueller cell@Wang_2022_Eye,Muller,0.6019073569482288,0.9950450450450451,0.6782529688064179,0.7406073744716084
T_cells_c3_CD4+_Tfh_CXCL13@Wu_2021_Cancer|BRCA,T&NK|T_CD4_CXCL13,0.6052514463729417,0.6834170854271356,0.9813333110637248,0.740422151102741
uSMC@Garcia-Alonso_2021_Endometrium,Mural|SPINT2,0.8947437582128778,0.7989908472189626,0.5637782611063831,0.7386685395690762
uSMC@Garcia-Alonso_2021_Endometrium,Mural|SPINT2,0.8947437582128778,0.7989908472189626,0.5637782611063831,0.7386685395690762
Dendritic_Langerhans@Adams_2020_Lung|IPF,Dendritic_classical|Langerhans,0.55625,0.8436018957345972,0.858213877042016,0.7384725691067653
DC_Langerhans@Adams_2020_Lung|IPF,Dendritic_classical|Langerhans,0.55625,0.8436018957345972,0.858213877042016,0.7384725691067653
B_Naive_IgMpos@Liu_2021_Blood|COVID-19,B_mature|Naive,0.7446598751232336,0.613128416039829,0.8815629876048295,0.738336347062816
melanocyte@Monavarfeshani_2023_Eye,Melanocyte,0.9943775100401606,0.9875783475783476,0.4094463215333986,0.7380853901199402
Cytotoxic CD8 T cells@Zhu_2020_Blood|COVID-19,T&NK|T_CD8_EMRA,0.6506059710316288,0.6256395679363275,0.9853323055603964,0.7374654151646388
Glandular@Fan_2023_Cancer|CC,Ductal|Club,0.941491395793499,0.8783446307527649,0.4849418172968557,0.7374348321067944
Glandular@Fan_2023_Cancer|CC,Ductal|Club,0.941491395793499,0.8758448950551405,0.4849418172968557,0.7367345968302678
Glandular@Fan_2023_Cancer|CC,Ductal|Club,0.941491395793499,0.8758448950551405,0.4849418172968557,0.7367345968302678
T03_CD8_CCL4@Wang_2023_Cancer|CRC,T&NK|T_CD8_activated,0.7111129189716889,0.5875907502016671,0.9544523066352708,0.7360758746434235
macrophage@vanZyl_2022_Eye,Macrophage|CX3CR1,0.5697238322536652,0.9698200812536274,0.7193490450780821,0.7352444308333684
renal interstitial pericyte@Lake_2023_Kidney,Mural|RERGL,0.47785895333233935,0.9858505075361427,0.8426429808645863,0.7349392916748752
B cell@Garrido-Trigo_2023_Intestine|IBD,B_mature|Memory_unswitched,0.7701915070774354,0.6150265957446809,0.8376084022193098,0.7348147787365512
Naïve B cell@Garrido-Trigo_2023_Intestine|IBD,B_mature|Naive,0.5894428152492669,0.8340248962655602,0.8031595059213409,0.733625072972389
DC@Gur_2022_Blood|Scleroderma,Dendritic_classical|DC2,0.6196078431372549,0.7939698492462312,0.7985180273157078,0.732377871993731
Lymphoid@Kanemaru_2023_Heart,T&NK|T_CD4_N&CM,0.4569857956825295,0.9965873293664683,0.8624693690628775,0.7323531953748688
Endothelia_vascular_venous_systemic@Madissoon_2022_Lung,Endothelial|Venous_activated,0.6624539231174302,0.7121426549674498,0.832147737419018,0.7322190732984176
CD4 Naive@Hao_2021_Blood,T&NK|T_CD4_N&CM,0.9803242562568865,0.41057419737622786,0.975107870154482,0.7321577901037902
CD4_Treg FOXP3@Fan_2023_Cancer|CC,T&NK|T_CD4_RM_Treg,0.5166937721228355,0.8819399085564991,0.8606606670329762,0.7319836704225073
PVL Immature s1@Wu_2021_Cancer|BRCA,Mural|FGF7,0.49358426005132594,0.8729198184568835,0.9100905160133828,0.731936516511001
cDC1-CLEC9A@Fan_2023_Cancer|CC,Dendritic_classical|DC1,0.68125,0.5828877005347594,0.9865501987728044,0.7317064191255244
"naive thymus-derived CD4-positive, alpha-beta T cell@Schulte-Schrepping_2020_Blood|COVID-19",T&NK|T_CD4_N&CM,0.9452934662236988,0.42626716604244697,0.970723226304954,0.7313321283133926
CD4+ T naive@Schulte-Schrepping_2020_Blood|COVID-19,T&NK|T_CD4_N&CM,0.9452934662236988,0.42626716604244697,0.970723226304954,0.7313321283133926
Trm_Tgd@Dominguez-Conde_2022_Multiple,T&NK|T_CD8_KLRC2,0.5654130971395382,0.8435875216637782,0.8196568219520161,0.7312109555347095
CD4 Naive@Hao_2021_Blood,T&NK|T_CD4_N&CM,0.9802836206442089,0.4086184543037335,0.9754991771489112,0.7310810777547716
Lymphatic_TFF3@Gur_2022_Skin|Scleroderma,Endothelial|Lymphatic_LYVE1,0.43673469387755104,0.9469026548672567,0.9447761005395012,0.7310559936149718
B@Fan_2023_Cancer|CC,Plasma,0.4052398056201141,0.9647887323943662,0.9974604909260606,0.7306005719455996
fibroblast@Monavarfeshani_2023_Eye,Fibroblast|CD36,0.5144815536590283,0.9796545105566219,0.7712406770532301,0.7298118194461282
"CD8-positive, alpha-beta memory T cell@Kumar_2023_Breast_scRNA",T&NK|T_CD8_activated,0.7296101597876438,0.6064460307159852,0.8768179142781599,0.7293413137970075
Endothelial cells-1@Hirz_2023_Cancer|PRC,Endothelial|Venous_general,0.5785046728971963,0.9613667249077849,0.6973472643372113,0.7292588131864363
pericyte@Rexach_2024_Brain|Dementia,Mural|SPINT2,0.45797665369649804,1.0,0.8457081060227307,0.7289335578461481
CD8 FGFBP2@Garrido-Trigo_2023_Intestine|IBD,T&NK|T_CD8_EMRA,0.5882352941176471,0.7964601769911505,0.8256662790885397,0.7286291873790267
basal cell@vanZyl_2022_Eye,Squamous|Corneal,0.7002881844380403,0.6439929328621908,0.8566794838919866,0.7283253432860574
Tem/emra_CD8@Dominguez-Conde_2022_Multiple,T&NK|T_CD8_EMRA,0.5728852997536271,0.8446170921198668,0.7984153623520244,0.7283142538264558
CAF_MMP11@Fan_2023_Cancer|CC,Fibroblast|LRRC15,0.611875,0.8833082706766917,0.713252468370599,0.727790020878968
CD56high NK@Kim_2024_Blood|HCC,T&NK|NK_CD16,0.9925339021788816,0.4105634690533216,0.9452974981092168,0.727608986432971
T cell@Zeng_2025_BoneMarrow,T&NK|T_CD8_MHCII,0.5655172413793104,0.7145969498910676,0.9521384658996828,0.7273370426325692
immature Neutrophil@Schulte-Schrepping_2020_Blood|COVID-19,Neutrophil,0.972027972027972,0.39513581806696146,0.998477149496364,0.7265314701413855
immature neutrophil@Schulte-Schrepping_2020_Blood|COVID-19,Neutrophil,0.972027972027972,0.39513581806696146,0.998477149496364,0.7265314701413855
Tregs@Garrido-Trigo_2023_Intestine|IBD,T&NK|T_CD4_RM_Treg,0.49819168173598555,0.8901453957996769,0.8646949305932532,0.7265075158756672
CD4_Th CXCL13@Fan_2023_Cancer|CC,T&NK|T_CD4_CXCL13,0.575841828853877,0.8415349887133183,0.7905011951261457,0.7262608589859292
B@Hwang_2022_Cancer|PDAC,B_mature|Naive,0.47679593134138587,0.929368029739777,0.8631272998710873,0.7258803515008551
B@Hwang_2022_Cancer|PDAC,B_mature|Naive,0.47679593134138587,0.929368029739777,0.8631272998710873,0.7258803515008551
Mast 1@Garrido-Trigo_2023_Intestine|IBD,Mast&Basophil,0.9967213114754099,0.3838383838383838,0.9970537394702832,0.725237475773957
Capillary@Shiao_2024_Breast|BRCA,Endothelial|Capillary_general,0.560127019190943,0.9485620762216507,0.7141587728763669,0.7239618566767243
CD8 T@Hao_2021_Blood,T&NK|T_CD8_N&CM,0.41695114341298684,0.9624639891543806,0.94481279014412,0.7237776043492584
Goblet (nasal)@Sikkema_2023_Lung,Ductal|Club,0.9024921162057321,0.4449443458400407,0.9436968391989798,0.7236477284372493
Fibro_COCH@Gur_2022_Skin|Scleroderma,Fibroblast|COCH,0.6962474645030426,0.8773162939297124,0.6195502066096619,0.7233227243558965
CD4.Naive@Stephenson_2021_Blood|COVID-19,T&NK|T_CD4_N&CM,0.9714086471408647,0.39528689449686244,0.9854232911762504,0.7232899010127608
LASP1@Reed_2024_Breast,Ductal|Gland_LTF,0.9978525215773708,0.3865211401928579,0.9805511463006163,0.7231637047014485
Macrophage2@Hirz_2023_Cancer|PRC,Macrophage|CX3CR1,0.7174460935312238,0.6248780487804878,0.8431120779820835,0.723030500789249
T11_CD4_BHLHE40@Wang_2023_Cancer|CRC,T&NK|T_CD4_activated,0.7248842467965974,0.5301622302724839,0.9782872826877124,0.721740846687354
Activated B cells@Melms_2021_Lung,B_mature,0.852963818321786,0.6400924321201618,0.6877015536298358,0.7214248576635344
Perivascular@Reed_2024_Breast,Mural|FGF7,0.4338980797145611,0.9714455828723114,0.8904204633661832,0.7213296422583442
normal luminal mature@Shiao_2024_Breast|BRCA,Ductal|Gland_MUCL1,0.8287114442202363,0.5170689593150832,0.8737904021554993,0.7207528324764244
Purkinje cell@Aldinger_2021_Brain,Neuron_inhibitory,0.9999222515938423,0.40268645500657524,0.9287714722546404,0.7204669126059667
cE04 (Enterocyte 1)@Pelka_2021_Cancer|CRC,Ductal|Colonocyte,0.8922129344478662,0.5897063099738296,0.7097387631685904,0.7201134761896182
alpha-beta T cell@MacParland_2018_Liver,T&NK|T_CD4_N&CM,0.5535900104058272,0.6742712294043093,0.9996681459020824,0.7199343727374042
γδ T cell_1@Kim_2024_Blood|HCC,T&NK|NK_CD16,0.998937784522003,0.4149123912769444,0.8998446237774425,0.7198148310990714
myofibroblast@Elmentaite_2020_Intestine|pIBD,Mural|SPINT2,0.7426900584795322,0.9769230769230769,0.5140273556583725,0.7198103225225045
Immune@Sikkema_2023_Lung,Macrophage|Alveolar,0.41874803918151077,0.9936206290452656,0.8943379950036004,0.7192695735435239
capillary endothelial cell@Seeker_2023_Brain,Endothelial|Capillary_BBB,0.8714430894308943,0.5784148397976391,0.7381784300528008,0.7192501082093072
cholangiocyte@MacParland_2018_Liver,Ductal|Pancreatobiliary_ductal,0.7647058823529411,0.883495145631068,0.5504561424020196,0.7191295037583687
NK cells@Melms_2021_Lung,T&NK|NK_CD16,0.561886968706212,0.7547051442910916,0.8742667121625047,0.7183841433556607
conventional dendritic cell@Kumar_2023_Breast_scRNA,Dendritic_classical|EREG,0.5972396486825596,0.6801943412403544,0.9105016712395194,0.717828666213805
CD8 TEM@Hao_2021_Blood,T&NK|T_CD8_EMRA,0.544662851455586,0.7444734157125042,0.9109713721562196,0.7175087906721788
CAFs myCAF-like@Wu_2021_Cancer|BRCA,Fibroblast|LRRC15,0.6456140350877193,0.7218045112781954,0.7913473530182508,0.7171113060705756
Mono1@Hirz_2023_Cancer|PRC,Monocyte|Non-classical,0.5535211267605634,0.8694690265486725,0.765059533854244,0.7167392417528379
NKT cells@Wu_2021_Cancer|BRCA,T&NK|NK_CD16,0.41711229946524064,0.888045540796964,0.9939832533134484,0.7167303038914115
T_cells_c10_NKT_cells_FCGR3A@Wu_2021_Cancer|BRCA,T&NK|NK_CD16,0.41711229946524064,0.888045540796964,0.9939832533134484,0.7167303038914115
ILC3@Dominguez-Conde_2022_Multiple,T&NK|ILC,0.5365853658536586,0.8262910798122066,0.8247724593850605,0.7151031312559766
cTNI06 (CD4+ TFH)@Pelka_2021_Cancer|CRC,T&NK|T_CD4_EM_Tfh,0.5604113110539846,0.666157372039725,0.9773900926239198,0.7145795023957001
T_CD8_c01-LEF1@Ren_2021_Blood|COVID-19,T&NK|T_CD8_N&CM,0.42888355406899903,0.854218712224998,0.9953174120773802,0.7144250795394753
PV4@Reed_2024_Breast,Mural|FGF7,0.8731024903264213,0.43662705599245827,0.9563857769331404,0.7143915787887688
inflammatory macrophage@Kumar_2023_Breast_scRNA,Macrophage|CX3CR1,0.46537896758161074,0.9434394321044195,0.8291735015057367,0.7140392144063439
myofibroblast (RSPO2+)@Elmentaite_2021_Intestine,Mural|SPINT2,0.9912280701754386,0.47478991596638653,0.7735306159370067,0.7140317586117004
Endothelial@Shiao_2024_Breast|BRCA,Endothelial|Venous_general,0.45076860567481547,0.9904032138074691,0.8153317498799745,0.7140029711338269
B_c03-CD27-AIM2@Ren_2021_Blood|COVID-19,B_mature|Memory_switched,0.6890880599856479,0.5729715907015258,0.9207706541220256,0.7137066792617995
naive B cell@Kumar_2023_Breast_scRNA,B_mature,0.9943231441048035,0.36601832502813053,0.9987117036519152,0.7136580554573811
Suprabasal@Sikkema_2023_Lung,Squamous|Basal,0.8910296904611498,0.42283125028824425,0.9631258455279592,0.7132592787767844
Neutrophil@Hwang_2022_Cancer|PDAC,Neutrophil,0.8469387755102041,0.44623655913978494,0.959895094102864,0.7132037953565031
Neutrophil@Hwang_2022_Cancer|PDAC,Neutrophil,0.8469387755102041,0.44623655913978494,0.959895094102864,0.7132037953565031
Mono_c3-CD14-VCAN@Ren_2021_Blood|COVID-19,Monocyte|Classical_general,0.7202955390061546,0.5932875999661235,0.8487420461309627,0.7131549559858306
LE2@Reed_2024_Breast,Endothelial|Lymphatic_LYVE1,0.9854178351093662,0.38088012139605465,0.9635473600135644,0.7124601812155458
CD8_Naive@Liu_2021_Blood|COVID-19,T&NK|T_CD8_N&CM,0.42056003068661296,0.887917071590541,0.9642332515036156,0.7114223452352378
gd T/NK cell@Elmentaite_2020_Intestine|pIBD,T&NK|T_CD8_KLRC2,0.37755102040816324,0.9946236559139785,0.9580054712999904,0.7112148357458677
B memory kappa@Hao_2021_Blood,B_mature|Memory_switched,0.8934810396250532,0.43796992481203006,0.9193071106587444,0.7112081907815885
B_mem_switched@Reed_2024_Breast,B_mature|Memory_unswitched,0.8659666460778258,0.5162002945508101,0.8045267210196353,0.7111370327892753
Nonclassical monocytes@Dominguez-Conde_2022_Multiple,Monocyte|Non-classical,0.509504132231405,0.95655546935609,0.7369902883694156,0.7108422152432673
T_CD8_c05-ZNF683@Ren_2021_Blood|COVID-19,T&NK|T_CD8_EMRA,0.7761072149101739,0.46515042464373113,0.9934358316116328,0.7104796682435762
Macro@Ren_2021_Blood|COVID-19,Macrophage|ISG,0.7175259652554609,0.5407321610333088,0.9238346281460562,0.7103483125120933
Tuft@Elmentaite_2021_Intestine,Ductal|Tuft,0.8769771528998243,0.9920477137176938,0.4106113757047075,0.7095515268770558
NK cells@Habermann_2020_Lung|COVID-19,T&NK|NK_CD16,0.4973995271867612,0.765090909090909,0.9359438031560774,0.7088528029401182
NK cells@Habermann_2020_Lung|COVID-19,T&NK|NK_CD16,0.4973995271867612,0.765090909090909,0.9359438031560774,0.7088528029401182
endothelial cell of lymphatic vessel@TabulaSapiens_2022_Multiple,Endothelial|Lymphatic_LYVE1,0.5674603174603174,0.6529680365296804,0.960491173815006,0.7086638280996375
endothelial cell@Reichart_2022_Heart,Endothelial|Capillary_general,0.7061567487104926,0.957283307522643,0.5248590424692219,0.7079372447659762
Monocyte_CD16@Madissoon_2022_Lung,Monocyte|Non-classical,0.5640960163432074,0.9016326530612245,0.6951668364412731,0.7071158465183819
CD14_mono@Stephenson_2021_Blood|COVID-19,Monocyte|Classical_general,0.7718172484599589,0.5013912481632398,0.9114768145308976,0.7065544211515293
Vascular_ACKR1@Gur_2022_Skin|Scleroderma,Endothelial|Venous_general,0.6254191817572099,0.6419965576592083,0.8780235693774417,0.7064314466394849
Macrophage@Chan_2021_Lung|SCLC,Macrophage|Alveolar,0.4519669637035427,0.9514985129261039,0.8166352527527204,0.7055280903019241
Macrophage@Chan_2021_Lung|SCLC,Macrophage|Alveolar,0.4519669637035427,0.9510633432426252,0.8166352527527204,0.7054205156886378
T cells CD4+@Wu_2021_Cancer|BRCA,T&NK|T_CD4_activated,0.4071551141386303,0.8779011099899092,0.9731606548019917,0.7032828247845172
Memory B cells@Dominguez-Conde_2022_Multiple,B_mature|Memory_unswitched,0.48113435932906795,0.9207756966046727,0.7839459061612513,0.7029138580166331
Mono_Classical@Liu_2021_Blood|COVID-19,Monocyte|Classical_general,0.4773609477929927,0.9620324125981041,0.7559768939061864,0.7028268931297728
EC venous systemic@Sikkema_2023_Lung,Endothelial|Venous_general,0.6422144273295715,0.5847798916817109,0.9218262160795864,0.7021671608750926
mature B cell@Zeng_2025_BoneMarrow,B_mature|Memory_switched,0.42704309063893015,0.9852588275625643,0.8225658678244038,0.7020977365644214
Epi-Secretory@Ren_2021_Blood|COVID-19,Ductal|Club,0.5682704811443433,0.7381756756756757,0.8249779552128296,0.7020785808283655
Macrophages@Elmentaite_2021_Intestine,Macrophage|LYVE1,0.8134796238244514,0.5851183765501691,0.7234156838613626,0.7009054642763043
Tnaive/CM_CD4@Dominguez-Conde_2022_Multiple,T&NK|T_CD4_N&CM,0.5237560903587775,0.7477340752919354,0.8778578219452055,0.7005408751749785
T_Cytotoxic_C@Adams_2020_Lung|IPF,T&NK|T_CD8_EMRA,0.3814353772859997,0.8999274836838289,0.9983923118197616,0.6998042428836673
Epithelial cells@Melms_2021_Lung,Ductal|AT2,0.5093285443479996,0.990620957309185,0.6750957591897605,0.6983776020575827
Stroma@Sikkema_2023_Lung,Fibroblast|Universal,0.43724471586628066,0.9936018743804632,0.7828463810039956,0.6980253150911594
DC1@Sikkema_2023_Lung,Dendritic_classical|DC1,0.7267080745341615,0.46893787575150303,0.9970094603577024,0.6977901889699718
lymphocyte@vanZyl_2022_Eye,T&NK|T_CD4_N&CM,0.3907351460221551,0.8981481481481481,0.9652859890034232,0.6971006474989868
B cell@Chen_2021_Cancer|CRC,B_mature|Memory_switched,0.44543973941368076,0.9909420289855072,0.7656897614835229,0.6965677274116269
microglial cell@Voigt_2021_Eye,Macrophage|CX3CR1,0.4689265536723164,1.0,0.7207462874711437,0.6965662261612798
endothelial cell@Phan_2024_Brain|Opioid,Endothelial|Capillary_BBB,0.4509466437177281,0.9703703703703703,0.7718636173201728,0.696414415366887
CD8 TEM_1@Hao_2021_Blood,T&NK|T_CD8_EM,0.8445925477128143,0.46841397849462363,0.8526118608331255,0.6961072451482204
Ductal@Hwang_2022_Cancer|PDAC,Ductal|Pancreatobiliary_ductal,0.6352783530271653,0.8168433143632852,0.6494430863731537,0.6959018183284897
Ductal@Hwang_2022_Cancer|PDAC,Ductal|Pancreatobiliary_ductal,0.6352783530271653,0.8168433143632852,0.6494430863731537,0.6959018183284897
CAFs myCAF like s5@Wu_2021_Cancer|BRCA,Fibroblast|LRRC15,0.739514348785872,0.5475645635828702,0.8293485120727951,0.6950878060736155
EC general capillary@Sikkema_2023_Lung,Endothelial|Capillary_aerocyte,0.7676345962113659,0.6148739705515348,0.709595466867514,0.6944652089020655
non-classical monocyte@COMBAT_2022_Blood|COVID-19,Monocyte|Non-classical,0.4485107922344146,0.8828625682411583,0.8458325127696545,0.6944646204715766
fibroblast of cardiac tissue@Reichart_2022_Heart,Fibroblast|CLEC14A,0.4946644633654492,0.9782461193347827,0.6918702742656122,0.6943756867374066
Fibroblasts@Shiao_2024_Breast|BRCA,Fibroblast|LRRC15,0.3979894199131051,0.9909473588919567,0.8482314951570852,0.6941907702934742
cTEC@Park_2020_Thymus,Squamous|cTEC,0.6637976835617894,0.874562508749825,0.5746052898542857,0.6935302405711604
Memory B cells@Zhu_2020_Blood|COVID-19,B_mature|Memory_switched,0.5990003844675125,0.7739692001987084,0.7186313629022635,0.6932432488009416
Airway epithelial cells@Habermann_2020_Lung|COVID-19,Ciliated,0.34664042732639866,0.9644114196323818,0.995524936833972,0.6929968059220937
NK_c01-FCGR3A@Ren_2021_Blood|COVID-19,T&NK|NK_CD16,0.9308778220682693,0.35822515172219765,0.996869720256502,0.6927274347827769
Smooth muscle@Sikkema_2023_Lung,Mural|RERGL,0.5590787716955942,0.742135578201152,0.8007028030809488,0.6925894436982948
CD8+T@Park_2020_Thymus,T&NK|T_CD8_N&CM,0.41065097684242285,0.8758043758043758,0.9234434230433848,0.6925164400562562
epithelial@Szabo_2021_Blood|COVID-19,Ductal|Club,0.4617737003058104,0.9484428160167495,0.7578229166562276,0.6923664685386295
epithelial@Szabo_2021_Airway|COVID-19,Ductal|Club,0.4617737003058104,0.9484428160167495,0.7578229166562276,0.6923664685386295
absorptive cell@Chen_2021_Cancer|CRC,Ductal|Gastrointestinal_common,0.7393486486914393,0.5842508257431689,0.7680301590868592,0.6922701901681668
NK@Ren_2021_Blood|COVID-19,T&NK|NK_CD16,0.9170871287799262,0.36282705679032196,0.9968657940847908,0.6922277193545008
GC B cell@Garrido-Trigo_2023_Intestine|IBD,B_GC,0.937888198757764,0.35697399527186763,0.9886719547082624,0.6917459450281435
arterial capillary@Elmentaite_2021_Intestine,Endothelial|Capillary_general,0.46924829157175396,0.9903846153846154,0.710371544089729,0.6911368467876615
NK_CD56hiCD16lo@Liu_2021_Blood|COVID-19,T&NK|NK_CD56,0.5747826086956521,0.5783027121609798,0.9919420970039023,0.6908467570732069
NK@Garrido-Trigo_2023_Intestine|IBD,T&NK|NK_CD56,0.6385542168674698,0.6347305389221557,0.8126686376355673,0.6906111042991537
M1 ACOD1@Garrido-Trigo_2023_Intestine|IBD,Monocyte|Classical_CCL4,0.802158273381295,0.44246031746031744,0.9263128239166122,0.6901826273167968
cS19 (Pericyte)@Pelka_2021_Cancer|CRC,Mural|TNFAIP6,0.8609625668449198,0.46397694524495675,0.8218848574030426,0.6898646369929742
EC aerocyte capillary@Sikkema_2023_Lung,Endothelial|Capillary_aerocyte,0.9836523683107448,0.3513850761167956,0.94978117580476,0.6898417964218614
B cells@Habermann_2020_Lung|COVID-19,B_mature|Naive,0.44855031267765777,0.9110854503464203,0.8032496402984629,0.6898271315254986
immature B cell@Zeng_2025_BoneMarrow,B_mature|Naive,0.9206167904054826,0.3715141737727587,0.9593290399459016,0.6897218059192615
Lymphoid@Garcia-Alonso_2021_Endometrium,T&NK|NK_CD56,0.4235474006116208,0.7880512091038406,0.9810512865801104,0.6892594418744168
Lymphoid@Garcia-Alonso_2021_Endometrium,T&NK|NK_CD56,0.4235474006116208,0.7880512091038406,0.9810512865801104,0.6892594418744168
Stromal 1 (CCL11+)@Elmentaite_2021_Intestine,Fibroblast|ADAMDEC1,0.8638743455497382,0.792,0.4775081989821692,0.6887350693626075
renal intercalated cell@Han_2020_Multiple,Ductal|Ionocyte,0.8788142981691369,0.9531914893617022,0.3897244700177656,0.6885650605819525
LRRC15@Buechler_2019_Fibroblast,Fibroblast|LRRC15,0.8690140845070422,0.4573758339510749,0.8209627321139007,0.6884533075509967
M07_Mac_SERPINB2@Wang_2023_Cancer|CRC,Monocyte|Classical_IL1R2,0.49314079422382673,0.7204641350210971,0.91745326380521,0.6882122767117037
VEC@Reed_2024_Breast,Endothelial|Capillary_activated,0.6362664004563605,0.6402841561423651,0.7993977105801344,0.688004927157516
Endothelial@Sikkema_2023_Lung,Endothelial|Capillary_aerocyte,0.41506456836772826,0.9978537559271276,0.7846342492347562,0.687516733730272
DCs@Wu_2021_Cancer|BRCA,Dendritic_plasmacytoid,0.3308900523560209,0.9813664596273292,0.9998478038645892,0.6873051630156177
MAIT@Stephenson_2021_Blood|COVID-19,T&NK|T_MAIT,0.38682678311499274,0.8596845936109988,0.973310459877054,0.6865977199117131
S4 fibroblasts@Elmentaite_2020_Intestine|pIBD,Fibroblast|IL24,0.451685393258427,0.9548693586698337,0.7494750746148291,0.6862974721380372
T_cells_c8_CD8+_LAG3@Wu_2021_Cancer|BRCA,T&NK|T_CD8_exhausted,0.681841432225064,0.48227206946454415,0.9827043828288592,0.6862243594085169
ThF@Garrido-Trigo_2023_Intestine|IBD,T&NK|T_CD4_EM_Tfh,0.5236593059936908,0.7296703296703296,0.8430710521949919,0.6855091091629497
Acinar-s@Tosti_2021_Pancreas,Ductal|Pancreatobiliary_acinar,0.9278912851557574,0.6193623066400085,0.560244393019278,0.6853932062740703
Pericytes@Melms_2021_Lung,Mural|LAMC3,0.6180904522613065,0.9271356783919598,0.5617985499028099,0.6853703531046675
Naive B@Elmentaite_2021_Intestine,B_mature,0.9903288201160542,0.32549268912905277,0.9957266004453612,0.6846788646537532
ciliated cell@TabulaSapiens_2022_Multiple,Ciliated,0.9337539432176656,0.3433874709976798,0.9999734738685202,0.6844395933466985
Epitheial_Basal@Hirz_2023_Cancer|PRC,Squamous|Basal,0.9072561268620856,0.8127421437795953,0.434575551875329,0.6843043909988974
L4 intratelencephalic projecting glutamatergic neuron@Yang_2021_Brain|Frontal,Neuron_excitatory,0.9994972347913524,0.3209816743359974,0.998154789121682,0.684153012017315
smooth muscle cell@ Ma_2022_Brain,Mural|RERGL,0.5275403608736942,0.7532203389830509,0.8059012117038811,0.6841529120151434
B@Adams_2020_Lung|IPF,B_mature|Memory_unswitched,0.4306523115896137,0.9953161592505855,0.7456410494019627,0.6837109712395141
B@Adams_2020_Lung|IPF,B_mature|Memory_unswitched,0.4306523115896137,0.9953161592505855,0.7456410494019627,0.6837109712395141
Early Response T Cells@Ziegler_2021_Nose|COVID-19,T&NK|T_CD8_activated,0.5347432024169184,0.6968503937007874,0.8566388105722459,0.6834302373655656
monocyte@TabulaSapiens_2022_Multiple,Monocyte|Classical_general,0.7796867508390602,0.48333085649180163,0.846621094837329,0.6833102266417489
Pericytes@Habermann_2020_Lung|COVID-19,Mural|LAMC3,0.47191011235955055,0.9581749049429658,0.7026856861004557,0.6823728322517421
Cancer LumA SC@Wu_2021_Cancer|BRCA,Ductal|Gland_MUCL1,0.9959958667011108,0.3691946758594274,0.8636800963491597,0.682268455583767
Cancer LumA SC@Wu_2021_Cancer|BRCA,Ductal|Gland_MUCL1,0.9959958667011108,0.3691946758594274,0.8636800963491597,0.682268455583767
Endothelial@Quah_2023_Cancer|HNSCC,Endothelial|Venous_general,0.4435542607428988,0.9833153928955867,0.7278774543428975,0.6821804777704605
Smooth muscle FAM83D+@Sikkema_2023_Lung,Mural|SPINT2,0.9104477611940298,0.40720961281708945,0.8557663756802463,0.6820393378919265
B_plasma_IgG@Madissoon_2022_Lung,Plasma,0.8431105047748977,0.3786764705882353,0.9918394928810342,0.681602863086355
NK@Hirz_2023_Cancer|PRC,T&NK|NK_CD16,0.3200368211107702,0.993806574559314,0.9938233577567084,0.6811932529454754
B_mem@Perez_2022_Blood|SLE,B_mature|Memory_switched,0.48186452308597194,0.8971118309987681,0.7290089442531161,0.6805104488177808
DC@Kim_2024_Blood|HCC,Dendritic_classical|DC3,0.40066225165562913,1.0,0.7865386984423932,0.6805073822308771
CTL-1@Hirz_2023_Cancer|PRC,T&NK|T_CD8_activated,0.8620607362329217,0.3748216555552673,0.9750288087370768,0.6804454730881381
Plasmablast@Stephenson_2021_Blood|COVID-19,Plasma,0.8670225673380247,0.36318357389713357,0.9991839015310384,0.6801436942230511
Mono_Classical@Liu_2021_Blood|COVID-19,Monocyte|Classical_general,0.4644542246540581,0.8958397063322117,0.7536945719014331,0.6793958206441348
T_cells_c9_NK_cells_AREG@Wu_2021_Cancer|BRCA,T&NK|NK_CD56,0.3553629469122427,0.9111111111111111,0.9683193463093206,0.6793402783109016
NK cells@Wu_2021_Cancer|BRCA,T&NK|NK_CD56,0.3553629469122427,0.9111111111111111,0.9683193463093206,0.6793402783109016
Myeloid@Reed_2024_Breast,Macrophage|EREG,0.5578645646721605,0.8737373737373737,0.6429363005579657,0.6792441060532768
Epithelial cells@Habermann_2020_Lung|COVID-19,Ductal|AT2,0.3794959128065395,0.9903119722691316,0.8325640054134222,0.6788892332252034
conjunctival epithelial cell@vanZyl_2022_Eye,Ductal|Conjunctival,0.5684086905460951,0.6816901408450704,0.8050518637984913,0.6781990764294327
Luminal Progenitors@Wu_2021_Cancer|BRCA,Ductal|Gland_LTF,0.982429718875502,0.3624074074074074,0.8753442466124768,0.6779939414020552
Luminal Progenitors@Wu_2021_Cancer|BRCA,Ductal|Gland_LTF,0.982429718875502,0.3624074074074074,0.8753442466124768,0.6779939414020552
Mono_Classical@Liu_2021_Blood|COVID-19,Monocyte|Classical_general,0.5246913580246914,0.782241823233997,0.7572474511756042,0.6773725416301655
endothelial cell@ Ma_2022_Brain,Endothelial|Capillary_BBB,0.9075152927468686,0.6530761974635783,0.5238434609698309,0.6771316465633345
Mast 2@Garrido-Trigo_2023_Intestine|IBD,Mast&Basophil,1.0,0.3106060606060606,0.9994654126730608,0.6771100061042258
M2@Garrido-Trigo_2023_Intestine|IBD,Macrophage|LYVE1,0.8504672897196262,0.4126984126984127,0.8835733355949253,0.6768789444926853
T cells CD8+@Wu_2021_Cancer|BRCA,T&NK|T_CD8_activated,0.39044136850352573,0.809712944574833,0.9792812181803872,0.676495291048866
neural cell@Yang_2021_Brain|Choroid,Neuron_inhibitory,0.5264900662251656,1.0,0.5879069320698752,0.6764456694350816
T-Reg@Bi_2021_Cancer|RCC,T&NK|T_CD4_EM_Treg,0.5293333333333333,0.7001763668430335,0.833510022672371,0.6760038549848361
cDC2@Adams_2020_Lung|IPF,Dendritic_classical|EREG,0.5784313725490197,0.7172926873525676,0.7442280314561585,0.6759035938704211
Endothelial@Tosti_2021_Pancreas,Endothelial|Venous_general,0.7347805568664464,0.9396499698249849,0.4469184400272312,0.6757468211993147
endothelial cell@Chen_2021_Cancer|CRC,Endothelial|Venous_general,0.5380710659898477,1.0,0.5733292275529426,0.6756906464696544
Ionocyte_n_Brush@Madissoon_2022_Lung,Ductal|Ionocyte,0.46296296296296297,0.6944444444444444,0.9593580508874217,0.6756495529495834
T_cells_c2_CD4+_T-regs_FOXP3@Wu_2021_Cancer|BRCA,T&NK|T_CD4_RM_Treg,0.4062647197362223,0.7728494623655914,0.9812330640897036,0.6753963836248779
41BB-Lo CD8+ T cell@Bi_2021_Cancer|RCC,T&NK|T_CD8_MHCII,0.5607011070110701,0.6304979253112033,0.8656074859908335,0.6738739886007902
DCs CD1c@Garrido-Trigo_2023_Intestine|IBD,Dendritic_classical|EREG,0.6046511627906976,0.7155963302752294,0.7055709627028597,0.673345401995458
TRAV1-2- CD8+ T cells@Terekhova_2023_Blood,T&NK|T_CD8_N&CM,0.31796146714622636,0.9796269529905706,0.9800818309406538,0.6733370604412745
cTNI24 (NK GZMK+)@Pelka_2021_Cancer|CRC,T&NK|NK_CXCR6,0.4661016949152542,0.6723716381418093,0.9680429535249688,0.6719364986765316
HOPX high Squamous Cells@Ziegler_2021_Nose|COVID-19,Ductal|KLK7,0.9953560371517027,0.3066285169289461,0.9931114070173648,0.6717324405466127
CD8+ T@Hwang_2022_Cancer|PDAC,T&NK|T_CD4_N&CM,0.93784639746635,0.3386220697541452,0.9530853030031288,0.6714179004822148
CD83_CD14_mono@Stephenson_2021_Blood|COVID-19,Monocyte|Classical_general,0.7625925102979131,0.4649686838896589,0.8528606899812913,0.6712198306552046
Cycling B cell@Elmentaite_2021_Intestine,B_GC,0.550561797752809,0.6086956521739131,0.8973434500126602,0.6699694350887175
melanocyte@vanZyl_2022_Eye,Melanocyte,0.8487253487253488,0.9977381962114786,0.3546286504055506,0.6696571811361255
cDC2@Hao_2021_Blood,Dendritic_classical|DC3,0.4872225958305313,0.7245,0.8485750589648096,0.6690912616580601
erythroid progenitor cell@Han_2020_Multiple,Erythroid,0.768611503029297,0.39244851258581237,0.9928672879107908,0.6690525903345977
Venous endothelial cell@Elmentaite_2020_Intestine|pIBD,Endothelial|Venous_activated,0.4688279301745636,1.0,0.6372110223265376,0.6684961627791626
fibroblast@Siletti_2023_Brain,Fibroblast|CD36,0.8555045871559633,0.9920212765957447,0.351400818464803,0.6681111187515099
DC_c1-CLEC9A@Ren_2021_Blood|COVID-19,Dendritic_classical|DC1,0.4635879218472469,0.6476426799007444,0.9928820700332264,0.6680183830807688
pericyte@Siletti_2023_Brain,Mural|CD36,0.5025724343352288,0.9835718071012188,0.6025854427190158,0.6678431214292722
CD8 T Cells@Ziegler_2021_Nose|COVID-19,T&NK|T_CD4_N&CM,0.38085742771684944,0.880184331797235,0.886775006612924,0.6673953388314691
S100+ early activated classical monocyte@Kim_2024_Blood|HCC,Monocyte|Classical_general,0.9704486626402071,0.34132463394279644,0.8966569109292731,0.6671991736076947
Endothelia_vascular_venous_pulmonary@Madissoon_2022_Lung,Endothelial|Venous_C7,0.46987951807228917,0.9163533834586466,0.6893953602245132,0.6670718583447207
NK_CD56hiCD16lo_IgG.IsoBinding@Liu_2021_Blood|COVID-19,T&NK|NK_CD56,0.7323943661971831,0.4094488188976378,0.9895215307191294,0.6669960909194134
DC_1@Madissoon_2022_Lung,Dendritic_classical|DC1,0.4835443037974684,0.6324503311258278,0.9657458883264224,0.6659503547039438
Myofib@Quah_2023_Cancer|HNSCC,Mural|TNFAIP6,0.41605839416058393,0.9895833333333334,0.7172274092986451,0.6659186523081803
T@Fan_2023_Cancer|CC,T&NK|T&NK_HSP,0.3954518522698417,0.9203493335084378,0.8113619696894824,0.6659173361661711
leukocyte@Seeker_2023_Brain,T&NK|T_CD4_N&CM,0.3466933867735471,1.0,0.8513897905160839,0.665821781604452
basal cell@Kumar_2023_Breast_snRNA,Squamous|Myoepithelial,0.9554718103832994,0.995145380364613,0.3094405444291133,0.6651106093089476
Epithelial (non-malignant)@Hwang_2022_Cancer|PDAC,Ductal|Pancreatobiliary_ductal,0.4958647403685092,0.9891922936354618,0.5992277615737512,0.6648830975147173
Bcell@Szabo_2021_Airway|COVID-19,B_mature|Memory_atypical,0.3643031784841076,0.9966555183946488,0.807900024408994,0.6644391578918408
Bcell@Szabo_2021_Blood|COVID-19,B_mature|Memory_atypical,0.3643031784841076,0.9966555183946488,0.807900024408994,0.6644391578918408
memory B cell@Schulte-Schrepping_2020_Blood|COVID-19,B_mature|Memory_switched,0.5781837721655024,0.6173264486517499,0.8215360784527506,0.66435846706675
B memory@Schulte-Schrepping_2020_Blood|COVID-19,B_mature|Memory_switched,0.5781837721655024,0.6173264486517499,0.8215360784527506,0.66435846706675
Memory B cell@Elmentaite_2020_Intestine|pIBD,B_mature|Memory_unswitched,0.5682692307692307,0.6334405144694534,0.8138453426508818,0.6641516976283812
cS25 (Fibro CCL8+)@Pelka_2021_Cancer|CRC,Fibroblast|ADAMDEC1,0.9146341463414634,0.6232686980609419,0.5136454990866859,0.6640417794628396
fibroblast@Tadross_2025_Brain,Fibroblast|CD36,0.6764705882352942,0.8778625954198473,0.4925145697217019,0.6637912378862315
Stromal 2 (NPY+)@Elmentaite_2021_Intestine,Fibroblast|NRG1,0.7389380530973452,0.9823529411764705,0.4022952525354828,0.6634479091643617
SMG serous (bronchial)@Sikkema_2023_Lung,Ductal|Submucosal_serous,0.6485532815808045,0.620945945945946,0.724895521848472,0.6633737637924563
SELL+ CD4 T@Elmentaite_2021_Intestine,T&NK|T_CD4_N&CM,0.6983606557377049,0.45610278372591007,0.9129837578867,0.6625243522104936
IDA macrophage@Garrido-Trigo_2023_Intestine|IBD,Macrophage|EREG,0.41032608695652173,0.8206521739130435,0.8616684027603818,0.6620276680045967
myofibroblast@Elmentaite_2021_Intestine,Mural|SPINT2,0.9841269841269841,0.5210084033613446,0.5657228379436658,0.6619622038351676
Interferon Responsive Cytotoxic CD8 T Cells@Ziegler_2021_Nose|COVID-19,T&NK|T&NK_ISG,0.3475177304964539,0.875,0.9533190025705972,0.6618218330040074
smooth muscle cell@Han_2020_Multiple,Mural|RERGL,0.5249354531865743,0.7380118448704069,0.7478941279254994,0.6617131829266607
cS22 (Fibro stem cell niche)@Pelka_2021_Cancer|CRC,Fibroblast|Universal,0.9808219178082191,0.4221698113207547,0.6983109947334508,0.6612648003957612
Muscle_smooth_syst_arterial@Madissoon_2022_Lung,Mural|RERGL,0.7798449612403101,0.3896204492641363,0.9499562279375936,0.6608727870709029
CD4_Mem_TM@Liu_2021_Blood|COVID-19,T&NK|T_CD4_activated,0.7401127109148983,0.4077612655358903,0.9551266069541116,0.6605741758569897
stromal cell of bone marrow@Zeng_2025_BoneMarrow,Fibroblast|CCL19,0.7417840375586855,1.0,0.3881579001791262,0.6603314331725049
cardiac muscle cell@TabulaSapiens_2022_Multiple,Mural|SPINT2,0.6710617626648161,0.5368047074497613,0.798193136143079,0.6600278573989944
B_c04-SOX5-TNFRSF1B@Ren_2021_Blood|COVID-19,B_mature|Memory_atypical,0.449367958230283,0.7092821513771416,0.9008594172518658,0.6597195976578781
cS21 (Fibro stem cell niche)@Pelka_2021_Cancer|CRC,Fibroblast|Universal,0.9907749077490775,0.31662735849056606,0.9135594965883505,0.6593055897657505
T16_Treg_TNFRSF9@Wang_2023_Cancer|CRC,T&NK|T_CD4_RM_Treg,0.9078267779102106,0.3247583854462763,0.9719438046870416,0.6592773762782506
smooth muscle cell@TabulaSapiens_2022_Multiple,Mural|SPINT2,0.8061274509803922,0.3651604307760631,0.972588177423382,0.6590810158292232
DN@Park_2020_Thymus,Hematopoietic,0.9979516880915383,0.28904497255276346,0.9918356264138044,0.6589283810606671
Mono_Classical_CD163hi@Liu_2021_Blood|COVID-19,Monocyte|Classical_IL1R2,0.4930532399688785,0.7730243094885423,0.7497242919232908,0.6586623668221147
sst GABAergic cortical interneuron@ Ma_2022_Brain,Neuron_inhibitory,0.9976012417101735,0.28638554704905417,0.9995818984545196,0.6585298823366784
CD8 TEM_4@Hao_2021_Blood,T&NK|T_CD8_EMRA,0.9194162436548223,0.3285341797982088,0.9437689145824626,0.6581417879141477
Epithelial@Sikkema_2023_Lung,Squamous|Basal,0.3071100632832858,0.99876631462436,0.9288625325005474,0.6580160088768594
Dendritic Cells@Ziegler_2021_Nose|COVID-19,Dendritic_classical|EREG,0.49295774647887325,0.9333333333333333,0.6180617072767891,0.6575964143657603
Dendritic Cells@Ziegler_2021_Nose|COVID-19,Dendritic_classical|EREG,0.49295774647887325,0.9333333333333333,0.6180617072767891,0.6575964143657603
cTNI22 (cTNI22)@Pelka_2021_Cancer|CRC,T&NK|T_CD8_EMRA,0.5030826140567201,0.5770862800565771,0.9769969305610732,0.6570389046724527
Mature venous EC@Elmentaite_2021_Intestine,Endothelial|Venous_general,0.5511057979677226,0.7955133735979293,0.6460671655941396,0.656729782249282
PVL Immature@Wu_2021_Cancer|BRCA,Mural|FGF7,0.33191940615058324,0.9470499243570348,0.8974497050172516,0.6558510415234451
Angiogenic@Shiao_2024_Breast|BRCA,Endothelial|CXCR4,0.44244105409153955,0.7761557177615572,0.820395447952781,0.655555059888518
Goblet_B@Adams_2020_Lung|IPF,Ductal|Club,0.8121085594989561,0.4647550776583035,0.745968314701607,0.6554197702683457
PB_Plasmablasts_CD71hi@Liu_2021_Blood|COVID-19,Plasma,0.9800362976406534,0.2869287991498406,0.999495398882692,0.6550368014201398
Endothelia_vascular_Cap_a@Madissoon_2022_Lung,Endothelial|Capillary_aerocyte,0.9190021558361564,0.36051709556602635,0.8474738455110195,0.6548214531615256
CD4 TCM@Hao_2021_Blood,T&NK|T_CD4_N&CM,0.8717845253707253,0.3798096996066539,0.8476174682277372,0.6547241621716862
B naive lambda@Hao_2021_Blood,B_mature|Naive,0.9577784995128289,0.3409642733263961,0.859146978457668,0.6546569890439983
Peri_TGFBI@Gur_2022_Skin|Scleroderma,Mural|FGF7,0.4749792186201164,0.643613426447398,0.9172185788094612,0.6545218999186174
Pericyte@Adams_2020_Lung|IPF,Mural|FGF7,0.44328358208955226,0.8319327731092437,0.7600777735567945,0.6544492448445088
FGFBP2- NK@Bi_2021_Cancer|RCC,T&NK|T_CD8_KLRC2,0.47166921898928027,0.7255594817432274,0.8166594433930496,0.6538084288482842
"CD8-positive, alpha-beta T cell@COMBAT_2022_Blood|COVID-19",T&NK|T_CD8_EMRA,0.3944730016505541,0.7214268465174044,0.9816675715334752,0.6537193543029851
basal cell@TabulaSapiens_2022_Multiple,Squamous|Basal,0.4462851048702453,0.6757455054365379,0.92575743762887,0.6535782471547656
CD4+ Tcm@Schulte-Schrepping_2020_Blood|COVID-19,T&NK|T_CD4_N&CM,0.6836882680711396,0.44729088639201,0.9105804526677006,0.6530135105430668
"central memory CD4-positive, alpha-beta T cell@Schulte-Schrepping_2020_Blood|COVID-19",T&NK|T_CD4_N&CM,0.6836882680711396,0.44729088639201,0.9105804526677006,0.6530135105430668
cTNI20 (PLZF+ T)@Pelka_2021_Cancer|CRC,T&NK|T_CD8_KLRC2,0.8806190125276345,0.3291406536907822,0.9591323787943536,0.6526535617285566
FCER2 B cell@Elmentaite_2020_Intestine|pIBD,B_mature|Naive,0.5144855144855145,0.693135935397039,0.7789384627638668,0.6524765463634734
Myocyte_RGS5@Fan_2023_Cancer|CC,Mural|TNFAIP6,0.3888111888111888,0.8723849372384938,0.8175786343202609,0.6521169400363348
Dendritic_A@Adams_2020_Lung|IPF,Dendritic_classical|EREG,0.5697955240701981,0.6421702050444565,0.7577376916990681,0.6520727105337923
LASP2@Reed_2024_Breast,Ductal|Gland_LTF,0.9878013201560848,0.287024478118046,0.9743826347447112,0.651287422422868
Colonocyte 2@Garrido-Trigo_2023_Intestine|IBD,Ductal|Colonocyte,0.9945175438596491,0.4181650530198248,0.662137651122351,0.6505831673972092
SCLC-N@Chan_2021_Lung|SCLC,Hematopoietic,0.7194570135746606,0.6833810888252149,0.5598257205867566,0.6504893915133745
SCLC-N@Chan_2021_Lung|SCLC,Hematopoietic,0.7194570135746606,0.6833810888252149,0.5598257205867566,0.6504893915133745
Airway basal@Melms_2021_Lung,Squamous|Basal,0.8033707865168539,0.8737270875763747,0.3895310033502188,0.6490497020882653
Pericyte@Adams_2020_Lung|IPF,Mural|FGF7,0.44328358208955226,0.8114754098360656,0.7600777735567945,0.6490403260766692
large pre-B-II cell@Zeng_2025_BoneMarrow,B_progenitor,0.9412270642201835,0.29218583125667497,0.9940634447629424,0.6490167232042258
CD4+T@Park_2020_Thymus,T&NK|T_CD4_N&CM,0.7652695436371156,0.3738213900862069,0.954115606895772,0.6486740520437245
AT1@Melms_2021_Lung,Ductal|AT1,0.7107618651124064,0.976827349449292,0.3930433139587256,0.6486256425677133
endothelial cell of vascular tree@TabulaSapiens_2022_Multiple,Endothelial|Venous_activated,0.9400333148250972,0.30537518037518036,0.945961489835791,0.6475651666578026
cE06 (Immature Goblet)@Pelka_2021_Cancer|CRC,Ductal|Goblet,0.8712812376041253,0.36544380667165793,0.8525686550235847,0.6474945389669442
pericyte@Elmentaite_2020_Intestine|pIBD,Mural|TNFAIP6,0.3924050632911392,1.0,0.6865087652196513,0.6458429101251378
Inflammatory monocytes@Garrido-Trigo_2023_Intestine|IBD,Monocyte|Classical_FABP5,0.49572649572649574,0.7116564417177914,0.7634936358359344,0.6458118049338878
Pericytes@Garrido-Trigo_2023_Intestine|IBD,Mural|RERGL,0.36936936936936937,0.8913043478260869,0.8175701878553089,0.6456601508778609
CD8_Trm@Reed_2024_Breast,T&NK|T_CD8_activated,0.5429662635264163,0.7464994165694282,0.6619338436279821,0.6449691891077874
T_cells_c1_CD4+_IL7R@Wu_2021_Cancer|BRCA,T&NK|T_CD4_activated,0.5621628564089391,0.49075008409014464,0.9716626431303376,0.64478166390674
CAF@Hwang_2022_Cancer|PDAC,Fibroblast|CD36,0.6776127476391174,0.9048908954100827,0.4362968032406293,0.6443471901860819
CAF@Hwang_2022_Cancer|PDAC,Fibroblast|CD36,0.6776127476391174,0.9048908954100827,0.4362968032406293,0.6443471901860819
capillary aerocyte@TabulaSapiens_2022_Multiple,Endothelial|Capillary_aerocyte,0.9876977152899824,0.27603143418467585,0.981160395817576,0.644328784978269
Treg@Hirz_2023_Cancer|PRC,T&NK|T_CD4_EM_Treg,0.29364563001518107,0.9478473923696185,0.9606887696366604,0.6442407997482913
Tcell/NK@Szabo_2021_Blood|COVID-19,T&NK|T_CD4_N&CM,0.27939166097060836,0.9640330188679245,0.9927108338860406,0.6442326086262793
Tcell/NK@Szabo_2021_Airway|COVID-19,T&NK|T_CD4_N&CM,0.27939166097060836,0.9640330188679245,0.9927108338860406,0.6442326086262793
pvalb GABAergic cortical interneuron@Yang_2021_Brain|Frontal,Neuron_inhibitory,1.0,0.267141958481862,0.9997516918087996,0.6439884590743913
fibroblast@vanZyl_2022_Eye,Fibroblast|CD36,0.4742788781071381,0.9524826481580352,0.5907485977044196,0.6438200814041469
CD8 CTL@Garrido-Trigo_2023_Intestine|IBD,T&NK|T_CD8_activated,0.6813819577735125,0.5030703826169107,0.7749872985553566,0.6428426086308544
brain vascular cell@Nascimento_2023_Brain,Endothelial|Capillary_BBB,0.6171907181106687,0.9973374750388285,0.4306810398545386,0.6424003354104615
Monocyte_CD14@Madissoon_2022_Lung,Monocyte|Classical_general,0.5005057316250843,0.657731501993797,0.7986111130187729,0.6406158540830238
Macro@Reed_2024_Breast,Macrophage|EREG,0.5280898876404494,0.7384960718294051,0.6727046462328918,0.6401673043355653
endothelial cell of vascular tree@Rexach_2024_Brain|Dementia,Endothelial|Capillary_BBB,0.7266891891891892,0.9956028697060866,0.3625829455970551,0.6401485075333466
activatd/interferon stimulated CD4+ T@Kim_2024_Blood|HCC,T&NK|T&NK_ISG,0.8452380952380952,0.4976635514018692,0.6234446429766096,0.6400849238392534
Goblet Cells@Ziegler_2021_Nose|COVID-19,Ductal|Club,0.7776986106163164,0.3691241122759554,0.9114945156583096,0.6396061036636607
NK FCER1G@Fan_2023_Cancer|CC,T&NK|T_CD8_KLRC2,0.403350172826376,0.8437152391546162,0.7652013017878956,0.6385838736635334
dS@Garcia-Alonso_2021_Endometrium,Fibroblast|ITGB8,0.9260365223383484,0.33969497809234916,0.8268205209227759,0.6383264340274438
dS@Garcia-Alonso_2021_Endometrium,Fibroblast|ITGB8,0.9260365223383484,0.33969497809234916,0.8268205209227759,0.6383264340274438
Secretory Cells@Ziegler_2021_Nose|COVID-19,Ductal|Club,0.7112579135700523,0.43692932025701725,0.8331184418805216,0.6373554193335087
Cancer-associated fibroblast@Hwang_2022_Cancer|PDAC,Fibroblast|CD36,0.5928096841722035,0.9800770434573252,0.4453015985978716,0.6372012027515594
regulatory T cell@Kim_2024_Blood|HCC,T&NK|T_CD4_EM_Treg,0.4061085972850679,0.9590382902938558,0.6640506661842568,0.6371276443528724
CD8_EM/EMRA@Madissoon_2022_Lung,T&NK|T_CD8_EMRA,0.6345323741007194,0.4249919691615805,0.957536657151973,0.6367905929378659
Pericytes-1@Hirz_2023_Cancer|PRC,Mural|CD36,0.406027397260274,0.9567462879276953,0.6641417413387729,0.6366063513275895
NKT@Reed_2024_Breast,T&NK|NK_CD16,0.5106382978723404,0.6153846153846154,0.8206081561103374,0.6365003046693274
Vascular-Endothelial_A@Adams_2020_Lung|IPF,Endothelial|Venous_C7,0.4657534246575342,0.8673469387755102,0.6367501855826266,0.6359739530566748
VE_Venous@Adams_2020_Lung|IPF,Endothelial|Venous_C7,0.4657534246575342,0.8673469387755102,0.6367501855826266,0.6359739530566748
cerebral cortex endothelial cell@Yang_2021_Brain|Choroid,Endothelial|Arterial,0.5310344827586206,1.0,0.4835518512746761,0.6356068823294393
cTNI17 (gd-like T)@Pelka_2021_Cancer|CRC,T&NK|T_CD8_KLRC2,0.7068426536992011,0.3736687477047374,0.9714557633577784,0.6354443435238962
CCL19@Buechler_2019_Fibroblast,Fibroblast|CCL19,0.6666666666666666,0.6246719160104987,0.6156297195827232,0.6352725644858876
ILC_A@Adams_2020_Lung|IPF,T&NK|NK_CD56,0.3360323886639676,0.7661538461538462,0.9890586931010532,0.633830397199141
Innate_lymphoid_A@Adams_2020_Lung|IPF,T&NK|NK_CD56,0.3360323886639676,0.7661538461538462,0.9890586931010532,0.633830397199141
T_cells_c6_IFIT1@Wu_2021_Cancer|BRCA,T&NK|T&NK_ISG,0.5309734513274337,0.4808548530721282,0.9939189853507276,0.633110134599741
Beta@Tosti_2021_Pancreas,Neuron_inhibitory,0.8233631653320772,0.5917400135409614,0.5204990963783583,0.6329665850561177
GABAergic neuron@Seeker_2023_Brain,Neuron_inhibitory,0.8227772821885222,0.365328756271455,0.8432583385869183,0.6328618719856676
Vascular-Endothelial_D@Adams_2020_Lung|IPF,Endothelial|Capillary_aerocyte,0.9788053949903661,0.3114653586756591,0.831233530878418,0.6328144485225811
VE_Capillary_A@Adams_2020_Lung|IPF,Endothelial|Capillary_aerocyte,0.9788053949903661,0.3114653586756591,0.831233530878418,0.6328144485225811
B cell@Monavarfeshani_2023_Eye,B_mature|Memory_switched,0.3646833013435701,0.9844559585492227,0.7055243183029893,0.6327148862284263
Secretory_Goblet@Madissoon_2022_Lung,Ductal|Club,0.7947303921568627,0.3321382842509603,0.9538368807079348,0.6314480456165821
kidney collecting duct principal cell@Lake_2023_Kidney,Ductal|Collecting-duct,0.7687508068333405,0.8102775761973875,0.4039728637580818,0.6313311227954203
PV1@Reed_2024_Breast,Mural|FGF7,0.6634075155052901,0.45111513557766253,0.8407253989294572,0.6313070674172356
neural progenitor cell@Nascimento_2023_Brain,Astrocyte,0.8432846715328467,0.4337200135150355,0.6874250509097674,0.6311554564324106
B_Mem@Liu_2021_Blood|COVID-19,B_mature|Memory_unswitched,0.5174046770492604,0.7159359589272445,0.6785647347240619,0.6311006157209204
T_CD8_c07-TYROBP@Ren_2021_Blood|COVID-19,T&NK|NK_CD16,0.7814302943381466,0.32117546186514473,0.9965796537653252,0.6300594636714437
Neutrophil 2@Garrido-Trigo_2023_Intestine|IBD,Neutrophil,1.0,0.2651413189771198,0.9427373994535028,0.6299257807420076
LASP3@Reed_2024_Breast,Ductal|Gland_LTF,0.9866114753124319,0.26393451308678606,0.959756911278328,0.62989457047075
keratinocyte@TabulaSapiens_2022_Multiple,Squamous|Keratinocyte_activated,0.7264794109626398,0.3541140502459125,0.9709457471716784,0.6297775054642203
Endothelial@Aizarani_2019_Liver,Endothelial|Sinusoidal,0.31370558375634516,0.9716981132075472,0.8129321313526439,0.6281103734123104
Peri_RGS5@Gur_2022_Skin|Scleroderma,Mural|RERGL,0.4395995550611791,0.6198243412797992,0.905826417047112,0.6272735154260698
B_Mem_CD11cpos@Liu_2021_Blood|COVID-19,B_mature|Memory_atypical,0.47922011287839916,0.669054441260745,0.7696298212749334,0.6272289965741076
Capillary endothelial cells@Habermann_2020_Lung|COVID-19,Endothelial|Capillary_aerocyte,0.9305103148751357,0.3400793650793651,0.7781249750260854,0.626782615841022
hematopoietic stem cell@TabulaSapiens_2022_Multiple,Hematopoietic,0.8879093198992444,0.27876631079478054,0.9945107160161786,0.6267188968558097
cS05 (Endo venous)@Pelka_2021_Cancer|CRC,Endothelial|Venous_C7,0.5623342175066313,0.7285223367697594,0.5987448087982367,0.6259789287794878
T_cells_c5_CD8+_GZMK@Wu_2021_Cancer|BRCA,T&NK|T_CD8_EM,0.75,0.32972136222910214,0.9881855645316882,0.6251951756131046
VIP GABAergic cortical interneuron@ Ma_2022_Brain,Neuron_inhibitory,0.998180916156772,0.24450115445376108,0.9998370441256378,0.6248941610068042
retinal blood vessel endothelial cell@Voigt_2021_Eye,Endothelial|Capillary_BBB,0.5526770293609672,0.9968847352024922,0.44276131946395,0.6248301985370847
PV2@Reed_2024_Breast,Mural|RERGL,0.845832209333693,0.3144855946440661,0.9165090550928148,0.6247034609984186
T14_Treg_FOXP3@Wang_2023_Cancer|CRC,T&NK|T_CD4_RM_Treg,0.4861092649209092,0.5197555429221148,0.963376068678803,0.6243713411818851
macrophage@Yang_2021_Brain|Choroid,Macrophage|CX3CR1,0.4315937940761636,1.0,0.5635887658384559,0.6242317290666328
B cell@Chan_2021_Lung|SCLC,B_mature|Memory_unswitched,0.29519331243469177,0.9517125210555868,0.8655537879105412,0.6241688913609966
B cell@Chan_2021_Lung|SCLC,B_mature|Memory_unswitched,0.29519331243469177,0.9517125210555868,0.8655537879105412,0.6241688913609966
Monocyte@Adams_2020_Lung|IPF,Monocyte|Classical_IL1R2,0.4841111848411119,0.8087202857494765,0.6205365105555817,0.6239794174100027
pericyte@vanZyl_2022_Eye,Mural|CD36,0.38671209540034074,0.9869565217391304,0.6338811075198063,0.6231097235110126
Airway smooth muscle@Habermann_2020_Lung|COVID-19,Mural|SPINT2,0.338860103626943,0.9589442815249267,0.7445108480399116,0.623105542584347
Vein@Shiao_2024_Breast|BRCA,Endothelial|Venous_general,0.8528992878942014,0.3118583544115459,0.908038649651438,0.6227587280723819
cE01 (Stem/TA-like)@Pelka_2021_Cancer|CRC,Ductal|Gastrointestinal_common,0.9708650105725308,0.4899681489748206,0.5071897941557736,0.6225378118939013
CD4+ T@Hwang_2022_Cancer|PDAC,T&NK|T_CD4_N&CM,0.967373572593801,0.2542881646655232,0.979723649420732,0.6223117282539584
CD4+ T@Hwang_2022_Cancer|PDAC,T&NK|T_CD4_N&CM,0.967373572593801,0.2542881646655232,0.979723649420732,0.6223117282539584
CD8_Tex PDCD1@Fan_2023_Cancer|CC,T&NK|T_CD8_exhausted,0.5420710355177589,0.5510017288721651,0.8034071653137786,0.6214148415469122
MX1-Hi CD8+ T cell@Bi_2021_Cancer|RCC,T&NK|T&NK_ISG,0.6212121212121212,0.39805825242718446,0.969675996646631,0.621256672365954
granulocyte@TabulaSapiens_2022_Multiple,Hematopoietic,0.8912280701754386,0.3013048635824436,0.8921579967697171,0.6210772057074027
B02_plasma_IGLC3@Wang_2023_Cancer|CRC,Plasma,0.9994538503549972,0.23917816813048934,0.9999993599385166,0.6206231923741525
T Cells@Ziegler_2021_Nose|COVID-19,T&NK|T_CD4_N&CM,0.28,0.9516129032258065,0.888524302668105,0.6186274994325067
classical monocyte@TabulaSapiens_2022_Multiple,Monocyte|Classical_general,0.6437588705460522,0.42690840640015854,0.8608734651497951,0.6184896241606406
cS08 (Endo arterial-like)@Pelka_2021_Cancer|CRC,Endothelial|Arterial,0.6784922394678492,0.3695652173913043,0.9425447938068198,0.6182716378003917
Dendritic (activated)@Hwang_2022_Cancer|PDAC,Dendritic_classical|LAMP3,0.3956043956043956,0.6792452830188679,0.8794325151930997,0.6182489955421866
capillary endothelial cell@Kumar_2023_Breast_scRNA,Endothelial|Capillary_activated,0.44913227657830007,0.9358627562642369,0.5620439672721552,0.6181856323960114
T_CD4_c12-FOXP3@Ren_2021_Blood|COVID-19,T&NK|T_CD4_EM_Treg,0.3880323614715311,0.6138613861386139,0.9914699955398784,0.618119739340224
Endothelial_PODXL@Fan_2023_Cancer|CC,Endothelial|CXCR4,0.2921641791044776,0.9949174078780177,0.8108278927270576,0.6177046812351293
CD4_Naive@Liu_2021_Blood|COVID-19,T&NK|T_CD4_N&CM,0.5689958404287988,0.43455642496215596,0.9513985320176844,0.6173136990071693
Muscle_airway@Madissoon_2022_Lung,Mural|SPINT2,0.8,0.3193675889328063,0.9203483216570432,0.6172261967597621
endothelial cell of hepatic sinusoid@MacParland_2018_Liver,Endothelial|Venous_general,0.3803317535545024,0.901685393258427,0.6833689064346289,0.6165348232193466
Arterial Endothelia@Garcia-Alonso_2021_Endometrium,Endothelial|Venous_general,0.35987427972760605,0.9889635316698656,0.6569606248454041,0.6160606582115384
Arterial Endothelia@Garcia-Alonso_2021_Endometrium,Endothelial|Venous_general,0.35987427972760605,0.9889635316698656,0.6569606248454041,0.6160606582115384
CAF_DES@Fan_2023_Cancer|CC,Mural|SPINT2,0.3267953179373616,0.991362763915547,0.7216383544863657,0.6160406143039174
Epithelial@Shiao_2024_Breast|BRCA,Ductal|Gland_MUCL1,0.36115996456104626,0.982481384222454,0.6554956855580595,0.6149850945023406
endothelial cell@Tadross_2025_Brain,Endothelial|Capillary_BBB,0.6036505867014341,0.9468302658486708,0.4069241031452404,0.6149744290714081
DCs@Zhu_2020_Blood|COVID-19,Dendritic_classical|DC2,0.5111111111111111,0.934010152284264,0.4863732460820458,0.6146277988024796
gdT@Elmentaite_2021_Intestine,T&NK|T_CD8_KLRC2,0.8519579751671442,0.3081174438687392,0.882712078339167,0.6142113573921253
neural cell@Lake_2023_Kidney,Schwann,0.5194805194805194,0.6451612903225806,0.6911697279892881,0.6141494852518316
cMonocyte@Adams_2020_Lung|IPF,Monocyte|Classical_IL1R2,0.4433316102352029,0.8450548097056287,0.6173573411665008,0.6138327621356097
cerebellar granule cell@Seeker_2023_Brain,Neuron_inhibitory,0.9844733529164919,0.6194877211513071,0.3765976679805859,0.6124041120646296
HSC_erythroid@Stephenson_2021_Blood|COVID-19,Hematopoietic,0.9974126778783958,0.23153153153153153,0.9926428930654048,0.6120111795167483
polychromatophilic erythroblast@Zeng_2025_BoneMarrow,Erythroid,0.975696502667457,0.23458432304038004,0.9997967229487448,0.6116577472565782
PB_Plasmablasts_MHCIhi@Liu_2021_Blood|COVID-19,Plasma,0.9842696629213483,0.23273113708820403,0.99887196848763,0.6116356705723709
T reticular@Elmentaite_2021_Intestine,Fibroblast|CCL19,0.7169811320754716,0.8260869565217391,0.3860543241344223,0.6114964935989592
CD4.CM@Stephenson_2021_Blood|COVID-19,T&NK|T_CD4_N&CM,0.8606524527092017,0.2769949115486563,0.958926833576892,0.6114510444134071
CD4_Naive@Liu_2021_Blood|COVID-19,T&NK|T_CD4_N&CM,0.5318834035721453,0.45181018133776557,0.9502816646775608,0.6112350745484414
T02_gdT_TRGC1@Wang_2023_Cancer|CRC,T&NK|T_CD8_EMRA,0.5039136302294197,0.45759803921568626,0.986601950077972,0.6104649633173508
B cells@Melms_2021_Lung,B_mature,0.9633699633699634,0.30387059503177355,0.7765364357614324,0.6103063264884395
TA@Elmentaite_2020_Intestine|pIBD,Ductal|Gastrointestinal_common,0.9083333333333333,0.2780612244897959,0.8997389940237754,0.610240099110692
B_memory@Park_2020_Thymus,B_mature|Memory_unswitched,0.5104118463674225,0.6859452736318408,0.6476837149568986,0.6098051161532573
Activated CD8 T@Elmentaite_2021_Intestine,T&NK|T&NK_HSP,0.3727836879432624,0.6454336147352264,0.9418199988776024,0.6096662157822705
Endothelial cells@Melms_2021_Lung,Endothelial|Capillary_aerocyte,0.48551800965466024,0.8548545276234063,0.5431225215400383,0.608599779631662
T cell@Chan_2021_Lung|SCLC,T&NK|T&NK_HSP,0.23300873607437686,0.9976835964310227,0.9690041462790752,0.6084574650383996
T cell@Chan_2021_Lung|SCLC,T&NK|T&NK_HSP,0.23300873607437686,0.9975980097795316,0.9690041462790752,0.6084400656256067
S2a@Garrido-Trigo_2023_Intestine|IBD,Fibroblast|NRG1,0.9223300970873787,0.5177111716621253,0.4692561468960656,0.6073811308841717
chondrocyte@Han_2020_Multiple,Fibroblast|Chondrocyte,0.9705453956950963,0.9441120906801007,0.2444409004558844,0.6073016055763608
Capillary endothelial cells@Melms_2021_Lung,Endothelial|Capillary_aerocyte,0.9415841584158415,0.31088591042824454,0.7646479718191089,0.6071657166716852
Intermediate pathological FB@Melms_2021_Lung,Fibroblast|CD36,0.9491969472605081,0.4092226096351225,0.5744258823580606,0.6065267847704487
LEC3 (ADGRG3+)@Elmentaite_2021_Intestine,Endothelial|Lymphatic_LYVE1,1.0,0.225,0.9911689958749424,0.6064245048450512
CD8@Ren_2021_Blood|COVID-19,T&NK|T_CD8_EMRA,0.25003338193743424,0.8984789597428147,0.9920798961884936,0.6062952771185456
OFF-bipolar cell@Wang_2022_Eye,Neuron_bipolar,0.8501016260162602,0.4394536380351983,0.5963930647269773,0.6062319650282292
Mast Ribhi@Garrido-Trigo_2023_Intestine|IBD,Mast&Basophil,1.0,0.23106060606060605,0.9629522633349128,0.605959439872297
B_switched_memory@Stephenson_2021_Blood|COVID-19,B_mature|Memory_switched,0.6198233020430701,0.4722339082877577,0.7577004919055801,0.6053049314812217
B_naive@Park_2020_Thymus,B_mature|Naive,0.3034386617100372,0.946376811594203,0.7719078799693849,0.6052017285226275
Endothelial cells@Habermann_2020_Lung|COVID-19,Endothelial|Capillary_aerocyte,0.44718962322421246,0.861904761904762,0.5743746921874184,0.6049443587585248
Endothelial cells@Habermann_2020_Lung|COVID-19,Endothelial|Capillary_aerocyte,0.44718962322421246,0.861904761904762,0.5743746921874184,0.6049443587585248
Classical monocytes@Sikkema_2023_Lung,Monocyte|Classical_IL1R2,0.3868889516812659,0.8602663985926112,0.6648138562291044,0.6048389954970682
Plasma@Hwang_2022_Cancer|PDAC,Plasma,0.2872340425531915,0.84375,0.9119606736617132,0.6046099207666528
Plasma@Hwang_2022_Cancer|PDAC,Plasma,0.2872340425531915,0.84375,0.9119606736617132,0.6046099207666528
FB1@Reed_2024_Breast,Fibroblast|HSP,0.3542560622692346,0.9028197221604094,0.6903887897297161,0.6044179494822165
S1@Garrido-Trigo_2023_Intestine|IBD,Fibroblast|ADAMDEC1,0.9897435897435898,0.2701189643107068,0.8245348850508535,0.6040815933662658
T08_CD8_CX3CR1@Wang_2023_Cancer|CRC,T&NK|T_CD8_EMRA,0.583055863854976,0.3862745098039216,0.9768293674071684,0.6036821136352766
lymphocyte@Kumar_2023_Breast_scRNA,T&NK|NK_CXCR6,0.3101379724055189,0.7670623145400594,0.923798624157989,0.6034680757691946
rod bipolar cell@Wang_2022_Eye,Neuron_bipolar,0.858433734939759,0.2620173364854216,0.974986729497727,0.6030386800021913
natural killer cell@Monavarfeshani_2023_Eye,T&NK|NK_CD16,0.5260047281323877,0.43499511241446726,0.958093991761536,0.6029676985976783
granulocyte monocyte progenitor cell@Zeng_2025_BoneMarrow,Hematopoietic,0.9974418604651163,0.21902544147235756,0.999703323021099,0.6022143457463898
endothelial cell of hepatic sinusoid@TabulaSapiens_2022_Multiple,Endothelial|Sinusoidal,0.8242280285035629,0.3885778275475924,0.6810233477077698,0.601952836628617
macrophage@TabulaSapiens_2022_Multiple,Macrophage|Alveolar,0.29763663220088626,0.7767810808807176,0.9423836740203564,0.6017335940840769
pericyte@Monavarfeshani_2023_Eye,Mural|CD36,0.3743093922651934,0.9678571428571429,0.6012378187897567,0.6016760967179258
Plasma_cell_IgG@Stephenson_2021_Blood|COVID-19,Plasma,0.7785653529912107,0.2791217727180321,0.9999595186630504,0.6012065944422749
CD8 T cells@Sikkema_2023_Lung,T&NK|T_CD8_activated,0.24582100846116806,0.9130045988758303,0.9676549371198748,0.6010872176593005
PV STEAP4@Garcia-Alonso_2021_Endometrium,Mural|FGF7,0.38177533385703066,0.8093255620316403,0.701800486802266,0.6007792569640729
PV STEAP4@Garcia-Alonso_2021_Endometrium,Mural|FGF7,0.38177533385703066,0.8093255620316403,0.701800486802266,0.6007792569640729
DC3@Stephenson_2021_Blood|COVID-19,Dendritic_classical|DC3,0.5930890676198988,0.4622707220803343,0.7907877186776481,0.6007476412866795
conjunctival epithelial cell@TabulaSapiens_2022_Multiple,Ductal|Conjunctival,0.41617614998909963,0.7109869646182495,0.7302530328755251,0.600072970974562
B_exhausted@Stephenson_2021_Blood|COVID-19,B_mature|Memory_atypical,0.5380291005291006,0.5500338066260987,0.7286450617962542,0.5996581286226408
CD4 T cells@Sikkema_2023_Lung,T&NK|T_CD4_N&CM,0.36955602536997884,0.6024354752240177,0.966912301870259,0.5993207353986221
basophilic erythroblast@Zeng_2025_BoneMarrow,Erythroid,0.9263278126784694,0.23116389548693586,0.9974088964464418,0.5977496290526363
Endothelium@Garrido-Trigo_2023_Intestine|IBD,Endothelial|Capillary_general,0.30412371134020616,0.9833333333333333,0.7133642858548469,0.597522323587624
APC-like@Melms_2021_Lung,Dendritic_classical|DC1,0.26501766784452296,0.9,0.89308727223045,0.5972237623773682
VEGFA high Squamous Cells@Ziegler_2021_Nose|COVID-19,Ductal|KLK7,0.87893864013267,0.2527420123986648,0.9585451399169967,0.5971492007735331
cS13 (Endo venous-like)@Pelka_2021_Cancer|CRC,Endothelial|Venous_activated,0.440794499618029,0.7503250975292588,0.6427326439998342,0.5968135379557471
T_Cytotoxic@Adams_2020_Lung|IPF,T&NK|T_CD8_activated,0.23926567455476946,0.887355801854784,0.9945077557569776,0.5954730652429666
cDC2_1@Hao_2021_Blood,Dendritic_classical|DC3,0.7145969498910676,0.328,0.8953285441735851,0.594254497765615
Plasma_cell_IgA@Stephenson_2021_Blood|COVID-19,Plasma,0.8736569099666543,0.23968286237040048,0.9999219865439988,0.5938106816237413
DC@Hao_2021_Blood,Dendritic_classical|DC3,0.3398126463700234,0.7255,0.8487835160439321,0.5936875801124926
classical monocyte@Kumar_2023_Breast_scRNA,Monocyte|Classical_CCL4,0.3473355736917907,0.7397750511247444,0.814020765697545,0.5936012543996437
B memory lambda@Hao_2021_Blood,B_mature|Memory_switched,0.9263657957244655,0.24436090225563908,0.923991096451258,0.5936001552620376
Mono-FCN1@Fan_2023_Cancer|CC,Monocyte|HSP,0.29526598340653976,0.8197831978319783,0.863695153312681,0.5935048931838722
cTNI10 (CD8+ IL7R+)@Pelka_2021_Cancer|CRC,T&NK|T_CD8_RM,0.7069026548672567,0.3059129901960784,0.966444020774842,0.5934417250908823
Monocytes@Elmentaite_2021_Intestine,Monocyte|Classical_general,0.3048780487804878,0.9090909090909091,0.7538760219285541,0.5933957986502243
Lymphoid@Reed_2024_Breast,T&NK|T_CD8_activated,0.3139203882589015,0.9811843640606768,0.6769603813253106,0.5929860336671675
CTL-2@Hirz_2023_Cancer|PRC,T&NK|T_CD8_activated,0.6602611350952933,0.32532620820254743,0.9678094544986996,0.5923906774123067
cS09 (Endo)@Pelka_2021_Cancer|CRC,Endothelial|CXCR4,0.7940414507772021,0.28314087759815243,0.9240703294565472,0.5922661672902522
Intermediate pathological FB@Habermann_2020_Lung|COVID-19,Fibroblast|CD36,0.7650957290132547,0.4143293898710621,0.6539059627788842,0.5918235897310812
DC2@Stephenson_2021_Blood|COVID-19,Dendritic_classical|DC2,0.4246068455134135,0.7004069175991862,0.6968930880235211,0.5917903219256755
endothelial cell of artery@TabulaSapiens_2022_Multiple,Endothelial|Arterial,0.6221804511278195,0.3365531265887138,0.9885556061465895,0.5915485099927018
Fibroblast@Kanemaru_2023_Heart,Fibroblast|CD36,0.6117489406396002,0.9199089403973509,0.3653708213988389,0.5902246034552953
Epi-Ciliated@Ren_2021_Blood|COVID-19,Ciliated,0.6844181459566075,0.2999135695764909,0.9996418632993856,0.5898216216906611
ON-bipolar cell@Wang_2022_Eye,Neuron_bipolar,0.8303400840657241,0.2853953244024166,0.863452109952466,0.5892691488175194
fibroblast@Kumar_2023_Breast_snRNA,Fibroblast|CD36,0.7951657536567459,0.7103218645948945,0.3613642890306761,0.5887795187485295
LEC1 (ACKR4+)@Elmentaite_2021_Intestine,Endothelial|Lymphatic_LYVE1,0.9896907216494846,0.21818181818181817,0.9422869128281548,0.5881666624942584
mesenchymal stem cell@TabulaSapiens_2022_Multiple,Fibroblast|Universal,0.8993466589041982,0.3208557383859131,0.7039962758086378,0.5878534879789898
sT@Gur_2022_Skin|Scleroderma,T&NK|T_CD4_N&CM,0.5406807804068078,0.41101293783527926,0.9122905759932896,0.5874576150125688
T cells CCL20@Garrido-Trigo_2023_Intestine|IBD,T&NK|T_CD4_Eff_IL17,0.384151593453919,0.7252032520325203,0.7263832612223,0.5870963808996738
Muscle_pericyte_airway@Madissoon_2022_Lung,Mural|FGF7,0.5861561119293078,0.3786869647954329,0.9101210886866918,0.5867651033454435
inhibitory interneuron@Zhu_2023_Brain,Neuron_inhibitory,0.9908019545846508,0.2346813725490196,0.8672842290720659,0.5864202711931356
enterocyte of epithelium of large intestine@TabulaSapiens_2022_Multiple,Ductal|Gastrointestinal_common,0.9497105643994211,0.33584953940634593,0.6311871775169112,0.5860905665678684
cDC@Liu_2021_Blood|COVID-19,Dendritic_classical|DC3,0.5197956577266922,0.4567901234567901,0.8473303567324191,0.5859591937145083
Fibroblast@Fan_2023_Cancer|CC,Fibroblast|HSP,0.40183151736125833,0.9685264663805436,0.5158957792453908,0.585561464555975
Fibroblast@Fan_2023_Cancer|CC,Fibroblast|HSP,0.40183151736125833,0.9685264663805436,0.5158957792453908,0.585561464555975
Monocyte@Elmentaite_2020_Intestine|pIBD,Macrophage|ISG,0.35071090047393366,0.736318407960199,0.7771124747706665,0.5854631984515003
B cells Naive@Wu_2021_Cancer|BRCA,B_mature,0.9968,0.20135746606334842,0.9996420193535288,0.5854279098330861
B cells Naive@Wu_2021_Cancer|BRCA,B_mature,0.9968,0.20135746606334842,0.9996420193535288,0.5854279098330861
APC-like@Habermann_2020_Lung|COVID-19,Dendritic_classical|DC1,0.23910482921083628,0.90625,0.925470419503329,0.5853284538520119
pvalb GABAergic cortical interneuron@ Ma_2022_Brain,Neuron_inhibitory,0.9985855728429985,0.2001863328877547,0.9999844085344464,0.5847061295758983
Trm_gut_CD8@Dominguez-Conde_2022_Multiple,T&NK|T&NK_HSP,0.48265997883929623,0.454971926713948,0.9095179269733676,0.5845375088668933
pre-conventional dendritic cell@Zeng_2025_BoneMarrow,Dendritic_classical|DC3,0.558585313174946,0.5446170044748618,0.6533934375264168,0.5836043128383654
T_cells_c0_CD4+_CCR7@Wu_2021_Cancer|BRCA,T&NK|T_CD4_activated,0.6044022617124394,0.33557573719026795,0.9750280338699068,0.5826099697956848
T4_em@Perez_2022_Blood|SLE,T&NK|T_CD4_N&CM,0.921440807551248,0.22004469752296651,0.973486996212624,0.5822410677898433
Epithelium Ribhi@Garrido-Trigo_2023_Intestine|IBD,Ductal|Gastrointestinal_common,0.8828828828828829,0.30163127116035704,0.7406434519614165,0.5820981463130371
mural cell@Tadross_2025_Brain,Mural|SPINT2,0.2802754151478331,0.9544827586206897,0.7359560509544287,0.5817481232816735
endothelium@Monavarfeshani_2023_Eye,Endothelial|Arterial,0.2856362643364282,0.9895931882686849,0.6936188468924578,0.5809387006104755
cE03 (Stem/TA-like prolif)@Pelka_2021_Cancer|CRC,Ductal|Gastrointestinal_common,0.9698949824970828,0.3385495157177885,0.5957151497488635,0.5804905910188739
sst GABAergic cortical interneuron@Yang_2021_Brain|Frontal,Neuron_inhibitory,1.0,0.19605787376808556,0.9961223333761818,0.5801838761972137
leukocyte@Lake_2023_Kidney,T&NK|T_CD4_N&CM,0.20657207968830404,0.9808027923211169,0.9638957012093142,0.5801778170121326
Myeloid@Fan_2023_Cancer|CC,Mast&Basophil,0.1946824697685593,1.0,0.9975286220165072,0.5790962299888975
Plasmablasts@Dominguez-Conde_2022_Multiple,Plasma,0.9859649122807017,0.19837627956230144,0.9927539186996202,0.579069828077432
cS18 (Pericyte)@Pelka_2021_Cancer|CRC,Mural|TNFAIP6,0.8803418803418803,0.2968299711815562,0.7428332437463339,0.5790065562619202
Treg@Liu_2021_Blood|COVID-19,T&NK|T_CD4_EM_Treg,0.5069620253164557,0.39624041553302003,0.9623274020592978,0.5782101139239918
cS29 (MMP3+ CAF)@Pelka_2021_Cancer|CRC,Fibroblast|IL24,0.7005208333333334,0.4014925373134328,0.6784242076976648,0.5757049403922022
CD8_Mem@Liu_2021_Blood|COVID-19,T&NK|T_CD8_EMRA,0.33106140279912627,0.5970818894765639,0.9648715808311628,0.5756219169613288
Macro_c1-C1QC@Ren_2021_Blood|COVID-19,Macrophage|ISG,0.7333570982978345,0.28882805096346215,0.8990982825173005,0.5753348469296503
antigen-presenting intermediate monocyte@Kim_2024_Blood|HCC,Monocyte|Intermediate,0.3454412481716236,0.7489429175475687,0.7340652503047507,0.5748032204262773
cTNI15 (CD8+ CXCL13+ HSP+)@Pelka_2021_Cancer|CRC,T&NK|T_CD8_exhausted,0.744191856107919,0.26388519798033483,0.9650562158582072,0.5744040833000932
Intermediate macrophages@Dominguez-Conde_2022_Multiple,Macrophage|EREG,0.5125223613595706,0.5656465942744324,0.6520371867329271,0.5739095523109392
CD4 TCM_1@Hao_2021_Blood,T&NK|T_CD4_N&CM,0.9172007621687165,0.23271145098556267,0.8849897408064387,0.5737730324668271
Macro_M2-SPP1@Fan_2023_Cancer|CC,Macrophage|ISG,0.6294820717131474,0.3511111111111111,0.8533715869659643,0.5734849685116119
Airway goblet@Melms_2021_Lung,Ductal|Club,0.5059760956175299,0.7540288379983037,0.4933907859511519,0.5731078142551487
Myeloid_c10_Macrophage_1_EGR1@Wu_2021_Cancer|BRCA,Macrophage|LYVE1,0.4390697674418605,0.4968421052631579,0.862561204658196,0.5730342973961416
Neutrophil 3@Garrido-Trigo_2023_Intestine|IBD,Neutrophil,0.9862068965517241,0.19246298788694483,0.9907057220352612,0.5729103174135204
B cells@Habermann_2020_Lung|COVID-19,B_mature|Naive,0.5940409683426443,0.3683602771362587,0.8538180517148228,0.5716780361927363
Fb_2@Park_2020_Thymus,Fibroblast|Universal,0.6627549594858899,0.4966499162479062,0.566706051713406,0.5713739037971539
myeloid@Szabo_2021_Airway|COVID-19,Monocyte|Classical_FABP5,0.26847620683731316,0.9874889422469354,0.7034678217858156,0.5713392938455576
myeloid@Szabo_2021_Blood|COVID-19,Monocyte|Classical_FABP5,0.26847620683731316,0.9874889422469354,0.7034678217858156,0.5713392938455576
cM02 (Macrophage-like)@Pelka_2021_Cancer|CRC,Macrophage|ISG,0.36296844181459564,0.852954808806489,0.5990702929276519,0.5702836112402943
endothelial cell of vascular tree@Kumar_2023_Breast_snRNA,Endothelial|Venous_general,0.41213191990577147,0.9730255839822024,0.462136340161054,0.5701339166017368
Macrophage@Wu_2021_Cancer|BRCA,Macrophage|ISG,0.3432282003710575,0.7845026985350809,0.684169998139805,0.569002022758727
endothelial cell@Han_2020_Multiple,Endothelial|Venous_activated,0.3145320851667011,0.9485261376792234,0.6173749407854923,0.568967882177715
cDC@Liu_2021_Blood|COVID-19,Dendritic_classical|DC3,0.42819614711033277,0.5488215488215489,0.7829688104765911,0.5687736358957035
"effector memory CD8-positive, alpha-beta T cell@Kumar_2023_Breast_scRNA",T&NK|T_CD8_activated,0.7884431055730522,0.2491023145143846,0.9324569614637178,0.5678831370547323
DC_CCL22@Gur_2022_Skin|Scleroderma,Dendritic_classical|LAMP3,0.2542372881355932,0.8823529411764706,0.8149241654455903,0.5675440746162057
B_memory@Madissoon_2022_Lung,B_mature|Memory_unswitched,0.3667997718197376,0.7216610549943884,0.6873787676796126,0.5666559843431833
FOXJ1 high Ciliated Cells@Ziegler_2021_Nose|COVID-19,Ciliated,0.9909322754321338,0.1831945099271832,0.999169813142132,0.5660636199440029
41BB-Hi CD8+ T cell@Bi_2021_Cancer|RCC,T&NK|T_CD8_exhausted,0.5692657077971234,0.3610177628420547,0.8803180177611455,0.5655804574138175
T_cells_c7_CD8+_IFNG@Wu_2021_Cancer|BRCA,T&NK|T_CD8_activated,0.5672348484848485,0.32442679183968226,0.982860130362315,0.565531905538346
luminal epithelial cell of mammary gland@Kumar_2023_Breast_snRNA,Ductal|Gland_MUCL1,0.5620759402923932,0.9895870897944464,0.3251182279692744,0.565496748163409
retina horizontal cell@Voigt_2021_Eye,Neuron_inhibitory,0.9741444866920153,0.19536373341467134,0.9496679996412412,0.5653877254040712
cS15 (Pericyte)@Pelka_2021_Cancer|CRC,Mural|CD36,0.6232876712328768,0.5416666666666666,0.5341751933520029,0.5649822289653169
DCs@Stephenson_2021_Blood|COVID-19,Dendritic_classical|DC3,0.3844047275872009,0.6192245182261434,0.7554992214260009,0.5644475969143176
Capillary Venous@Shiao_2024_Breast|BRCA,Endothelial|Venous_general,0.5408090117767537,0.39287308436244606,0.8452456514041782,0.564191294209796
Neu@Ren_2021_Blood|COVID-19,Neutrophil,0.7216086094590768,0.24921752738654146,0.9980906380367192,0.5640921944948547
B_naive@Reed_2024_Breast,B_mature|Memory_unswitched,0.8371824480369515,0.26693667157584683,0.8031511792820518,0.564081537782701
CD8 TEM_5@Hao_2021_Blood,T&NK|T_CD8_EMRA,0.9223205506391348,0.21267429996599024,0.9137988715783634,0.5638312875303054
Macro@Fan_2023_Cancer|CC,Macrophage|ISG,0.2377117467370175,0.9511111111111111,0.7926804242728964,0.5638020845175299
cord blood hematopoietic stem cell@Han_2020_Multiple,Hematopoietic,0.9492049469964664,0.189389265885256,0.9958248192715006,0.5635936612097714
stromal cell@TabulaSapiens_2022_Multiple,Fibroblast|IL6,0.7478937135450421,0.3203775680177679,0.7470007384338392,0.5635610955825537
cDC2@Elmentaite_2020_Intestine|pIBD,Dendritic_classical|DC2,0.2789317507418398,0.9894736842105263,0.6480790860088291,0.5634344566143902
Endothelia_vascular_Cap_g@Madissoon_2022_Lung,Endothelial|Capillary_aerocyte,0.5351946940522037,0.6044460553340583,0.5528135587644238,0.5633989212129322
cS28 (GREM1+ CAF)@Pelka_2021_Cancer|CRC,Fibroblast|IL24,0.4779516358463727,0.5014925373134328,0.7450625685410879,0.5631365607143585
Club (nasal)@Sikkema_2023_Lung,Ductal|Club,0.7320853153291391,0.2625720614741129,0.927012669126556,0.562728131085862
SPRR2D high Squamous Cells@Ziegler_2021_Nose|COVID-19,Ductal|KLK7,0.8834244080145719,0.2312827849308536,0.8713681812171072,0.5625633905067509
CD8 CTL TRM@Garrido-Trigo_2023_Intestine|IBD,T&NK|T_CD8_activated,0.6738013698630136,0.37175247992442134,0.7088249670314548,0.5620499628279456
cM01 (Monocyte)@Pelka_2021_Cancer|CRC,Monocyte|Classical_FABP5,0.30627720825726723,0.9449740034662045,0.6125199096844224,0.5617609978729367
T17_CD4_CXCL13@Wang_2023_Cancer|CRC,T&NK|T_CD4_CXCL13,0.3188854489164087,0.5628415300546448,0.9850597707268616,0.5612561852826219
CD8 T@Fan_2023_Cancer|CC,T&NK|T&NK_HSP,0.4234664311929137,0.5042386804232108,0.8276301318573872,0.5611734901455164
basophil@TabulaSapiens_2022_Multiple,Mast&Basophil,0.827972027972028,0.21333333333333335,0.9998352922823668,0.5610492018552915
NK_1@Hao_2021_Blood,T&NK|NK_CD16,0.9581320450885669,0.19136960600375236,0.9621085802023056,0.5608423564051833
macrophage@Han_2020_Multiple,Macrophage|LYVE1,0.3471917210673566,0.8971548507462687,0.565692120054915,0.5606247927367721
luminal epithelial cell of mammary gland@TabulaSapiens_2022_Multiple,Ductal|Gland_LTF,0.5301227222015619,0.365982028241335,0.9075999354206872,0.5605016281261584
myeloid cell@Chen_2021_Cancer|CRC,Neutrophil,0.18264462809917356,0.9954954954954955,0.968061063530539,0.5604234746379578
Cycling@Dominguez-Conde_2022_Multiple,Hematopoietic,0.7252368647717485,0.33801686069851467,0.7094772285205595,0.5581945161136155
Th1@Hirz_2023_Cancer|PRC,T&NK|T_CD4_activated,0.6129107981220657,0.29466200203137344,0.961129342542824,0.5578289911070451
cTNI14 (CD8+ CXCL13+)@Pelka_2021_Cancer|CRC,T&NK|T_CD8_exhausted,0.5539898912544035,0.3204003897599433,0.9771748067932396,0.557685105755395
B cell@Han_2020_Multiple,B_mature|Naive,0.32404775440591244,0.7892004153686397,0.67739952853549,0.5574600342439991
CD8 Proliferating@Hao_2021_Blood,T&NK|T_CD8_exhausted,0.6336633663366337,0.3062200956937799,0.8917573870348204,0.5572451978324713
cTNI02 (CD4+ IL7R+SELL+)@Pelka_2021_Cancer|CRC,T&NK|T_CD4_N&CM,0.8669114272602111,0.2029764143340676,0.980847604478822,0.5567675899131871
Vascular-Endothelial_B@Adams_2020_Lung|IPF,Endothelial|Capillary_aerocyte,0.7578439259855189,0.5775597792765175,0.3932182262271639,0.5562501211366877
VE_Capillary_B@Adams_2020_Lung|IPF,Endothelial|Capillary_aerocyte,0.7578439259855189,0.5775597792765175,0.3932182262271639,0.5562501211366877
CD8+ T cells@Melms_2021_Lung,T&NK|T_CD4_N&CM,0.9050828418983432,0.2296401852511578,0.8276314415287147,0.5561488802433457
Macrophage1@Hirz_2023_Cancer|PRC,Macrophage|EREG,0.45704965567234507,0.47855787476280837,0.7844022268501435,0.5556639523700114
mTEC(I)@Park_2020_Thymus,Squamous|MHCII,0.3765840741441271,0.8698121450415028,0.5232641762943347,0.555481338550076
Cycling CD8+ T cell@Bi_2021_Cancer|RCC,T&NK|T_CD8_exhausted,0.7475035663338089,0.2515602496399424,0.9111354857174938,0.5554087905460128
T_cells_c4_CD8+_ZFP36@Wu_2021_Cancer|BRCA,T&NK|T_CD8_activated,0.4378826782539996,0.40025275320454956,0.9765354567679616,0.5552135247123409
Macrophage@Tosti_2021_Pancreas,Macrophage|CX3CR1,0.4057623049219688,0.9657142857142857,0.4362018196208195,0.5549697045476133
cDC@Liu_2021_Blood|COVID-19,Dendritic_classical|DC3,0.46703296703296704,0.4769921436588103,0.766426795763185,0.5547659719623369
fibroblast@Han_2020_Multiple,Fibroblast|Universal,0.516617726822152,0.5535360012825394,0.5956997816377493,0.5543459415991855
Dendritic cells@Melms_2021_Lung,Dendritic_classical|DC1,0.20960295475530932,0.908,0.8936678697575439,0.554055322179069
IgG plasma cell@Kumar_2023_Breast_scRNA,Plasma,1.0,0.16936880214072092,0.9996962574192222,0.5532233396886861
Fibroblast@Chan_2021_Lung|SCLC,Fibroblast|IL24,0.2073195665508076,0.9816069699903195,0.8311527561940665,0.5530353916831762
Fibroblast@Chan_2021_Lung|SCLC,Fibroblast|IL24,0.2073195665508076,0.9816069699903195,0.8311527561940665,0.5530353916831762
retina horizontal cell@Wang_2022_Eye,Neuron_inhibitory,0.7762114537444934,0.24243258117776556,0.8935931433733724,0.5519549341348549
orthochromatic erythroblast@Zeng_2025_BoneMarrow,Erythroid,0.9734868773433315,0.17268408551068884,0.9996827512744828,0.5518421534759814
COL3A1@Buechler_2019_Fibroblast,Fibroblast|LRRC15,0.5876193409300893,0.4714603409933284,0.6054824565735989,0.5515026505228615
CAFs MSC iCAF-like s1@Wu_2021_Cancer|BRCA,Fibroblast|Universal,0.4300563014291901,0.7580152671755725,0.5140565582163,0.5513212398958518
CD4_EM/Effector@Madissoon_2022_Lung,T&NK|T_CD4_N&CM,0.5640018847180776,0.3138986013986014,0.9438680958494092,0.5507997665180482
cardiac endothelial cell@TabulaSapiens_2022_Multiple,Endothelial|Capillary_general,0.8682926829268293,0.20204313280363223,0.9523855793564372,0.5507751642600639
CD4_CD45RAposCD28pos@Liu_2021_Blood|COVID-19,T&NK|T_CD4_N&CM,0.4890479099397853,0.35825857182432286,0.9497643473903136,0.5500319957386762
Atrial Cardiomyocyte@Kanemaru_2023_Heart,Mural|SPINT2,0.9876717997865435,0.18952819621152592,0.8807725887886677,0.5483402063245414
cTNI13 (CD8+ T IL17+)@Pelka_2021_Cancer|CRC,T&NK|T_CD4_Eff_IL17,0.5591155234657039,0.31574923547400613,0.9337810480669598,0.548314382513646
activated classical monocyte_1@Kim_2024_Blood|HCC,Monocyte|Classical_general,0.8299615877080666,0.2458842272968667,0.8026420941748436,0.5471463823273277
vascular leptomeningeal cell@ Ma_2022_Brain,Fibroblast|CD36,0.4970588235294118,0.9970501474926253,0.3303581597670374,0.5470620761073277
Venular Endothelia@Garcia-Alonso_2021_Endometrium,Endothelial|Arterial,0.9517241379310345,0.1765834932821497,0.972886964925222,0.546815971381587
Venular Endothelia@Garcia-Alonso_2021_Endometrium,Endothelial|Arterial,0.9517241379310345,0.1765834932821497,0.972886964925222,0.546815971381587
cS10 (Endo tip cells)@Pelka_2021_Cancer|CRC,Endothelial|CXCR4,0.9103139013452914,0.18752886836027713,0.9559214152969934,0.5464626698530651
NMP@Park_2020_Thymus,Monocyte|Classical_general,0.43783783783783786,0.42408376963350786,0.8748790916567001,0.5456376459605045
T10_CD8_CXCL13@Wang_2023_Cancer|CRC,T&NK|T_CD8_exhausted,0.5299145299145299,0.3136593591905565,0.9750073437160603,0.5452018512199122
Monocytes@Melms_2021_Lung,Monocyte|Classical_general,0.4776448362720403,0.7623115577889448,0.4448849610803306,0.5451237521024385
mTEC(III)@Park_2020_Thymus,Ductal|KLK7,0.4692556634304207,0.8238636363636364,0.4183329074070466,0.5448316085985561
Macro_c2-CCL3L1@Ren_2021_Blood|COVID-19,Macrophage|ISG,0.8312769436598781,0.19627250710750763,0.9906241974356236,0.5447175640605413
LYVE1+ Macrophage@Elmentaite_2021_Intestine,Macrophage|LYVE1,0.6833333333333333,0.32356257046223225,0.7309322817033225,0.5446982860673808
Activated B cells@Habermann_2020_Lung|COVID-19,B_mature|Naive,0.38461538461538464,0.5427251732101617,0.7689276759541676,0.543455560728265
Mono3@Hirz_2023_Cancer|PRC,Macrophage|EREG,0.7348668280871671,0.2303605313092979,0.9479059790389648,0.5434096243726259
TNK@Hirz_2023_Cancer|PRC,T&NK|T_CD8_activated,0.7717277486910995,0.21030376922877378,0.983808225857525,0.5425093248840657
cE08 (Goblet)@Pelka_2021_Cancer|CRC,Ductal|Goblet,0.8870914493232089,0.2235254970468347,0.8048991317689999,0.5424324224593726
Mono_Intermediate@Liu_2021_Blood|COVID-19,Monocyte|Classical_IL1R2,0.8508376288659794,0.23003222715791308,0.8140099426660146,0.5421111762056705
CD4 CTL@Hao_2021_Blood,T&NK|T_CD8_EMRA,0.9338974087784241,0.20020405849676906,0.8511799628162261,0.5419149676733622
Dendritic cells@Habermann_2020_Lung|COVID-19,Dendritic_classical|DC1,0.18744228993536471,0.90625,0.9307893352013246,0.5407406264297141
Dendritic cells@Habermann_2020_Lung|COVID-19,Dendritic_classical|DC1,0.18744228993536471,0.90625,0.9307893352013246,0.5407406264297141
Macrophage@Adams_2020_Lung|IPF,Macrophage|EREG,0.30983356882030205,0.9081130502594993,0.5617272921715019,0.5406687938220882
CD4 CTL@Hao_2021_Blood,T&NK|T_CD8_EMRA,0.9514348785871964,0.19544269357215735,0.8498132074936118,0.5406389463110663
Fibroblast_ID2@Fan_2023_Cancer|CC,Fibroblast|HSP,0.7481031866464339,0.35264663805436336,0.5968759474994018,0.54000167917684
HSC_CD38neg@Stephenson_2021_Blood|COVID-19,Hematopoietic,0.9962616822429906,0.16006006006006007,0.9854394007202844,0.5396291998462975
M0_Ribhi@Garrido-Trigo_2023_Intestine|IBD,Dendritic_classical|DC2,0.23510971786833856,0.78125,0.8542077822795668,0.5393550029064574
ITGAX high Macrophages@Ziegler_2021_Nose|COVID-19,Monocyte|Classical_FABP5,0.34065934065934067,0.8773584905660378,0.5248813230251235,0.5393278346387412
S2b@Garrido-Trigo_2023_Intestine|IBD,Fibroblast|NRG1,0.908256880733945,0.26975476839237056,0.6387703140358321,0.5388991731375198
endothelial cell@Lake_2023_Kidney,Endothelial|Capillary_general,0.2699503475670308,0.9966270714180965,0.5816767220851112,0.5388891236156312
B_Mem_IgMpos@Liu_2021_Blood|COVID-19,B_mature|Memory_unswitched,0.7960989342449226,0.2676627678993983,0.732449277110137,0.5384071937946704
medial ganglionic eminence derived interneuron@Zhu_2023_Brain,Neuron_inhibitory,0.9823973176865046,0.15958605664488018,0.9952922662747,0.5383659450920187
CD8+ T cells@Habermann_2020_Lung|COVID-19,T&NK|T_CD4_N&CM,0.7348784624081401,0.23255813953488372,0.9072637999487017,0.5372299492567388
CD8+ T cells@Habermann_2020_Lung|COVID-19,T&NK|T_CD4_N&CM,0.7348784624081401,0.23255813953488372,0.9072637999487017,0.5372299492567388
Endothelial@Chan_2021_Lung|SCLC,Endothelial|Venous_activated,0.20130505709624796,0.9856230031948882,0.7803912975530727,0.5369814845950395
Endothelial@Chan_2021_Lung|SCLC,Endothelial|Venous_activated,0.20130505709624796,0.9856230031948882,0.7803912975530727,0.5369814845950395
Fibro_LGR5@Gur_2022_Skin|Scleroderma,Fibroblast|Universal,0.7744843600601011,0.3157630941441818,0.6320522825879674,0.5366720878877744
memory b cell@TabulaSapiens_2022_Multiple,B_mature|Memory_switched,0.4596835927532534,0.4336000962753475,0.7742858544620069,0.5363931618963387
rod bipolar cell@Voigt_2021_Eye,Neuron_bipolar,0.9734939759036144,0.15841894753352678,0.999677626205541,0.5362082044616372
FOLR2-Hi TAM@Bi_2021_Cancer|RCC,Macrophage|CX3CR1,0.7257853403141361,0.23641014709017266,0.898327828159462,0.5361706695276858
CD8 TCM_2@Hao_2021_Blood,T&NK|T_CD4_EM_Th2,0.5307692307692308,0.3668438859352344,0.7913025172080891,0.5360967696445205
Ductal@Tosti_2021_Pancreas,Ductal|Pancreatobiliary_ductal,0.7609898107714702,0.9657635467980296,0.2094460772419277,0.5359290440753862
Systemic venous endothelial cells@Melms_2021_Lung,Endothelial|Venous_general,0.8705281090289608,0.36113074204947,0.4886154496612909,0.5355559122230554
M03_cDC_CD1C@Wang_2023_Cancer|CRC,Dendritic_classical|EREG,0.3108108108108108,0.635016835016835,0.7771770111705792,0.5353039323129556
M08_cycling_MKI67@Wang_2023_Cancer|CRC,Dendritic_classical|FCGR3A,0.3234714003944773,0.6612903225806451,0.7162550624959592,0.5350962657224118
endothelial cell@TabulaSapiens_2022_Multiple,Endothelial|Capillary_general,0.3950242718446602,0.45472801885968744,0.8523800687896981,0.5349784162162665
cS24 (Fibro BMP-producing)@Pelka_2021_Cancer|CRC,Fibroblast|NRG1,0.9821029082774049,0.378448275862069,0.4107852568916665,0.5344734364807754
Monocyte-derived macrophages@Melms_2021_Lung,Macrophage|LYVE1,0.6001678204321376,0.5626352015732546,0.4513678435637825,0.5341666140908272
B_MemSort.IgMposCD11cneg@Liu_2021_Blood|COVID-19,B_mature|Memory_unswitched,0.687863038826047,0.30403351124923994,0.7274491626940824,0.5338370261111284
mDC@Hirz_2023_Cancer|PRC,Dendritic_classical|EREG,0.37169680111265646,0.8552,0.4769672375753911,0.5332305479322864
Developing Ciliated Cells@Ziegler_2021_Nose|COVID-19,Ciliated,0.876751427088739,0.177012939389177,0.9744906255000062,0.5327863057837212
Developing Ciliated Cells@Ziegler_2021_Nose|COVID-19,Ciliated,0.876751427088739,0.177012939389177,0.9744906255000062,0.5327863057837212
ADAMDEC1@Buechler_2019_Fibroblast,Fibroblast|NRG1,0.3513846153846154,0.8992125984251969,0.4779802886309755,0.5325393506011217
Macrophage@Hwang_2022_Cancer|PDAC,Macrophage|CX3CR1,0.46380670611439845,0.9314715785304021,0.3476544642305847,0.5315590061762794
Macrophage@Hwang_2022_Cancer|PDAC,Macrophage|CX3CR1,0.46380670611439845,0.9314715785304021,0.3476544642305847,0.5315590061762794
SM activated stress response@Sikkema_2023_Lung,Mural|RERGL,0.8345323741007195,0.20558263181214,0.8752877066455808,0.5315288147974181
TAMs@Quah_2023_Cancer|HNSCC,Macrophage|EREG,0.2944139194139194,0.9647411852963241,0.5257700092477774,0.530544303575255
cTNI16 (CD8+ CXCL13+ prolif)@Pelka_2021_Cancer|CRC,T&NK|T_CD8_exhausted,0.8611111111111112,0.17574630170962885,0.9866841315306538,0.5305274307038688
T_CD8_c03-GZMK@Ren_2021_Blood|COVID-19,T&NK|T_CD8_EM,0.3016417838797945,0.5004181101421574,0.9879626850139576,0.5303000729911012
Endothelial@Bi_2021_Cancer|RCC,Endothelial|Venous_general,0.3874538745387454,0.7291666666666666,0.5274991440475815,0.530179410780724
T13_CD4_HSPA6@Wang_2023_Cancer|CRC,T&NK|T&NK_HSP,0.5962340452420068,0.2506507995537374,0.9901836645461066,0.5289328507198756
TRGV4 gdT@Elmentaite_2021_Intestine,T&NK|T_CD8_KLRC2,0.9829059829059829,0.15889464594127806,0.9469769506507624,0.5288350322124981
DC@Chan_2021_Lung|SCLC,Monocyte|Non-classical,0.18401144960130852,0.9404388714733543,0.8533208354055998,0.5285619824816162
DC@Chan_2021_Lung|SCLC,Monocyte|Non-classical,0.18401144960130852,0.9404388714733543,0.8533208354055998,0.5285619824816162
B_c02-MS4A1-CD27@Ren_2021_Blood|COVID-19,B_mature|Memory_unswitched,0.3335378257079203,0.5417548030697691,0.8151456455866547,0.5281140141879885
gdT@Madissoon_2022_Lung,T&NK|T_CD8_KLRC2,0.24494649227110582,0.7030716723549488,0.85336258278012,0.5277174724770776
Macro_M2-C1QC@Fan_2023_Cancer|CC,Macrophage|CX3CR1,0.4066147859922179,0.5349829351535836,0.6746721591301104,0.5274791468651973
Mono@Park_2020_Thymus,Monocyte|HSP,0.3584905660377358,0.59375,0.6876193995895299,0.5269990410212407
Tfh@Dominguez-Conde_2022_Multiple,T&NK|T_CD4_activated,0.842019224481789,0.20418291948117845,0.8504328760107446,0.5268178550037009
Vascular smooth muscle@Hwang_2022_Cancer|PDAC,Mural|SPINT2,0.46338357036722566,0.37886150642138144,0.8316894055205853,0.5265756358320504
Vascular smooth muscle@Hwang_2022_Cancer|PDAC,Mural|SPINT2,0.46338357036722566,0.37886150642138144,0.8316894055205853,0.5265756358320504
Malignant@Hwang_2022_Cancer|PDAC,Ductal|Gastrointestinal_common,0.5940686107409588,0.8481737937747494,0.2897343889710357,0.5265510708249016
Epithelial (malignant)@Hwang_2022_Cancer|PDAC,Ductal|Gastrointestinal_common,0.5940686107409588,0.8481737937747494,0.2897343889710357,0.5265510708249016
Malignant@Hwang_2022_Cancer|PDAC,Ductal|Gastrointestinal_common,0.5940686107409588,0.8481737937747494,0.2897343889710357,0.5265510708249016
Vascular smooth muscle@Hwang_2022_Cancer|PDAC,Mural|SPINT2,0.46338357036722566,0.37879576609404825,0.8316894055205853,0.5265451768063097
DC2@Dominguez-Conde_2022_Multiple,Dendritic_classical|DC2,0.23190932868352224,0.9078498293515358,0.688355572974346,0.5252689016043491
T_Effector@Gur_2022_Blood|Scleroderma,T&NK|T_CD4_N&CM,0.8751671868033883,0.1697582911748173,0.9744566102028004,0.525083263275705
pericyte@ Ma_2022_Brain,Endothelial|Capillary_BBB,0.6692307692307692,0.2826747720364742,0.760268348598533,0.523934045966836
small intestine goblet cell@TabulaSapiens_2022_Multiple,Ductal|Goblet,0.5666666666666667,0.26275115919629055,0.9645747181785244,0.5236841071157425
TRGV2 gdT@Elmentaite_2021_Intestine,T&NK|T_CD8_KLRC2,0.9780876494023905,0.1696027633851468,0.8656886742730392,0.5236697389388711
Ionocyte@Chan_2021_Lung|SCLC,Ductal|AT2,0.8122344944774851,0.22191272051996286,0.7956070379636306,0.5234245412819362
cTNI05 (CD4+ IL17+)@Pelka_2021_Cancer|CRC,T&NK|T_CD4_Eff_IL17,0.44871794871794873,0.3300203873598369,0.9665209583406106,0.5230884881388749
Systemic venous endothelial cells@Habermann_2020_Lung|COVID-19,Endothelial|Venous_general,0.8895238095238095,0.32430555555555557,0.4939514682630415,0.5223144995614108
AEP@Chan_2021_Lung|SCLC,Ductal|AT2,0.9850136239782016,0.16782729805013927,0.86153603379984,0.5222271287340262
Plasma@Gur_2022_Skin|Scleroderma,Plasma,0.9030303030303031,0.15783898305084745,0.9978984370333636,0.5219965671295241
Pericyte@Hwang_2022_Cancer|PDAC,Mural|SPINT2,0.29892181000084894,0.6110725442554669,0.778577941760647,0.5219763464807774
Pericyte@Hwang_2022_Cancer|PDAC,Mural|SPINT2,0.29892181000084894,0.6110725442554669,0.778577941760647,0.5219763464807774
Pericyte@Hwang_2022_Cancer|PDAC,Mural|SPINT2,0.29892181000084894,0.6109665104980045,0.778577941760647,0.5219461534944491
T_CD8_c08-IL2RB@Ren_2021_Blood|COVID-19,T&NK|NK_CD16,0.8331857391190265,0.17016331069222834,0.9977106603205744,0.5210396687123549
Epithelial Stroma@Chan_2021_Lung|SCLC,Ductal|AT2,0.3679028552674762,0.5204271123491179,0.738241247549319,0.5209113172021977
CD8_CD45RAnegCD28neg@Liu_2021_Blood|COVID-19,T&NK|T_CD8_EMRA,0.5190232056125202,0.28065951703509157,0.9681926851429544,0.5205264254207956
Monocyte-derived macrophages@Habermann_2020_Lung|COVID-19,Macrophage|LYVE1,0.43111159594196574,0.5771870892361618,0.5653865835710797,0.5200965070487842
Inflammatory Macrophages@Ziegler_2021_Nose|COVID-19,Macrophage|EREG,0.33783783783783783,0.6147540983606558,0.6772051552417443,0.5200478745335974
Myeloid@Hwang_2022_Cancer|PDAC,Macrophage|CX3CR1,0.41028648014742836,0.9700930877401466,0.3533385523570588,0.52003257309655
dendritic cell@COMBAT_2022_Blood|COVID-19,Dendritic_classical|DC3,0.27257506418127025,0.6070096942580164,0.8483426883285623,0.5196979739483053
B_Mem_IgMneg@Liu_2021_Blood|COVID-19,B_mature|Memory_unswitched,0.5412199297233985,0.4061253464944899,0.6385448402148273,0.5196868867894626
VEAT@Reed_2024_Breast,Endothelial|Venous_activated,0.8568004168837936,0.26482905248689975,0.6179891004052629,0.5195276948271348
astrocyte@Aldinger_2021_Brain,Astrocyte,0.7518367346938776,0.3939264328485885,0.4731299836466012,0.5194053023014297
PLCG2 colonocytes@Garrido-Trigo_2023_Intestine|IBD,Ductal|Gastrointestinal_common,0.8995937318630296,0.23853493382579255,0.6520537123129585,0.5191512785238956
Fibroblast_CD34@Fan_2023_Cancer|CC,Fibroblast|Universal,0.4445805266380894,0.5812650120096077,0.5403676066185691,0.5188055837256235
CAFs MSC iCAF-like@Wu_2021_Cancer|BRCA,Fibroblast|Universal,0.33777354900095147,0.8129770992366412,0.5044616104563404,0.5174209675276887
B_malignant@Stephenson_2021_Blood|COVID-19,B_mature|Memory_unswitched,0.998254037538193,0.29174639622400816,0.4725436679011264,0.5162929259145534
CD8 TEM_6@Hao_2021_Blood,T&NK|T_gdT_TRDV1,0.3619402985074627,0.542910447761194,0.7001759620449929,0.5162468865118198
B_Naive_IgMlo.IgDhi@Liu_2021_Blood|COVID-19,B_mature|Naive,0.8727963113642527,0.1741436224903945,0.9049427573500648,0.5161950809740676
Teffector/EM_CD4@Dominguez-Conde_2022_Multiple,T&NK|T_CD4_activated,0.7193114902612109,0.22661973170963753,0.8428761589911916,0.5160116374277405
ATII_Low-Surfactants@Adams_2020_Lung|IPF,Ductal|AT2,0.7588315217391305,0.22083827599841835,0.8189120799065043,0.5158051368418942
Endothelial RGS5@Wu_2021_Cancer|BRCA,Endothelial|CXCR4,0.3365300784655623,0.4818976279650437,0.845025854113045,0.5155643634706752
Endothelial RGS5@Wu_2021_Cancer|BRCA,Endothelial|CXCR4,0.3365300784655623,0.4818976279650437,0.845025854113045,0.5155643634706752
cTNI01 (CD4+ IL7R+)@Pelka_2021_Cancer|CRC,T&NK|T_CD4_N&CM,0.8245522969114976,0.17068715413957986,0.971280610347314,0.5151352322410784
Tuft cells@Garrido-Trigo_2023_Intestine|IBD,Ductal|Tuft,0.6593625498007968,1.0,0.2072137223881891,0.5150478710615508
NKT@Madissoon_2022_Lung,T&NK|T_CD8_EMRA,0.43083511777301925,0.3231609380019274,0.9788483160787114,0.5146142223873796
B_naive@Madissoon_2022_Lung,B_mature|Naive,0.39655172413793105,0.4133986928104575,0.8307186357292321,0.5144868728884555
"central memory CD4-positive, alpha-beta T cell@Zeng_2025_BoneMarrow",T&NK|T_CD4_N&CM,0.678818301514154,0.20852924819252744,0.9620491212906273,0.5144848482394819
Mesothelial@Adams_2020_Lung|IPF,Fibroblast|IL6,0.689594356261023,0.2849854227405248,0.6911796570559424,0.5140465285754059
Mesothelial@Adams_2020_Lung|IPF,Fibroblast|IL6,0.689594356261023,0.2849854227405248,0.6911796570559424,0.5140465285754059
NK_CD56hiCD16lo@Liu_2021_Blood|COVID-19,T&NK|NK_CD56,0.48214285714285715,0.28346456692913385,0.9933401700713916,0.5139539069400941
DC_2@Madissoon_2022_Lung,Dendritic_classical|FCGR3A,0.3051498847040738,0.7218181818181818,0.616199106693958,0.513910349547472
CD4 ANXA1@Garrido-Trigo_2023_Intestine|IBD,T&NK|T_CD4_activated,0.43660071942446044,0.4298362107127047,0.7175791419385107,0.512569095393041
Naive Th@Hirz_2023_Cancer|PRC,T&NK|T_CD4_activated,0.5200743901104912,0.26825414738742803,0.9594983137014728,0.5115468049605064
bladder urothelial cell@TabulaSapiens_2022_Multiple,Ductal|Urothelial,0.33919537460852806,0.981184668989547,0.4019560951153977,0.5114381234110414
CD4_naive/CM@Madissoon_2022_Lung,T&NK|T_CD4_N&CM,0.650105152471083,0.21617132867132868,0.949962964906995,0.5110885185420235
cS23 (Fibro BMP-producing)@Pelka_2021_Cancer|CRC,Fibroblast|NRG1,0.9570815450643777,0.19224137931034482,0.7251578356603319,0.5109865316017753
M04_Mac_ZNF331@Wang_2023_Cancer|CRC,Macrophage|EREG,0.5326495726495727,0.27941176470588236,0.8917043362177487,0.5100769711929091
T_Cytotoxic_B@Adams_2020_Lung|IPF,T&NK|T_CD8_activated,0.5260930888575458,0.2531101560732866,0.9928754768582588,0.5094352403493093
vascular associated smooth muscle cell@TabulaSapiens_2022_Multiple,Mural|RERGL,0.5286409584425309,0.2580409356725146,0.9690861194193288,0.5094136718840883
kidney loop of Henle thin descending limb epithelial cell@Lake_2023_Kidney,Ductal|thin-limb,0.572961373390558,0.8582580743915506,0.2684922932277622,0.5092038621178638
Alveolar FB@Melms_2021_Lung,Fibroblast|CD36,0.9922912205567452,0.22756961155036096,0.5844069528336515,0.5091232501444005
Cancer LumB SC@Wu_2021_Cancer|BRCA,Ductal|Gland_MUCL1,0.9896080760095012,0.15958058029301925,0.8348289841165724,0.5089560288735586
Cancer LumB SC@Wu_2021_Cancer|BRCA,Ductal|Gland_MUCL1,0.9896080760095012,0.15958058029301925,0.8348289841165724,0.5089560288735586
AZGP1 high Goblet Cells@Ziegler_2021_Nose|COVID-19,Ductal|Club,0.8967181467181468,0.15711144934889226,0.9347183498295896,0.5087622204001615
Cycling Plasma@Zhu_2020_Blood|COVID-19,Plasma,0.9528023598820059,0.1376224968044312,0.9999479266534032,0.5080306100765012
pericyte@Kumar_2023_Breast_snRNA,Mural|SPINT2,0.21487603305785125,0.8564705882352941,0.7124253021438947,0.5080189612703708
lamp5 GABAergic cortical interneuron@ Ma_2022_Brain,Neuron_inhibitory,0.9990729295426453,0.13095961437193665,0.9999860498756836,0.5076637734897347
SOX9 Epithelia@Garcia-Alonso_2021_Endometrium,Ductal|Gland_SOX17,0.9401853411962932,0.2338642078792959,0.5922882609468424,0.5068780133907569
cS03 (Endo capillary)@Pelka_2021_Cancer|CRC,Endothelial|Capillary_general,0.8915094339622641,0.21951219512195122,0.6635001264199687,0.5063784347064322
central memory/early activated CD4+ T@Kim_2024_Blood|HCC,T&NK|T_CD4_N&CM,0.5642089383367905,0.3232497839239412,0.7109218556909089,0.506135372841346
retinal cone cell@Voigt_2021_Eye,Rod,0.988909426987061,0.13141734217636944,0.9976622633652434,0.5061325256159002
classical mono_3@Kim_2024_Blood|HCC,Monocyte|Classical_general,0.6010162957771158,0.26022304832713755,0.8237175867903466,0.5050527986403668
hematopoietic stem cell@Zeng_2025_BoneMarrow,Hematopoietic,0.9997626770034016,0.12907640612392887,0.9981641437183444,0.5050277589300938
cd24 neutrophil@TabulaSapiens_2022_Multiple,Neutrophil,0.9995726495726496,0.1284318032066769,0.9997902710047984,0.5044273395646791
Macrophage_Outlier_B@Adams_2020_Lung|IPF,Monocyte|Classical_CCL4,0.332933085907652,0.6653577661431065,0.5766685297243113,0.5036314155144539
Fibro_alveolar@Madissoon_2022_Lung,Fibroblast|CD36,0.4377358490566038,0.4226415094339623,0.6888025295189867,0.5032220536757395
CD4+Tmem@Park_2020_Thymus,T&NK|T_CD4_activated,0.5359499826328586,0.24546611517658287,0.9653928918398114,0.5026588142877749
Club (non-nasal)@Sikkema_2023_Lung,Ductal|Club,0.9685585133098945,0.13266190613778017,0.985609393136136,0.5021794960906365
DC2@Sikkema_2023_Lung,Dendritic_classical|FCGR3A,0.2424176064819884,0.8747530620308178,0.5968869423576529,0.5020888413391124
Basal@Chan_2021_Lung|SCLC,Squamous|Basal,0.2738927738927739,0.8075601374570447,0.5706125410253665,0.5016093079161287
b cell@TabulaSapiens_2022_Multiple,B_mature|Memory_switched,0.37148482859595094,0.44274625428726155,0.7670480513419973,0.5015407012573162
Quiescent Stellate@Tosti_2021_Pancreas,Mural|SPINT2,0.3707865168539326,0.6055045871559633,0.5616434066253411,0.5014573622790258
dendritic cell@Han_2020_Multiple,Dendritic_classical|DC2,0.33172205438066465,0.7255506607929515,0.5236130958122518,0.5013613634401968
Macrophages@Ziegler_2021_Nose|COVID-19,Monocyte|Classical_FABP5,0.23477297895902546,0.9953051643192489,0.5378295503404106,0.5008984365476112
caudal ganglionic eminence derived cortical interneuron@Zhu_2023_Brain,Neuron_inhibitory,0.9909957627118644,0.12738289760348584,0.99525139885767,0.5008471874324352
cE10 (Tuft)@Pelka_2021_Cancer|CRC,Ductal|Tuft,0.5768014059753954,0.9903439951719976,0.2197583535183772,0.500709608145998
Cycling T cells@Garrido-Trigo_2023_Intestine|IBD,T&NK|T_CD8_exhausted,0.6683937823834197,0.20124804992199688,0.9332224548661168,0.5007063363877006
cerebral cortex GABAergic interneuron@Yang_2021_Brain|Frontal,Neuron_inhibitory,1.0,0.12476410148878171,0.9999835545400956,0.49968253138435564
CD8+ T (dysfunctional)@Hwang_2022_Cancer|PDAC,T&NK|T_CD4_N&CM,0.9700103412616339,0.13407661520869069,0.9567071102035616,0.49923244371035996
DC_c2-CD1C@Ren_2021_Blood|COVID-19,Dendritic_classical|DC3,0.25014628437682856,0.7198989615492563,0.6867834807877963,0.4982284020356644
CCL5 high Squamous Cells@Ziegler_2021_Nose|COVID-19,Ciliated,0.8412514484356894,0.15212949866415212,0.9658848262322358,0.4981439584532319
CD8+ MKI67@Fan_2023_Cancer|CC,T&NK|T_CD8_exhausted,0.7922535211267606,0.16017492118376894,0.969933978920422,0.4974318894342879
CD16- Monocyte@Bi_2021_Cancer|RCC,Monocyte|Classical_general,0.32109004739336494,0.5541922290388548,0.6877049232357711,0.49647395437343633
astrocyte@Wang_2022_Eye,Astrocyte,0.47413793103448276,1.0,0.2570124554679591,0.4957769031766928
retinal ganglion cell@Wang_2022_Eye,Neuron_inhibitory,0.9675456389452333,0.13126031920748488,0.9582374553305048,0.4955559398846708
Myeloid_c7_Monocyte_3_FCGR3A@Wu_2021_Cancer|BRCA,Monocyte|Non-classical,0.37037037037037035,0.3508771929824561,0.9338679561118084,0.4950992667893248
CD8_Tex GZMK@Fan_2023_Cancer|CC,T&NK|T_CD8_exhausted,0.5613430908308222,0.26522932980779007,0.8138919135549301,0.49484845768264424
Non-classical monocytes@Sikkema_2023_Lung,Monocyte|Non-classical,0.19628707267376047,0.9111928533893852,0.6774829556560428,0.49484227197117925
Goblet_A@Adams_2020_Lung|IPF,Ductal|Club,0.9283018867924528,0.14695340501792115,0.8872306956951082,0.4946543300724788
CD4 T@Fan_2023_Cancer|CC,T&NK|T&NK_HSP,0.3661500274194014,0.41683643293684697,0.7916826998937494,0.4943774261703598
CD8_CD45RAposCD28neg@Liu_2021_Blood|COVID-19,T&NK|T_CD8_EMRA,0.41437131779042247,0.3001750930181659,0.9628710782590186,0.492921196651187
PC IgA 1@Garrido-Trigo_2023_Intestine|IBD,Plasma,0.9987121699935608,0.11936278282284131,0.9999551649441024,0.492148994115927
T_CD8_c10-MKI67-GZMK@Ren_2021_Blood|COVID-19,T&NK|T_CD8_exhausted,0.2531332198669349,0.4722863741339492,0.995018926739385,0.49180767325861796
NK_c02-NCAM1@Ren_2021_Blood|COVID-19,T&NK|NK_CD56,0.6987577639751553,0.17036850075719334,0.995907649549132,0.49126030336242343
Myeloid@Garcia-Alonso_2021_Endometrium,Macrophage|CX3CR1,0.24346076458752516,0.7857142857142857,0.6148273393040423,0.4899468095690044
Myeloid@Garcia-Alonso_2021_Endometrium,Macrophage|CX3CR1,0.24346076458752516,0.7857142857142857,0.6148273393040423,0.4899468095690044
Effector T-Helper@Bi_2021_Cancer|RCC,T&NK|T_CD4_N&CM,0.6169906407487401,0.23421699918010386,0.810556682235027,0.4892829997510883
cM04 (DC2)@Pelka_2021_Cancer|CRC,Dendritic_classical|DC2,0.5018083182640145,0.4036363636363636,0.5771222217830454,0.48895097071726334
M06_Mac_HSPA6@Wang_2023_Cancer|CRC,Macrophage|HSP,0.2800859598853868,0.48451053283767037,0.8608747414762735,0.48885287738756456
Muscle_smooth_pulmonary@Madissoon_2022_Lung,Mural|SPINT2,0.33426495248742316,0.4727272727272727,0.7368451075196054,0.48830657124476606
CD8 Proliferating@Hao_2021_Blood,T&NK|T_CD8_exhausted,0.6081081081081081,0.215311004784689,0.8867026094264928,0.4878372993007309
hematopoietic multipotent progenitor cell@Zeng_2025_BoneMarrow,Hematopoietic,1.0,0.11604416255579046,0.9992674459724824,0.4876426462244912
Activated Stellate@Tosti_2021_Pancreas,Fibroblast|CD36,0.6107865168539326,0.9854967367657723,0.192078062090918,0.4871628162810105
capillary endothelial cell@TabulaSapiens_2022_Multiple,Endothelial|Capillary_general,0.5796460176991151,0.22876102331266918,0.8698981509973361,0.4867856475443058
respiratory goblet cell@TabulaSapiens_2022_Multiple,Ductal|Club,0.8222811671087533,0.1509985387238188,0.927874148525248,0.4865872455999505
Activated CD4 T cells@Zhu_2020_Blood|COVID-19,T&NK|T_CD4_N&CM,0.7351462522851919,0.16133400200601805,0.9688334701524792,0.4861641487511147
Inflammatory colonocyte@Garrido-Trigo_2023_Intestine|IBD,Ductal|Colonocyte,0.759765625,0.3586906408483172,0.4215850629477492,0.48614030987708984
Myeloid@Melms_2021_Lung,Macrophage|LYVE1,0.32721382289416845,0.9533923303834808,0.3670216953457479,0.48558471849730656
S1.2@Garrido-Trigo_2023_Intestine|IBD,Fibroblast|ADAMDEC1,0.9714285714285714,0.14275717284814557,0.8245431244327092,0.48537126541302045
CD8_EM@Madissoon_2022_Lung,T&NK|T_CD8_activated,0.3189632372388257,0.37734668335419275,0.9499106577987394,0.4853495627057496
Mono_Classical_CD71pos@Liu_2021_Blood|COVID-19,Monocyte|ISG,0.685072531586336,0.21019382627422828,0.7919654156588921,0.48493951722698
CD4 naïve@Garrido-Trigo_2023_Intestine|IBD,T&NK|T_CD4_N&CM,0.502210433244916,0.2643089809213588,0.8551483380199297,0.4841869005956166
conventional dendritic cell@Zeng_2025_BoneMarrow,Dendritic_classical|DC3,0.37561214495592554,0.4037904711766254,0.7472215989851789,0.4839290608435529
Epitheial_Luminal@Hirz_2023_Cancer|PRC,Ductal|Gland_MUCL1,0.9626035981402871,0.6463083604777415,0.1816856095156587,0.48350680955515973
LHS2@Reed_2024_Breast,Ductal|Gland_MUCL1,0.9070383659950317,0.13048035766753754,0.952961079403995,0.48315000289661714
Th17@Hirz_2023_Cancer|PRC,T&NK|T_CD4_activated,0.3979607250755287,0.29731407290373546,0.9515039685047176,0.4828609612316485
αβT(entry)@Park_2020_Thymus,T&NK|T_CD4_N&CM,0.5703604806408544,0.21578663793103448,0.9125609900980164,0.48247923277920796
Lymphatic EC differentiating@Sikkema_2023_Lung,Endothelial|Lymphatic_LYVE1,0.9929328621908127,0.11899216599618886,0.9500379731315414,0.4823841982702043
T07_CD8_CCL20@Wang_2023_Cancer|CRC,T&NK|T&NK_HSP,0.6448814343551186,0.17770812304096054,0.9793183289305466,0.4823589549871583
Macrophage3@Hirz_2023_Cancer|PRC,Macrophage|HSP,0.3289846851956892,0.40816326530612246,0.8354095237600384,0.48228416885284026
Plasma_B IGHA1@Fan_2023_Cancer|CC,Plasma,0.9319066147859922,0.1204728370221328,0.9971545876628328,0.4819566843118284
Multiciliated (nasal)@Sikkema_2023_Lung,Ciliated,0.9946600944752516,0.11241875580315691,0.9999764311550444,0.4817640742578331
pericyte cell@TabulaSapiens_2022_Multiple,Mural|RERGL,0.37409120951751484,0.31030701754385964,0.9604255978421152,0.4812945482376518
Fibro_MYOC2@Gur_2022_Skin|Scleroderma,Fibroblast|Universal,0.8782967586068049,0.24294823601481358,0.5206326023523512,0.48072362233718485
cerebral cortex neuron@Yang_2021_Brain|Frontal,Neuron_excitatory,0.8174757281553398,0.1359489787680633,0.9889176286955942,0.47900161577922884
M05_Mac_SPP1@Wang_2023_Cancer|CRC,Macrophage|EREG,0.7023751817741154,0.2598637015781923,0.601608015406381,0.47886099535533366
Macrophage@Adams_2020_Lung|IPF,Macrophage|EREG,0.31446856901065773,0.6395761617900172,0.5459202106424058,0.4788500772816576
Adventitial FB@Habermann_2020_Lung|COVID-19,Fibroblast|CD36,0.9628052243043725,0.22537551508706632,0.5056752698862353,0.4787465181769745
Alveolar FB@Habermann_2020_Lung|COVID-19,Fibroblast|CD36,0.7494656851104251,0.20975674597899774,0.6965365353920492,0.478413982121138
T_CD4_c06-NR4A2@Ren_2021_Blood|COVID-19,T&NK|T_CD4_activated,0.5228013029315961,0.21117065656889802,0.9915079041543672,0.47836067576149255
PVL_Immature s2@Wu_2021_Cancer|BRCA,Mural|CD36,0.37099023709902373,0.43322475570032576,0.6797038246119192,0.47804100787404885
early enterocyte@Elmentaite_2020_Intestine|pIBD,Ductal|Enterocyte,0.8351254480286738,0.1348119575699132,0.9687151414352718,0.4777771845737294
cTNI04 (CD4+ IL7R+CCL5+)@Pelka_2021_Cancer|CRC,T&NK|T_CD4_N&CM,0.5842404549147034,0.19319830226186,0.9606704640694408,0.4768587873014198
mural cell@Seeker_2023_Brain,Endothelial|Capillary_BBB,0.5013164823591364,0.32107925801011805,0.6736368647372311,0.47685172724825187
Myeloid_c9_Macrophage_2_CXCL10@Wu_2021_Cancer|BRCA,Macrophage|ISG,0.7544554455445545,0.14716106604866744,0.9746287893768538,0.47652817779750906
PC IgA 2@Garrido-Trigo_2023_Intestine|IBD,Plasma,0.9978753541076487,0.10843466215176235,0.9999510053945884,0.4765125934517559
enterocyte@Han_2020_Multiple,Ductal|Gastrointestinal_common,0.5335071350164654,0.5614729241877257,0.3602693215613542,0.4761006531684003
B_MemSort.IgMnegCD11cNeg@Liu_2021_Blood|COVID-19,B_mature|Memory_unswitched,0.49010285270716086,0.34126072562664683,0.6430176374701192,0.47555287169982874
SMG serous (nasal)@Sikkema_2023_Lung,Ductal|Gland_LTF,0.6195652173913043,0.5557586837294333,0.3112231527651756,0.47498700473392974
Endothelial cells (general)@Melms_2021_Lung,Endothelial|Capillary_aerocyte,0.7220588235294118,0.3210199411572409,0.4597889447537059,0.4741193769435891
Mo_CD16@Gur_2022_Blood|Scleroderma,Monocyte|Classical_general,0.6092150170648464,0.22537878787878787,0.7749045231888299,0.4738533387118382
CD4_Mem_CM@Liu_2021_Blood|COVID-19,T&NK|T_CD4_activated,0.7824246442597032,0.14134090050580897,0.9588805402815528,0.47332374643224584
transit amplifying cell@Chen_2021_Cancer|CRC,Ductal|Gastrointestinal_common,0.930085701398286,0.1289910919827845,0.8813774968553739,0.47287702605427967
neoplastic cell@Chen_2021_Cancer|CRC,Ductal|Gastrointestinal_common,0.947650069799907,0.15287508757882093,0.7253844233671916,0.4719010906520756
cS31 (CAF stem niche Fibro-like)@Pelka_2021_Cancer|CRC,Fibroblast|Universal,0.7926829268292683,0.22995283018867924,0.5764150451002653,0.4718723431910774
inhibitory interneuron@Nascimento_2023_Brain,Neuron_inhibitory,0.9210220673635308,0.1289724490127834,0.8826742442724075,0.47154427769366547
Macro_M2-ISG15@Fan_2023_Cancer|CC,Macrophage|HSP,0.38615023474178406,0.30266789328426863,0.896839657140399,0.4714972387190617
B_c06-MKI67@Ren_2021_Blood|COVID-19,Plasma,0.900330396475771,0.11641153435386259,0.9991496333989004,0.4713492494566653
PC IgA IgM@Garrido-Trigo_2023_Intestine|IBD,Plasma,0.9949127906976745,0.10535631830075419,0.998930654218752,0.4713320585802695
Fibro_MYOC1@Gur_2022_Skin|Scleroderma,Fibroblast|Universal,0.9211624441132638,0.1721103778576003,0.6590812424655915,0.47100705369971185
PC IgA heat shock 1@Garrido-Trigo_2023_Intestine|IBD,Plasma,0.9977957384276267,0.10450977374172694,0.9999656848709186,0.47068231741228883
NK_CD56loCD16lo@Liu_2021_Blood|COVID-19,T&NK|NK_CD16,0.6373496563573883,0.16638631903560414,0.9818784892586158,0.47045458472095614
M1 CXCL5@Garrido-Trigo_2023_Intestine|IBD,Monocyte|Classical_CCL4,0.7350427350427351,0.17063492063492064,0.8276959713841856,0.46998476694022245
Endocrine@Hwang_2022_Cancer|PDAC,Neuron_inhibitory,0.9905111723293542,0.9904101203835952,0.1058202482143705,0.46998183718648595
"effector memory CD4-positive, alpha-beta T cell@Zeng_2025_BoneMarrow",T&NK|T_CD4_N&CM,0.7625322646379568,0.141892916729865,0.9554141739675056,0.4693212371706182
B cell Ribhi@Garrido-Trigo_2023_Intestine|IBD,B_mature|Memory_unswitched,0.6902834008097166,0.22672872340425532,0.6587832789944111,0.4689128995420524
CD8_Mem_EM.TE@Liu_2021_Blood|COVID-19,T&NK|T_CD8_EMRA,0.481110933247959,0.21926752754067264,0.9736019310353118,0.46831024365903107
Vascular_RBP7@Gur_2022_Skin|Scleroderma,Endothelial|Venous_general,0.46868008948545864,0.2884681583476764,0.7588063253096504,0.46813212258518777
smooth muscle cell of sphincter of pupil@vanZyl_2022_Eye,Mural|SPINT2,0.6609625668449198,0.16903719912472648,0.917924485783446,0.46808210235777276
Monocyte@Wu_2021_Cancer|BRCA,Macrophage|EREG,0.24656357388316152,0.5815602836879432,0.7134930496089447,0.4677040539990228
Mono_c2-CD14-HLA-DPB1@Ren_2021_Blood|COVID-19,Monocyte|Classical_general,0.5161370583635458,0.2635294544662626,0.7419056270950672,0.46556567866220605
interneuron@Aldinger_2021_Brain,Neuron_inhibitory,0.9990774907749077,0.11868307345481871,0.8492602415123587,0.46523914676542777
myeloid progenitor@TabulaSapiens_2022_Multiple,Hematopoietic,0.9517241379310345,0.10913404507710557,0.9670834157089416,0.4648488464207544
cS30 (CAF CCL8 Fibro-like)@Pelka_2021_Cancer|CRC,Fibroblast|ADAMDEC1,0.9389312977099237,0.3407202216066482,0.3135878420686939,0.4646546781160551
neutrophil@Han_2020_Multiple,Hematopoietic,0.4959827446751146,0.20265268352868598,0.9956782526684208,0.46427929471816415
Cancer Her2 SC@Wu_2021_Cancer|BRCA,Ductal|Gland_MUCL1,0.977076591154261,0.17346547926840947,0.5891115993145467,0.46392354491116433
Cancer Her2 SC@Wu_2021_Cancer|BRCA,Ductal|Gland_MUCL1,0.977076591154261,0.17346547926840947,0.5891115993145467,0.46392354491116433
T01_cycling_TNK@Wang_2023_Cancer|CRC,T&NK|T_CD8_exhausted,0.3183098591549296,0.31759415401911184,0.9792260935932776,0.462595981652075
Myofibroblast@Adams_2020_Lung|IPF,Fibroblast|CD36,0.4321865226044925,0.8740655549166187,0.2619202495024775,0.4625174264298092
Myofibroblast@Adams_2020_Lung|IPF,Fibroblast|CD36,0.4321865226044925,0.8740655549166187,0.2619202495024775,0.4625174264298092
ependymal cell@Yang_2021_Brain|Choroid,Ciliated,0.6101973684210527,0.175,0.9233898510419764,0.4619884931795957
Trm/em_CD8@Dominguez-Conde_2022_Multiple,T&NK|T_CD8_activated,0.5003945084424807,0.23442004879130626,0.837698793251722,0.46145751771281157
duct epithelial cell@TabulaSapiens_2022_Multiple,Ductal|Gland_LTF,0.8670998227997637,0.1884467265725289,0.5982485743108809,0.46065924262604524
CD8_Tm GZMK@Fan_2023_Cancer|CC,T&NK|T&NK_HSP,0.5061085809296609,0.22985750870050561,0.8400287453016173,0.46060874723348194
T_Cytotoxic_A@Adams_2020_Lung|IPF,T&NK|T_CD8_activated,0.2361504766812677,0.4146120787152228,0.99447177502224,0.4600528717976476
Alveolar macrophages@Habermann_2020_Lung|COVID-19,Macrophage|MATK,0.28979125896934116,0.7843743103067755,0.4262042658233359,0.45927782626072383
inhibitory interneuron@ Ma_2022_Brain,Neuron_inhibitory,0.9966652771988328,0.09685259448292624,0.9998513146279816,0.45870344630454213
T15_CD4_ZBTB10@Wang_2023_Cancer|CRC,T&NK|T_CD4_activated,0.7889724310776942,0.12395652858717908,0.9864431567620848,0.4586356037646012
VSIR-Hi TAM@Bi_2021_Cancer|RCC,Macrophage|CX3CR1,0.6785046728971963,0.15476444254956298,0.9180386653591524,0.4585235729469818
Fibroblast C7@Garcia-Alonso_2021_Endometrium,Fibroblast|Universal,0.34675615212527966,0.9748427672955975,0.2843144215802076,0.458056671330518
Fibroblast C7@Garcia-Alonso_2021_Endometrium,Fibroblast|Universal,0.34675615212527966,0.9748427672955975,0.2843144215802076,0.458056671330518
immature enterocyte@TabulaSapiens_2022_Multiple,Ductal|Gastrointestinal_common,0.7950310559006211,0.13101330603889458,0.920246357602346,0.45765112635169763
T05_CD8_HSPA6@Wang_2023_Cancer|CRC,T&NK|T&NK_HSP,0.4995242626070409,0.19523986612123467,0.9827868411771656,0.4576443874073578
SMG_Mucous@Madissoon_2022_Lung,Ductal|Submucosal_mucous,0.8450582649978421,0.9747759707932293,0.1159936005593835,0.4571673075469821
common myeloid progenitor@Zeng_2025_BoneMarrow,Hematopoietic,0.9995729233397395,0.09561744849914719,0.9996632711770324,0.45716024481665374
Naive B cells@Fan_2023_Cancer|CC,B_mature|HSP,0.5331058020477816,0.22080859485439638,0.8105145638153438,0.45694444501045817
Schwann@Tosti_2021_Pancreas,Schwann,0.3375,0.3103448275862069,0.9099616163883414,0.4567870545395517
Mature goblet@Garrido-Trigo_2023_Intestine|IBD,Ductal|Goblet,0.9522613065326633,0.15129740518962076,0.659961441020662,0.4564242668215042
L5/6 near-projecting glutamatergic neuron@Yang_2021_Brain|Frontal,Neuron_excitatory,1.0,0.09574553967869541,0.9890109012896056,0.4557988341611852
DC@Ren_2021_Blood|COVID-19,Dendritic_classical|DC3,0.18876059631686642,0.724950884086444,0.6863200178123382,0.4545505596979314
Laminin colonocytes@Garrido-Trigo_2023_Intestine|IBD,Ductal|Gastrointestinal_common,0.8869752421959096,0.1268082486919052,0.8308145207365855,0.4537894138119435
unknown@Velmeshev_2023_Brain,Endothelial|Capillary_BBB,0.2687010361384888,0.996485473289597,0.3482119740450314,0.45344853672202173
Early Response FOXJ1 high Ciliated Cells@Ziegler_2021_Nose|COVID-19,Ciliated,0.9816017316017316,0.09502855047409503,0.9993295671585496,0.45341865662885406
small pre-B-II cell@Zeng_2025_BoneMarrow,B_progenitor,0.9299258037922506,0.10039159843360626,0.9981409535192202,0.45336276424375527
Endothelial cells (general)@Habermann_2020_Lung|COVID-19,Endothelial|Capillary_aerocyte,0.620744259699129,0.3111111111111111,0.4824962762630689,0.45335742543402185
Alveolar macrophages@Melms_2021_Lung,Macrophage|MATK,0.3743106066661338,0.6899955797848829,0.3607020031345159,0.45332429916736705
vascular associated smooth muscle cell@Jakel_2019_Brain|MS,Fibroblast|CD36,0.7857142857142857,0.8712871287128713,0.1356638768170621,0.45285940381205175
macrophage@Kumar_2023_Breast_scRNA,Macrophage|MATK,0.5244582043343653,0.25910064239828695,0.6825746241673678,0.45266457038081526
stratified epithelial cell@Han_2020_Multiple,Ductal|Club,0.6363496460449369,0.6200329884540411,0.2343926661320193,0.45222184840010365
B_immature@Stephenson_2021_Blood|COVID-19,B_mature|Naive,0.9507445589919816,0.11173685745697683,0.8702274894180807,0.45216578842826316
NKT@Bi_2021_Cancer|RCC,T&NK|T_CD8_RM,0.42293464858199753,0.2939160239931448,0.7421280685588502,0.4518474085362356
cE02 (Stem/TA-like/Immature Goblet)@Pelka_2021_Cancer|CRC,Ductal|Goblet,0.4982177929730123,0.28487646618417767,0.6498646442135185,0.45182081949235836
Fb_1@Park_2020_Thymus,Fibroblast|Universal,0.30839654721422965,0.4937185929648241,0.6054678390706361,0.45174500206608814
NK@Park_2020_Thymus,T&NK|T&NK_HSP,0.7275541795665634,0.13459335624284077,0.9407221061452072,0.4516306809671052
MitoHigh T-Helper@Bi_2021_Cancer|RCC,T&NK|T_CD4_N&CM,0.5729483282674772,0.20606723148401201,0.7789474433893795,0.4513819444746069
CD8 TEM_2@Hao_2021_Blood,T&NK|T_CD8_EMRA,0.6609620721554117,0.16199977326833692,0.8566993113540315,0.4509964477864709
DC_CXCL10@Gur_2022_Skin|Scleroderma,Dendritic_classical|CXCL9,0.3310344827586207,0.7741935483870968,0.3574365248177503,0.45078961657719024
L6 intratelencephalic projecting glutamatergic neuron of the primary motor cortex@ Ma_2022_Brain,Neuron_excitatory,0.9983357108892059,0.09144960362400906,0.9998561931360374,0.45026202986417424
granule cell@Aldinger_2021_Brain,Neuron_inhibitory,1.0,0.1053134197507671,0.8666062245004417,0.4502307706547726
Subpleural fibroblasts@Sikkema_2023_Lung,Fibroblast|IL6,0.5434782608695652,0.24429967426710097,0.6873456666312499,0.4502220432792818
cS12 (Endo)@Pelka_2021_Cancer|CRC,Endothelial|CXCR4,0.6126126126126126,0.1884526558891455,0.7882473945700982,0.4497973717221055
CD4_naive CCR7@Fan_2023_Cancer|CC,T&NK|T&NK_HSP,0.446999087174806,0.2572394773130212,0.7905410260284064,0.44963097554804493
"cd8-positive, alpha-beta cytokine secreting effector t cell@TabulaSapiens_2022_Multiple",T&NK|NK_CD16,0.768921634293369,0.12082938638038102,0.9783333262448036,0.4496215992409859
Aberrant_Basaloid@Adams_2020_Lung|IPF,Ductal|Gland_SOX17,0.5135135135135135,0.660427807486631,0.267536143363829,0.44935188038006496
Mystery_Disease_Epithelial@Adams_2020_Lung|IPF,Ductal|Gland_SOX17,0.5135135135135135,0.660427807486631,0.267536143363829,0.44935188038006496
Squamous@Fan_2023_Cancer|CC,Squamous|Keratinocyte_basal,0.22428169819412017,0.9989388794567062,0.4021702232001311,0.44831254126976294
Squamous@Fan_2023_Cancer|CC,Squamous|Keratinocyte_basal,0.22428169819412017,0.9987269255251432,0.4021702232001311,0.4482808315128833
Squamous@Fan_2023_Cancer|CC,Squamous|Keratinocyte_basal,0.22428169819412017,0.9987269255251432,0.4021702232001311,0.4482808315128833
CD16@Stephenson_2021_Blood|COVID-19,Monocyte|ISG,0.46424545409988727,0.2611236698461708,0.7425579519724576,0.4481685923673775
erythroid progenitor@TabulaSapiens_2022_Multiple,Hematopoietic,0.527876631079478,0.17595887702649268,0.9677965125689968,0.44796342546939694
professional antigen presenting cell@Han_2020_Multiple,Monocyte|Classical_general,0.6606021574625665,0.1805023976067925,0.7527190379109437,0.4477325009906625
Goblet cell@Elmentaite_2021_Intestine,Ductal|Goblet,0.6566523605150214,0.16340334638661444,0.8363028801170947,0.44769957576988867
M02_Mac_CXCL9@Wang_2023_Cancer|CRC,Macrophage|EREG,0.5151515151515151,0.2926829268292683,0.5911914046839546,0.44670432844418834
M2.2@Garrido-Trigo_2023_Intestine|IBD,Macrophage|LYVE1,0.5644171779141104,0.20861678004535147,0.7536244723820901,0.4460341911429185
PC IgG 1@Garrido-Trigo_2023_Intestine|IBD,Plasma,1.0,0.08873326150531015,0.9998696927573364,0.44600865158914815
CD4 TCM_3@Hao_2021_Blood,T&NK|T_CD4_N&CM,0.8443891652846877,0.13426505812292613,0.7821306958366616,0.44592483708787234
erythroid progenitor cell@Zeng_2025_BoneMarrow,Hematopoietic,0.6418493086257172,0.1393816833655054,0.9895550128536228,0.44568317783039985
Mucinous@Chan_2021_Lung|SCLC,Ductal|Gastrointestinal_common,0.5777998017839445,0.7197530864197531,0.2127447747865228,0.4455946236623363
Vascular@Hwang_2022_Cancer|PDAC,Endothelial|CXCR4,0.22962009014810045,0.8892768079800498,0.4311860101913269,0.44487414911017575
Vascular@Hwang_2022_Cancer|PDAC,Endothelial|CXCR4,0.22962009014810045,0.8892768079800498,0.4311860101913269,0.44487414911017575
Cilia high Ciliated Cells@Ziegler_2021_Nose|COVID-19,Ciliated,0.9839080459770115,0.08968515899208969,0.9935226249838656,0.44423995723436593
mesenchymal cell@Yang_2021_Brain|Choroid,Fibroblast,0.577930174563591,0.9265367316341829,0.1627566431213026,0.44336245348817155
Alpha@Tosti_2021_Pancreas,Neuron_inhibitory,0.8587429993777225,0.23358158429248477,0.4343861540958231,0.4433287820550624
Adventitial FB@Melms_2021_Lung,Fibroblast|CD36,0.9772064670023853,0.1810636939547218,0.4915856148437411,0.44306994519960574
endothelial cell@vanZyl_2022_Eye,Endothelial|Lymphatic_LYVE1,0.41626794258373206,0.37967581047381543,0.549356162051046,0.4428057976926908
Memory T-Helper@Bi_2021_Cancer|RCC,T&NK|T_CD4_N&CM,0.8031088082901554,0.12708390270565728,0.8430209636017872,0.4414699042596183
neuron@Han_2020_Multiple,Hematopoietic,0.4983917288914417,0.19117387855820922,0.9026570655254278,0.44140852973990824
Squamous Cells@Ziegler_2021_Nose|COVID-19,Ciliated,0.5683809523809524,0.1563203939441563,0.9650891198649858,0.44096845728759604
Airway mucous@Melms_2021_Lung,Ductal|Gastrointestinal_common,0.6778882938026014,0.5014148273910582,0.2509022705622759,0.44016951998663906
amacrine cell@Voigt_2021_Eye,Neuron_inhibitory,0.9008379888268156,0.09836815616897972,0.9608922987939564,0.439938509056713
Glandular Epithelia@Garcia-Alonso_2021_Endometrium,Ductal|Gland_SOX17,0.8,0.21709974853310982,0.4897567714738695,0.43978787561522154
Activated B cell@Elmentaite_2020_Intestine|pIBD,Plasma,0.9954128440366973,0.08550039401103231,0.9968926481215836,0.4394133526009661
BEST4 high Cilia high Ciliated Cells@Ziegler_2021_Nose|COVID-19,Ciliated,0.989480198019802,0.08376551940908376,0.9999916014825088,0.43600310477178006
T_CD8_c04-COTL1@Ren_2021_Blood|COVID-19,T&NK|T_CD8_EMRA,0.6814783165990173,0.12245093805479583,0.9921506753294616,0.43584352351729033
"CD16-negative, CD56-bright natural killer cell, human@Zeng_2025_BoneMarrow",T&NK|NK_CD16,0.5478036175710594,0.1544739143106966,0.9727614294941972,0.43500621641142284
SERPINB11 high Secretory Cells@Ziegler_2021_Nose|COVID-19,Ductal|Club,0.8277982779827798,0.11381701336039235,0.864385550694343,0.43345737917913335
NK_3@Hao_2021_Blood,T&NK|NK_CD16,0.9265873015873016,0.10013401232913428,0.8776503097724813,0.4334408350293227
choroid plexus epithelial cell@Yang_2021_Brain|Choroid,Ductal,0.6674686291159543,0.9870936235523929,0.1230880692656225,0.4328476409275737
B intermediate@Hao_2021_Blood,B_mature|Memory_switched,0.441400304414003,0.24227234753550542,0.7568093494935114,0.4325546530586421
CD4 Proliferating@Hao_2021_Blood,T&NK|T_CD4_EM_Tfh,0.6923076923076923,0.11604584527220631,0.9899027899940808,0.4300382645455832
Airway mucous@Habermann_2020_Lung|COVID-19,Ductal|Gastrointestinal_common,0.6684867394695788,0.4657608695652174,0.2552607895280221,0.42994539455646275
PC IgA Lambda 1@Garrido-Trigo_2023_Intestine|IBD,Plasma,1.0,0.07942127135601047,0.999734261952422,0.4298073160548322
Fibro_COMP@Gur_2022_Skin|Scleroderma,Fibroblast|GREM2,0.44043956043956045,0.20515970515970516,0.8735168880123443,0.42895977040516825
cM05 (DC2 C1Q+)@Pelka_2021_Cancer|CRC,Dendritic_classical|FCGR3A,0.33117483811285847,0.4251781472684085,0.5584154398871749,0.42841226447601477
kidney loop of Henle epithelial cell@Han_2020_Multiple,Ductal|Thick-ascending,0.5899397311080204,0.8226927428479069,0.160187968194599,0.42680064626698133
Acinar@Hwang_2022_Cancer|PDAC,Ductal|Pancreatobiliary_acinar,0.5723352622736606,0.8361058085628579,0.162063276529183,0.4264473826582192
LHS3@Reed_2024_Breast,Ductal|Gland_MUCL1,0.9774905477886222,0.08828130583592081,0.8965494694255867,0.4261068582645869
T_Regulatory_A@Adams_2020_Lung|IPF,T&NK|T_CD4_RM_Treg,0.32044198895027626,0.24973089343379978,0.966551809041404,0.42607129469427435
cd4-positive helper t cell@TabulaSapiens_2022_Multiple,T&NK|T_CD4_N&CM,0.4853395061728395,0.17097037238379995,0.932022020376663,0.42605358592830206
Suprabasal@Madissoon_2022_Lung,Ductal|Club,0.41501564129301355,0.20384122919334188,0.9127176356756423,0.4258248271952612
cDC2-CLEC10A@Fan_2023_Cancer|CC,Dendritic_classical|FCGR3A,0.24900398406374502,0.3586800573888092,0.8607383645345754,0.42520160549846153
Alveolar Mph CCL3+@Sikkema_2023_Lung,Macrophage|Alveolar,0.9934283942963422,0.0828387683781716,0.9298650420112664,0.4245511689734144
Neu_c1-IL1B@Ren_2021_Blood|COVID-19,Neutrophil,0.7264725795531483,0.1049491392801252,0.9998426626160116,0.42401047965703326
SELL+ CD8 T@Elmentaite_2021_Intestine,T&NK|T_CD4_activated,0.8076923076923077,0.0984375,0.9487087298726774,0.42251922356773874
Endothelial@Hwang_2022_Cancer|PDAC,Endothelial|Venous_general,0.20914119359534206,0.9432773109243697,0.3805972082759877,0.42187279763556973
Sertoli cell@Han_2020_Multiple,Neuron_excitatory,0.886744966442953,0.12457277548615203,0.6766205092171768,0.4212329576190799
Myeloid_c12_Monocyte_1_IL1B@Wu_2021_Cancer|BRCA,Macrophage|EREG,0.2830470500373413,0.3839918946301925,0.6843981983337046,0.4205618256563071
Cycling TA@Garrido-Trigo_2023_Intestine|IBD,Ductal|Gastrointestinal_common,0.834326579261025,0.1077254539858418,0.8271288681780473,0.4204772762462232
B04_plasma_IGHG2@Wang_2023_Cancer|CRC,Plasma,1.0,0.07407988289418653,0.9999955092413884,0.4199840323092592
MitoHigh Myeloid@Bi_2021_Cancer|RCC,Macrophage|CX3CR1,0.6304193319118693,0.18908548283947985,0.6178555304255497,0.419171309356476
Monocyte-derived Mph@Sikkema_2023_Lung,Macrophage|Alveolar,0.6044715303121567,0.17638908993155358,0.6906206197012874,0.41914314762524624
TP2@Bi_2021_Cancer|RCC,Ductal|Proximal-tubule,0.7466840617525549,0.569202718382231,0.1711213040882946,0.41741620887688025
CD16_mono@Stephenson_2021_Blood|COVID-19,Monocyte|ISG,0.46421267893660534,0.21276947676021393,0.7347578001681727,0.41711599409090055
myeloid cell@TabulaSapiens_2022_Multiple,Monocyte|Classical_FABP5,0.23888639425235744,0.6236811254396248,0.4855393522382543,0.4166705606479239
cS16 (Pericyte)@Pelka_2021_Cancer|CRC,Mural|CD36,0.46464646464646464,0.27380952380952384,0.5672196867122763,0.41633299197314827
Macro_c3-EREG@Ren_2021_Blood|COVID-19,Macrophage|MATK,0.3524271844660194,0.24087591240875914,0.8370534689955405,0.4141954507177649
B_Plasma_LowInfo@Adams_2020_Lung|IPF,Plasma,0.839622641509434,0.08640776699029126,0.9786362715325946,0.41408173767118805
ventricular cardiac muscle cell@Han_2020_Multiple,Mural|RERGL,0.8104423012969737,0.15519327517034961,0.5637886340957117,0.4139079537295683
fibroblast of breast@TabulaSapiens_2022_Multiple,Fibroblast|IL6,0.6684414327202324,0.19169905607995558,0.5529673965985017,0.41380362150116773
"cd4-positive, alpha-beta t cell@TabulaSapiens_2022_Multiple",T&NK|T_CD4_activated,0.4742722937869191,0.19183602970810065,0.768757612041499,0.41201761808763815
Delta@Tosti_2021_Pancreas,Neuron_inhibitory,0.9295499021526419,0.16079891672308733,0.4629035367116342,0.4105336643514299
Interstitial Mph perivascular@Sikkema_2023_Lung,Macrophage|EREG,0.4539021852237253,0.2833939708939709,0.5339704646580865,0.4095340710719796
hematopoietic oligopotent progenitor cell@Zeng_2025_BoneMarrow,Hematopoietic,1.0,0.06861333251626477,0.99982551723999,0.40936518988355114
CD4.Tfh@Stephenson_2021_Blood|COVID-19,T&NK|T_CD4_N&CM,0.9039535567313345,0.07933211657648477,0.9490117878561254,0.4082776334337999
CD8_TRM/EM@Madissoon_2022_Lung,T&NK|T_CD8_activated,0.348975188781014,0.20244055068836045,0.9597763108170074,0.40777509332599954
cS27 (CXCL14+ CAF)@Pelka_2021_Cancer|CRC,Fibroblast|NRG1,0.5785714285714286,0.34913793103448276,0.334920485693897,0.4074727558010083
cDC2@Elmentaite_2021_Intestine,Macrophage|CX3CR1,0.29874213836477986,0.4523809523809524,0.5004990276550229,0.40744407930220994
DC@Fan_2023_Cancer|CC,Dendritic_classical|FCGR3A,0.15888689407540396,0.5078909612625538,0.8381180911628078,0.4074314894130162
DC2@Park_2020_Thymus,Dendritic_classical|HSP,0.22077922077922077,0.9239130434782609,0.3306758207403769,0.40706513948490985
dnT@Hao_2021_Blood,T&NK|T_CD4_EM_Tfh,0.3910891089108911,0.22636103151862463,0.7609609980158952,0.4068927279285717
Other@Garcia-Alonso_2021_Endometrium,Mural|SPINT2,0.5461613216715258,0.13189392161464444,0.934476311000494,0.406791003457758
CD4 Proliferating@Hao_2021_Blood,T&NK|T_CD4_EM_Tfh,0.6831683168316832,0.0988538681948424,0.9883526681971198,0.4056434253733069
T06_CD8_ITGA1@Wang_2023_Cancer|CRC,T&NK|T_CD8_activated,0.41363712514659073,0.16597203549341222,0.9686546674773842,0.40514249868758206
B_Mem_CD71pos@Liu_2021_Blood|COVID-19,B_mature|Memory_switched,0.7435367114788004,0.1180623973727422,0.7561254767083542,0.40488898484857705
leukocyte@vanZyl_2022_Eye,T&NK|T_CD8_RM,0.2604166666666667,0.26881720430107525,0.9467167916398336,0.4046833209616686
Epithelial SOX9+LGR5-@Garcia-Alonso_2021_Endometrium,Ductal|Gland_SOX17,0.909985935302391,0.13664202745512144,0.5310668060589656,0.40419354925519424
Beta@Hwang_2022_Cancer|PDAC,Neuron_inhibitory,0.9927030456852792,0.3193834847402266,0.2081169190530632,0.40409151605462795
Beta@Hwang_2022_Cancer|PDAC,Neuron_inhibitory,0.9927030456852792,0.3193834847402266,0.2081169190530632,0.40409151605462795
"cd8-positive, alpha-beta memory t cell@TabulaSapiens_2022_Multiple",T&NK|T_CD8_activated,0.46678844237794753,0.19145892930118513,0.7380612672108652,0.404044666451582
cS17 (Pericyte)@Pelka_2021_Cancer|CRC,Mural|RERGL,0.6161879895561357,0.1912479740680713,0.559704227700661,0.40403862692186665
Colonocyte@Elmentaite_2021_Intestine,Ductal|Gastrointestinal_common,0.6124154064667057,0.13048509123275479,0.8249621670929986,0.40396804366936173
B05_plasma_IGLL1@Wang_2023_Cancer|CRC,Plasma,0.9996014348345954,0.06555834378920954,0.9999983713973606,0.40316675423953235
PC IGLL5@Garrido-Trigo_2023_Intestine|IBD,Plasma,1.0,0.06549176543019855,0.9999993140698064,0.40308391364529267
dnT_2@Hao_2021_Blood,T&NK|T_CD4_EM_Tfh,0.4830188679245283,0.1833810888252149,0.7383375970395505,0.40289437945378037
unswitched memory B cell@Kumar_2023_Breast_scRNA,B_mature,0.9928571428571429,0.06703102395113326,0.9821555948197144,0.40282304161152377
Eosinophils@Garrido-Trigo_2023_Intestine|IBD,Mast&Basophil,1.0,0.07196969696969698,0.9033664193355384,0.4021035175031274
Early Response Secretory Cells@Ziegler_2021_Nose|COVID-19,Ductal|Club,0.828099173553719,0.08472856418061897,0.9265008356384964,0.4020863572770759
Interferon Responsive Ciliated Cells@Ziegler_2021_Nose|COVID-19,Ciliated,0.9675716440422323,0.0672114830530672,0.9989723612308766,0.4020005936903926
CXCL10-Hi TAM@Bi_2021_Cancer|RCC,Macrophage|ISG,0.6548672566371682,0.10213940648723258,0.9618942209973592,0.4007048883307312
"central memory CD8-positive, alpha-beta T cell@Zeng_2025_BoneMarrow",T&NK|T_CD8_EM,0.3624898291293735,0.1931079323797139,0.9186670748648786,0.40063728452926767
CD4_Mem_EM.TE@Liu_2021_Blood|COVID-19,T&NK|T_CD8_EMRA,0.6632236368003843,0.10071496315751076,0.9596187046591024,0.4002065873871116
T_CD4_c07-AHNAK@Ren_2021_Blood|COVID-19,T&NK|T_CD4_activated,0.48749038859643934,0.13224440023105064,0.9934045201728116,0.4000888916931298
cS04 (Endo)@Pelka_2021_Cancer|CRC,Endothelial|CXCR4,0.9447236180904522,0.08683602771362586,0.7802259778587968,0.40001386291582286
NK_CD11d@Madissoon_2022_Lung,T&NK|NK_CD16,0.7932790224032586,0.08226845495828493,0.9793983448539216,0.39982771249457605
T09_CD8_TXNIP@Wang_2023_Cancer|CRC,T&NK|T_MAIT,0.5440587449933244,0.12430412567680928,0.9445978065876908,0.3997539439077005
SCGB1A1 high Goblet Cells@Ziegler_2021_Nose|COVID-19,Ductal|Club,0.7434842249657064,0.09166243869440216,0.9369598711994253,0.3996943896221614
Cancer Basal SC@Wu_2021_Cancer|BRCA,Ductal|Gland_LTF,0.48446196660482377,0.38685185185185184,0.3406618017392576,0.399677103197711
Cancer Basal SC@Wu_2021_Cancer|BRCA,Ductal|Gland_LTF,0.48446196660482377,0.38685185185185184,0.3406618017392576,0.399677103197711
Treg@Hwang_2022_Cancer|PDAC,T&NK|T_CD4_N&CM,0.75,0.09090909090909091,0.9332043949357152,0.3992225992280249
basal cell@Han_2020_Multiple,Squamous|Basal,0.33970633221168556,0.5925827107790822,0.3158183140267815,0.39911370686879344
intestinal crypt stem cell of colon@Chen_2021_Cancer|CRC,Ductal|Gastrointestinal_common,0.9944465012958164,0.06721048944049644,0.9482214927479428,0.3986968083431651
T4_reg@Perez_2022_Blood|SLE,T&NK|T_CD4_N&CM,0.8578298006959822,0.07444828211055773,0.9744132141989278,0.3962777225459483
enterocyte of epithelium of small intestine@TabulaSapiens_2022_Multiple,Ductal|Gastrointestinal_common,0.79,0.11118219037871034,0.7035491668489949,0.3953535019544688
endothelial cell@Jakel_2019_Brain|MS,Endothelial|Capillary_BBB,0.4820574162679426,0.5497953615279673,0.2331079252946102,0.3953231917440686
Treg@Stephenson_2021_Blood|COVID-19,T&NK|T_CD4_EM_Treg,0.8571428571428571,0.0779436152570481,0.9234971130885636,0.39514494708418035
B_Mem_CD62Lhi@Liu_2021_Blood|COVID-19,B_mature|Memory_switched,0.8704379562043796,0.07832512315270936,0.8984863578475999,0.39420016172570166
vascular associated smooth muscle cell@Seeker_2023_Brain,Endothelial|Arterial,0.39543726235741444,0.3586206896551724,0.431461120309379,0.39405018252180696
limbal stromal cell@TabulaSapiens_2022_Multiple,Muller,0.64,0.13953488372093023,0.6850933285353666,0.3940374522672918
MUC5AC high Goblet Cells@Ziegler_2021_Nose|COVID-19,Ductal|Club,0.6567796610169492,0.10485371215964823,0.8870895108178701,0.39384347067214426
CD4_naive@Reed_2024_Breast,T&NK|T_CD4_N&CM,0.4477533960292581,0.18095439189189189,0.752676995090755,0.39361552512835946
fibroblast@Chen_2021_Cancer|CRC,Fibroblast|IL24,0.19635343618513323,1.0,0.3096585309801333,0.3932244542276417
pericyte@Zhu_2023_Brain,Mural,0.7872968980797637,0.9620938628158845,0.0802341146762825,0.3931621335537758
Monocyte_Outlier_C@Adams_2020_Lung|IPF,Monocyte|Classical_general,0.6341463414634146,0.1925925925925926,0.4951225244564758,0.3925068600822211
cancer cells@Shiao_2024_Breast|BRCA,Ductal,0.36682275580352697,0.8041673947230473,0.2040952068249931,0.3919330119842512
NSCLC@Chan_2021_Lung|SCLC,Ductal|AT2,0.5959687123947052,0.4598421541318477,0.2194779150521807,0.3918089531548128
NSCLC@Chan_2021_Lung|SCLC,Ductal|AT2,0.5959687123947052,0.4598421541318477,0.2194779150521807,0.3918089531548128
CD4 TEM@Hao_2021_Blood,T&NK|T_CD4_N&CM,0.8650534118160017,0.08719537653547806,0.7961601331665337,0.391602632458851
PC IgG 2@Garrido-Trigo_2023_Intestine|IBD,Plasma,1.0,0.06002770509465907,0.9999819818594904,0.3915446597245869
transit amplifying cell@vanZyl_2022_Eye,Squamous|Corneal,0.8689839572192514,0.0717756183745583,0.9613954951711372,0.3914085078489006
kidney distal convoluted tubule epithelial cell@Lake_2023_Kidney,Ductal|Thick-ascending,0.8426150121065376,0.13790882859230455,0.5159986818725364,0.3914022200696815
inhibitory interneuron@Aldinger_2021_Brain,Neuron_inhibitory,0.999517024873219,0.06479742000125242,0.9222176932468112,0.3908953042843491
cS11 (Endo proif)@Pelka_2021_Cancer|CRC,Endothelial|CXCR4,0.8916256157635468,0.0836027713625866,0.8006067666237653,0.3907876429658669
vein endothelial cell@TabulaSapiens_2022_Multiple,Endothelial|Venous_activated,0.49482095294465817,0.15079365079365079,0.796903570963066,0.39031235917677637
Plasmablast IgA Lambda 2@Garrido-Trigo_2023_Intestine|IBD,Plasma,1.0,0.059027243343081424,0.9999924314492542,0.3893585699765597
cE07 (Goblet/Enterocyte)@Pelka_2021_Cancer|CRC,Ductal|Colonocyte,0.9193422083007048,0.085344576911893,0.7508968425351619,0.3891148474798674
Myeloid_c1_LAM1_FABP5@Wu_2021_Cancer|BRCA,Macrophage|ISG,0.3459000942507069,0.283507145616068,0.5954850054837774,0.3879673455052799
retinal cone cell@Wang_2022_Eye,Rod,1.0,0.058501539514197745,0.9979657749041198,0.387936801567555
Tgd_CRTAM+@Dominguez-Conde_2022_Multiple,T&NK|T_CD8_activated,0.6509594882729212,0.1128483773194352,0.7920752568704044,0.3875001803897606
GPNMB-Hi TAM@Bi_2021_Cancer|RCC,Macrophage|CX3CR1,0.5224312590448625,0.15391174589639736,0.7229027138361375,0.38737083946835227
SMG_Serous@Madissoon_2022_Lung,Ductal|Gland_CA6,0.3723938223938224,0.9683734939759037,0.1608013824460779,0.38706007806619513
CD4.IL22@Stephenson_2021_Blood|COVID-19,T&NK|T_CD4_N&CM,0.7319767125523695,0.08676164249276072,0.9126844398790456,0.38700379636877574
CD8_Mem_TEMRA@Liu_2021_Blood|COVID-19,T&NK|T_CD8_EMRA,0.4566641471403376,0.13223170642737286,0.95839355104067,0.3868050485630304
cM06 (DC IL22RA2)@Pelka_2021_Cancer|CRC,Dendritic_classical|DC2,0.45525291828793774,0.17018181818181818,0.744098324514667,0.38630655258099506
Ribhi T cells 1@Garrido-Trigo_2023_Intestine|IBD,T&NK|T_CD4_N&CM,0.5835351089588378,0.11214518380642159,0.8797780804745908,0.3861359630187071
Epithelial SOX9+Proliferative@Garcia-Alonso_2021_Endometrium,Ductal|Gland_SOX17,0.9604651162790697,0.08722280887011616,0.6866013081954829,0.38601611037169786
CD8 TCM@Hao_2021_Blood,T&NK|T_CD8_EM,0.39284563325813726,0.20480510752688172,0.7137019700525818,0.38579790908038114
Tnaive/CM_CD4_activated@Dominguez-Conde_2022_Multiple,T&NK|T&NK_HSP,0.6672892209178228,0.09238327423167848,0.9212408738483944,0.3843795017567876
pigmented epithelial cell@Monavarfeshani_2023_Eye,Ductal|Ependymal,0.6765799256505576,0.9993136582017845,0.0831904203116434,0.3831464005096797
cTNI18 (gd-like T PDCD1+)@Pelka_2021_Cancer|CRC,T&NK|T_CD8_KLRC2,0.4394218942189422,0.1311972089607051,0.9683807425562116,0.38219424576421795
"naive thymus-derived cd8-positive, alpha-beta t cell@TabulaSapiens_2022_Multiple",T&NK|T_CD8_EMRA,0.49140401146131807,0.1472735079433233,0.7659610347531743,0.38129110043948683
T(agonist)@Park_2020_Thymus,T&NK|T_CD4_N&CM,0.7185943552850028,0.08745285560344827,0.8752369396407464,0.3803013015930483
Cycling T-cells@Wu_2021_Cancer|BRCA,T&NK|T_CD8_exhausted,0.3160994764397906,0.17474674384949349,0.995204772129312,0.3802318034901036
T_cells_c11_MKI67@Wu_2021_Cancer|BRCA,T&NK|T_CD8_exhausted,0.3160994764397906,0.17474674384949349,0.995204772129312,0.3802318034901036
plasmacytoid dendritic cell@Kumar_2023_Breast_scRNA,Dendritic_classical|DC1,0.5608108108108109,0.10751295336787564,0.909972708750157,0.3799868015985217
B_mem_unswitched@Reed_2024_Breast,B_mature|Memory_unswitched,0.6512605042016807,0.11413843888070692,0.7380367513728083,0.37997487951422526
Monocyte_Outlier_B@Adams_2020_Lung|IPF,Monocyte|Classical_CCL4,0.5580589254766031,0.14048865619546247,0.6945560604986643,0.3790322882665618
Natural killer@Hwang_2022_Cancer|PDAC,T&NK|T_CD4_N&CM,0.6645091693635383,0.0880503144654088,0.9296587044338182,0.37889465294605856
Natural killer@Hwang_2022_Cancer|PDAC,T&NK|T_CD4_N&CM,0.6645091693635383,0.0880503144654088,0.9296587044338182,0.37889465294605856
CD4+ MKI67@Fan_2023_Cancer|CC,T&NK|T_CD4_RM_Treg,0.8249496981891348,0.06694970607446114,0.979298085231436,0.37817865767898506
MAIT@Garrido-Trigo_2023_Intestine|IBD,T&NK|T_MAIT,0.36904761904761907,0.18023255813953487,0.813158646395684,0.3781786260175389
kidney interstitial fibroblast@Lake_2023_Kidney,Fibroblast,0.42222625090645394,0.9521668029435814,0.1341374305383549,0.3778064922697654
Mature Luminal@Wu_2021_Cancer|BRCA,Ductal|Gland_MUCL1,0.966798418972332,0.05855597050655942,0.9511545787902131,0.37761804481214134
Mature Luminal@Wu_2021_Cancer|BRCA,Ductal|Gland_MUCL1,0.966798418972332,0.05855597050655942,0.9511545787902131,0.37761804481214134
HSC_prolif@Stephenson_2021_Blood|COVID-19,Hematopoietic,1.0,0.05405405405405406,0.9958899522181456,0.37758367353379446
KRT24 KRT13 high Secretory Cells@Ziegler_2021_Nose|COVID-19,Ductal|Club,0.8419182948490231,0.08016235413495687,0.794660867237147,0.3771152359210404
Acinar@Hwang_2022_Cancer|PDAC,Ductal|Pancreatobiliary_acinar,0.558692709340553,0.7878374693209709,0.1215669039883051,0.3768266974343171
Ciliated_CellCycle@Adams_2020_Lung|IPF,Ciliated,0.9932659932659933,0.05384194196021172,0.9999214394325304,0.3767477964097105
Fibroblast_EGR3@Fan_2023_Cancer|CC,Fibroblast|HSP,0.535126664925568,0.20938074800735745,0.4742732556965313,0.37595914923605234
B_Naive_CD11cpos@Liu_2021_Blood|COVID-19,B_mature|Memory_atypical,0.494279176201373,0.15472779369627507,0.6908953568998464,0.37524735555767286
XCL+ NKs@Zhu_2020_Blood|COVID-19,T&NK|NK_CD16,0.4950943396226415,0.1080368906455863,0.9829845509867332,0.37462973345191564
Macrophage_Outlier_F@Adams_2020_Lung|IPF,Monocyte|Classical_FABP5,0.7854585513632608,0.11516717816184785,0.5798447766220721,0.37432995536165725
CD8_Tm XCL1@Fan_2023_Cancer|CC,T&NK|T&NK_HSP,0.6690951821386604,0.09347297918445072,0.8307024368184245,0.373141160014736
normal luminal progenitor@Shiao_2024_Breast|BRCA,Ductal|Gland_LTF,0.620413327709827,0.13205260559271062,0.6306411794027562,0.37245185343775516
M_CD16_IL1B@Gur_2022_Skin|Scleroderma,Dendritic_classical|DC3,0.3025210084033613,0.6153846153846154,0.277481421593403,0.37243060422684093
Endothelia_vascular_arterial_systemic@Madissoon_2022_Lung,Endothelial|Arterial,0.8697674418604651,0.06243739565943239,0.948709813151264,0.37210065949467436
MT fibroblasts@Garrido-Trigo_2023_Intestine|IBD,Fibroblast|ADAMDEC1,0.7755102040816326,0.13296011196641008,0.4936510192867046,0.3706036073278292
adipocyte of breast@Kumar_2023_Breast_snRNA,Fibroblast|CD36,0.5526584867075665,0.2726768237312078,0.3364055854994191,0.37010312830121234
committed oligodendrocyte precursor@Seeker_2023_Brain,Oligodendrocyte_progenitor,0.8673469387755102,0.07657657657657657,0.7624812108963196,0.36997522905587665
Activated T@Elmentaite_2020_Intestine|pIBD,T&NK|T_CD4_N&CM,0.44518272425249167,0.11744084136722173,0.961496242210128,0.3690639985005603
Ribhi T cells 2@Garrido-Trigo_2023_Intestine|IBD,T&NK|T_CD4_N&CM,0.6597222222222222,0.08841321544904607,0.8617529874975239,0.36905154866368367
T_CD4_c11-GNLY@Ren_2021_Blood|COVID-19,T&NK|T_CD8_EMRA,0.6573777229757501,0.07674295859123842,0.9921058575955312,0.36852801807152485
CD8 TCM_3@Hao_2021_Blood,T&NK|T_CD8_EM,0.8386023294509152,0.0846774193548387,0.7038694236557933,0.368359543441716
Epitheial_Club@Hirz_2023_Cancer|PRC,Ductal|Club,0.5031446540880503,0.6926406926406926,0.1428282020256488,0.36785072093498966
megakaryocyte-erythroid progenitor cell@Zeng_2025_BoneMarrow,Hematopoietic,1.0,0.04959606172952988,0.9996056979357968,0.3673600890276617
Fibro_ACTA2@Gur_2022_Skin|Scleroderma,Fibroblast|Dermal-sheath,0.6083743842364532,0.11299176578225069,0.7210327887030482,0.3673309962071606
Cancer Cycling@Wu_2021_Cancer|BRCA,Ductal|Gland_MUCL1,0.6342601231573055,0.16274059178397013,0.4799709025869857,0.3672761574698112
Cancer Cycling@Wu_2021_Cancer|BRCA,Ductal|Gland_MUCL1,0.6342601231573055,0.16274059178397013,0.4799709025869857,0.3672761574698112
TRGV5/7 gdT@Elmentaite_2021_Intestine,T&NK|T_CD8_KLRC2,0.572463768115942,0.10915371329879102,0.7921355091873009,0.3671656129939232
B_MemSort.IgMnegCD11cpos@Liu_2021_Blood|COVID-19,B_mature|Memory_switched,0.432378079436903,0.1412151067323481,0.8051119936795939,0.36632540718932466
SCLC-A@Chan_2021_Lung|SCLC,Ductal|Gland_MUCL1,0.42120922715251247,0.834024292675831,0.1398823005243257,0.3662799231346588
SCLC-A@Chan_2021_Lung|SCLC,Ductal|Gland_MUCL1,0.42120922715251247,0.8338423502036068,0.1398823005243257,0.366253286531908
Bergmann glial cell@Siletti_2023_Brain,Astrocyte,0.998756373585375,0.049262080895071954,0.9984232565914052,0.3662370989163625
MT T cells@Garrido-Trigo_2023_Intestine|IBD,T&NK|T_CD4_N&CM,0.6558441558441559,0.09399720800372266,0.7961144417351466,0.36612583040188784
pericyte@Jakel_2019_Brain|MS,Endothelial|Capillary_BBB,0.5487179487179488,0.4379263301500682,0.2038374195213462,0.36588509012271037
Myeloid@Habermann_2020_Lung|COVID-19,Macrophage,0.2787658172993586,0.9491265344664778,0.1843343284727342,0.36536192348955215
T_CD4_c02-AQP3@Ren_2021_Blood|COVID-19,T&NK|T_CD4_N&CM,0.7688252560953693,0.06410269217321812,0.9890162724689026,0.3652883172358433
Multiplet_VascEndoB_VascEndoD@Adams_2020_Lung|IPF,Endothelial|Capillary_aerocyte,1.0,0.0539546290619252,0.9020298122160042,0.36510395217904157
B_Mem_IgMvar@Liu_2021_Blood|COVID-19,B_mature|Naive,0.7829360100376411,0.06753612208452839,0.9154682094678916,0.36444770403865473
NK MKI67@Fan_2023_Cancer|CC,T&NK|T_CD8_KLRC2,0.9065420560747663,0.053948832035595105,0.9680199039638784,0.3617579607525602
"cd8-positive, alpha-beta t cell@TabulaSapiens_2022_Multiple",T&NK|T_CD8_activated,0.2593503937007874,0.21536575398447078,0.8439936149908388,0.3612442193257549
medium spiny neuron@Phan_2024_Brain|Opioid,Neuron_excitatory,1.0,0.04878650761003702,0.9625050004230578,0.36077317756634986
Intestinal macrophages@Dominguez-Conde_2022_Multiple,Macrophage|EREG,0.4691151919866444,0.1386969397828233,0.7211067994166341,0.3606744036026063
T_CD4_c05-FOS@Ren_2021_Blood|COVID-19,T&NK|T_CD4_N&CM,0.6846873607604337,0.06907746865790919,0.9903265696581064,0.36046993823359363
L6 corticothalamic-projecting glutamatergic cortical neuron@ Ma_2022_Brain,Neuron_excitatory,0.998139534883721,0.04673752068995557,0.9989696534245917,0.3598623468346606
gammadeltaT@Liu_2021_Blood|COVID-19,T&NK|T_CD8_activated,0.48800813008130084,0.09990845539280958,0.9519181169192934,0.3593709476090612
regulatory t cell@TabulaSapiens_2022_Multiple,T&NK|T_CD4_EM_Treg,0.3177283192632387,0.16389548693586697,0.8904791996045903,0.35926554329357907
Erythroblasts@Ziegler_2021_Nose|COVID-19,Ciliated,0.973630831643002,0.050290743360050294,0.9466589803889686,0.35921845787607776
Erythroblasts@Ziegler_2021_Nose|COVID-19,Ciliated,0.973630831643002,0.050290743360050294,0.9466589803889686,0.35921845787607776
Fibroblast@Bi_2021_Cancer|RCC,Fibroblast|CCL19,0.5054945054945055,0.6052631578947368,0.1510313038434625,0.35884691486758474
Airway basal@Habermann_2020_Lung|COVID-19,Squamous,0.5606361829025845,0.9038461538461539,0.0910420943775594,0.35865147875923253
CD8 TCM_1@Hao_2021_Blood,T&NK|T_CD8_EM,0.5921787709497207,0.10685483870967742,0.7241402778189063,0.3578408448851381
"activated CD4-positive, alpha-beta T cell@Kumar_2023_Breast_scRNA",T&NK|T_CD4_N&CM,0.5219029674988224,0.09687008218219968,0.9020029009480816,0.3572693744496353
Macro_M2-SELENOP@Fan_2023_Cancer|CC,Macrophage|HSP,0.3191489361702128,0.17939282428702852,0.7961828116092751,0.3572210878165243
PC  immediate early response@Garrido-Trigo_2023_Intestine|IBD,Plasma,0.9916387959866221,0.045636447591195936,0.9990074779296698,0.35624164958072696
lung microvascular endothelial cell@TabulaSapiens_2022_Multiple,Endothelial|Venous_general,0.4577319587628866,0.11217786760990399,0.8796650920391496,0.35613275939784106
"CD4-positive, alpha-beta T cell@Kumar_2023_Breast_scRNA",T&NK|T_CD4_activated,0.47316791690709753,0.10193933366484337,0.9317035247039352,0.3555316536693301
Fibroblast_NCAM1@Fan_2023_Cancer|CC,Fibroblast|ITGB8,0.43784683684794673,0.5197628458498024,0.1967233425232984,0.35508128349446333
NK_prolif@Stephenson_2021_Blood|COVID-19,T&NK|NK_CD16,0.9705823090872456,0.04687986608533167,0.9829485010084256,0.35496306529348526
CD8+ T (terminally dysfunctional)@Hwang_2022_Cancer|PDAC,T&NK|T_CD4_N&CM,0.9045346062052506,0.05417381360777587,0.9122389406827022,0.35490141785590007
basal cell of prostate epithelium@TabulaSapiens_2022_Multiple,Squamous|Basal,0.4008489993935719,0.14231887178383035,0.783354313801006,0.35486827749954947
SMG_Basal@Madissoon_2022_Lung,Squamous|Basal,0.8766404199475065,0.05470925470925471,0.9293887524428504,0.35456285357087913
myeloid cell@Han_2020_Multiple,T&NK|T_CD4_N&CM,0.9408502772643254,0.048331196885533875,0.9727140583397668,0.35365333131881566
FB4@Reed_2024_Breast,Fibroblast|IL6,0.8835092828540225,0.062478011275388934,0.7999087851382618,0.3534485954629761
cd4-positive alpha-beta t cell@TabulaSapiens_2022_Multiple,T&NK|T_CD4_activated,0.5116477272727272,0.10369048304450458,0.8312822111100296,0.3533074630704428
Treg@Elmentaite_2021_Intestine,T&NK|T_CD4_activated,0.40404040404040403,0.125,0.873164579268775,0.353300001971333
Macrophages@Habermann_2020_Lung|COVID-19,Macrophage,0.28025225082298816,0.8340415486307837,0.1865053119560987,0.35194597299667696
MSR1 C1QB high Macrophages@Ziegler_2021_Nose|COVID-19,Macrophage|EREG,0.3170731707317073,0.21311475409836064,0.6434943085547086,0.35164618300412936
B intermediate kappa@Hao_2021_Blood,B_mature|Memory_switched,0.48083333333333333,0.12050960735171261,0.7452805297805399,0.3508423446505455
Epitheial_Hillock@Hirz_2023_Cancer|PRC,Squamous|Basal,0.5551694178974804,0.13753766681015928,0.562589844893931,0.35022436667708534
Fibroblasts@Hirz_2023_Cancer|PRC,Fibroblast|ITGB8,0.43561368209255535,0.9829738933030647,0.1000311326785041,0.34988572765274745
dendritic cell@TabulaSapiens_2022_Multiple,Dendritic_classical|FCGR3A,0.2026266416510319,0.289544235924933,0.7299566879053544,0.3498668976468098
"activated CD8-positive, alpha-beta T cell@Kumar_2023_Breast_scRNA",T&NK|T_CD8_RM,0.3507751937984496,0.14509018036072144,0.840268383766844,0.3496994685113892
KRT14_S100A2_GJA1@Gur_2022_Skin|Scleroderma,Squamous|Keratinocyte_basal,0.6401515151515151,0.23214285714285715,0.2871491506223096,0.34944745322301063
Macrophage_Outlier_A@Adams_2020_Lung|IPF,Monocyte|Classical_FABP5,0.6888327721661055,0.099135842351801,0.6237664881138304,0.3492385530935355
Myeloid_c2_LAM2_APOE@Wu_2021_Cancer|BRCA,Macrophage|ISG,0.38010657193605685,0.1653147933565083,0.6733381280175815,0.34845772865363966
Neu_c6-FGF23@Ren_2021_Blood|COVID-19,Neutrophil,0.7458279845956355,0.056827073552425666,0.9979559143376155,0.3484189552838645
Treg@Hwang_2022_Cancer|PDAC,T&NK|T_CD4_N&CM,0.8228941684665226,0.05445969125214408,0.941262244531837,0.34810473667174513
t cell@TabulaSapiens_2022_Multiple,T&NK|T_CD4_activated,0.34940743767879034,0.1476768956186309,0.8163014262888632,0.34793524048897206
T_Naive@Gur_2022_Skin|Scleroderma,T&NK|T_CD4_N&CM,0.5720984759671747,0.0769958977595456,0.9458386725881168,0.346671773064847
gammadeltaT@Liu_2021_Blood|COVID-19,T&NK|T_CD8_activated,0.4212658227848101,0.10380968224920978,0.9511120915225638,0.34647768074766283
T_Vd2@Liu_2021_Blood|COVID-19,T&NK|T_CD8_activated,0.4212658227848101,0.10380536494073613,0.9511120915225638,0.346472877497035
dendritic cell@Zeng_2025_BoneMarrow,Dendritic_classical|DC2,0.5815217391304348,0.17056323060573858,0.4189707528801309,0.34637379271699664
NK_4@Hao_2021_Blood,T&NK|NK_CD16,0.7841584158415842,0.06368265880461002,0.8289700676104698,0.3459297779959062
S1 Ribhi@Garrido-Trigo_2023_Intestine|IBD,Fibroblast|ADAMDEC1,0.821917808219178,0.08397480755773268,0.5924594674363044,0.3445180791233341
M0@Garrido-Trigo_2023_Intestine|IBD,Macrophage|LYVE1,0.4253968253968254,0.30385487528344673,0.315444853519406,0.34418713498732706
chandelier pvalb GABAergic cortical interneuron@ Ma_2022_Brain,Neuron_inhibitory,0.9990079365079365,0.04079069955847207,0.9999999137177406,0.3441200823521349
T_CD8_c02-GPR183@Ren_2021_Blood|COVID-19,T&NK|T_CD4_activated,0.3061135211986439,0.13473140363262948,0.9878018616394842,0.34409132943372983
DC@Reed_2024_Breast,Macrophage|EREG,0.8395061728395061,0.11447811447811448,0.4228035430948548,0.3437913878570277
Treg@Hao_2021_Blood,T&NK|T_CD4_N&CM,0.8024219247928617,0.05533214670270508,0.9105778567293488,0.34321463403424335
ocular surface cell@TabulaSapiens_2022_Multiple,Endothelial|Lymphatic_LYVE1,0.8148148148148148,0.0502283105022831,0.9840260291394852,0.3427714890481405
NK@Gur_2022_Blood|Scleroderma,T&NK|T_CD4_N&CM,0.538391502276176,0.07670687940502444,0.975002139228639,0.3427514968368667
MitoHigh CD8+ T cell@Bi_2021_Cancer|RCC,T&NK|T_CD8_MHCII,0.3825910931174089,0.11763485477178423,0.8939260670999534,0.3426553306685334
BMYO2@Reed_2024_Breast,Squamous|Myoepithelial,0.8837525492861998,0.04969229005007454,0.9104956999340758,0.3419525631407195
Tregs@Dominguez-Conde_2022_Multiple,T&NK|T_CD4_activated,0.5251585275467348,0.10111629086988234,0.749139725695336,0.34136956078880426
Vascular-Endothelial_E_MT-tRNAs@Adams_2020_Lung|IPF,Endothelial|Venous_activated,1.0,0.05419766206163656,0.7295368216606116,0.3406768239887815
B07_plasma_PPIB@Wang_2023_Cancer|CRC,Plasma,0.9907834101382489,0.03934023421162693,0.999901246652368,0.3390451938200384
Epithelial Glandular_secretory@Garcia-Alonso_2021_Endometrium,Ductal|Gland_SOX17,0.9929078014184397,0.059134107708553325,0.6578208431133036,0.33802711101305416
MAIT@Zhu_2020_Blood|COVID-19,T&NK|T_CD4_N&CM,0.4177945418238296,0.09443329989969909,0.9779433923310848,0.33790961397959457
Club@Chan_2021_Lung|SCLC,Ductal|Club,0.5714285714285714,0.0903387703889586,0.7447946458046624,0.3375132996165666
Mono_c1-CD14-CCL3@Ren_2021_Blood|COVID-19,Monocyte|Classical_general,0.4616952112949396,0.11513193713476824,0.7132107730598582,0.33593585464777637
NK_CD56loCD16lo@Liu_2021_Blood|COVID-19,T&NK|NK_CD16,0.5924037726229926,0.06515644274980374,0.9799579247300988,0.33568160025905547
Acinar (REG+)@Hwang_2022_Cancer|PDAC,Ductal|Pancreatobiliary_acinar,0.9516129032258065,0.0482683392418871,0.8230464418997826,0.3356209070372322
B08_plasma_IGLJ3@Wang_2023_Cancer|CRC,Plasma,0.993844049247606,0.037980970305311584,0.9999991203398648,0.33545013556565206
L6b glutamatergic cortical neuron@ Ma_2022_Brain,Neuron_excitatory,0.9994249568717654,0.03785172924470773,0.9961161623547168,0.33526017490742943
CD8 Tmem@Elmentaite_2021_Intestine,T&NK|T_CD8_activated,0.2879581151832461,0.14627659574468085,0.8874162415246268,0.3343570718717086
Developing Secretory and Goblet Cells@Ziegler_2021_Nose|COVID-19,Squamous|Basal,0.5467980295566502,0.12012987012987013,0.5673926640601663,0.3340313445007398
Developing Secretory and Goblet Cells@Ziegler_2021_Nose|COVID-19,Squamous|Basal,0.5467980295566502,0.12012987012987013,0.5673926640601663,0.3340313445007398
Macrophage_Outlier_C@Adams_2020_Lung|IPF,Macrophage|EREG,0.7352053840798329,0.08519793459552495,0.5944490274652773,0.33392642560620117
mcTEC@Park_2020_Thymus,Squamous|cTEC,0.7838926174496644,0.08175836483270335,0.5750686944966817,0.3327894110932936
Airway goblet@Habermann_2020_Lung|COVID-19,Ductal|Gastrointestinal_common,0.39158386908240794,0.3641304347826087,0.258419387040175,0.33276345255058026
sT@Gur_2022_Blood|Scleroderma,T&NK|T_CD4_N&CM,0.9661016949152542,0.03943442729277468,0.961512174879077,0.33211186382256946
B intermediate lambda@Hao_2021_Blood,B_mature|Memory_switched,0.4015525758645025,0.11883876357560567,0.7674395054570583,0.33208421353719636
Myeloid_c11_cDC2_CD1C@Wu_2021_Cancer|BRCA,Dendritic_classical|FCGR3A,0.2789317507418398,0.26857142857142857,0.486146253537844,0.3314679698766024
Chondrocyte@Madissoon_2022_Lung,Fibroblast,0.4977645305514158,0.41854636591478694,0.174362295403122,0.33118706512409113
CD8_naive CCR7@Fan_2023_Cancer|CC,T&NK|T&NK_ISG,0.32465543644716693,0.11699779249448124,0.9559668159399012,0.3311420919813019
vascular associated smooth muscle cell@Zhu_2023_Brain,Fibroblast,0.38309859154929576,0.951048951048951,0.0994618796165248,0.33092026452197226
cTNI21 (PLZF+ T prolif)@Pelka_2021_Cancer|CRC,T&NK|T_CD8_KLRC2,0.7704918032786885,0.04746603011384502,0.987590061959398,0.3305540998897288
Acinar-REG+@Tosti_2021_Pancreas,Ductal|Pancreatobiliary_acinar,0.957983193277311,0.07437651268020624,0.5026491499262139,0.3296245510649898
CD4 TEM_3@Hao_2021_Blood,T&NK|T_CD4_N&CM,0.9288830715532286,0.046784011251016326,0.8205715784272771,0.3291483315661017
DC@Liu_2021_Blood|COVID-19,Dendritic_plasmacytoid,0.3563218390804598,0.09989258861439312,0.9998362222755698,0.32892851554287184
myelinating Schwann cell@Monavarfeshani_2023_Eye,Schwann,0.9032258064516129,0.04233870967741935,0.916792659445841,0.3272917269803372
dn3 thymocyte@TabulaSapiens_2022_Multiple,T&NK|T_CD4_N&CM,0.7466442953020134,0.05183862074321438,0.902329444575433,0.32687178863777167
CD4_Mem_integrin.hi@Liu_2021_Blood|COVID-19,T&NK|T_CD4_activated,0.7196685225948466,0.05120740010503137,0.9476204009201376,0.3268635892386777
CAFs Transitioning s3@Wu_2021_Cancer|BRCA,Fibroblast|LRRC15,0.5497287522603979,0.09937888198757763,0.6370316056256339,0.3264884681868796
Plasmablast IgG Lambda@Garrido-Trigo_2023_Intestine|IBD,Plasma,1.0,0.03470832692011698,0.9998561036260823,0.32617979881161874
Monocytes@Habermann_2020_Lung|COVID-19,Monocyte,0.2659438775510204,0.6797066014669927,0.1918199257720093,0.32608818815967716
BPIFA1 and Chemokine high Secretory Cells@Ziegler_2021_Nose|COVID-19,Ductal|Club,0.9423868312757202,0.03872822594283781,0.9492156840155808,0.3259922227804126
DN TNF@Garrido-Trigo_2023_Intestine|IBD,T&NK|T_CD4_activated,0.44372294372294374,0.09074811863656485,0.857005613823693,0.32557001095504545
B Cells@Ziegler_2021_Nose|COVID-19,B_mature,0.19718309859154928,0.7,0.2498114298790041,0.32548177624465113
B Cells@Ziegler_2021_Nose|COVID-19,B_mature,0.19718309859154928,0.7,0.2498114298790041,0.32548177624465113
Macro_M1-CD163-@Fan_2023_Cancer|CC,Macrophage|CX3CR1,0.3342776203966006,0.20136518771331058,0.5117369057611801,0.3253714759341086
"naive thymus-derived cd4-positive, alpha-beta t cell@TabulaSapiens_2022_Multiple",T&NK|T_CD4_N&CM,0.5519580635214307,0.06950646526618258,0.8974959195845197,0.3253278597392742
CAFs MSC iCAF-like s2@Wu_2021_Cancer|BRCA,Fibroblast|KLK1,0.2725118483412322,0.24083769633507854,0.5211280794715386,0.3246021879143979
cd8-positive alpha-beta t cell@TabulaSapiens_2022_Multiple,T&NK|T_CD8_activated,0.33754208754208753,0.1365617763247514,0.7324260443815761,0.32320168979850333
T_CD8_c13-HAVCR2@Ren_2021_Blood|COVID-19,T&NK|T_CD4_EM_Tfh,0.3646308113035551,0.09308820107051431,0.9922543576378788,0.3229413616359415
Treg@Stephenson_2021_Blood|COVID-19,T&NK|T_CD4_N&CM,0.6423506336753169,0.054912456066810694,0.9529590160394676,0.3227298105275826
Tregs@Melms_2021_Lung,T&NK|T_CD4_N&CM,1.0,0.04624153900961881,0.7264680218768412,0.32266331690945815
Epithelial Glandular@Garcia-Alonso_2021_Endometrium,Ductal|Gland_SOX17,0.944206008583691,0.046462513199577615,0.7618207062633094,0.32211237498201656
LowLibSize Macrophage@Bi_2021_Cancer|RCC,Macrophage|CX3CR1,0.6502976190476191,0.09315710935834577,0.551170883929116,0.32201157159073984
artery endothelial cell@TabulaSapiens_2022_Multiple,Endothelial|Arterial,0.6956521739130435,0.04880528723945094,0.9831996664679664,0.32198347320968257
"effector memory CD4-positive, alpha-beta T cell@Kumar_2023_Breast_scRNA",T&NK|T_CD8_activated,0.42473889002662296,0.08972528661042613,0.8741146831420192,0.3217622566655875
Colonocyte 1@Garrido-Trigo_2023_Intestine|IBD,Ductal|Gastrointestinal_common,0.6124604012671595,0.08925823330255463,0.6076178031282315,0.3214540711790006
cE05 (Enterocyte 2)@Pelka_2021_Cancer|CRC,Ductal|Gastrointestinal_common,0.7294380636707006,0.07708599776798443,0.5892901593284914,0.3211917411179054
brainstem motor neuron@Aldinger_2021_Brain,Neuron_inhibitory,0.9996489996489997,0.04458638612311353,0.7415666977246631,0.32092238339349616
PC IgA heat shock 2@Garrido-Trigo_2023_Intestine|IBD,Plasma,1.0,0.032938279205787284,0.9999129775724248,0.3205440382072897
Plasmablast IgG@Garrido-Trigo_2023_Intestine|IBD,Plasma,0.9976744186046511,0.03301523780206249,0.9985388226140356,0.32039771268805856
Lymph_prolif@Stephenson_2021_Blood|COVID-19,T&NK|NK_CD16,0.6989247311827957,0.04807692307692308,0.9785910063649466,0.32037313995640154
double negative thymocyte@Schulte-Schrepping_2020_Blood|COVID-19,T&NK|T_CD4_EM_Tfh,0.6158940397350994,0.0696629213483146,0.7629893192580374,0.31989592968124897
dn T@Schulte-Schrepping_2020_Blood|COVID-19,T&NK|T_CD4_EM_Tfh,0.6158940397350994,0.0696629213483146,0.7629893192580374,0.31989592968124897
Treg@Park_2020_Thymus,T&NK|T_CD4_N&CM,0.3825900053734551,0.09590517241379311,0.8918240431879416,0.3198538695807476
LASP4@Reed_2024_Breast,Ductal|Gland_LTF,0.9186308926780341,0.03882059976687507,0.914754007033624,0.3195233021948072
MitoHigh NK@Bi_2021_Cancer|RCC,T&NK|NK_CD16,0.25112107623318386,0.1509433962264151,0.8491424540179537,0.31809678420557175
kidney connecting tubule epithelial cell@Lake_2023_Kidney,Ductal|Ionocyte,0.4635711589278973,0.2606775919164473,0.2656791450659969,0.317828270519238
AT1@Habermann_2020_Lung|COVID-19,Ductal,0.4422217493083635,0.4918343195266272,0.1474099445083194,0.31768392289932024
AT1@Habermann_2020_Lung|COVID-19,Ductal,0.4422217493083635,0.4918343195266272,0.1474099445083194,0.31768392289932024
Dendritic@Hwang_2022_Cancer|PDAC,Dendritic_classical,0.26356589147286824,0.7192307692307692,0.1681597373184275,0.31707341380792103
goblet cell@Han_2020_Multiple,Ductal|Gastrointestinal_common,0.8716451119454874,0.18102527075812275,0.2016786876314865,0.3168932367828208
CD4_Mem_CD4.KLRG1pos.NotCD8@Liu_2021_Blood|COVID-19,T&NK|T_CD8_EMRA,0.5182908984489318,0.06460202816079376,0.9478505426576482,0.3166065286425924
CD8_Mem_CD101hi@Liu_2021_Blood|COVID-19,T&NK|T_CD8_EMRA,0.7083097795364612,0.04570657328372364,0.9766760987346896,0.3162162277142947
B intermediate@Schulte-Schrepping_2020_Blood|COVID-19,B_mature|Naive,0.36674528301886794,0.12808896210873147,0.6713567797916434,0.3159438268085249
transitional stage B cell@Schulte-Schrepping_2020_Blood|COVID-19,B_mature|Naive,0.36674528301886794,0.12808896210873147,0.6713567797916434,0.3159438268085249
retinal astrocyte@Voigt_2021_Eye,Muller,0.9410187667560321,0.038541781047545846,0.8589232108946244,0.31465028865484945
CD8_CD45RAnegCD28pos@Liu_2021_Blood|COVID-19,T&NK|T_CD4_activated,0.44434440067529546,0.07271789582258896,0.9623471396194844,0.3144591661063934
Cycling NK/T cells@Melms_2021_Lung,T&NK|T_CD4_N&CM,0.46979388770433544,0.09419308870680441,0.6982712303926655,0.31379800851946393
epithelial cell of uterus@TabulaSapiens_2022_Multiple,Ductal|Gland_SOX17,0.6752577319587629,0.06501240694789082,0.7033804260378568,0.3137270962072099
paneth cell of epithelium of large intestine@TabulaSapiens_2022_Multiple,Ductal|Gastrointestinal_common,0.7342342342342343,0.0834186284544524,0.5027921458444425,0.31344551014327315
C1_CD16_mono@Stephenson_2021_Blood|COVID-19,Monocyte|ISG,0.586231884057971,0.06690742680707945,0.783615104614809,0.3132435860528277
Cycling T&NK@Dominguez-Conde_2022_Multiple,T&NK|NK_CD16,0.5912511759172154,0.05419738714267236,0.9590934060870906,0.31323510182210396
S3@Garrido-Trigo_2023_Intestine|IBD,Fibroblast|ADAMDEC1,0.8297872340425532,0.05458362491252624,0.6775526515189163,0.31308148906284283
Secretory progenitor@Garrido-Trigo_2023_Intestine|IBD,Ductal|Gastrointestinal_common,0.554945054945055,0.062172976300400126,0.8893504104462955,0.31307004661293436
DNT@Liu_2021_Blood|COVID-19,T&NK|T_CD8_EMRA,0.40837893942253256,0.07893776902312687,0.9475441784316286,0.3125953769754331
DNT@Liu_2021_Blood|COVID-19,T&NK|T_CD8_EMRA,0.40837893942253256,0.07893776902312687,0.9475441784316286,0.3125953769754331
B_non-switched_memory@Stephenson_2021_Blood|COVID-19,B_mature|Memory_switched,0.36012176560121767,0.12442153975599494,0.6803808331740618,0.31239135318053357
TP1@Bi_2021_Cancer|RCC,Ductal|Proximal-tubule,0.7286401925391095,0.40145864412398474,0.1036661728083631,0.31183893185521794
Multiplet_Secretory_Ciliated@Adams_2020_Lung|IPF,Ciliated,1.0,0.030297499543712355,0.99999776012804,0.3117467526428641
cd8b-positive nk t cell@TabulaSapiens_2022_Multiple,T&NK|T&NK_HSP,0.7058823529411765,0.04968258349434171,0.8620759115850672,0.3115257870662565
Myeloid_c8_Monocyte_2_S100A9@Wu_2021_Cancer|BRCA,Macrophage|EREG,0.20320855614973263,0.19250253292806485,0.7687406554937759,0.3109706700004167
Cycling plasma cell@Elmentaite_2020_Intestine|pIBD,Plasma,0.9871794871794872,0.030338849487785657,0.999786210390814,0.31052801758623466
Dendritic (conventional type 2)@Hwang_2022_Cancer|PDAC,Dendritic_classical,0.30158730158730157,0.5846153846153846,0.1695418079151266,0.31035115582456646
SMG_Duct@Madissoon_2022_Lung,Ductal|Club,0.5628891656288917,0.11574903969270166,0.458100223361544,0.3101941453048767
muscle cell@TabulaSapiens_2022_Multiple,Mural|RERGL,0.6247139588100686,0.049890350877192985,0.9468575169632232,0.3090253686885325
Myoepithelial@Madissoon_2022_Lung,Mural,0.8929384965831435,0.5885885885885885,0.0560345731082887,0.3088136468578322
Fibro_peribronchial@Madissoon_2022_Lung,Fibroblast|CD36,0.6084949215143121,0.08575146389069616,0.5604759213291262,0.30809535691736567
intestinal crypt stem cell@TabulaSapiens_2022_Multiple,Ductal|Gastrointestinal_common,1.0,0.03134595701125895,0.9256533407318068,0.3072863735826362
Plasma_cell_IgM@Stephenson_2021_Blood|COVID-19,Plasma,0.49527085124677556,0.05854848546452531,0.9999818087557686,0.3072204902304799
Hepatocyte@Chan_2021_Lung|SCLC,Ductal|AT2,0.5409836065573771,0.09958217270194986,0.5377710798015538,0.3071291575554712
Treg Naive@Hao_2021_Blood,T&NK|T_CD4_N&CM,0.9844302901627743,0.03056672599819808,0.958607052692932,0.3066842718549782
CD4_Th@Reed_2024_Breast,T&NK|T_CD4_N&CM,0.3274139844617092,0.1245777027027027,0.7063177351431857,0.30655792752992084
CD4_TRM@Madissoon_2022_Lung,T&NK|T_CD4_N&CM,0.4308768154922001,0.07001748251748252,0.9536585021650084,0.3064202771017706
Neu_c2-CXCR4(low)@Ren_2021_Blood|COVID-19,Neutrophil,0.7366482504604052,0.03912363067292645,0.9965445028634444,0.3062424120232563
PC IgA 3@Garrido-Trigo_2023_Intestine|IBD,Plasma,0.9946949602122016,0.02885947360320148,0.9999865087412116,0.30618987198787795
embryonic stem cell@Han_2020_Multiple,Hematopoietic,0.9118004866180048,0.03302635057724509,0.9497877692413134,0.3058174948083321
Pulmonary venous endothelial cells@Habermann_2020_Lung|COVID-19,Endothelial|Venous_general,0.46331236897274636,0.15347222222222223,0.4014851301205293,0.305626527491139
mLN Stroma (FMO2+)@Elmentaite_2021_Intestine,Fibroblast|Universal,0.9844961240310077,0.03307291666666667,0.8722410850140498,0.30509916251256086
Epi_GCM2@Park_2020_Thymus,Ductal,0.8108108108108109,0.20905923344947736,0.167101185809462,0.3048288998633283
PV5@Reed_2024_Breast,Mural|RERGL,0.5003614022406939,0.06943155888769088,0.8127874725334269,0.30451304785061956
FB3@Reed_2024_Breast,Fibroblast|IL6,0.6270513499205929,0.060984923243261796,0.7352509615829372,0.30407944454555147
mast cell@COMBAT_2022_Blood|COVID-19,Hematopoietic,1.0,0.02813852813852814,0.9952916339544212,0.30368073609533874
AT1@Madissoon_2022_Lung,Ductal,0.4802460697197539,0.3891658358258558,0.1496065088403619,0.30351698890112416
epithelial cell@TabulaSapiens_2022_Multiple,Ductal|Gland_MUCL1,0.6543402971735002,0.525338595389721,0.0804810854976531,0.30244443667506227
sT_Effector@Gur_2022_Skin|Scleroderma,T&NK|T_CD4_N&CM,0.5095628415300546,0.05885137267276743,0.9149144850160496,0.3016094539557369
cTNI09 (CD4+ Treg prolif)@Pelka_2021_Cancer|CRC,T&NK|T_CD4_RM_Treg,0.31719260065288357,0.09028960817717206,0.9565355073892774,0.301453712953719
T_CD4_c04-ANXA2@Ren_2021_Blood|COVID-19,T&NK|T_CD4_N&CM,0.5209891022821678,0.05324908845712002,0.9847649256745996,0.30117884462080347
CD8_Tem@Reed_2024_Breast,T&NK|T_CD8_activated,0.4874418604651163,0.0764294049008168,0.7329496757381938,0.3011289334500611
Mono_Intermediate@Liu_2021_Blood|COVID-19,Monocyte|Classical_general,0.4565084226646248,0.0759916386254716,0.7863423460147854,0.3010292911953276
Club@Adams_2020_Lung|IPF,Ductal|AT2,0.3971252566735113,0.19118228548833532,0.3549608211091697,0.2998139659517549
Fibroblasts Ribhi@Garrido-Trigo_2023_Intestine|IBD,Fibroblast|ADAMDEC1,0.6918604651162791,0.08327501749475158,0.4662988755541059,0.29950164018302294
Ciliated_MT-tRNAs@Adams_2020_Lung|IPF,Ciliated,1.0,0.02646468333637525,1.0,0.2980040963671819
Transitioning MDM@Habermann_2020_Lung|COVID-19,Macrophage,0.5781326781326781,0.27773843248347496,0.1647047309567536,0.2979361426265488
Club@Adams_2020_Lung|IPF,Ductal|AT2,0.3857310858486868,0.19446640316205532,0.3517083105103621,0.2976943672045361
Other FB@Melms_2021_Lung,Fibroblast|CD36,0.986351228389445,0.05323380641359328,0.4988687704550486,0.29698542950831996
cP3 (Plasma IgG prolif)@Pelka_2021_Cancer|CRC,Plasma,0.9727954971857411,0.02690431714404317,0.9999438680332354,0.29689739174234986
Neu_c4-RSAD2@Ren_2021_Blood|COVID-19,Neutrophil,0.8430851063829787,0.03100547730829421,0.996267114860232,0.2964116106783037
Macrophage_Alveolar_Outlier_B@Adams_2020_Lung|IPF,Macrophage|Alveolar,0.9976807112485504,0.027279837652729042,0.9566335814645104,0.2963873473208802
DN EOMES@Garrido-Trigo_2023_Intestine|IBD,T&NK|T_CD4_EM_Tfh,0.4696969696969697,0.06813186813186813,0.8131421768818714,0.2963317468668522
Pulmonary venous endothelial cells@Melms_2021_Lung,Endothelial|Venous_general,0.4104882459312839,0.16042402826855123,0.3941132639985254,0.29607181420750095
Macrophage_Alveolar_CellCycle_A@Adams_2020_Lung|IPF,Macrophage|Alveolar,0.9621798689696248,0.03415000211389676,0.7865359296558997,0.29565724279535105
IL2RG+ enterocyte (M cell)@Elmentaite_2020_Intestine|pIBD,Ductal|Enterocyte,0.7550200803212851,0.036258437801350046,0.9420933877451954,0.29545216866188306
IgG plasma cell@Elmentaite_2021_Intestine,Plasma,0.9834123222748815,0.026159858799798284,0.9999148347396898,0.2951965999164247
NK Proliferating@Hao_2021_Blood,T&NK|NK_CD16,0.8939641109298532,0.029375502546234254,0.9790304183633964,0.2951439315922278
corneal epithelial cell@vanZyl_2022_Eye,Squamous,0.36607142857142855,0.5366492146596858,0.1304067171526215,0.2947940847039823
NKT@Stephenson_2021_Blood|COVID-19,T&NK|T_CD8_EMRA,0.5680602338022588,0.047190308457056324,0.9546553560563608,0.29468946202478097
Multiplet@Adams_2020_Lung|IPF,Ciliated,0.2319060250094733,0.11142467000455167,0.98993204990721,0.29464534974180634
L5/6 near-projecting glutamatergic neuron of the primary motor cortex@ Ma_2022_Brain,Neuron_excitatory,0.9983539094650206,0.026417806429131458,0.9665431628918688,0.2943071703921965
nampt neutrophil@TabulaSapiens_2022_Multiple,Neutrophil,1.0,0.025477707006369428,0.9997334926548888,0.29422632475715604
paneth cell of epithelium of small intestine@TabulaSapiens_2022_Multiple,Ductal|Gastrointestinal_common,0.8006182380216383,0.06627430910951894,0.4794230030953488,0.2941010118550632
T_reg@Madissoon_2022_Lung,T&NK|T_CD4_N&CM,0.6175742574257426,0.04361888111888112,0.940748670737798,0.29372828740256973
Peribronchial fibroblasts@Sikkema_2023_Lung,Fibroblast|Alveolar,0.5568976478067387,0.1484242629617079,0.3064474612385565,0.2936829749136387
primordial germ cell@Han_2020_Multiple,Hematopoietic,0.5993953136810279,0.05241473517229223,0.804845535071644,0.2935123813806006
Macro_c4-DNAJB1@Ren_2021_Blood|COVID-19,Macrophage|ISG,0.859594383775351,0.03867888105015619,0.7597294007527399,0.2934103761873816
lymphocyte@Schulte-Schrepping_2020_Blood|COVID-19,T&NK|NK_CD16,0.4633901705115346,0.05617021276595745,0.9651718829105864,0.2928773924599862
T/NK proliferative@Schulte-Schrepping_2020_Blood|COVID-19,T&NK|NK_CD16,0.4633901705115346,0.05617021276595745,0.9651718829105864,0.2928773924599862
Mono_c4-CD14-CD16@Ren_2021_Blood|COVID-19,Monocyte|ISG,0.48859075794060314,0.0626875772376861,0.8196230986537253,0.2928062263241849
Cycling TAM@Bi_2021_Cancer|RCC,Macrophage|CX3CR1,0.9028571428571428,0.03368151780004264,0.8135682418189215,0.29138569458388686
cTNI03 (CD4+ IL7R+HSP+)@Pelka_2021_Cancer|CRC,T&NK|T_CD4_N&CM,0.4986835176408636,0.050878418309783485,0.974599511679964,0.2913365245798442
"cd4-positive, alpha-beta memory t cell@TabulaSapiens_2022_Multiple",T&NK|T_CD4_activated,0.4818606721566882,0.06232368011975358,0.8155601162617407,0.2904090751132093
CD8_Mem_CM@Liu_2021_Blood|COVID-19,T&NK|T_CD4_activated,0.696095673584242,0.036466155022618595,0.9646257741450772,0.29038393766102233
cDC2-CD1A@Fan_2023_Cancer|CC,Dendritic_classical|FCGR3A,0.2185430463576159,0.14203730272596843,0.7840757184360536,0.2898005049919002
Progen@Perez_2022_Blood|SLE,T&NK|T_CD4_N&CM,0.8557613505982625,0.028669013195104138,0.9916901023795672,0.2897658030234962
NK@Gur_2022_Skin|Scleroderma,T&NK|T_CD4_N&CM,0.4577373211963589,0.055538024613442726,0.9544845702124656,0.28950665723430963
B_CD27negIgDneg@Liu_2021_Blood|COVID-19,B_mature|Memory_unswitched,0.40385756676557866,0.09195324640227012,0.6487540416407004,0.2888185760379584
pro-B cell@Zeng_2025_BoneMarrow,B_progenitor,0.5883100381194409,0.04120683517265931,0.9858723519207884,0.28804835683837704
Trm_Th1/Th17@Dominguez-Conde_2022_Multiple,T&NK|T_CD4_activated,0.3759239704329461,0.09596295943931754,0.6526766617434069,0.2866160975152669
myCAF@Hwang_2022_Cancer|PDAC,Fibroblast,0.501419647927314,0.2896348130330199,0.1615698245458795,0.2862886434838849
myCAF@Hwang_2022_Cancer|PDAC,Fibroblast,0.501419647927314,0.2896348130330199,0.1615698245458795,0.2862886434838849
Multiplet_Macrophage_Low-Info@Adams_2020_Lung|IPF,Ciliated,0.3344753747323341,0.07127212995072094,0.9842236533233976,0.28628102374099057
Inflamed endothelial cells@Melms_2021_Lung,Endothelial|Capillary_aerocyte,0.6254416961130742,0.11572409284079764,0.3233653391673028,0.28604521964670854
filtered@Garcia-Alonso_2021_Endometrium,Fibroblast|ITGB8,0.2827524575513852,0.13329962925513988,0.6104554490595797,0.2844219446813447
Hillock-like@Sikkema_2023_Lung,Squamous|Basal,0.8093478260869565,0.04292533321034912,0.6610616524180989,0.2842476927325002
Paneth-like@Garrido-Trigo_2023_Intestine|IBD,Ductal|Goblet,0.9456521739130435,0.03473053892215569,0.6970367355461968,0.2839441147559857
Macro_int@Madissoon_2022_Lung,Macrophage|Alveolar,0.4114842042519372,0.09525342654769571,0.5819763649496124,0.28360445010610685
"plasmacytoid dendritic cell, human@Zeng_2025_BoneMarrow",Hematopoietic,0.5206532180595581,0.04428511607480263,0.988853848717054,0.2835607725191813
transit amplifying cell of large intestine@TabulaSapiens_2022_Multiple,Ductal|Gastrointestinal_common,0.9951923076923077,0.026484135107471853,0.8647337758296826,0.28352525034507303
Multiplet_Macrophage_LymphEndo@Adams_2020_Lung|IPF,Endothelial|Lymphatic_LYVE1,0.9883720930232558,0.036139455782312924,0.6373107874518189,0.28341170587881603
IER fibroblasts@Garrido-Trigo_2023_Intestine|IBD,Fibroblast|ADAMDEC1,0.45980707395498394,0.1000699790062981,0.4944823671343962,0.2833631829752128
Myeloid-MKI67@Fan_2023_Cancer|CC,Macrophage|CX3CR1,0.3105022831050228,0.11604095563139932,0.6238437911867348,0.28221752827425106
Endothelial cells (other)@Habermann_2020_Lung|COVID-19,Endothelial|Capillary_aerocyte,0.6038781163434903,0.0865079365079365,0.4298488061826506,0.2821241886679122
Memory B cell@Garrido-Trigo_2023_Intestine|IBD,B_mature|Memory_unswitched,0.5,0.05452127659574468,0.819193763510709,0.28160533999965065
Cycling_Myeloid@Wu_2021_Cancer|BRCA,Macrophage|LYVE1,0.4060475161987041,0.09894736842105263,0.5536171016158177,0.28123122243632703
common lymphoid progenitor@Zeng_2025_BoneMarrow,Hematopoietic,0.8497683653209794,0.02622790084872997,0.9952218567743576,0.2809708935539369
Alpha@Hwang_2022_Cancer|PDAC,Neuron_inhibitory,0.9992655159750276,0.2777380830866592,0.0798005420588543,0.2808282057367347
Alpha@Hwang_2022_Cancer|PDAC,Neuron_inhibitory,0.9992655159750276,0.2777380830866592,0.0798005420588543,0.2808282057367347
Cycling_Myeloid@Wu_2021_Cancer|BRCA,Macrophage|LYVE1,0.4060475161987041,0.09786569495054659,0.5536171016158177,0.2802026769066675
T_Effector@Gur_2022_Skin|Scleroderma,T&NK|T_CD4_N&CM,0.49248747913188645,0.046544651309561376,0.9570365951531812,0.2799397087665744
promonocyte@Zeng_2025_BoneMarrow,Hematopoietic,0.5181334323554896,0.04275311252055438,0.9887201879927529,0.27978703450494996
glial cell@Aldinger_2021_Brain,Neuron_inhibitory,0.9239567888159288,0.06828855908322375,0.3466328758891904,0.27965534225135114
NK_CD56bright@Madissoon_2022_Lung,T&NK|NK_CD16,0.4885844748858447,0.04520012672932728,0.9755222499328244,0.2782523440148812
pigmented epithelial cell@vanZyl_2022_Eye,Mural,0.3655,0.49358541525995947,0.1184679791636146,0.2775131454979697
enteroendocrine@Elmentaite_2020_Intestine|pIBD,Ductal|Goblet,0.9014084507042254,0.05678793256433008,0.417453362434481,0.2774992937958242
Endothelial cells (other)@Melms_2021_Lung,Endothelial|Capillary_aerocyte,0.6595174262734584,0.08041843739784243,0.3994437423260419,0.27670213435542246
Tregs@Habermann_2020_Lung|COVID-19,T&NK|T_CD4_N&CM,0.6387596899224807,0.03685152057245081,0.8883436409219979,0.27550192469870494
Tregs@Habermann_2020_Lung|COVID-19,T&NK|T_CD4_N&CM,0.6387596899224807,0.03685152057245081,0.8883436409219979,0.27550192469870494
Goblet (bronchial)@Sikkema_2023_Lung,Ductal|Club,0.9610778443113772,0.022082800181615552,0.9845687627179504,0.27543529242106474
filtered@Garcia-Alonso_2021_Endometrium,Fibroblast|ITGB8,0.3073411029676799,0.10776879002359285,0.627404026230291,0.2749288515425809
Stromal 1 (ADAMDEC1+)@Elmentaite_2021_Intestine,Fibroblast|ADAMDEC1,0.6545454545454545,0.1728,0.1835619380488681,0.27484556150596307
Multiplet_T@Adams_2020_Lung|IPF,T&NK|T_CD4_RM_Th1,0.9291338582677166,0.022521232942074625,0.9897265800910758,0.274617722411717
club cell@TabulaSapiens_2022_Multiple,Ductal|AT2,0.6358381502890174,0.06598020593821853,0.489769403523788,0.27389491315534376
megakaryocyte progenitor cell@Zeng_2025_BoneMarrow,Hematopoietic,0.9926936190940088,0.0208148216237195,0.992381656033808,0.27370887767758184
CAFs myCAF like s4@Wu_2021_Cancer|BRCA,Fibroblast|LRRC15,0.3803986710963455,0.07486106570774763,0.7182471162976982,0.273478357249505
T_CD8_c06-TNF@Ren_2021_Blood|COVID-19,T&NK|T_CD8_EMRA,0.38522099447513813,0.053529101290725016,0.9901891592428907,0.2733208037155897
T_CD4_c03-ITGA4@Ren_2021_Blood|COVID-19,T&NK|T_CD4_N&CM,0.5828590282933267,0.03529294241046901,0.9925445091493328,0.2733173044128974
cerebellar granule cell precursor@Aldinger_2021_Brain,Neuron_inhibitory,0.9988793425476279,0.04186235831924354,0.4819130283394765,0.2721250133144045
NK Proliferating@Hao_2021_Blood,T&NK|NK_CD16,0.9036402569593148,0.022621281157866525,0.9795952326242784,0.2715520862072049
Other FB@Habermann_2020_Lung|COVID-19,Fibroblast|CD36,0.7306034482758621,0.045061810447959594,0.6078858150303228,0.27150059629782697
myofibroblast cell@TabulaSapiens_2022_Multiple,Fibroblast|IL6,0.36644951140065146,0.15616324264297612,0.3487194264330935,0.2712416446296953
platelet@Kim_2024_Blood|HCC,Monocyte|Non-classical,0.8620689655172413,0.032622879512831666,0.7095256987521682,0.2712340097352348
Cycling NK/T cells@Habermann_2020_Lung|COVID-19,T&NK|T_CD4_N&CM,0.30441400304414,0.07155635062611806,0.9160294255617794,0.2712318865801233
Cycling NK/T cells@Habermann_2020_Lung|COVID-19,T&NK|T_CD4_N&CM,0.30441400304414,0.07155635062611806,0.9160294255617794,0.2712318865801233
transit amplifying cell of small intestine@TabulaSapiens_2022_Multiple,Ductal|Gastrointestinal_common,0.960352422907489,0.02789150460593654,0.7420216471659348,0.27087757419051717
Doublet@Hao_2021_Blood,Monocyte|Non-classical,0.49733570159857904,0.0544006217213911,0.7344445415951955,0.2708554024267128
Doublet@Hao_2021_Blood,Monocyte|Non-classical,0.49733570159857904,0.0544006217213911,0.7344445415951955,0.2708554024267128
choroid plexus epithelial cell@Aldinger_2021_Brain,Neuron_inhibitory,0.9980569948186528,0.024124866929676247,0.8204289594268508,0.27032554274957854
Macrophage_Alveolar_CellCycle_B@Adams_2020_Lung|IPF,Macrophage|Alveolar,0.9638354346383543,0.030704350399526487,0.6653341364638163,0.27003135951100304
pre-TB secretory@Sikkema_2023_Lung,Ductal|Club,0.6899613020714773,0.041702783395935666,0.6841729883168864,0.2700133475363001
basophil mast progenitor cell@Zeng_2025_BoneMarrow,Hematopoietic,0.9989637305699481,0.01969135235060412,0.9983307864263434,0.2697945936261574
Inflamed endothelial cells@Habermann_2020_Lung|COVID-19,Endothelial|Capillary_aerocyte,0.5479744136460555,0.10198412698412698,0.3487380561270673,0.2691105570439547
Mitotic Basal Cells@Ziegler_2021_Nose|COVID-19,Squamous|Basal,0.4699248120300752,0.06764069264069264,0.6103404322299575,0.26870114751621565
Mitotic Basal Cells@Ziegler_2021_Nose|COVID-19,Squamous|Basal,0.4699248120300752,0.06764069264069264,0.6103404322299575,0.26870114751621565
CD4 TEM_1@Hao_2021_Blood,T&NK|T_CD4_N&CM,0.8219497956800934,0.030940294899685764,0.75768930737479,0.26809392089940615
CD8 TEM_3@Hao_2021_Blood,T&NK|T_CD8_EM,0.6072289156626506,0.04233870967741935,0.7434809050049991,0.2673744845933432
mTEC(II)@Park_2020_Thymus,Ductal|Club,0.4814356435643564,0.6472545757071547,0.0611633430528046,0.2671169998654689
Contaminated@Kim_2024_Blood|HCC,Monocyte|Classical_general,0.3424657534246575,0.0625900917988013,0.8840528136485281,0.2666041973720504
Dendritic_MT-tRNAs@Adams_2020_Lung|IPF,Dendritic_classical|EREG,0.7291666666666666,0.04445654146252949,0.5764621647053958,0.26536548146906647
NK@Fan_2023_Cancer|CC,T&NK|T&NK_HSP,0.3357916209006747,0.0703160938424131,0.7905538931325118,0.26526830226697395
NK@Fan_2023_Cancer|CC,T&NK|T&NK_HSP,0.3357916209006747,0.07026068684746208,0.7905538931325118,0.2651986094421529
SCLC-P@Chan_2021_Lung|SCLC,Ductal,0.45896464646464646,0.17975027815551983,0.2260696667704296,0.2651940034608574
SCLC-P@Chan_2021_Lung|SCLC,Ductal,0.45896464646464646,0.17975027815551983,0.2260696667704296,0.2651940034608574
TEC(neuro)@Park_2020_Thymus,Ductal,0.24926686217008798,0.2961672473867596,0.2513175838616671,0.264733042260135
Interferon Responsive Secretory Cells@Ziegler_2021_Nose|COVID-19,Ductal|Club,0.9492753623188406,0.02215457466599019,0.8820382584807739,0.2647165025933638
CD8_Mem_CM.TM@Liu_2021_Blood|COVID-19,T&NK|T_CD4_activated,0.42459457115601423,0.045108209952183086,0.9660226811217372,0.2644878854421082
endothelial cell of artery@Seeker_2023_Brain,Endothelial|Capillary_BBB,0.3626666666666667,0.09173693086003373,0.553796168360416,0.2641195799186357
Treg@Gur_2022_Blood|Scleroderma,T&NK|T_CD4_N&CM,0.9843400447427293,0.019025381588619363,0.9698315828724858,0.26286027069375406
cDC_CD1chi@Liu_2021_Blood|COVID-19,Dendritic_classical|DC3,0.2976878612716763,0.11560044893378227,0.525828860523013,0.2625356923965848
NKT@Park_2020_Thymus,T&NK|T&NK_HSP,0.7020057306590258,0.028064146620847653,0.916547038616939,0.2623508157146428
myometrial cell@TabulaSapiens_2022_Multiple,Mural|RERGL,0.7587939698492462,0.027595029239766082,0.862079640323797,0.26232159198301536
activated effector CD8+ T_2@Kim_2024_Blood|HCC,T&NK|T_CD8_EMRA,0.24223061283764158,0.11014263074484945,0.6738344458819626,0.26196658204159906
Deuterosomal@Madissoon_2022_Lung,Ciliated,1.0,0.018140010219724067,0.987462259154478,0.26164915976139874
multiplet@Szabo_2021_Blood|COVID-19,Ductal|KLK7,0.3077490774907749,0.1868279569892473,0.3107595457744022,0.2614293646761388
multiplet@Szabo_2021_Airway|COVID-19,Ductal|KLK7,0.3077490774907749,0.1868279569892473,0.3107595457744022,0.2614293646761388
B_plasmablast@Madissoon_2022_Lung,Plasma,0.6935483870967742,0.026348039215686275,0.9735775108072604,0.261054910537007
native cell@Reichart_2022_Heart,Fibroblast|CD36,0.2107736735810951,0.13366289229885334,0.6283600747756621,0.26062251658403474
ASDC@Stephenson_2021_Blood|COVID-19,Dendritic_plasmacytoid,0.9038461538461539,0.01964061847053907,0.9921035502613242,0.260176994466179
CD4_CD45RAposCD28neg@Liu_2021_Blood|COVID-19,T&NK|T_CD4_N&CM,0.4653788258906172,0.03952948196134422,0.9565398493551406,0.26010194709933626
cd1c-positive myeloid dendritic cell@TabulaSapiens_2022_Multiple,Monocyte|Classical_CCL4,0.47058823529411764,0.0511000709723208,0.7313623350127779,0.26005490713137
gammadeltaT_CD56pos@Liu_2021_Blood|COVID-19,T&NK|NK_CD16,0.8957345971563981,0.021195469328249412,0.9236209339464676,0.25979974354156704
CD8_Naive_KLRG1pos @Liu_2021_Blood|COVID-19,T&NK|T_CD8_EMRA,0.440809968847352,0.04129277011745823,0.9568991010923648,0.2592172252628688
GABAergic interneuron@Aldinger_2021_Brain,Neuron_inhibitory,1.0,0.018817709311791598,0.9155489822722904,0.25827524362891663
CD8+ T (progenitor dysfunctional)@Hwang_2022_Cancer|PDAC,T&NK|T_CD4_N&CM,0.9507042253521126,0.019296740994854202,0.9370467993373576,0.25808547177492147
Fibro_perichondrial@Madissoon_2022_Lung,Fibroblast|CD36,0.7566909975669099,0.04046844502277163,0.5598687364220912,0.2578539371735134
gamma-delta T cell@Schulte-Schrepping_2020_Blood|COVID-19,T&NK|T_CD8_EMRA,0.2941580756013746,0.06667705250038947,0.8736857310336071,0.25781259918391214
gd T@Schulte-Schrepping_2020_Blood|COVID-19,T&NK|T_CD8_EMRA,0.2941580756013746,0.06667705250038947,0.8736857310336071,0.25781259918391214
NK_XCL1_CXCR4@Gur_2022_Skin|Scleroderma,T&NK|T_CD4_N&CM,0.609375,0.030766803408015148,0.9099888745172772,0.2574350626009431
blood cell@COMBAT_2022_Blood|COVID-19,Monocyte|Classical_general,0.2624132407901762,0.07185559958856116,0.8992903158323733,0.25691064118908996
CD8_TRM@Madissoon_2022_Lung,T&NK|T_CD4_N&CM,0.31735046959960456,0.056118881118881116,0.9422495531716538,0.2560185084225815
Myofibroblasts@Garrido-Trigo_2023_Intestine|IBD,Fibroblast|ADAMDEC1,0.9716981132075472,0.07207837648705388,0.2376903744067177,0.25533831221142966
Deuterosomal@Sikkema_2023_Lung,Ciliated,0.8615537848605578,0.02007892293407614,0.9607077312251928,0.2551945318685374
adventitial cell@TabulaSapiens_2022_Multiple,Fibroblast|Universal,0.9693251533742331,0.018231750940435255,0.9357732277050484,0.2547746181236338
Neuroendocrine@Sikkema_2023_Lung,Ductal|Ionocyte,0.9937106918238994,0.2344213649851632,0.0706240181399233,0.25433327992020455
Misc/Undetermined@Bi_2021_Cancer|RCC,B_mature,0.2697841726618705,0.07009345794392523,0.8657427376395924,0.25391845687226877
Goblet_MT-tRNAs@Adams_2020_Lung|IPF,Ductal|Club,0.8518518518518519,0.027479091995221028,0.6946371973450247,0.2533425641701045
erythroid lineage cell@ Ma_2022_Brain,Endothelial|Capillary_BBB,0.9037656903765691,0.022639136358872235,0.7945584782318617,0.253326442244999
gdT_2@Hao_2021_Blood,T&NK|T_CD8_EMRA,0.7266666666666667,0.024713751275365604,0.8935238625164071,0.25222803426621065
Stem cells@Elmentaite_2021_Intestine,Ductal|Gastrointestinal_common,0.9735812133072407,0.017712505562972852,0.9303726492522716,0.25221429996732453
Adipocyte@Kanemaru_2023_Heart,Fibroblast|CD36,0.7832046636206081,0.05414560822586267,0.3779276650329791,0.2521248939565659
M_IL1B@Gur_2022_Skin|Scleroderma,Dendritic_classical|EREG,0.3102189781021898,0.11067708333333333,0.4649176658338107,0.25178742657730285
ASDC@Hao_2021_Blood,Dendritic_classical|DC2,0.5466666666666666,0.0351027397260274,0.830693919694223,0.25167198796521834
stromal cell@Han_2020_Multiple,Fibroblast|Universal,0.22439230383488612,0.17037734714735175,0.415551022150626,0.2513900328569418
Paneth@Elmentaite_2021_Intestine,Ductal|Gastrointestinal_common,0.9928436911487759,0.0469247886070316,0.3408564190808488,0.2513534752111882
S1PR1 T cells@Garrido-Trigo_2023_Intestine|IBD,T&NK|T_CD4_activated,0.6592592592592592,0.03939796370075255,0.5945581837658812,0.2490241454187125
Airway club@Melms_2021_Lung,Ductal|AT2,0.7784090909090909,0.06203104786545925,0.3193006829118192,0.24888895338879585
Muscle_perivascular_immune_recruiting@Madissoon_2022_Lung,Mural|RERGL,0.35195530726256985,0.048799380325329204,0.8969563265756276,0.24882329739717035
oligodendrocyte precursor cell@Jakel_2019_Brain|MS,Oligodendrocyte_mature,0.7479338842975206,0.020730729584240066,0.989679332436502,0.24849868725650484
epithelial cell@Han_2020_Multiple,Ductal|Gland_MUCL1,0.23193401303774658,0.5457158305113685,0.1211162627952656,0.24841500146271037
B_Naive_CD38hi@Liu_2021_Blood|COVID-19,B_mature|Naive,0.9180327868852459,0.01818280209968072,0.911503090915002,0.24779491113729218
HSC_MK@Stephenson_2021_Blood|COVID-19,Hematopoietic,0.9811320754716981,0.015615615615615615,0.992145780037096,0.24771598057424907
proliferating γδ T cell@Kim_2024_Blood|HCC,T&NK|NK_CD16,0.958041958041958,0.017269633177864615,0.9121576772313952,0.24712263159975276
DC@Gur_2022_Skin|Scleroderma,Macrophage|CX3CR1,0.1728739913097455,0.33293484757919906,0.2616596073381306,0.24694971704155605
unknown@Szabo_2021_Airway|COVID-19,Macrophage|CX3CR1,0.44285714285714284,0.3286219081272085,0.1031844220482563,0.24671265914425966
unknown@Szabo_2021_Blood|COVID-19,Macrophage|CX3CR1,0.44285714285714284,0.3286219081272085,0.1031844220482563,0.24671265914425966
Epithelial SOX9+LGR5+@Garcia-Alonso_2021_Endometrium,Ductal|Gland_SOX17,0.989247311827957,0.019429778247096092,0.7811332921195917,0.24669818647281813
thymocyte@TabulaSapiens_2022_Multiple,T&NK|T_CD4_N&CM,0.9511754068716094,0.020424804877101698,0.768613087893134,0.24624954392988063
CD8+ HSP@Fan_2023_Cancer|CC,T&NK|T&NK_HSP,0.7721518987341772,0.02203033685731171,0.8717151587346761,0.24567793888054645
fast muscle cell@TabulaSapiens_2022_Multiple,Mural|RERGL,0.5454545454545454,0.03508771929824561,0.7740688509615786,0.24560154750301744
Vascular smooth muscle@Melms_2021_Lung,Endothelial|Capillary_aerocyte,0.5995203836930456,0.08172605426610004,0.3014805030256244,0.24536234040333918
HSC_myeloid@Stephenson_2021_Blood|COVID-19,Hematopoietic,0.9622641509433962,0.015315315315315315,0.9988791834254424,0.24508180519541925
Pathological FB@Habermann_2020_Lung|COVID-19,Fibroblast|CD36,0.5294392523364486,0.07530240595507111,0.3680552611260951,0.2448194998284176
mature enterocyte@TabulaSapiens_2022_Multiple,Ductal|Gastrointestinal_common,0.6082289803220036,0.08700102354145343,0.2755386951697593,0.24430068771708918
Ductal (atypical)@Hwang_2022_Cancer|PDAC,Ductal|Gastrointestinal_common,0.5998797836104989,0.06623454195517997,0.3639543694474009,0.2436306367997072
Ductal (atypical)@Hwang_2022_Cancer|PDAC,Ductal|Gastrointestinal_common,0.5998797836104989,0.06623454195517997,0.3639543694474009,0.2436306367997072
cS07 (Endo capillary-like)@Pelka_2021_Cancer|CRC,Endothelial|Capillary_general,0.58,0.03368176538908246,0.7337378769389474,0.24291514520645496
CD4_Tm CCR6@Fan_2023_Cancer|CC,T&NK|T&NK_HSP,0.5547760388559093,0.03375139536410795,0.7642407381509733,0.24278016595739138
type i nk t cell@TabulaSapiens_2022_Multiple,T&NK|T_CD4_activated,0.3447497177267595,0.05273763601819333,0.7870595092496604,0.24277877517469776
Lumenal Epithelia@Garcia-Alonso_2021_Endometrium,Ductal|Gland_SOX17,0.9787234042553191,0.019279128248113998,0.7499681342151419,0.24187819866781984
Acinar-i@Tosti_2021_Pancreas,Ductal|Gastrointestinal_common,0.6055824966418505,0.8128781859299554,0.0287107649819016,0.24177673907952682
corneal endothelial cell@vanZyl_2022_Eye,Fibroblast,0.8847352024922118,0.6029723991507431,0.026439125690077,0.24161243190401
Treg Memory@Hao_2021_Blood,T&NK|T_CD4_N&CM,0.652394366197183,0.02544663458369042,0.8490044038395975,0.2415554456811508
Vascular smooth muscle@Habermann_2020_Lung|COVID-19,Endothelial|Capillary_aerocyte,0.4854368932038835,0.07936507936507936,0.3636967419322355,0.24108334855976218
pigmented ciliary epithelial cell@vanZyl_2022_Eye,Ductal,0.8386773547094188,0.23204879401164402,0.0714794321358268,0.2405018613947897
innate lymphoid cell@TabulaSapiens_2022_Multiple,T&NK|T_CD4_activated,0.33034496199571234,0.0487938280845184,0.8451507390078243,0.2388300218559488
ependymal cell@Aldinger_2021_Brain,Neuron_inhibitory,0.5367513611615246,0.037040515999749515,0.6763856427529066,0.2378016448924716
Macrophage_CellCycle_A@Adams_2020_Lung|IPF,Macrophage|MATK,0.7012401352874859,0.030732743712634025,0.6228204820207449,0.23765319746769356
B_Mem.IgDneg@Liu_2021_Blood|COVID-19,B_mature|Memory_unswitched,0.4550938337801609,0.045875278697385315,0.6398286909568875,0.23727271104876305
NK KLRC3@Fan_2023_Cancer|CC,T&NK|T&NK_HSP,0.7319277108433735,0.023934598463457878,0.757901830370647,0.23679312949184256
Macrophage_intermediate@Madissoon_2022_Lung,Macrophage|Alveolar,0.44110854503464203,0.052709042406402354,0.5689407936064979,0.2365007689431556
Goblet (subsegmental)@Sikkema_2023_Lung,Ductal|Club,0.9989669421487604,0.01330471512499828,0.9868576077425038,0.2358325408541253
cTNI19 (gd-like T prolif)@Pelka_2021_Cancer|CRC,T&NK|T_CD8_exhausted,0.646112600536193,0.02134821507662326,0.947522619609594,0.23555181532901984
microglial cell@TabulaSapiens_2022_Multiple,Macrophage|CX3CR1,0.3923444976076555,0.033856317093311314,0.977719360687674,0.23505734782474386
retinal blood vessel endothelial cell@TabulaSapiens_2022_Multiple,Endothelial|Venous_activated,0.5836909871244635,0.024531024531024532,0.9062014488918004,0.2349855419652446
Macrophage_Outlier_D@Adams_2020_Lung|IPF,Macrophage|EREG,0.5157847932414407,0.03119621342512909,0.8035297554875975,0.23470596476178976
Treg (quiescent)@Hwang_2022_Cancer|PDAC,T&NK|T_CD4_N&CM,0.8907563025210085,0.015151515151515152,0.9555095341998892,0.23450386108531618
MAIT@Madissoon_2022_Lung,T&NK|T_CD4_N&CM,0.34688995215311,0.03802447552447553,0.9749005692100626,0.23428173179247588
radial glial cell@Zhu_2023_Brain,Astrocyte,0.6944024205748865,0.13054607508532423,0.1413250585731898,0.2339904179253781
endocrine cell@Han_2020_Multiple,Ductal|Gland_MUCL1,0.8741908246552209,0.08838678466748243,0.1657690351519546,0.23397295657375383
PC IgA 4@Garrido-Trigo_2023_Intestine|IBD,Plasma,0.9187817258883249,0.013929505925811913,0.9989907624878132,0.23383158734852746
goblet cell@vanZyl_2022_Eye,Ductal|Club,0.5733788395904437,0.9824561403508771,0.0226563724708418,0.2336944523602099
AT2 proliferating@Sikkema_2023_Lung,Ductal|AT2,0.992827868852459,0.01493733717685869,0.8590969723484899,0.2335589123118066
Dendritic_CellCycle_A@Adams_2020_Lung|IPF,Dendritic_classical|EREG,0.5888501742160279,0.030665940845581566,0.7045354264518958,0.23344682898780492
Fibro_PTGDS@Gur_2022_Skin|Scleroderma,Fibroblast|Universal,0.5306448392892793,0.0740121961406733,0.32381246043642,0.23341759902897344
cell of skeletal muscle@Han_2020_Multiple,Fibroblast|Satellite,0.4401454167748637,0.4638752052545156,0.0622816777095163,0.23340986929898203
Tuft-like@Habermann_2020_Lung|COVID-19,Ductal|Club,0.30392156862745096,0.05615942028985507,0.731487179490042,0.23198698410964155
Macro_CHIT1@Madissoon_2022_Lung,Macrophage|Alveolar,0.5121424716675661,0.04364823843252691,0.5565162934601384,0.23171018966110185
γδT@Park_2020_Thymus,Hematopoietic,0.8462432223082882,0.014899928398513416,0.9750451993515856,0.23079941891611214
T_gd@Liu_2021_Blood|COVID-19,T&NK|NK_CD16,0.37801440651424995,0.03383701045667349,0.9575409470536468,0.23050794409647415
double negative T regulatory cell@COMBAT_2022_Blood|COVID-19,T&NK|T_CD8_EMRA,0.39916611806012725,0.031376134129092355,0.9736502607687554,0.23017175509456564
B_CXCR4@Gur_2022_Blood|Scleroderma,B_mature|Naive,0.8307692307692308,0.020096762188314105,0.7230839815990922,0.2294026404880163
CD8_Mem_Activated@Liu_2021_Blood|COVID-19,T&NK|T_CD8_activated,0.5420207743153919,0.023884820239680426,0.9292585990577188,0.2291350355017729
NK_XCL1@Gur_2022_Skin|Scleroderma,T&NK|T_CD4_N&CM,0.5860655737704918,0.02256232249921111,0.9006660100957633,0.22836590398313
BPIFA1 high Secretory Cells@Ziegler_2021_Nose|COVID-19,Ciliated,0.47285601888276946,0.031484100791031484,0.7998796757138421,0.22835733137432346
CD8_Naive_CD101hi@Liu_2021_Blood|COVID-19,T&NK|T_CD8_activated,0.45454545454545453,0.026839214380825566,0.973283589373934,0.22813688450441932
CD4_Mem_Activated.CD38.CD278hi@Liu_2021_Blood|COVID-19,T&NK|T_CD4_activated,0.5539874551971327,0.02278443693050424,0.9397021518559788,0.22805669035666007
AT0@Sikkema_2023_Lung,Ductal|AT2,0.8472222222222222,0.01880655454671579,0.741758616890995,0.2277839180663786
ADM@Hwang_2022_Cancer|PDAC,Ductal|Pancreatobiliary_ductal,0.49489638107021344,0.08353782697227588,0.2851938344520758,0.2276036355301998
ADM@Hwang_2022_Cancer|PDAC,Ductal|Pancreatobiliary_ductal,0.49489638107021344,0.08353782697227588,0.2851938344520758,0.2276036355301998
peptic cell@Han_2020_Multiple,Ductal|Gastrointestinal_common,0.9640056304041826,0.1384548736462094,0.0876260238823228,0.22699013051261938
Pathological FB@Melms_2021_Lung,Fibroblast|CD36,0.5555555555555556,0.06335019397927613,0.3296950175301138,0.22639279921437117
neuron@Seeker_2023_Brain,Neuron_inhibitory,1.0,0.013863216266173753,0.8367803927938592,0.2263732805308319
large intestine goblet cell@TabulaSapiens_2022_Multiple,Ductal|Gastrointestinal_common,0.6103896103896104,0.030066530194472876,0.6291281608729901,0.2260180844710553
tracheal goblet cell@TabulaSapiens_2022_Multiple,Ductal|Club,0.7922077922077922,0.014856307842182172,0.9792115712605384,0.22587882100042792
Fb_cycling@Park_2020_Thymus,Fibroblast|Dermal-sheath,0.8874045801526718,0.13486078886310904,0.0962726325067921,0.2258586543754229
CD8_CD45RAposCD28pos@Liu_2021_Blood|COVID-19,T&NK|T_CD4_activated,0.31664853101196955,0.037519339865910266,0.9662835518094776,0.22558614240054656
mesothelial cell@Han_2020_Multiple,Fibroblast|Universal,0.9695831768681937,0.05174245005110118,0.2281977623442447,0.2253795361288967
B@Gur_2022_Skin|Scleroderma,Plasma,0.35,0.037076271186440676,0.8746947605464309,0.2247364621540953
proliferating effector CD8+ T@Kim_2024_Blood|HCC,T&NK|NK_CD16,0.6976744186046512,0.017017521744611117,0.9508806147712584,0.22433224489205178
T_CD4_c08-GZMK-FOS_h@Ren_2021_Blood|COVID-19,T&NK|T_CD4_activated,0.3736220472440945,0.03045375778191387,0.9914333482709068,0.2242740208647959
Dividing_Basal@Madissoon_2022_Lung,Squamous|Basal,0.5164835164835165,0.023095823095823097,0.939354579090856,0.22377238409787356
Macro-lipo@Reed_2024_Breast,Macrophage|EREG,0.6607142857142857,0.020763187429854096,0.7978535874301779,0.22202930927110381
T/B doublets@Dominguez-Conde_2022_Multiple,B_mature|HSP,0.29766803840877915,0.05182089552238806,0.7017436018288458,0.22121022304644805
t follicular helper cell@TabulaSapiens_2022_Multiple,T&NK|T_CD4_activated,0.9899497487437185,0.011342046174218435,0.9601837656681832,0.22091216906065309
Myofibroblasts@Sikkema_2023_Lung,Fibroblast|Alveolar,0.6201117318435754,0.07522873602168756,0.2296870928119797,0.22046015133657437
Treg (activated)@Hwang_2022_Cancer|PDAC,T&NK|T_CD4_N&CM,0.5601503759398496,0.021297884505431675,0.8967320093107164,0.22034401428683983
Dblt_T:Granulocytes@Liu_2021_Blood|COVID-19,T&NK|T_CD4_N&CM,0.5209326974032856,0.02094742898544548,0.969569706447402,0.21953164284489435
innate-like effector CD8+ T_3@Kim_2024_Blood|HCC,T&NK|NK_CD16,0.49934296977660975,0.023950586159082313,0.8786632439072509,0.2190344947620941
Gamma@Hwang_2022_Cancer|PDAC,Neuron_inhibitory,0.9924242424242424,0.17382872307849342,0.0606260029595891,0.21868850059218453
Gamma@Hwang_2022_Cancer|PDAC,Neuron_inhibitory,0.9924242424242424,0.17382872307849342,0.0606260029595891,0.21868850059218453
naive regulatory t cell@TabulaSapiens_2022_Multiple,T&NK|T_CD4_activated,0.7647831800262812,0.01675398698831251,0.8058087890859457,0.21775234160398835
Alveolar Mph MT-positive@Sikkema_2023_Lung,Macrophage|Alveolar,0.969243557772236,0.01205566699063256,0.8826383641052472,0.21767187695771734
Deuterosomal Cells@Ziegler_2021_Nose|COVID-19,Ciliated,0.6089193825042881,0.018597097805018597,0.901360245057713,0.21692076344958566
Deuterosomal Cells@Ziegler_2021_Nose|COVID-19,Ciliated,0.6089193825042881,0.018597097805018597,0.901360245057713,0.21692076344958566
FRCs@Garrido-Trigo_2023_Intestine|IBD,Fibroblast|ADAMDEC1,0.5735294117647058,0.02729181245626312,0.6517914267349356,0.2168863593509275
CD4.EM@Stephenson_2021_Blood|COVID-19,T&NK|T_CD4_N&CM,0.8048595292331056,0.013672391443146715,0.918997725124232,0.21625176967410553
AZGP1 SCGB3A1 LTF high Goblet Cells@Ziegler_2021_Nose|COVID-19,Ductal|Club,0.9387755102040817,0.015558937933367156,0.6914286281873213,0.2161538717836884
B_Mem.IgDpos@Liu_2021_Blood|COVID-19,B_mature|Naive,0.41418764302059496,0.02936246147190829,0.8289047413111962,0.21602204540207856
CD1C+ DC@Bi_2021_Cancer|RCC,Macrophage|CX3CR1,0.4090909090909091,0.026859944574717545,0.8994824381921912,0.2146046904353388
CD4+ HSP@Fan_2023_Cancer|CC,T&NK|T&NK_HSP,0.5727525486561631,0.020290235734454,0.849397238457453,0.21451367801507276
ILC@Reed_2024_Breast,T&NK,0.39106145251396646,0.09762900976290098,0.256294827074486,0.21388873471382172
Alveolar Mph proliferating@Sikkema_2023_Lung,Macrophage|Alveolar,0.946277097078228,0.010380694389875721,0.9738988671300656,0.2122851092789641
NK_CD16hi_IgG.IsoBinding@Liu_2021_Blood|COVID-19,T&NK|NK_CD16,0.8377281947261663,0.0115790063922844,0.9841281989473092,0.21213322806229523
CD4_Mem_IgG.IsoBinding@Liu_2021_Blood|COVID-19,T&NK|T_CD4_activated,0.6375282592313489,0.015588866674651508,0.9585374894870604,0.21198625149606057
Multiplet_NK_T@Adams_2020_Lung|IPF,T&NK|NK_CD16,0.9487179487179487,0.00998583091559274,0.9908192723743628,0.210946305477089
regulatory T cell@Kumar_2023_Breast_scRNA,T&NK|T_CD4_activated,0.32389006342494714,0.03174208519807724,0.9114301456569328,0.21082340441697586
central nervous system macrophage@Seeker_2023_Brain,Macrophage|CX3CR1,0.5093167701863354,0.02334851936218679,0.7842401279647281,0.21049031950370675
CD8.Prolif@Stephenson_2021_Blood|COVID-19,T&NK|T_CD8_EMRA,0.6760147601476014,0.015077196563189255,0.9147351058223194,0.21047024536727144
non-pigmented ciliary epithelial cell@vanZyl_2022_Eye,Ductal,0.8655967903711134,0.2392570002772387,0.0445055038835185,0.20966760663718806
Cycling cells@Garrido-Trigo_2023_Intestine|IBD,Plasma,0.498960498960499,0.018470063106048946,0.9947843356484668,0.2092928992914087
myeloid cell@Kumar_2023_Breast_scRNA,Macrophage|CX3CR1,0.3842364532019704,0.03572246393405083,0.6646198085757268,0.20894777493328182
CD8αα@Park_2020_Thymus,Hematopoietic,0.45982603567742886,0.021269051109823044,0.929596434057655,0.20871101680112508
sTreg_CXCR4@Gur_2022_Skin|Scleroderma,T&NK|T_CD4_N&CM,0.5363636363636364,0.01861786052382455,0.9073756220810651,0.208477281532392
CD4_CD45RAnegCD28neg@Liu_2021_Blood|COVID-19,T&NK|T_CD4_activated,0.38663171690694625,0.02445111618654682,0.9552854799992708,0.208245894414136
Macrophage_Alveolar_Outlier_A@Adams_2020_Lung|IPF,Macrophage|Alveolar,0.9669302659956865,0.014215955692723967,0.6489346916439764,0.2073913964154891
Neu_c3-CST7@Ren_2021_Blood|COVID-19,Neutrophil,0.5555555555555556,0.01613849765258216,0.9942909253636004,0.20734871965601265
gdT_4@Hao_2021_Blood,T&NK|T_CD8_EM,0.5870646766169154,0.0198252688172043,0.7544855170465311,0.20630922488898687
epithelial cell of proximal tubule@Han_2020_Multiple,Ductal|Proximal-tubule,0.5664854176964904,0.19173498410573867,0.0808094952448883,0.20627701123094247
intestinal crypt stem cell of large intestine@TabulaSapiens_2022_Multiple,Ductal|Gastrointestinal_common,0.9649122807017544,0.014073694984646877,0.6420653088570889,0.20582196709398268
Mono_NonClassical_IgG.IsoBinding@Liu_2021_Blood|COVID-19,Monocyte|Non-classical,0.8316831683168316,0.013390722142515544,0.7802997673001164,0.20559275018345888
corneal keratocyte@TabulaSapiens_2022_Multiple,Fibroblast|Universal,0.8571428571428571,0.011769864531167063,0.858291971298089,0.2053461547868413
MAIT_IgGIsobinding@Liu_2021_Blood|COVID-19,T&NK|T_MAIT,0.6972477064220184,0.012434554973821989,0.9977112485091334,0.2052772100691336
cTNI07 (CD4+ CXCL13+)@Pelka_2021_Cancer|CRC,T&NK|T_CD4_N&CM,0.27837459131247083,0.03202063074195455,0.9642194526425658,0.20483859480897837
Fibro_POSTN@Gur_2022_Skin|Scleroderma,Fibroblast|Universal,0.42724458204334365,0.06916715395539219,0.2862087141596374,0.2037447565697841
B_Naive_IgG.IsoBinding@Liu_2021_Blood|COVID-19,B_mature|Naive,0.6624685138539043,0.014232371881595325,0.886986978065337,0.20298000377012576
Ciliated_CellCycle_MT-tRNAs@Adams_2020_Lung|IPF,Ciliated,0.9252336448598131,0.009034495345866034,0.9999727140794452,0.2029463080015336
Tumor@Hirz_2023_Cancer|PRC,Ductal|Gland_MUCL1,0.9991915925626516,0.16775244299674266,0.0497928594714117,0.20284371880348653
Doublet@Reed_2024_Breast,Endothelial|Venous_activated,0.2404447867526716,0.05363585602611459,0.6432928130228843,0.20243849207626516
Doublet@Reed_2024_Breast,Endothelial|Venous_activated,0.2404447867526716,0.05363585602611459,0.6432928130228843,0.20243849207626516
"cd8-positive, alpha-beta cytotoxic t cell@TabulaSapiens_2022_Multiple",T&NK|T_CD8_activated,0.4984126984126984,0.021386732052853834,0.774774752806004,0.20213258451915964
Multiplet_Lymphocyte_Secretory@Adams_2020_Lung|IPF,Ductal|AT2,0.7815126050420168,0.018386714116251483,0.5714363389847678,0.20174494196607823
acinar cell@Han_2020_Multiple,Ductal|Pancreatobiliary_acinar,0.6324604141291108,0.19107635694572217,0.0662729134487213,0.20007467552635777
tongue muscle cell@TabulaSapiens_2022_Multiple,Fibroblast|Satellite,0.9,0.011578044596912522,0.7669137996503685,0.19992852409990186
CD4_Mem_CD101pos@Liu_2021_Blood|COVID-19,T&NK|T_CD4_activated,0.7060133630289532,0.011682436727812122,0.9664085672966864,0.1997571700273032
mesenchymal stem cell@Han_2020_Multiple,Fibroblast|ITGB8,0.33030765873881734,0.3322068117977528,0.0719020685545011,0.19907780971076736
Multiplet_Lymphocytes_Fibroblast@Adams_2020_Lung|IPF,Fibroblast|CD36,0.864406779661017,0.029327199539965498,0.3104964406151207,0.1989215317909346
CD4_Mem_KLRG1pos@Liu_2021_Blood|COVID-19,T&NK|T_CD8_EMRA,0.5855161787365177,0.013861530604800467,0.9686194791577304,0.19883878261436216
secretory cell@TabulaSapiens_2022_Multiple,Squamous|Basal,0.5731225296442688,0.015609861126063086,0.8750629515948554,0.19856160402519177
cS14 (Endo)@Pelka_2021_Cancer|CRC,Endothelial|Venous_general,0.3561643835616438,0.04744525547445255,0.4621806164032725,0.19840456858540365
endothelial cell@Aldinger_2021_Brain,Neuron_inhibitory,0.7707070707070707,0.011945018473292003,0.8441170717174139,0.19807345828475242
MNP/T doublets@Dominguez-Conde_2022_Multiple,Macrophage|Alveolar,0.34250398724082937,0.05100344377152357,0.4420341318130041,0.19765462412555854
Bergmann glial cell@Aldinger_2021_Brain,Neuron_inhibitory,0.9790328035170781,0.04532218673680256,0.1732002769434366,0.19734171304926149
"CD4-positive, CD25-positive, alpha-beta regulatory T cell@Zeng_2025_BoneMarrow",T&NK|T_CD4_N&CM,0.4564369310793238,0.017746094342484454,0.942822002470984,0.19692661866443936
Cycling epithelial@Melms_2021_Lung,T&NK|T_CD4_N&CM,0.45977011494252873,0.0199501246882793,0.8322926590287313,0.1969038188122675
Cycling epithelial@Habermann_2020_Lung|COVID-19,T&NK|T_CD4_N&CM,0.39347079037800686,0.020483005366726297,0.9301995139517248,0.19571649440169228
Mono_Classical_IgG.IsoBinding@Liu_2021_Blood|COVID-19,Monocyte|Classical_general,0.41327433628318583,0.023810130777270757,0.7561746642557222,0.1952274042879527
SMG duct@Sikkema_2023_Lung,Ductal|Club,0.7919937205651492,0.013882582793302239,0.6600306479920197,0.19360595180380313
bronchial smooth muscle cell@TabulaSapiens_2022_Multiple,Mural|FGF7,0.5802469135802469,0.016468114926419062,0.7425726379687029,0.19216098824850722
TissueResMemT@Liu_2021_Blood|COVID-19,T&NK|T_CD4_activated,0.7796610169491526,0.009747648310745446,0.9320392493874484,0.19204954875242505
TissueResMemT@Liu_2021_Blood|COVID-19,T&NK|T_CD4_activated,0.7796610169491526,0.009743608634789656,0.9320392493874484,0.19202301499722838
medullary thymic epithelial cell@TabulaSapiens_2022_Multiple,Fibroblast|IL6,0.7469879518072289,0.017212659633536923,0.5493176694795951,0.1918646867781791
T_CD4/CD8@Dominguez-Conde_2022_Multiple,T&NK|T_CD4_activated,0.3272953294263896,0.02922335331240288,0.7250570266954285,0.1906985280210523
NK@Reed_2024_Breast,T&NK|T_CD8_activated,0.5956284153005464,0.01589848308051342,0.7295763446054779,0.19045861147703863
Macrophage_Alveolar_Outlier_D@Adams_2020_Lung|IPF,Macrophage|Alveolar,0.9792429792429792,0.00847672599670232,0.8217455486720062,0.18964962602266416
Fibro_myofibroblast@Madissoon_2022_Lung,Fibroblast|Alveolar,0.32873563218390806,0.07725553754727174,0.2675574955538887,0.1894077916000169
Macrophage_Alveolar_Outlier_C@Adams_2020_Lung|IPF,Macrophage|Alveolar,0.9920424403183024,0.00790597387223608,0.8646255973313254,0.18927993224420817
Dblt@Liu_2021_Blood|COVID-19,T&NK|T_CD4_activated,0.371023450281767,0.018804300758252793,0.9615731737056232,0.18860229034463688
NK FCGR3A@Fan_2023_Cancer|CC,T&NK|T&NK_HSP,0.4768392370572207,0.017236850745288593,0.8140774684703319,0.18843657997712007
LC@Gur_2022_Skin|Scleroderma,Macrophage|CX3CR1,0.366120218579235,0.04004781829049611,0.4550913170954698,0.18826389578530708
Multiplet_Assort@Adams_2020_Lung|IPF,T&NK|NK_CD16,0.5077720207253886,0.013224478780109305,0.986277798745617,0.18779420907291505
gdT_3@Hao_2021_Blood,T&NK|T_CD4_N&CM,0.7040690505548706,0.012547520161733359,0.7428242276837314,0.18722035832167175
non-classical monocyte@TabulaSapiens_2022_Multiple,Macrophage|LYVE1,0.3400383141762452,0.03357609004066963,0.5696563537081804,0.18666245510001972
intestinal enteroendocrine cell@Chen_2021_Cancer|CRC,Ductal|Goblet,0.9225422045680238,0.04471505583365422,0.156516790283324,0.18620885000973708
Mono_Classical_mDC@Liu_2021_Blood|COVID-19,Dendritic_classical|DC3,0.375,0.030303030303030304,0.5628732659558565,0.18562764286965194
intestinal crypt stem cell of small intestine@TabulaSapiens_2022_Multiple,Ductal|Gastrointestinal_common,0.9014084507042254,0.008188331627430911,0.8623120693578572,0.18532208219547777
ABCs@Dominguez-Conde_2022_Multiple,B_mature|Memory_unswitched,0.3308519437551696,0.026474286848898007,0.7226287799142174,0.1849798423136453
slow muscle cell@TabulaSapiens_2022_Multiple,Mural|RERGL,0.5398773006134969,0.01608187134502924,0.7284525826405243,0.18493153714495034
BEST4 enterocyte@Elmentaite_2020_Intestine|pIBD,Ductal|Enterocyte,0.5630252100840336,0.01292189006750241,0.8629524156053815,0.18447898933669601
abnormal cell@Chen_2021_Cancer|CRC,Ductal|Gastrointestinal_common,0.5213462137737613,0.04186267640876789,0.2858691369070436,0.18409422359117153
Transitioning MDM@Melms_2021_Lung,Macrophage|LYVE1,0.32786105162978824,0.13549655850540807,0.1399475222122618,0.18387715204248678
Macro_alveolar_metallothioneins@Madissoon_2022_Lung,Macrophage|Alveolar,0.651219512195122,0.012280378989973324,0.7764633416749538,0.183803330750916
Club_CellCycle@Adams_2020_Lung|IPF,Ductal|Gland_SOX17,0.33620689655172414,0.10427807486631016,0.1767118631514862,0.18366304323867585
thyroid follicular cell@Han_2020_Multiple,Ductal|Gland_MUCL1,0.8212818405916187,0.1706553598360889,0.0441556596954717,0.18359725213132955
CD8_Mem_NKT@Liu_2021_Blood|COVID-19,T&NK|T_CD8_EMRA,0.3990950226244344,0.01608667104399212,0.9448653582569376,0.18237731027388102
GC_B (II)@Dominguez-Conde_2022_Multiple,B_mature|Memory_switched,0.5615763546798029,0.01532258064516129,0.692535507252476,0.1812985197132838
dblt@Liu_2021_Blood|COVID-19,Platelet,0.2366412213740458,0.023919753086419752,0.9974843173748584,0.17806738828379426
Stromal 3 (C7+)@Elmentaite_2021_Intestine,Fibroblast|Universal,0.5895953757225434,0.0265625,0.3596864929444955,0.17792994662115763
Mesothelium@Sikkema_2023_Lung,Fibroblast|Universal,0.7043478260869566,0.014598540145985401,0.5415949805822922,0.1772517014052581
stripped_nuclei@Reed_2024_Breast,Ductal|Gland_MUCL1,0.47862008986809684,0.02622154105156162,0.4406701735113937,0.17684288748493085
stripped_nuclei@Reed_2024_Breast,Ductal|Gland_MUCL1,0.47862008986809684,0.02622154105156162,0.4406701735113937,0.17684288748493085
L5 extratelencephalic projecting glutamatergic cortical neuron@ Ma_2022_Brain,Neuron_excitatory,0.99609375,0.0055536196532799025,0.9944227188904312,0.17652889201768737
Multiplet_VE_Stromal@Adams_2020_Lung|IPF,Endothelial|Capillary_aerocyte,0.8333333333333334,0.03372164316370325,0.1950930588385368,0.1763287383670952
Multiplet_Lymphocytes_Ciliated@Adams_2020_Lung|IPF,Ciliated,0.5392156862745098,0.010038328162073371,0.9999900192567084,0.17557925046821848
CD8_Naive_NKT@Liu_2021_Blood|COVID-19,T&NK|NK_CD16,0.4067656765676568,0.01382191319950656,0.947326964759808,0.1746374789602571
Paneth cell@Elmentaite_2020_Intestine|pIBD,Ductal|Goblet,0.5240963855421686,0.0771960958296362,0.1312241403222082,0.1744509795931031
B_Mem_IgG.IsoBinding@Liu_2021_Blood|COVID-19,B_mature|Memory_unswitched,0.5260770975056689,0.01568521398147522,0.6406588849598305,0.17420297422602768
DC_XCR1@Gur_2022_Skin|Scleroderma,Macrophage|CX3CR1,0.3123425692695214,0.07411835026897788,0.2274855515516839,0.17398170408290964
Fibro_IGFBP2@Gur_2022_Skin|Scleroderma,Fibroblast|Universal,0.7806859205776173,0.024085985576253723,0.2747189713005935,0.1728660891717494
fat cell@Reichart_2022_Heart,Fibroblast|CD36,0.5768633540372671,0.01778660857491681,0.5021407751350819,0.17271518775718903
Macro_dividing@Madissoon_2022_Lung,Macrophage|Alveolar,0.8974358974358975,0.00643915003219575,0.8872068800473387,0.17243243489700966
mucus secreting cell@TabulaSapiens_2022_Multiple,Ductal|Club,0.609375,0.009498295177788602,0.8847725436709853,0.17236694223844867
cTNI12 (CD8+ IL7R+)@Pelka_2021_Cancer|CRC,T&NK|T_CD4_N&CM,0.3409090909090909,0.016117767151990543,0.9147802926237296,0.1712984447519477
MNP/B doublets@Dominguez-Conde_2022_Multiple,B_mature|Naive,0.34139784946236557,0.018903028949914417,0.778737568374387,0.1712883275995912
CD4 TEM_2@Hao_2021_Blood,T&NK|T_CD4_N&CM,0.73046875,0.00821851583272903,0.8349892947228047,0.171142806011724
RBC@Stephenson_2021_Blood|COVID-19,T&NK|T_CD4_N&CM,0.5426646706586826,0.009350917357237287,0.9840668056218764,0.17092415828429333
Unknown@Liu_2021_Blood|COVID-19,T&NK|NK_CD16,0.31988950276243094,0.01623303801727038,0.9583119125399858,0.17072700712520875
Unknown@Liu_2021_Blood|COVID-19,T&NK|NK_CD16,0.31988950276243094,0.016232127838519763,0.9583119125399858,0.17072381620476978
ionocyte@TabulaSapiens_2022_Multiple,Ductal|Gland_LTF,0.83,0.010654685494223362,0.5594432905589022,0.17039555663807704
club cell of prostate epithelium@TabulaSapiens_2022_Multiple,Ductal|Club,0.6598984771573604,0.12664393570384802,0.0585326721166882,0.16975397731281486
gated_out@Liu_2021_Blood|COVID-19,T&NK|T_CD4_activated,0.2987578641716406,0.017062991182892784,0.9551548276783904,0.1694920877209993
ILC2@Stephenson_2021_Blood|COVID-19,T&NK|NK_CD56,0.6989247311827957,0.007203812479219772,0.9610577528072978,0.16914043036508816
CD8 Naive_2@Hao_2021_Blood,T&NK|T_CD8_N&CM,0.45132743362831856,0.012963904422979155,0.820902718543549,0.1687225312830254
UN@Gur_2022_Skin|Scleroderma,T&NK|T_CD4_N&CM,0.3661417322834646,0.014673398548437994,0.890798519350235,0.16852065716712109
sTreg@Gur_2022_Skin|Scleroderma,T&NK|T_CD4_N&CM,0.3047091412742382,0.017355632691700852,0.8907477395710507,0.1676332715464547
Monocytes@Habermann_2020_Lung|COVID-19,Macrophage,0.26314252336448596,0.10635033050047214,0.1683002065981346,0.16762476267598256
Airway club@Habermann_2020_Lung|COVID-19,Ductal,0.46060606060606063,0.0629585798816568,0.1614212520164568,0.16728169779531052
intestinal enteroendocrine cell@TabulaSapiens_2022_Multiple,Ductal|Goblet,0.7699115044247787,0.13446676970633695,0.0451536180618945,0.1672050713098687
Mono_prolif@Stephenson_2021_Blood|COVID-19,Monocyte|Classical_general,0.9381761978361669,0.006325750075554675,0.7736118920603701,0.16620338282845448
Macrophage_MT-tRNAs@Adams_2020_Lung|IPF,Macrophage|Alveolar,0.3787638668779715,0.015156639749714623,0.7997280333924727,0.16620264459378992
Cycling T cells@Zhu_2020_Blood|COVID-19,T&NK|T_CD4_N&CM,0.29727187206020694,0.01584754262788365,0.973570839610355,0.16614773865876226
PB_Plasmablasts_HLADRhi@Liu_2021_Blood|COVID-19,Plasma,0.42,0.011158342189160468,0.972308333399844,0.16578719793359528
Mono_prolif@Stephenson_2021_Blood|COVID-19,Monocyte|Classical_general,0.9275808936825886,0.006273643402774159,0.7720011393397364,0.16500477861163362
Macrophage_CellCycle_B@Adams_2020_Lung|IPF,Macrophage|EREG,0.393836903419767,0.028184165232358005,0.4017426752954167,0.1645974807758426
mature nk t cell@TabulaSapiens_2022_Multiple,T&NK|T_CD8_activated,0.3773049645390071,0.018117422694455796,0.6478708401381823,0.16421990250335872
CD8_Mem_CD69pos@Liu_2021_Blood|COVID-19,T&NK|T_CD8_activated,0.8666666666666667,0.0054094540612516645,0.935416346476288,0.1636829694075057
CD8_Mem_CD41hi@Liu_2021_Blood|COVID-19,T&NK|T_CD8_EMRA,0.4430379746835443,0.01021375939301087,0.9553906662248856,0.1629055410809492
Delta@Hwang_2022_Cancer|PDAC,Neuron_inhibitory,0.9910071942446043,0.056241706644891296,0.0775247676997066,0.16287656083129234
Delta@Hwang_2022_Cancer|PDAC,Neuron_inhibitory,0.9910071942446043,0.056241706644891296,0.0775247676997066,0.16287656083129234
inflammatory cell@Han_2020_Multiple,Muller,1.0,0.007500206049616748,0.5729256194091912,0.1625762664855029
cDC@Schulte-Schrepping_2020_Blood|COVID-19,Monocyte|Classical_general,0.3674911660777385,0.01335387776065742,0.8684106353839232,0.16212866672713183
conventional dendritic cell@Schulte-Schrepping_2020_Blood|COVID-19,Monocyte|Classical_general,0.3674911660777385,0.01335387776065742,0.8684106353839232,0.16212866672713183
Proliferating@Hao_2021_Blood,T&NK|NK_CD16,0.6577540106951871,0.006593406593406593,0.97750556484857,0.16184434667098163
luminal cell of prostate epithelium@TabulaSapiens_2022_Multiple,Ductal|Gland_MUCL1,0.9606227106227107,0.09408915597811462,0.0466251592521765,0.16152419436409962
B_Mem_IgG.IgApos@Liu_2021_Blood|COVID-19,B_mature|Memory_unswitched,0.654054054054054,0.008180650395510783,0.7859074119812668,0.1614077139707522
Mo@Gur_2022_Skin|Scleroderma,Macrophage|EREG,0.30128205128205127,0.07110438729198185,0.1961221813356608,0.16136107963757507
Granulocytes@Liu_2021_Blood|COVID-19,T&NK|T_CD4_N&CM,0.49515738498789347,0.008720124512291325,0.9701331011466906,0.16120026693660763
Granulocytes@Liu_2021_Blood|COVID-19,T&NK|T_CD4_N&CM,0.49515738498789347,0.008715664755897457,0.9701331011466906,0.16117278122377296
CD4 TCM_2@Hao_2021_Blood,T&NK|T_CD4_N&CM,0.5163551401869159,0.009712791438679763,0.8291047012208028,0.16080540735859034
Granulocyte@Liu_2021_Blood|COVID-19,T&NK|T_CD4_N&CM,0.46630434782608693,0.009141469027680113,0.9701591190472576,0.16051272794794202
gamma-delta T cell@Kumar_2023_Breast_scRNA,T&NK|T_CD8_activated,0.4612476370510397,0.010555916071814839,0.8490635192603972,0.1604932437681082
B.Granulocyte@Liu_2021_Blood|COVID-19,B_mature|Memory_switched,0.3488372093023256,0.014778325123152709,0.791838373058545,0.1598189187535764
T_GD@Gur_2022_Blood|Scleroderma,T&NK|T_CD4_N&CM,0.8137931034482758,0.005102261426038829,0.9737526123533848,0.15930953962401811
CD8_Mem_MAIT@Liu_2021_Blood|COVID-19,T&NK|T_CD8_EMRA,0.6219931271477663,0.00660246589333917,0.9657902339100184,0.15829171602649147
GBP1@Gur_2022_Skin|Scleroderma,Fibroblast|CCL19,0.4789915966386555,0.015904017857142856,0.518501943042114,0.15807446200239553
Gamma@Tosti_2021_Pancreas,Neuron_inhibitory,0.6444444444444445,0.00981719702098849,0.6171451490206676,0.15746599081998316
dn1 thymic pro-t cell@TabulaSapiens_2022_Multiple,T&NK|T_CD4_activated,0.40812182741116754,0.011572341528009672,0.8248325592197463,0.15734717627989586
kidney loop of Henle thin ascending limb epithelial cell@Lake_2023_Kidney,Ductal|Thick-ascending,0.6713947990543735,0.028136571350728803,0.2059116699463991,0.15726908833316336
CD8_Mem_IgG.IsoBinding@Liu_2021_Blood|COVID-19,T&NK|T_CD8_EMRA,0.2971246006389776,0.0135697089078573,0.964475904610526,0.15725344732950342
CD8_Mem_CD158hi@Liu_2021_Blood|COVID-19,T&NK|T_CD8_EMRA,0.8431372549019608,0.0047056248632085795,0.9783834257955144,0.15715983207733683
T_CD4_c13-MKI67-CCL5_l@Ren_2021_Blood|COVID-19,T&NK|T_CD4_activated,0.32532265242545616,0.011729028945510558,0.9985856212474148,0.15619023930326323
Unk@Liu_2021_Blood|COVID-19,T&NK|NK_CD16,0.2317905918057663,0.017128760057189312,0.9590769294160988,0.15615589773083954
T_CD4_c14-MKI67-CCL5_h@Ren_2021_Blood|COVID-19,T&NK|T_CD8_exhausted,0.2617801047120419,0.014434180138568129,0.9974442802370896,0.1556225285507792
NAF_perineurial@Madissoon_2022_Lung,Fibroblast|CD36,0.48484848484848486,0.01040988939492518,0.7327438102842787,0.154644604477282
RBC@Stephenson_2021_Blood|COVID-19,T&NK|T_CD4_N&CM,0.507168458781362,0.007300541091340604,0.988285029619737,0.1540978221937944
Smooth muscle@Habermann_2020_Lung|COVID-19,Fibroblast,0.2403776325344953,0.09339729119638826,0.162913654004546,0.15407373341300654
radial glial cell@TabulaSapiens_2022_Multiple,Squamous|Keratinocyte_basal,0.2717948717948718,0.018827708703374777,0.7035622055951735,0.15326644241799148
Mf_TREM2@Gur_2022_Skin|Scleroderma,Macrophage|LYVE1,0.35807860262008734,0.02164730728616684,0.460361914172299,0.15281308607305852
Secretory_Club@Madissoon_2022_Lung,Ductal,0.31642624476500697,0.07532956685499058,0.1450620539752575,0.15121583199550523
T_CD8_c12-MKI67-TYROBP@Ren_2021_Blood|COVID-19,T&NK|NK_CD16,0.6570702794242168,0.005198076175930764,0.9974203040697088,0.15046802572237483
immune cell@TabulaSapiens_2022_Multiple,T&NK|T_CD8_activated,0.15522107243650046,0.022476501838986515,0.9732632454012184,0.15030378164006183
CD4.Platelet@Liu_2021_Blood|COVID-19,T&NK|T_CD4_activated,0.62058526740666,0.005663817873719885,0.96590004312174,0.1502960760600094
hillock cell of prostate epithelium@TabulaSapiens_2022_Multiple,Ductal|Club,0.7677725118483413,0.039454456892352656,0.1113066042071833,0.14995116838006028
Fibro_POSTN_PTGDS@Gur_2022_Skin|Scleroderma,Fibroblast|Universal,0.5744444444444444,0.028791802411383065,0.2018959463720995,0.149467978911075
CD8_Naive_MAIT@Liu_2021_Blood|COVID-19,T&NK|T_CD8_N&CM,0.603448275862069,0.00566985258383282,0.975344034257749,0.14943645278328083
nkt cell@TabulaSapiens_2022_Multiple,T&NK|T_CD4_activated,0.5334608030592735,0.0080315504634694,0.7702273572914123,0.1488813445612081
normal myoepithelial@Shiao_2024_Breast|BRCA,Ductal|Gland_MUCL1,0.2339600119367353,0.028202453325659196,0.4951212281687239,0.1483815910778995
myoepithelial cell@TabulaSapiens_2022_Multiple,Mural|SPINT2,0.5816326530612245,0.012656822471411125,0.4407136069183976,0.14803917039852849
parietal epithelial cell@Lake_2023_Kidney,Ductal|Proximal-tubule,0.5635084815887463,0.020195130630764214,0.2816374156283692,0.1474390389805952
fibroblast of cardiac tissue@TabulaSapiens_2022_Multiple,Fibroblast|Universal,0.976,0.005631072442362281,0.5800278221193832,0.14717360205709062
CD8_Mem_TRM@Liu_2021_Blood|COVID-19,T&NK|T_CD4_activated,0.7982142857142858,0.004118335344899068,0.9666928934657028,0.1470200534835608
Fibroblast_MKI67@Fan_2023_Cancer|CC,Fibroblast|LRRC15,0.3448275862068966,0.015037593984962405,0.6086095236187155,0.1466807201734402
NK_CD16hi_IgG.IgApos@Liu_2021_Blood|COVID-19,T&NK|NK_CD16,0.8525641025641025,0.003728832567006841,0.986670769677517,0.1463830289498416
T_CD4_c09-GZMK-FOS_l@Ren_2021_Blood|COVID-19,T&NK|T_CD4_N&CM,0.27450980392156865,0.011607811797612506,0.9842049327107706,0.14637421702883596
Mono_Intermediate@Liu_2021_Blood|COVID-19,Monocyte|Classical_general,0.638121546961326,0.005888801080888164,0.8322367765048825,0.1462376049668008
NK cell@Elmentaite_2021_Intestine,T&NK|T_CD8_KLRC2,0.3561643835616438,0.008981001727115717,0.9606005099322728,0.14538045604617092
hillock-club cell of prostate epithelium@TabulaSapiens_2022_Multiple,Ductal|Club,0.596551724137931,0.04213346322454944,0.1218070576316878,0.1452053346132018
"double-positive, alpha-beta thymocyte@COMBAT_2022_Blood|COVID-19",T&NK|T_CD4_N&CM,0.3408017070568511,0.009192453636898081,0.9463103929786284,0.14365550498627355
Macro_CCL@Madissoon_2022_Lung,Macrophage|Alveolar,0.5083798882681564,0.008370895041854474,0.6654862652892207,0.14148154211119274
Cycling PVL@Wu_2021_Cancer|BRCA,Mural|RERGL,0.56,0.00783655191715645,0.6349053205153667,0.14071508894834367
Cycling PVL@Wu_2021_Cancer|BRCA,Mural|RERGL,0.56,0.00783655191715645,0.6349053205153667,0.14071508894834367
RBC.Tcell@Liu_2021_Blood|COVID-19,T&NK|T_CD4_activated,0.5738396624472574,0.00500994621675385,0.9648121432908638,0.1405040347189368
goblet cell@TabulaSapiens_2022_Multiple,Ductal|Gastrointestinal_common,0.4115755627009646,0.016376663254861822,0.4100643875696502,0.14033812977848967
microglial cell@Aldinger_2021_Brain,Neuron_inhibitory,0.5490196078431373,0.007451938130127122,0.6691245144138956,0.1398904323181673
PNEC@Adams_2020_Lung|IPF,Ductal|Gland_SOX17,0.5483870967741935,0.09090909090909091,0.054565872589263,0.13959564905822455
Neuroendocrine@Adams_2020_Lung|IPF,Ductal|Gland_SOX17,0.5483870967741935,0.09090909090909091,0.054565872589263,0.13959564905822455
Airway smooth muscle@Melms_2021_Lung,Fibroblast|CD36,0.4568627450980392,0.022884643716544712,0.2601225065352207,0.13958409769377902
Macrophage_Outlier_HSPs@Adams_2020_Lung|IPF,Macrophage|Alveolar,0.4726109556177529,0.012493129835538833,0.4289088781451324,0.13630549305213904
epithelial cell of lacrimal sac@TabulaSapiens_2022_Multiple,Squamous|Corneal,0.9615384615384616,0.016561775422325273,0.1577165178648923,0.1359304988323549
lacrimal gland functional unit cell@TabulaSapiens_2022_Multiple,Ductal|Gland_LTF,0.324,0.010397946084724006,0.7453045322811269,0.13591752091023457
Neuroendocrine@Chan_2021_Lung|SCLC,Ductal|Gland_MUCL1,0.6567164179104478,0.025601861953596625,0.145573305182913,0.1347649814831854
SCLC@Chan_2021_Lung|SCLC,Ductal|Gland_MUCL1,0.6567164179104478,0.025596276905177427,0.145573305182913,0.13475518110634307
UN@Gur_2022_Blood|Scleroderma,T&NK|T_CD4_N&CM,0.8904109589041096,0.002810567734682406,0.9673987281447332,0.13427547219132216
CD4_Mem_CD146hi@Liu_2021_Blood|COVID-19,T&NK|T_CD4_activated,0.7535934291581109,0.00338127309077843,0.9496295782532288,0.13425295744242718
Microfold cell@Elmentaite_2021_Intestine,Ductal|Gastrointestinal_common,0.8735632183908046,0.0054116599910992436,0.5008898196179626,0.13328737523817344
B_MemSort.IgMpos.CD11cpos@Liu_2021_Blood|COVID-19,B_mature|Memory_unswitched,0.6240601503759399,0.00560772920748598,0.6640276466659008,0.13245444855360428
Mesothelial FB@Melms_2021_Lung,Fibroblast|CD36,0.6810344827586207,0.007759171045523744,0.4367443301962515,0.13215103468456463
ILC@Madissoon_2022_Lung,T&NK|T_CD4_N&CM,0.2263056092843327,0.010227272727272727,0.9670125545031584,0.13080642894997535
leucocyte@TabulaSapiens_2022_Multiple,T&NK|T_CD4_N&CM,0.6125,0.0038053818972546886,0.9501983148260452,0.13034854834489834
dim@Liu_2021_Blood|COVID-19,T&NK|T_CD4_N&CM,0.5202020202020202,0.004392043152890007,0.9669527319353892,0.1302410711141852
dim@Liu_2021_Blood|COVID-19,T&NK|T_CD4_N&CM,0.5202020202020202,0.004389796918618279,0.9669527319353892,0.13021886414922199
dim@Liu_2021_Blood|COVID-19,T&NK|T_CD4_N&CM,0.5202020202020202,0.004389609836135439,0.9669527319353892,0.1302170142523698
NK_c03-MKI67@Ren_2021_Blood|COVID-19,T&NK|NK_CD16,0.7125193199381762,0.003088032367402168,0.997257878728522,0.12994572251507705
DDC1@Reed_2024_Breast,Ductal|Gland_LTF,0.9843971631205674,0.0036770160008477272,0.6058429254399829,0.12991978844181032
DDC1@Reed_2024_Breast,Ductal|Gland_LTF,0.9843971631205674,0.0036770160008477272,0.6058429254399829,0.12991978844181032
Fibro_Bad@Gur_2022_Skin|Scleroderma,Fibroblast|Universal,0.7054945054945055,0.008938267479742712,0.3450099755981104,0.1295764900570156
Mono_Classical_IgPos@Liu_2021_Blood|COVID-19,Monocyte|Classical_FABP5,0.471875,0.006300855414145629,0.6987099368102193,0.12759719703252753
connective tissue cell@TabulaSapiens_2022_Multiple,Fibroblast|Universal,0.606425702811245,0.003484803027855346,0.9692094802620342,0.1269963277640791
microglial cell@Wang_2022_Eye,Rod,0.6379310344827587,0.0038948393378773127,0.8076628573997993,0.1261336983417376
Dblt_B.Gran.dblt@Liu_2021_Blood|COVID-19,B_mature|Naive,0.625,0.004058661182964446,0.7907735651442512,0.12611642538075588
RBC@Szabo_2021_Airway|COVID-19,Macrophage|Alveolar,0.927536231884058,0.023104693140794223,0.0932282242633725,0.12594845182368383
RBC@Szabo_2021_Blood|COVID-19,Macrophage|Alveolar,0.927536231884058,0.023104693140794223,0.0932282242633725,0.12594845182368383
cd141-positive myeloid dendritic cell@TabulaSapiens_2022_Multiple,Monocyte|Classical_CCL4,0.2391304347826087,0.015613910574875798,0.526408526911241,0.12526309909018868
Mesothelia@Madissoon_2022_Lung,Fibroblast|Universal,0.4,0.007954545454545454,0.6137871102905573,0.12499645829513181
papillary tips cell@Lake_2023_Kidney,Ductal|Gland_SOX17,0.3634651600753296,0.053065713500137474,0.0993579554124417,0.12421093014088494
pericyte@Aldinger_2021_Brain,Neuron_inhibitory,1.0,0.0029588577869622394,0.6412758244645023,0.1238006675749425
Macro_AW_CX3CR1@Madissoon_2022_Lung,Macrophage|Alveolar,0.344017094017094,0.007405022537025113,0.7364703441318793,0.12333525148944822
ILC1_3@Stephenson_2021_Blood|COVID-19,T&NK|NK_CD16,0.509020618556701,0.0038442074120211773,0.9305944673123404,0.12211458862431872
podocyte@Lake_2023_Kidney,Ductal,0.673728813559322,0.06556250429523744,0.0407198446025755,0.12161363112044794
Cycling Tumor@Bi_2021_Cancer|RCC,Ductal|Proximal-tubule,1.0,0.019393336648433616,0.09244720504645,0.12148298111970039
Mesothelial FB@Habermann_2020_Lung|COVID-19,Fibroblast|CD36,0.4605263157894737,0.006978598963179583,0.5534428546328315,0.1211616445515366
Macrophage_Alveolar_Outlier_E@Adams_2020_Lung|IPF,Macrophage|Alveolar,0.9852941176470589,0.0028326216547583816,0.6282787636634174,0.12058749692389004
T cell@Kumar_2023_Breast_scRNA,T&NK|T_CD4_activated,0.40540540540540543,0.004351069119840875,0.9712508630925876,0.11965723921462855
limbal stem cell@TabulaSapiens_2022_Multiple,Squamous|Basal,0.4027777777777778,0.006243944450425234,0.6749281993293426,0.11928725238780669
Eryth@Hao_2021_Blood,T&NK|T_CD4_N&CM,0.9550561797752809,0.0018678445074384162,0.9494973819464314,0.11920316961029903
B_Naive_B.Mono.dblt@Liu_2021_Blood|COVID-19,B_mature|Naive,0.6493506493506493,0.0027057741219762973,0.9601476111647104,0.11904274734819632
Eryth@Hao_2021_Blood,T&NK|T_CD4_N&CM,0.9545454545454546,0.0018458698661744347,0.9533887612648324,0.11887464709864098
B_CXCR4@Gur_2022_Skin|Scleroderma,T&NK|T_CD4_N&CM,0.34375,0.005206689807510255,0.9300715292026108,0.11851507272718026
neural progenitor cell@Zhu_2023_Brain,Neuron_inhibitory,0.8405797101449275,0.02369281045751634,0.0833929694890822,0.11842452201861779
Monocyte_MT-tRNAs@Adams_2020_Lung|IPF,Monocyte|Classical_FABP5,0.36257309941520466,0.007510902923598773,0.6055781013637245,0.11814607456768757
NAF_endoneurial@Madissoon_2022_Lung,Fibroblast|CD36,0.47297297297297297,0.004554326610279766,0.7567564024593676,0.11768981143848202
MUC5B+ Ductal@Tosti_2021_Pancreas,Ductal|Gastrointestinal_common,0.9688888888888889,0.006662184463052381,0.2518640356508679,0.11758509170486753
ETP@Park_2020_Thymus,Hematopoietic,0.8639240506329114,0.0018616386511643766,0.9699260336357874,0.11597646200549838
DC_c3-LAMP3@Ren_2021_Blood|COVID-19,Macrophage|ISG,0.4946236559139785,0.003229089888034818,0.975093055559504,0.11591341305030489
ECM-high epithelial@Habermann_2020_Lung|COVID-19,Ductal,0.3150214592274678,0.043431952662721894,0.1112385951018863,0.11502749528167949
Dendritic (plasmacytoid)@Hwang_2022_Cancer|PDAC,Dendritic_classical,0.2158273381294964,0.057692307692307696,0.12199645597502,0.11495393970598843
pancreatic pp cell@TabulaSapiens_2022_Multiple,Ductal,0.29577464788732394,0.013461538461538462,0.3796027725439517,0.11476118024964266
Macro_c6-VCAN@Ren_2021_Blood|COVID-19,Monocyte|ISG,0.43703703703703706,0.003472017889719296,0.9958943088450484,0.11475487634051115
Mesothelial cell@Kanemaru_2023_Heart,Fibroblast|CD36,0.7123935666982024,0.008201899616591147,0.2528328231428526,0.11389097149647014
B_Mem_CD69pos@Liu_2021_Blood|COVID-19,B_mature|Memory_unswitched,0.6043956043956044,0.0037184774525049016,0.6469950128014031,0.11329110015949083
plasmacytoid dendritic cell@TabulaSapiens_2022_Multiple,Plasma,0.4166666666666667,0.003541703559412077,0.9754023232897588,0.11290891930861467
CX3CR1+ CD8 Tmem@Elmentaite_2021_Intestine,T&NK|T_CD8_KLRC2,0.2602739726027397,0.0065630397236614854,0.8278408830985872,0.11224341751708312
Assorted_Epithelial_MT-tRNAs@Adams_2020_Lung|IPF,Ductal|AT2,0.8275862068965517,0.009489916963226572,0.1734024580116839,0.11084351817839365
DDC2@Reed_2024_Breast,Ductal|Gland_LTF,1.0,0.0013828547207799088,0.9735730548355868,0.11042015880721087
DDC2@Reed_2024_Breast,Ductal|Gland_LTF,1.0,0.0013828547207799088,0.9735730548355868,0.11042015880721087
Multiplet_T_Mac_B@Adams_2020_Lung|IPF,Macrophage|EREG,0.6531986531986532,0.005217297762478485,0.3923517282546487,0.11016800661911048
Dblt_Mono.T@Liu_2021_Blood|COVID-19,T&NK|T_CD4_activated,0.3411033411033411,0.004042952921240698,0.9601150036989812,0.10980850309926404
Hormone-negative neuroendocrine@Hwang_2022_Cancer|PDAC,Neuron_inhibitory,0.9944029850746269,0.16321322853934878,0.0081083749616256,0.10958485390326742
Hormone-negative neuroendocrine@Hwang_2022_Cancer|PDAC,Neuron_inhibitory,0.9944029850746269,0.16321322853934878,0.0081083749616256,0.10958485390326742
Schwann_nonmyelinating@Madissoon_2022_Lung,Fibroblast|CD36,0.41964285714285715,0.006115810019518542,0.5071987449428599,0.10918693219270054
Macro_interstitial@Madissoon_2022_Lung,Macrophage|Alveolar,0.3283582089552239,0.005059332168153804,0.7708938589435164,0.10859551418166333
myeloid cell@ Ma_2022_Brain,Neuron_excitatory,1.0,0.0017640909486889103,0.7193592985059636,0.10826521544306134
Other epithelial cells@Habermann_2020_Lung|COVID-19,Ductal,0.22552947910704063,0.046627218934911244,0.1195077925606251,0.10791447065663715
Erythrocyte@Liu_2021_Blood|COVID-19,T&NK|T_CD4_N&CM,0.37292161520190026,0.0033454793411323487,0.9976415071653812,0.10756809387431542
Macro_c5-WDR74@Ren_2021_Blood|COVID-19,Monocyte|Classical_general,0.6140089418777943,0.0024923475251956975,0.7917443993098056,0.10660791055672089
CD4.Prolif@Stephenson_2021_Blood|COVID-19,T&NK|T_CD4_N&CM,0.5641025641025641,0.002270132918862096,0.9322677853702368,0.10608403069284769
intermediate monocyte@TabulaSapiens_2022_Multiple,Monocyte|Classical_general,0.29172714078374457,0.009956902957348789,0.4066645318292047,0.10570912272747515
Adipocyte@Hwang_2022_Cancer|PDAC,Fibroblast,0.6308851224105462,0.01831401705663678,0.0923236669745072,0.10217602003431425
Adipocyte@Hwang_2022_Cancer|PDAC,Fibroblast,0.6308851224105462,0.01831401705663678,0.0923236669745072,0.10217602003431425
Adipocyte@Hwang_2022_Cancer|PDAC,Fibroblast,0.6308851224105462,0.018277047302089584,0.0923236669745072,0.10210722087354368
CD4 TEM_4@Hao_2021_Blood,T&NK|T_CD4_N&CM,0.9420289855072463,0.0014283516821587887,0.7737993866142538,0.10135439817116856
CD4.Th1@Stephenson_2021_Blood|COVID-19,T&NK|T_CD4_N&CM,0.6029106029106029,0.0018702799615625222,0.9153887321151358,0.10106211159963063
LASP5@Reed_2024_Breast,Ductal|Gland_LTF,0.9856459330143541,0.001091448553565752,0.9456795308033756,0.10057485094093349
B cell@ Ma_2022_Brain,Neuron_excitatory,0.9622641509433962,0.0011107239306559805,0.9279610022882042,0.0997263797317743
Mono_NonClassical_IgPos@Liu_2021_Blood|COVID-19,Monocyte|Classical_general,0.38095238095238093,0.0036709409335406737,0.6925338813917934,0.09893797976372387
Macrophage_Outlier_E@Adams_2020_Lung|IPF,Macrophage|Alveolar,0.6030150753768844,0.0038050141631082736,0.4177810767817046,0.09860018672639889
CD4_Naive_IgG.IsoBinding@Liu_2021_Blood|COVID-19,T&NK|T_CD4_activated,0.536,0.0018518689134781046,0.9556202725117212,0.09825472892368234
Multiplet_NK_Mac@Adams_2020_Lung|IPF,Macrophage|Alveolar,0.8654708520179372,0.0020399103707774914,0.5172740127254294,0.09702002840584598
Mo_CD16@Gur_2022_Skin|Scleroderma,T&NK|T_CD4_N&CM,0.21374045801526717,0.004417797412432944,0.9488874495155908,0.09640563322000155
alveolar fibroblast@TabulaSapiens_2022_Multiple,Fibroblast|Universal,0.38580246913580246,0.0028847707184232996,0.8044549815357239,0.09638127853820125
RBC@Liu_2021_Blood|COVID-19,T&NK|T_CD4_N&CM,0.4224137931034483,0.002089418587297188,0.998408575847312,0.09587174137509687
RBC@Liu_2021_Blood|COVID-19,T&NK|T_CD4_N&CM,0.4224137931034483,0.002088349990410638,0.998408575847312,0.09585539460841669
CD4_Mem_CD41hi@Liu_2021_Blood|COVID-19,T&NK|T_CD4_activated,0.7287234042553191,0.0012622191101815936,0.94068308089039,0.09528991377801276
pDC_CXCR4@Gur_2022_Skin|Scleroderma,T&NK|T_CD4_N&CM,0.2619047619047619,0.0034711265383401703,0.9279423461978036,0.09448835283687619
T_CD8_c11-MKI67-FOS@Ren_2021_Blood|COVID-19,T&NK|T_CD4_activated,0.3191489361702128,0.0026474552339387715,0.9935043144022988,0.09433306120112109
CD4_Mem_TM.integrin.hi@Liu_2021_Blood|COVID-19,T&NK|T_CD4_activated,0.5530546623794212,0.0015846838463593731,0.9420464577270052,0.09381256342949953
TEC(myo)@Park_2020_Thymus,Hematopoietic,0.935251798561151,0.0008864945957925603,0.9454268158319148,0.09220281636911375
Megakaryocytes@Zhu_2020_Blood|COVID-19,T&NK|T_CD4_N&CM,0.32051282051282054,0.0025075225677031092,0.9729342862567248,0.09212791761985999
ECM-high epithelial@Melms_2021_Lung,Fibroblast|CD36,0.366412213740458,0.02121494868143201,0.0988116466448899,0.09158127552002147
cE11 (Enteroendocrine)@Pelka_2021_Cancer|CRC,Ductal|Goblet,0.56672760511883,0.012894101988187339,0.1027276408227225,0.09088333620089135
dnT_1@Hao_2021_Blood,T&NK|T_CD4_N&CM,0.4583333333333333,0.0019337684312303602,0.8345371794584316,0.09043652501494939
Dblt_B.Mono.dblt@Liu_2021_Blood|COVID-19,B_mature|Naive,0.52,0.002110503815141512,0.6545957319229375,0.08956140228873848
Dblt_B.Tcell.dblt@Liu_2021_Blood|COVID-19,B_mature|Naive,0.37962962962962965,0.0022187347800205637,0.8443520998823456,0.0892612628303694
gammadeltaT_IgG.IsoBinding@Liu_2021_Blood|COVID-19,T&NK|T_CD8_activated,0.58,0.0012067243675099866,0.9243548387772516,0.08648848008317804
pancreatic stellate cell@TabulaSapiens_2022_Multiple,Fibroblast|Universal,0.3994910941475827,0.0036232720223396643,0.4369990262268345,0.08584127717815344
Multiplet_Dend_T@Adams_2020_Lung|IPF,Monocyte|Classical_FABP5,0.796875,0.002059441124212567,0.3656296969913096,0.08434519535879019
Dividing_AT2@Madissoon_2022_Lung,Ductal,0.6444444444444445,0.0128503378752631,0.0717161136140633,0.08405668513717153
tendon cell@TabulaSapiens_2022_Multiple,Fibroblast|Universal,0.7222222222222222,0.0039002100113083014,0.2015175590672548,0.08279877496860433
Fibro_immune_recruiting@Madissoon_2022_Lung,Fibroblast|CD36,0.3728813559322034,0.002862719583604424,0.5299582710976101,0.08270473687138288
Multiplet_Mast_Mac@Adams_2020_Lung|IPF,Macrophage|Alveolar,0.8387096774193549,0.001648839470680252,0.4025002324721328,0.0822593717521451
meningeal macrophage@Aldinger_2021_Brain,Neuron_inhibitory,0.36675461741424803,0.0021760911766547687,0.694151869792708,0.08213010764640945
CD4_Naive_MAIT@Liu_2021_Blood|COVID-19,T&NK|T_CD4_activated,0.6375838926174496,0.0008752614267682584,0.9774509647270196,0.08170651779249005
CD4_Naive_CD38hi@Liu_2021_Blood|COVID-19,T&NK|NK_CD16,0.3858267716535433,0.001373780419423573,0.969317992248827,0.08009252492769725
pancreatic beta cell@TabulaSapiens_2022_Multiple,Ductal|Pancreatobiliary_acinar,0.9494949494949495,0.015463069583813127,0.0346429660738686,0.07982418245079985
Multiplet_B_Mac@Adams_2020_Lung|IPF,Macrophage|Alveolar,0.7272727272727273,0.0016911174058258994,0.408651627432986,0.07950750002932064
DN T cells@Terekhova_2023_Blood,T&NK|T_CD4_N&CM,0.5510067114093959,0.0009715700382474344,0.921594852283062,0.07901757198904454
Mono.NK@Liu_2021_Blood|COVID-19,T&NK|NK_CD16,0.45121951219512196,0.0010372862349313147,0.9964996981169756,0.07755108636619908
gammadeltaT_CD158e1hi@Liu_2021_Blood|COVID-19,T&NK|NK_CD16,0.38738738738738737,0.001205562408881911,0.9712836674522628,0.07683523433140724
Neu_c5-GSTP1(high)OASL(low)@Ren_2021_Blood|COVID-19,Monocyte|ISG,0.711864406779661,0.0006179014888483493,0.9993262914153066,0.0760340185857844
DPT_DoublePositiveT@Liu_2021_Blood|COVID-19,T&NK|T_CD4_activated,0.4896907216494845,0.0008752614267682584,0.9363168034125324,0.07376111856341275
Erythrocyte@Madissoon_2022_Lung,Macrophage|Alveolar,0.3902439024390244,0.005887222886578972,0.1619595716717568,0.07192575144871928
CD4_Mem_MAIT@Liu_2021_Blood|COVID-19,T&NK|T_CD4_N&CM,0.4675324675324675,0.0007675415218642731,0.9475176453942464,0.06979650137047659
Dblt_B.T@Liu_2021_Blood|COVID-19,T&NK|T_CD4_activated,0.3803418803418803,0.0008199817577092105,0.9588491903229164,0.06687177976395323
Macrophage_Alveolar_Outlier_F@Adams_2020_Lung|IPF,Macrophage|Alveolar,0.9322033898305084,0.000581321608252653,0.5474667746881837,0.0666952600932921
T_CD4_c10-IFNG@Ren_2021_Blood|COVID-19,T&NK|T_CD8_EMRA,0.29721362229102166,0.0009212609759608465,0.9932422189984736,0.06478913560523872
Tuft@Sikkema_2023_Lung,Ductal|Club,0.6666666666666666,0.0015134629407960816,0.2488805215796342,0.0630895088974925
Tuft-like@Melms_2021_Lung,Ductal|AT2,0.35454545454545455,0.002522639068564036,0.270215882887405,0.062289183388784704
CD8_Naive_CD41hi@Liu_2021_Blood|COVID-19,T&NK|T_CD4_activated,0.2996632996632997,0.0008199817577092105,0.9567410085614176,0.0617178391820162
DC_prolif@Stephenson_2021_Blood|COVID-19,Monocyte|Classical_general,0.5652173913043478,0.0006773867461467116,0.5606252886769855,0.05987446305325201
gut endothelial cell@TabulaSapiens_2022_Multiple,Endothelial|Capillary_general,0.23232323232323232,0.0020082074565615994,0.4550974261861265,0.0596579783268108
CD4.Th2@Stephenson_2021_Blood|COVID-19,T&NK|T_CD4_N&CM,0.8,0.000283766614857762,0.9268849146717036,0.05947836660789155
Multiplet_T_Mac_A@Adams_2020_Lung|IPF,Macrophage|EREG,0.5172413793103449,0.0008067986230636833,0.4004573924775956,0.055081392145765296
Dblt_B.T.dblt@Liu_2021_Blood|COVID-19,T&NK|T_CD4_activated,0.4166666666666667,0.00041459751794285923,0.9056128095122414,0.05388311208194784
CD4_Mem_CD22hi@Liu_2021_Blood|COVID-19,T&NK|T_CD4_activated,0.48,0.0003316780143542874,0.953731011020881,0.05334920378045175
NRXN1@Gur_2022_Skin|Scleroderma,Fibroblast|Universal,0.42391304347826086,0.004343830924734776,0.0529489573000713,0.04602590833857196
Unknown_Unknown@Liu_2021_Blood|COVID-19,T&NK|T_CD4_activated,0.2545454545454545,0.0003869576834133353,0.984375067979925,0.04594058015754862
Basophils@Liu_2021_Blood|COVID-19,T&NK|T_CD4_activated,0.2545454545454545,0.00038679731820526046,0.984375067979925,0.04593423296165354
pancreatic alpha cell@TabulaSapiens_2022_Multiple,Ductal|Pancreatobiliary_acinar,0.6197183098591549,0.00723803257114657,0.0215215124416975,0.04587357109947485
TCRVbeta13.1pos@Liu_2021_Blood|COVID-19,T&NK|T_CD4_activated,0.27586206896551724,0.0002211186762361916,0.9577501717566552,0.038802217983272026
TCRVbeta13.1pos@Liu_2021_Blood|COVID-19,T&NK|T_CD4_activated,0.27586206896551724,0.00022102703897443454,0.9577501717566552,0.03879685703054006
Multiplet_Macrophage_Mesothelial@Adams_2020_Lung|IPF,Macrophage|Alveolar,0.39436619718309857,0.0002959455460195324,0.2774295770163569,0.03187288801558026
Melanocytes_MLANA@Gur_2022_Skin|Scleroderma,Fibroblast|Universal,0.31788079470198677,0.001336563361456854,0.0677658222339256,0.03064936760406326
