,B_mature|Naive,B_mature|Memory_switched,B_mature|Memory_unswitched,B_mature|Memory_atypical,B_mature|HSP,B_mature|ISG,B_mature|CCL4,B_mature|GBP,B_mature|EGR,Cancer_Tissue,Cancer_Type
GSE171555_180E1A-00,0.4851063829787234,0.31063829787234043,0.17872340425531916,0.02553191489361702,0.0,0.0,0.0,0.0,0.0,Non-malignant disease,
GSE200173_Gene_express_2-3,0.7201834862385321,0.0,0.2798165137614679,0.0,0.0,0.0,0.0,0.0,0.0,Cancer_Tumor,HCC
GSE161329_8donor_PBMC_A1,0.35978835978835977,0.2275132275132275,0.3915343915343915,0.021164021164021163,0.0,0.0,0.0,0.0,0.0,Control,
GSE181919_C46,0.07766990291262135,0.3786407766990291,0.0,0.0,0.3786407766990291,0.1650485436893204,0.0,0.0,0.0,Cancer_Tumor,HNSCC
GSE136103_cirrhotic2_cd45-_2,0.7379679144385026,0.016042780748663103,0.10160427807486631,0.0855614973262032,0.0106951871657754,0.0,0.0481283422459893,0.0,0.0,Non-malignant disease,
GSE172225_192566_GEX_HHT,0.5836065573770491,0.21967213114754097,0.19672131147540983,0.0,0.0,0.0,0.0,0.0,0.0,Non-malignant disease,
GSE132338_p1035852-6,0.9365079365079365,0.05555555555555555,0.007936507936507936,0.0,0.0,0.0,0.0,0.0,0.0,Non-malignant disease,
GSE216329_P22_T_ADM001_MorD3_4_G,0.8225806451612904,0.10483870967741936,0.07258064516129033,0.0,0.0,0.0,0.0,0.0,0.0,Cancer_Blood,NSCLC
GSE181919_C86,0.2835820895522388,0.17164179104477612,0.291044776119403,0.0,0.2462686567164179,0.0,0.0,0.007462686567164179,0.0,Cancer_Tumor,HNSCC
GSE166489_113-GEX_HCR,0.856280193236715,0.11473429951690821,0.028985507246376812,0.0,0.0,0.0,0.0,0.0,0.0,Non-malignant disease,
GSE162806_MM3038_4h,0.7233502538071066,0.12436548223350254,0.15228426395939088,0.0,0.0,0.0,0.0,0.0,0.0,Non-malignant disease,
GSE182221_Amit1_9752824759,0.8068295949112823,0.15031804486106462,0.042852360227653166,0.0,0.0,0.0,0.0,0.0,0.0,Control,
GSE168522_16_20171027,0.5906183368869936,0.3752665245202559,0.03411513859275053,0.0,0.0,0.0,0.0,0.0,0.0,Control,
GSE166489_Y129-1-5P_HHT,0.6949602122015915,0.0,0.07559681697612732,0.0,0.22944297082228116,0.0,0.0,0.0,0.0,Non-malignant disease,
GSE136035_Mountz_T1,0.9757630161579892,0.02423698384201077,0.0,0.0,0.0,0.0,0.0,0.0,0.0,Control,
GSE182381_KC42_2_placenta,0.9126050420168067,0.0,0.058823529411764705,0.0,0.0,0.0,0.02857142857142857,0.0,0.0,Control,
GSE132338_p1035850-3,0.8642857142857143,0.11428571428571428,0.0,0.02142857142857143,0.0,0.0,0.0,0.0,0.0,Non-malignant disease,
GSE144945_pat9,0.13513513513513514,0.12162162162162163,0.6081081081081081,0.0,0.13513513513513514,0.0,0.0,0.0,0.0,Cancer_Tumor,NSCLC
GSE159913_Kidney_Normal_Myhl,0.0,0.030303030303030304,0.07575757575757576,0.0,0.8484848484848485,0.0,0.015151515151515152,0.0,0.030303030303030304,Cancer_AdjNorm,RCC
GSE130157_14562X2,0.9145299145299145,0.07122507122507123,0.014245014245014245,0.0,0.0,0.0,0.0,0.0,0.0,Cancer_Blood,CRC
GSE159677_02dat20190717tisCARconDIS,0.0962962962962963,0.05185185185185185,0.6444444444444445,0.0,0.014814814814814815,0.0,0.18518518518518517,0.0,0.007407407407407408,Non-malignant disease,
GSE182244_HD2,0.0,0.9444444444444444,0.05555555555555555,0.0,0.0,0.0,0.0,0.0,0.0,Control,
GSE132338_p1035836-9,0.7093023255813954,0.18604651162790697,0.10465116279069768,0.0,0.0,0.0,0.0,0.0,0.0,Non-malignant disease,
GSE178991_sample_IV_3_5primeGEX,0.7369042930287515,0.0,0.2630957069712485,0.0,0.0,0.0,0.0,0.0,0.0,Non-malignant disease,
GSE138867_scRNA_V041_F043,0.8762541806020067,0.09364548494983277,0.030100334448160536,0.0,0.0,0.0,0.0,0.0,0.0,Control,
GSE155673_cov_scrna_17,0.18840579710144928,0.2028985507246377,0.13043478260869565,0.4782608695652174,0.0,0.0,0.0,0.0,0.0,Control,
GSE166992_IVAR55D,0.8294930875576036,0.027649769585253458,0.0944700460829493,0.04838709677419355,0.0,0.0,0.0,0.0,0.0,Non-malignant disease,
GSE138867_scRNA_V045_F120,0.38306451612903225,0.3548387096774194,0.07258064516129033,0.04838709677419355,0.14112903225806453,0.0,0.0,0.0,0.0,Control,
GSE171964_2051_7,0.5450819672131147,0.4016393442622951,0.05327868852459016,0.0,0.0,0.0,0.0,0.0,0.0,Non-malignant disease,
GSE171703_S272_RNA,0.8222967309304275,0.1399832355406538,0.037720033528918694,0.0,0.0,0.0,0.0,0.0,0.0,Non-malignant disease,
GSE171555_61BBAD-00,0.49843260188087773,0.1974921630094044,0.25391849529780564,0.0438871473354232,0.0,0.0,0.006269592476489028,0.0,0.0,Control,
GSE139891_GC3b,0.25,0.6470588235294118,0.029411764705882353,0.0,0.0,0.07352941176470588,0.0,0.0,0.0,Control,
GSE150877_Fresh-Human-Blood,0.1546134663341646,0.6334164588528678,0.19201995012468828,0.0199501246882793,0.0,0.0,0.0,0.0,0.0,Control,
GSE136103_blood3,0.6510067114093959,0.348993288590604,0.0,0.0,0.0,0.0,0.0,0.0,0.0,Non-malignant disease,
GSE163633_SCC002-Bl-HLADR,0.6909090909090909,0.07272727272727272,0.18181818181818182,0.05454545454545454,0.0,0.0,0.0,0.0,0.0,Cancer_Blood,HNSCC
GSE178991_12-14,0.6784660766961652,0.032448377581120944,0.2890855457227139,0.0,0.0,0.0,0.0,0.0,0.0,Non-malignant disease,
GSE132338_p1035846-3,0.7203389830508474,0.2542372881355932,0.025423728813559324,0.0,0.0,0.0,0.0,0.0,0.0,Non-malignant disease,
GSE178991_V6,0.5822147651006712,0.05704697986577181,0.36073825503355705,0.0,0.0,0.0,0.0,0.0,0.0,Non-malignant disease,
GSE162806_MM3001_24h,0.6308068459657702,0.24205378973105135,0.1271393643031785,0.0,0.0,0.0,0.0,0.0,0.0,Non-malignant disease,
GSE162806_MM3012_Ctrl,0.5019157088122606,0.3716475095785441,0.12643678160919541,0.0,0.0,0.0,0.0,0.0,0.0,Control,
GSE133028_3_PB_uns_5pGEX,0.45364238410596025,0.4337748344370861,0.10264900662251655,0.0,0.0,0.009933774834437087,0.0,0.0,0.0,Control,
GSE129845_195,0.13815789473684212,0.3026315789473684,0.5131578947368421,0.0,0.0,0.0,0.0,0.0,0.046052631578947366,Non-malignant disease,
GSE171964_2051_2,0.5866666666666667,0.2826666666666667,0.13066666666666665,0.0,0.0,0.0,0.0,0.0,0.0,Non-malignant disease,
GSE144945_pat6,0.1497005988023952,0.20359281437125748,0.47305389221556887,0.0,0.07784431137724551,0.05389221556886228,0.0,0.0,0.041916167664670656,Cancer_Tumor,NSCLC
GSE132802_SKIN_HV5,0.7612403100775194,0.21550387596899226,0.023255813953488372,0.0,0.0,0.0,0.0,0.0,0.0,Control,
GSE155468_10x_RPP_TAA_5,0.0,0.14012738853503184,0.6496815286624203,0.0,0.1464968152866242,0.0,0.05732484076433121,0.0,0.006369426751592357,Non-malignant disease,
GSE162806_MM3005_4h,0.838655462184874,0.1092436974789916,0.052100840336134456,0.0,0.0,0.0,0.0,0.0,0.0,Non-malignant disease,
GSE136103_cirrhotic2_cd45-_1,0.8128342245989305,0.0427807486631016,0.0213903743315508,0.0962566844919786,0.0,0.0,0.026737967914438502,0.0,0.0,Non-malignant disease,
GSE181919_C57,0.0,0.16804407713498623,0.0,0.0,0.8319559228650137,0.0,0.0,0.0,0.0,Cancer_Tumor,HNSCC
GSE153117_HE005,0.06276346604215456,0.5967213114754099,0.053395784543325525,0.0,0.0,0.27259953161592504,0.014519906323185013,0.0,0.0,Control,
GSE181919_C22,0.3307860262008734,0.14847161572052403,0.2314410480349345,0.0,0.2893013100436681,0.0,0.0,0.0,0.0,Cancer_Tumor,HNSCC
GSE136103_cirrhotic1_cd45plus,0.6538461538461539,0.038461538461538464,0.07692307692307693,0.019230769230769232,0.0,0.0,0.21153846153846154,0.0,0.0,Non-malignant disease,
GSE171964_2049_0,0.5165876777251185,0.3424170616113744,0.14099526066350712,0.0,0.0,0.0,0.0,0.0,0.0,Non-malignant disease,
GSE129845_129,0.0784313725490196,0.27450980392156865,0.5686274509803921,0.0,0.0392156862745098,0.0,0.0,0.0,0.0392156862745098,Non-malignant disease,
GSE171555_22CBD6-00,0.4601449275362319,0.46859903381642515,0.07125603864734299,0.0,0.0,0.0,0.0,0.0,0.0,Control,
GSE173303_65B-5GE,0.7752161383285303,0.07492795389048991,0.14985590778097982,0.0,0.0,0.0,0.0,0.0,0.0,Non-malignant disease,
GSE153117_HE008,0.04697286012526096,0.30219206680584554,0.02139874739039666,0.0,0.0,0.6012526096033403,0.028183716075156576,0.0,0.0,Control,
GSE178991_sample_V_2_5primeGEX,0.761663856098932,0.0,0.23833614390106803,0.0,0.0,0.0,0.0,0.0,0.0,Non-malignant disease,
GSE178481_SCG_RCC-BM2-P-T1,0.0,0.07123287671232877,0.1506849315068493,0.0,0.7780821917808219,0.0,0.0,0.0,0.0,Cancer_Tumor,RCC
GSE145370_R4B5,0.49375,0.090625,0.375,0.0,0.0,0.0,0.00625,0.0,0.034375,Cancer_AdjNorm,ESCA
GSE132338_p1035855-7,0.5771812080536913,0.31543624161073824,0.10738255033557047,0.0,0.0,0.0,0.0,0.0,0.0,Non-malignant disease,
GSE179886_Normal,0.6337522441651705,0.2639138240574506,0.04488330341113106,0.05745062836624776,0.0,0.0,0.0,0.0,0.0,Control,
GSE132338_p1035868-6,1.0,0.0,0.0,0.0,0.0,0.0,0.0,0.0,0.0,Non-malignant disease,
GSE136103_cirrhotic2_cd45plus_4,0.6808510638297872,0.1702127659574468,0.09574468085106383,0.0,0.02127659574468085,0.0,0.031914893617021274,0.0,0.0,Non-malignant disease,
GSE162806_MM3038_Ctrl,0.6798866855524079,0.2521246458923513,0.025495750708215296,0.0339943342776204,0.0,0.0084985835694051,0.0,0.0,0.0,Control,
GSE171964_2053_0,0.5503759398496241,0.34135338345864663,0.10827067669172932,0.0,0.0,0.0,0.0,0.0,0.0,Non-malignant disease,
GSE213282_GEX_NextGEM_C,0.6236263736263736,0.2692307692307692,0.08791208791208792,0.019230769230769232,0.0,0.0,0.0,0.0,0.0,Control,
GSE173303_62B-5GE,0.7378640776699029,0.0,0.13592233009708737,0.0,0.0,0.0,0.0,0.0,0.1262135922330097,Non-malignant disease,
GSE178481_RCC-PR3-T1,0.7543859649122807,0.07017543859649122,0.12280701754385964,0.0,0.0,0.017543859649122806,0.03508771929824561,0.0,0.0,Cancer_Tumor,RCC
GSE164690_HN18_CD45p,0.033112582781456956,0.37748344370860926,0.23841059602649006,0.0,0.039735099337748346,0.2582781456953642,0.0,0.052980132450331126,0.0,Cancer_Tumor,HNSCC
GSE132338_p1035843-7,0.9692307692307692,0.03076923076923077,0.0,0.0,0.0,0.0,0.0,0.0,0.0,Non-malignant disease,
GSE182244_HD1,0.16260162601626016,0.6178861788617886,0.08401084010840108,0.13550135501355012,0.0,0.0,0.0,0.0,0.0,Control,
GSE153892_Sample_03_healthy,0.27586206896551724,0.23275862068965517,0.4396551724137931,0.0,0.02586206896551724,0.0,0.0,0.0,0.02586206896551724,Cancer_AdjNorm,PRC
GSE166992_IVAR105D,0.9306569343065694,0.03102189781021898,0.020072992700729927,0.0072992700729927005,0.0,0.0,0.010948905109489052,0.0,0.0,Control,
GSE179346_HD1,0.6086956521739131,0.02608695652173913,0.23478260869565218,0.0,0.06086956521739131,0.0,0.008695652173913044,0.0,0.06086956521739131,Control,
GSE132338_p1035845-9,0.8233766233766234,0.11948051948051948,0.012987012987012988,0.04415584415584416,0.0,0.0,0.0,0.0,0.0,Non-malignant disease,
GSE136035_165,0.27385159010600707,0.0989399293286219,0.002944640753828033,0.6207302709069493,0.0,0.0035335689045936395,0.0,0.0,0.0,Non-malignant disease,
GSE167029_P5,0.9221789883268483,0.0,0.07782101167315175,0.0,0.0,0.0,0.0,0.0,0.0,Non-malignant disease,
GSE171964_2049_2,0.406,0.428,0.152,0.014,0.0,0.0,0.0,0.0,0.0,Non-malignant disease,
GSE171555_61BBAD-14,0.5550755939524838,0.23326133909287258,0.1857451403887689,0.02591792656587473,0.0,0.0,0.0,0.0,0.0,Control,
GSE136103_blood2,0.6576576576576577,0.3333333333333333,0.0,0.0,0.0,0.0,0.009009009009009009,0.0,0.0,Non-malignant disease,
GSE162616_IT20180531,0.05844155844155844,0.03896103896103896,0.8311688311688312,0.0,0.0,0.0,0.07142857142857142,0.0,0.0,Cancer_Tumor,HCC
GSE154405_DH663,0.24074074074074073,0.14814814814814814,0.2962962962962963,0.0,0.05555555555555555,0.0,0.14814814814814814,0.0,0.1111111111111111,Control,
GSE171555_40067F-07,0.41444444444444445,0.24333333333333335,0.3422222222222222,0.0,0.0,0.0,0.0,0.0,0.0,Non-malignant disease,
GSE178991_sample_II_3_5primeGEX,0.7612472160356347,0.0,0.23875278396436525,0.0,0.0,0.0,0.0,0.0,0.0,Non-malignant disease,
GSE216329_P1_TN_ADM001_DaHi_G,0.7711864406779662,0.2076271186440678,0.0211864406779661,0.0,0.0,0.0,0.0,0.0,0.0,Cancer_Blood,NSCLC
GSE133028_29_PB_uns_5pGEX,0.6683544303797468,0.18227848101265823,0.14936708860759493,0.0,0.0,0.0,0.0,0.0,0.0,Non-malignant disease,
GSE144469_CT4-CD45,0.3465909090909091,0.42424242424242425,0.2215909090909091,0.0,0.007575757575757576,0.0,0.0,0.0,0.0,Control,
GSE216329_P21_T_ADM001_MorD3_3_G,0.7076923076923077,0.23846153846153847,0.046153846153846156,0.0,0.0,0.0,0.0,0.007692307692307693,0.0,Cancer_Blood,NSCLC
GSE162806_MM3012_4h,0.8,0.17391304347826086,0.021739130434782608,0.0,0.0,0.004347826086956522,0.0,0.0,0.0,Non-malignant disease,
GSE136103_blood1,0.856353591160221,0.143646408839779,0.0,0.0,0.0,0.0,0.0,0.0,0.0,Non-malignant disease,
GSE155468_10x_RPP_TAA_6,0.0,0.04819277108433735,0.9518072289156626,0.0,0.0,0.0,0.0,0.0,0.0,Non-malignant disease,
GSE129845_135,0.7013698630136986,0.0,0.27808219178082194,0.0,0.02054794520547945,0.0,0.0,0.0,0.0,Non-malignant disease,
GSE181919_LN46,0.048239895697522815,0.0,0.3246414602346806,0.0,0.003911342894393742,0.6232073011734028,0.0,0.0,0.0,Cancer_Metastasis,HNSCC
GSE121380_HB35,0.6732456140350878,0.05263157894736842,0.2741228070175439,0.0,0.0,0.0,0.0,0.0,0.0,Non-malignant disease,
GSE162806_MM3038_24h,0.8457583547557841,0.11053984575835475,0.043701799485861184,0.0,0.0,0.0,0.0,0.0,0.0,Non-malignant disease,
GSE145370_R5A5,0.16414435389988358,0.2968568102444703,0.3178114086146682,0.0,0.07334109429569266,0.0,0.07450523864959255,0.0,0.07334109429569266,Cancer_Tumor,ESCA
GSE178991_C2_GEXL,0.729121278140886,0.0,0.270878721859114,0.0,0.0,0.0,0.0,0.0,0.0,Non-malignant disease,
GSE178991_sample_II_1_5primeGEX,0.7294889826535396,0.02297233942803563,0.24753867791842477,0.0,0.0,0.0,0.0,0.0,0.0,Non-malignant disease,
GSE156776_A16,0.44610778443113774,0.0748502994011976,0.4550898203592814,0.0,0.0,0.0,0.0,0.0,0.023952095808383235,Non-malignant disease,
GSE150516_726INF,0.35960591133004927,0.21428571428571427,0.4064039408866995,0.0,0.0,0.0,0.0,0.019704433497536946,0.0,Non-malignant disease,
GSE121380_HB45,0.7337662337662337,0.14285714285714285,0.07792207792207792,0.0,0.0,0.0,0.0,0.045454545454545456,0.0,Non-malignant disease,
GSE167029_C31,0.4456140350877193,0.015789473684210527,0.5385964912280702,0.0,0.0,0.0,0.0,0.0,0.0,Control,
GSE168933_NASH1_POOL_20190311_NASH_1,0.7837837837837838,0.10810810810810811,0.08108108108108109,0.0,0.0,0.0,0.02702702702702703,0.0,0.0,Non-malignant disease,
GSE162806_MM3005_Ctrl,0.6531986531986532,0.22895622895622897,0.11784511784511785,0.0,0.0,0.0,0.0,0.0,0.0,Control,
GSE171703_S210v2_RNA,0.8115134633240483,0.18848653667595172,0.0,0.0,0.0,0.0,0.0,0.0,0.0,Non-malignant disease,
GSE145370_R3B5,0.04184100418410042,0.17154811715481172,0.5564853556485355,0.0,0.2301255230125523,0.0,0.0,0.0,0.0,Cancer_AdjNorm,ESCA
GSE132338_p1035812-7,0.7639751552795031,0.09316770186335403,0.14285714285714285,0.0,0.0,0.0,0.0,0.0,0.0,Non-malignant disease,
GSE178481_RCC-PR5-T1,0.17346938775510204,0.01020408163265306,0.6836734693877551,0.0,0.02040816326530612,0.04081632653061224,0.07142857142857142,0.0,0.0,Cancer_Tumor,RCC
GSE171964_2052_42,0.6744186046511628,0.2877906976744186,0.0377906976744186,0.0,0.0,0.0,0.0,0.0,0.0,Non-malignant disease,
GSE155673_cov_scrna_09,0.421875,0.296875,0.265625,0.015625,0.0,0.0,0.0,0.0,0.0,Control,
GSE130157_14546X9,0.5166666666666667,0.4,0.016666666666666666,0.06666666666666667,0.0,0.0,0.0,0.0,0.0,Cancer_Blood,HCC
GSE182221_Amit7_4373504347,0.8284106891701828,0.12552742616033755,0.04606188466947961,0.0,0.0,0.0,0.0,0.0,0.0,Control,
GSE200173_Gene_express_2-2,0.4837758112094395,0.0,0.49557522123893805,0.0,0.0,0.0,0.0,0.0,0.02064896755162242,Control,
GSE181082_SynTissue_50_6000,0.1746031746031746,0.2698412698412698,0.5158730158730159,0.0,0.0,0.0,0.015873015873015872,0.0,0.023809523809523808,Control,
GSE128066_TB_PBL,0.6710526315789473,0.2631578947368421,0.06578947368421052,0.0,0.0,0.0,0.0,0.0,0.0,Control,
GSE171703_R478910_RNA,0.1875,0.3888888888888889,0.19444444444444445,0.22916666666666666,0.0,0.0,0.0,0.0,0.0,Non-malignant disease,
GSE178481_RCC-PR8-N,0.42045454545454547,0.011363636363636364,0.4318181818181818,0.03409090909090909,0.06818181818181818,0.0,0.03409090909090909,0.0,0.0,Cancer_AdjNorm,RCC
GSE149133_MG139B_NOIGHD_HHT,0.29279923700524557,0.39127324749642345,0.3087744396757272,0.00715307582260372,0.0,0.0,0.0,0.0,0.0,Non-malignant disease,
GSE171964_2055_42,0.31974921630094044,0.27586206896551724,0.4043887147335423,0.0,0.0,0.0,0.0,0.0,0.0,Non-malignant disease,
GSE144469_CT2-CD45,0.4219269102990033,0.3521594684385382,0.19933554817275748,0.0,0.0,0.0,0.0,0.0,0.026578073089700997,Control,
GSE167297_Surface,0.23983739837398374,0.06097560975609756,0.6991869918699187,0.0,0.0,0.0,0.0,0.0,0.0,Cancer_Tumor,GC
GSE117824_ET05_PC,0.773109243697479,0.14285714285714285,0.07563025210084033,0.008403361344537815,0.0,0.0,0.0,0.0,0.0,Non-malignant disease,
GSE167030_C27,0.736949846468782,0.14636642784032752,0.08290685772773797,0.033776867963152504,0.0,0.0,0.0,0.0,0.0,Control,
GSE129845_126,0.7301587301587301,0.2108843537414966,0.05895691609977324,0.0,0.0,0.0,0.0,0.0,0.0,Non-malignant disease,
GSE171555_0BF51C-00,0.0,0.0641025641025641,0.5769230769230769,0.0641025641025641,0.0,0.2948717948717949,0.0,0.0,0.0,Non-malignant disease,
GSE132338_p1035869-3,0.8230088495575221,0.10619469026548672,0.008849557522123894,0.061946902654867256,0.0,0.0,0.0,0.0,0.0,Non-malignant disease,
GSE129845_196,0.0,0.42473118279569894,0.5376344086021505,0.0,0.0,0.0,0.0,0.0,0.03763440860215054,Non-malignant disease,
GSE164985_10XDISCEL_008,0.028037383177570093,0.07476635514018691,0.8691588785046729,0.018691588785046728,0.0,0.0,0.009345794392523364,0.0,0.0,Non-malignant disease,
GSE145809_SIGAA1,0.3893653516295026,0.08061749571183534,0.0,0.0,0.0,0.036020583190394515,0.0,0.4939965694682676,0.0,Control,
GSE142444_bt1-Monocytes_5,0.8169014084507042,0.08450704225352113,0.07042253521126761,0.028169014084507043,0.0,0.0,0.0,0.0,0.0,Control,
GSE130157_14546X3,0.1111111111111111,0.6444444444444445,0.0,0.24444444444444444,0.0,0.0,0.0,0.0,0.0,Cancer_Blood,PC
GSE178991_B2_GEXL,0.7725030826140568,0.0,0.22749691738594327,0.0,0.0,0.0,0.0,0.0,0.0,Non-malignant disease,
GSE136103_cirrhotic2_cd45plus_3,0.75,0.12,0.06,0.0,0.0,0.03,0.04,0.0,0.0,Non-malignant disease,
GSE132771_F4W,0.20384615384615384,0.0,0.7538461538461538,0.0,0.04230769230769231,0.0,0.0,0.0,0.0,Non-malignant disease,
GSE130157_14562X1,0.9142857142857143,0.060714285714285714,0.017857142857142856,0.0,0.0,0.007142857142857143,0.0,0.0,0.0,Cancer_Blood,CRC
GSE149133_MG189B_NOIGD_HHT,0.5316455696202531,0.4608532583216127,0.007501172058134084,0.0,0.0,0.0,0.0,0.0,0.0,Non-malignant disease,
GSE130157_14554X1,0.7530864197530864,0.2222222222222222,0.024691358024691357,0.0,0.0,0.0,0.0,0.0,0.0,Cancer_Blood,CRC
GSE173303_A40B-5GE,0.6451612903225806,0.1774193548387097,0.0,0.1774193548387097,0.0,0.0,0.0,0.0,0.0,Non-malignant disease,
GSE162806_MM3008_Ctrl,0.722007722007722,0.1891891891891892,0.0888030888030888,0.0,0.0,0.0,0.0,0.0,0.0,Control,
GSE130157_14554X9,0.8630573248407644,0.10509554140127389,0.03184713375796178,0.0,0.0,0.0,0.0,0.0,0.0,Cancer_Blood,CRC
GSE150674_ND17494_Fresh,0.2550335570469799,0.4395973154362416,0.3053691275167785,0.0,0.0,0.0,0.0,0.0,0.0,Control,
GSE148020_20190809chi,0.5869565217391305,0.20108695652173914,0.14673913043478262,0.0,0.0,0.0,0.06521739130434782,0.0,0.0,Control,
GSE171555_7768E4-28,0.7950617283950617,0.10123456790123457,0.1037037037037037,0.0,0.0,0.0,0.0,0.0,0.0,Control,
GSE171964_2047_0,0.5760869565217391,0.3333333333333333,0.09057971014492754,0.0,0.0,0.0,0.0,0.0,0.0,Non-malignant disease,
GSE178991_sample_V_3_5primeGEX,0.7501403705783268,0.0,0.24985962942167322,0.0,0.0,0.0,0.0,0.0,0.0,Non-malignant disease,
GSE153892_Sample_03_tumor,0.05625,0.05,0.84375,0.0,0.0,0.0,0.0,0.0,0.05,Cancer_Tumor,PRC
GSE171964_2047_2,0.4608695652173913,0.3391304347826087,0.2,0.0,0.0,0.0,0.0,0.0,0.0,Non-malignant disease,
GSE158723_NGS18-G695_UCL-NPF6000,0.868421052631579,0.05263157894736842,0.07894736842105263,0.0,0.0,0.0,0.0,0.0,0.0,Non-malignant disease,
GSE166489_Y124-5P_HHT,0.8637077769049489,0.08994501178318931,0.03338570306362922,0.012961508248232521,0.0,0.0,0.0,0.0,0.0,Non-malignant disease,
GSE171703_S210_5prime,0.6815809097688292,0.2870991797166294,0.03131991051454139,0.0,0.0,0.0,0.0,0.0,0.0,Non-malignant disease,
GSE144945_pat7,0.18518518518518517,0.037037037037037035,0.7777777777777778,0.0,0.0,0.0,0.0,0.0,0.0,Cancer_Tumor,NSCLC
GSE162806_MM3020_4h,0.14189189189189189,0.0,0.10135135135135136,0.1891891891891892,0.0,0.5675675675675675,0.0,0.0,0.0,Non-malignant disease,
GSE167029_P8,0.8497983870967742,0.0,0.1502016129032258,0.0,0.0,0.0,0.0,0.0,0.0,Non-malignant disease,
GSE164241_PD164c,0.0,0.17647058823529413,0.625,0.0,0.0,0.0,0.0,0.0,0.19852941176470587,Non-malignant disease,
GSE164690_HN14_CD45p,0.031446540880503145,0.8867924528301887,0.06918238993710692,0.0,0.012578616352201259,0.0,0.0,0.0,0.0,Cancer_Tumor,HNSCC
GSE171703_S65_RNA,0.32854209445585214,0.07665982203969883,0.5557837097878165,0.039014373716632446,0.0,0.0,0.0,0.0,0.0,Non-malignant disease,
GSE165193_Control2,0.990909090909091,0.0,0.00909090909090909,0.0,0.0,0.0,0.0,0.0,0.0,Control,
GSE178991_V8,0.5255474452554745,0.008211678832116789,0.46624087591240876,0.0,0.0,0.0,0.0,0.0,0.0,Non-malignant disease,
GSE153559_2_HPV-4-TIL_GEX,0.0,0.29850746268656714,0.6417910447761194,0.0,0.0,0.0,0.0,0.05970149253731343,0.0,Cancer_Tumor,HNSCC
GSE132338_p1035872-2,0.7035714285714286,0.15,0.12857142857142856,0.0,0.0,0.017857142857142856,0.0,0.0,0.0,Control,
GSE136103_cirrhotic5_cd45plus,0.39226519337016574,0.4198895027624309,0.055248618784530384,0.06906077348066299,0.0,0.0,0.06353591160220995,0.0,0.0,Non-malignant disease,
GSE164690_HN10_CD45p,0.1590909090909091,0.1590909090909091,0.3181818181818182,0.011363636363636364,0.0,0.25,0.0,0.0,0.10227272727272728,Cancer_Tumor,HNSCC
GSE162616_IT20180523,0.25190839694656486,0.061068702290076333,0.6030534351145038,0.0,0.06870229007633588,0.0,0.015267175572519083,0.0,0.0,Cancer_Tumor,HCC
GSE179159_Fresh_ROB_2026,0.5416666666666666,0.16666666666666666,0.2222222222222222,0.027777777777777776,0.0,0.013888888888888888,0.013888888888888888,0.0,0.013888888888888888,Non-malignant disease,
GSE136103_healthy4_cd45plus_4,0.42592592592592593,0.35185185185185186,0.13580246913580246,0.012345679012345678,0.0,0.0,0.07407407407407407,0.0,0.0,Control,
GSE133028_5_PB_uns_5pGEX,0.5219976218787158,0.4423305588585018,0.0,0.0356718192627824,0.0,0.0,0.0,0.0,0.0,Non-malignant disease,
GSE171381_CNTRL_2__villi__HCR,0.6774193548387096,0.0,0.2903225806451613,0.0,0.0,0.0,0.03225806451612903,0.0,0.0,Control,
GSE161329_8donor_PBMC_AD,0.5263157894736842,0.18181818181818182,0.22488038277511962,0.06698564593301436,0.0,0.0,0.0,0.0,0.0,Control,
GSE138867_scRNA_V054_F209,0.7573529411764706,0.22058823529411764,0.022058823529411766,0.0,0.0,0.0,0.0,0.0,0.0,Control,
GSE130157_14554X5,0.640625,0.234375,0.03125,0.078125,0.0,0.015625,0.0,0.0,0.0,Cancer_Blood,PC
GSE167295_SC167,0.08183632734530938,0.015968063872255488,0.9021956087824351,0.0,0.0,0.0,0.0,0.0,0.0,Non-malignant disease,
GSE171555_61BBAD-07,0.44984802431610943,0.16109422492401215,0.3890577507598784,0.0,0.0,0.0,0.0,0.0,0.0,Control,
GSE178481_RCC-RCC1-N,0.14457831325301204,0.04819277108433735,0.8072289156626506,0.0,0.0,0.0,0.0,0.0,0.0,Cancer_AdjNorm,RCC
GSE171703_S356v2_RNA,0.25618374558303886,0.25724381625441695,0.43462897526501765,0.0519434628975265,0.0,0.0,0.0,0.0,0.0,Non-malignant disease,
GSE171964_2051_42,0.3873239436619718,0.4084507042253521,0.11267605633802817,0.028169014084507043,0.0,0.014084507042253521,0.0,0.0,0.04929577464788732,Non-malignant disease,
GSE132338_p1035837-6,0.6338028169014085,0.2112676056338028,0.14084507042253522,0.014084507042253521,0.0,0.0,0.0,0.0,0.0,Non-malignant disease,
GSE163834_BTB_2,0.9752212389380531,0.024778761061946902,0.0,0.0,0.0,0.0,0.0,0.0,0.0,Cancer_Blood,NSCLC
GSE133028_18_PB_uns_3pGEX,0.743421052631579,0.20065789473684212,0.05592105263157895,0.0,0.0,0.0,0.0,0.0,0.0,Non-malignant disease,
GSE171964_2052_2,0.6966292134831461,0.20973782771535582,0.09363295880149813,0.0,0.0,0.0,0.0,0.0,0.0,Non-malignant disease,
GSE178991_sample_I_2_5primeGEX,0.7151639344262295,0.007377049180327869,0.2774590163934426,0.0,0.0,0.0,0.0,0.0,0.0,Non-malignant disease,
GSE165045_BL4,0.08955223880597014,0.04477611940298507,0.2537313432835821,0.0,0.6119402985074627,0.0,0.0,0.0,0.0,Non-malignant disease,
GSE145370_R4A5,0.02702702702702703,0.3108108108108108,0.47297297297297297,0.0,0.0,0.013513513513513514,0.0,0.0,0.17567567567567569,Cancer_Tumor,ESCA
GSE171555_180E1A-07,0.5278969957081545,0.27467811158798283,0.19742489270386265,0.0,0.0,0.0,0.0,0.0,0.0,Non-malignant disease,
GSE178481_RCC-PR6-T,0.016,0.064,0.872,0.0,0.016,0.0,0.0,0.0,0.032,Cancer_Tumor,RCC
GSE171703_S24_5prime,0.25216706067769895,0.6020488573680063,0.0851063829787234,0.06067769897557131,0.0,0.0,0.0,0.0,0.0,Non-malignant disease,
GSE178991_B1_GEXL,0.7623261694058154,0.0,0.23767383059418457,0.0,0.0,0.0,0.0,0.0,0.0,Non-malignant disease,
GSE171555_82CCF5-14,0.2763873775843308,0.2840043525571273,0.4396082698585419,0.0,0.0,0.0,0.0,0.0,0.0,Non-malignant disease,
GSE164690_HN11_CD45p,0.019230769230769232,0.6730769230769231,0.19230769230769232,0.0,0.0,0.0,0.038461538461538464,0.019230769230769232,0.057692307692307696,Cancer_Tumor,HNSCC
GSE129845_193,0.36906854130052724,0.13708260105448156,0.4938488576449912,0.0,0.0,0.0,0.0,0.0,0.0,Non-malignant disease,
GSE171964_2047_7,0.45045045045045046,0.34234234234234234,0.1981981981981982,0.009009009009009009,0.0,0.0,0.0,0.0,0.0,Non-malignant disease,
GSE181919_C15,0.023255813953488372,0.24031007751937986,0.6744186046511628,0.0,0.05426356589147287,0.0,0.0,0.0,0.007751937984496124,Cancer_Tumor,HNSCC
GSE142444_bt2-Monocytes_5,0.8840579710144928,0.043478260869565216,0.0,0.07246376811594203,0.0,0.0,0.0,0.0,0.0,Control,
GSE133028_24_PB_uns_5pGEX,0.7441860465116279,0.17647058823529413,0.06839945280437756,0.01094391244870041,0.0,0.0,0.0,0.0,0.0,Non-malignant disease,
GSE136103_healthy2_cd45plus_2,0.6893203883495146,0.038834951456310676,0.1941747572815534,0.019417475728155338,0.0,0.0,0.05825242718446602,0.0,0.0,Control,
GSE171964_2055_0,0.43545279383429675,0.29865125240847784,0.2658959537572254,0.0,0.0,0.0,0.0,0.0,0.0,Non-malignant disease,
GSE216329_P21_TN_ADM001_MorD3_3_G,0.6484375,0.2890625,0.0625,0.0,0.0,0.0,0.0,0.0,0.0,Cancer_Blood,NSCLC
GSE178481_RCC-PR5-T3,0.14516129032258066,0.08064516129032258,0.7419354838709677,0.0,0.008064516129032258,0.0,0.016129032258064516,0.0,0.008064516129032258,Cancer_Tumor,RCC
GSE136103_cirrhotic2_cd45plus_2,0.7010309278350515,0.21649484536082475,0.041237113402061855,0.0,0.0,0.0,0.020618556701030927,0.020618556701030927,0.0,Non-malignant disease,
GSE178991_sample_IV_2_5primeGEX,0.6850152905198776,0.0,0.3149847094801223,0.0,0.0,0.0,0.0,0.0,0.0,Non-malignant disease,
GSE132338_p1035838-2,0.930635838150289,0.028901734104046242,0.03468208092485549,0.0,0.005780346820809248,0.0,0.0,0.0,0.0,Non-malignant disease,
GSE162806_MM3009_4h,0.9380378657487092,0.06196213425129088,0.0,0.0,0.0,0.0,0.0,0.0,0.0,Non-malignant disease,
GSE171555_0BF51C-07,0.2340909090909091,0.5545454545454546,0.1,0.1,0.0,0.011363636363636364,0.0,0.0,0.0,Non-malignant disease,
GSE131778_rca3-3,0.0,0.3458646616541353,0.6466165413533834,0.0,0.007518796992481203,0.0,0.0,0.0,0.0,Non-malignant disease,
GSE136103_healthy4_cd45plus_1,0.4329268292682927,0.36585365853658536,0.14634146341463414,0.024390243902439025,0.0,0.0,0.03048780487804878,0.0,0.0,Control,
GSE145370_S159A5,0.0,0.2459016393442623,0.5737704918032787,0.0,0.0,0.06557377049180328,0.0,0.0,0.11475409836065574,Cancer_Tumor,ESCA
GSE144945_pat8,0.125,0.015625,0.6875,0.0,0.140625,0.0,0.0,0.0,0.03125,Cancer_Tumor,NSCLC
GSE153559_1_HPV-4-LN_GEX,0.0,0.5714285714285714,0.42857142857142855,0.0,0.0,0.0,0.0,0.0,0.0,Cancer_Metastasis,HNSCC
GSE155673_cov_scrna_11,0.012738853503184714,0.025477707006369428,0.008492569002123142,0.1464968152866242,0.0,0.8067940552016986,0.0,0.0,0.0,Non-malignant disease,
GSE165193_Control3,0.9458375125376128,0.0,0.031093279839518557,0.0,0.0,0.0,0.023069207622868605,0.0,0.0,Control,
GSE131778_rca3-2,0.0,0.43478260869565216,0.5652173913043478,0.0,0.0,0.0,0.0,0.0,0.0,Non-malignant disease,
GSE156310_SC174,0.18032786885245902,0.18032786885245902,0.6065573770491803,0.0,0.0,0.0,0.0,0.0,0.03278688524590164,Non-malignant disease,
GSE167297_Deep,0.32432432432432434,0.010810810810810811,0.6594594594594595,0.0,0.0,0.0,0.0,0.0,0.005405405405405406,Cancer_Tumor,GC
GSE164690_HN16_CD45p,0.3423760523854069,0.3161833489242282,0.2853133769878391,0.0,0.05612722170252572,0.0,0.0,0.0,0.0,Cancer_Tumor,HNSCC
GSE173252_dd2,0.17592592592592593,0.2222222222222222,0.5740740740740741,0.0,0.009259259259259259,0.0,0.0,0.0,0.018518518518518517,Non-malignant disease,
GSE150516_CHO1S,0.10483870967741936,0.22580645161290322,0.5645161290322581,0.0,0.08870967741935484,0.0,0.0,0.0,0.016129032258064516,Non-malignant disease,
GSE162806_MM3015_4h,0.21666666666666667,0.48333333333333334,0.05,0.2,0.0,0.0,0.0,0.05,0.0,Non-malignant disease,
GSE164690_HN08_PBL,0.6944444444444444,0.08333333333333333,0.041666666666666664,0.16666666666666666,0.0,0.013888888888888888,0.0,0.0,0.0,Cancer_Blood,HNSCC
GSE132509_PBMMC_1_1of2,0.9701492537313433,0.0,0.029850746268656716,0.0,0.0,0.0,0.0,0.0,0.0,Control,
GSE150674_ND15656_p0_run1,0.5376344086021505,0.23118279569892472,0.13978494623655913,0.0,0.0913978494623656,0.0,0.0,0.0,0.0,Non-malignant disease,
GSE171555_7085CA-00,0.07692307692307693,0.0,0.0,0.0,0.0,0.8769230769230769,0.0,0.046153846153846156,0.0,Non-malignant disease,
GSE132771_F1W,0.0,0.05952380952380952,0.2976190476190476,0.0,0.6428571428571429,0.0,0.0,0.0,0.0,Non-malignant disease,
GSE181919_LN59,0.6190476190476191,0.0,0.3741496598639456,0.0,0.0,0.006802721088435374,0.0,0.0,0.0,Cancer_Metastasis,HNSCC
GSE135337_BC2,0.025806451612903226,0.22580645161290322,0.14193548387096774,0.0,0.6064516129032258,0.0,0.0,0.0,0.0,Cancer_Tumor,BLCA
GSE178991_020218_6,0.4360033030553262,0.0,0.5639966969446738,0.0,0.0,0.0,0.0,0.0,0.0,Non-malignant disease,
GSE136103_blood4,0.8807947019867549,0.10596026490066225,0.0,0.0,0.0,0.0,0.013245033112582781,0.0,0.0,Non-malignant disease,
GSE167029_P20,0.6286919831223629,0.16455696202531644,0.1350210970464135,0.07172995780590717,0.0,0.0,0.0,0.0,0.0,Non-malignant disease,
GSE171964_2052_0,0.7425149700598802,0.25748502994011974,0.0,0.0,0.0,0.0,0.0,0.0,0.0,Non-malignant disease,
GSE121380_S280,0.9471445929526124,0.0,0.05285540704738761,0.0,0.0,0.0,0.0,0.0,0.0,Non-malignant disease,
GSE176417_Sc_skin3,0.5454545454545454,0.0,0.3090909090909091,0.0,0.10909090909090909,0.0,0.03636363636363636,0.0,0.0,Control,
GSE171555_655A91-00,0.7192342752962625,0.2397447584320875,0.010027347310847767,0.03099361896080219,0.0,0.0,0.0,0.0,0.0,Control,
GSE171381_CNTRL_1__villi__HCR,0.6,0.0,0.07857142857142857,0.014285714285714285,0.0,0.0,0.30714285714285716,0.0,0.0,Control,
GSE121380_HB25,0.8412371134020619,0.07628865979381444,0.060309278350515465,0.0,0.001718213058419244,0.0,0.0027491408934707906,0.017697594501718213,0.0,Non-malignant disease,
GSE171555_180E1A-14,0.5748987854251012,0.23076923076923078,0.19433198380566802,0.0,0.0,0.0,0.0,0.0,0.0,Non-malignant disease,
GSE129845_134,0.9461538461538461,0.023076923076923078,0.03076923076923077,0.0,0.0,0.0,0.0,0.0,0.0,Non-malignant disease,
GSE168933_NASH2_LIB037226,0.3684210526315789,0.23157894736842105,0.3157894736842105,0.010526315789473684,0.0,0.042105263157894736,0.031578947368421054,0.0,0.0,Non-malignant disease,
GSE164690_HN05_CD45n,0.36419753086419754,0.024691358024691357,0.5740740740740741,0.0,0.0,0.037037037037037035,0.0,0.0,0.0,Cancer_Tumor,HNSCC
GSE165193_Case2,0.9900990099009901,0.0,0.009900990099009901,0.0,0.0,0.0,0.0,0.0,0.0,Non-malignant disease,
GSE155673_cov_scrna_03,0.5746268656716418,0.1791044776119403,0.0,0.08955223880597014,0.0,0.11940298507462686,0.0,0.03731343283582089,0.0,Non-malignant disease,
GSE182685_BPDCN712_10x_scRNAseq,0.016574585635359115,0.43646408839779005,0.32044198895027626,0.13812154696132597,0.0,0.08839779005524862,0.0,0.0,0.0,Control,
GSE136103_cirrhotic4_cd45plus,0.17155756207674944,0.4785553047404063,0.12415349887133183,0.05191873589164785,0.0,0.0,0.17381489841986456,0.0,0.0,Non-malignant disease,
GSE144469_C6-CD45,0.040983606557377046,0.5382513661202186,0.04918032786885246,0.0,0.37158469945355194,0.0,0.0,0.0,0.0,Non-malignant disease,
GSE171555_450905-00,0.13793103448275862,0.0,0.0,0.11494252873563218,0.0,0.7471264367816092,0.0,0.0,0.0,Non-malignant disease,
GSE178481_RCC-PR5-T2,0.24401913875598086,0.009569377990430622,0.6698564593301436,0.0,0.04784688995215311,0.0,0.023923444976076555,0.0,0.004784688995215311,Cancer_Tumor,RCC
GSE172225_192566SKL_GEX_HHT,0.0,0.09210526315789473,0.6578947368421053,0.0,0.21052631578947367,0.0,0.039473684210526314,0.0,0.0,Non-malignant disease,
GSE169657_h51AP-GEX,0.2824074074074074,0.05092592592592592,0.23148148148148148,0.0,0.009259259259259259,0.3472222222222222,0.018518518518518517,0.0,0.06018518518518518,Cancer_Tumor,BRCA
GSE162806_MM3040_Ctrl,0.7718832891246684,0.15384615384615385,0.05570291777188329,0.01856763925729443,0.0,0.0,0.0,0.0,0.0,Control,
GSE171555_45FBA5-00,0.10813953488372093,0.0,0.0,0.0,0.0,0.891860465116279,0.0,0.0,0.0,Non-malignant disease,
GSE179346_RD3,0.9682539682539683,0.031746031746031744,0.0,0.0,0.0,0.0,0.0,0.0,0.0,Non-malignant disease,
GSE171555_2DB5F9-00,0.7572254335260116,0.05202312138728324,0.06358381502890173,0.09248554913294797,0.0,0.0,0.03468208092485549,0.0,0.0,Non-malignant disease,
GSE171703_S609_5prime,0.6469565217391304,0.25217391304347825,0.06086956521739131,0.04,0.0,0.0,0.0,0.0,0.0,Non-malignant disease,
GSE164690_HN09_CD45p,0.0,0.6764705882352942,0.14705882352941177,0.0,0.029411764705882353,0.058823529411764705,0.0,0.0,0.08823529411764706,Cancer_Tumor,HNSCC
GSE138867_scRNA_V043_F047,0.5522788203753352,0.08847184986595175,0.03485254691689008,0.029490616621983913,0.2949061662198391,0.0,0.0,0.0,0.0,Control,
GSE129845_138,0.5262345679012346,0.004629629629629629,0.44753086419753085,0.0,0.021604938271604937,0.0,0.0,0.0,0.0,Non-malignant disease,
GSE129845_185,0.5434782608695652,0.18206521739130435,0.21195652173913043,0.0625,0.0,0.0,0.0,0.0,0.0,Non-malignant disease,
GSE171555_80A16A-14,0.7404202719406675,0.1681087762669963,0.0580964153275649,0.03337453646477132,0.0,0.0,0.0,0.0,0.0,Control,
GSE171703_S33_RNA,0.7952702702702703,0.19324324324324324,0.011486486486486487,0.0,0.0,0.0,0.0,0.0,0.0,Non-malignant disease,
GSE169657_h61AP-GEX,0.0,0.00819672131147541,0.09016393442622951,0.0,0.0,0.9016393442622951,0.0,0.0,0.0,Cancer_Tumor,BRCA
GSE178991_C3_GEXL,0.6172413793103448,0.0,0.38275862068965516,0.0,0.0,0.0,0.0,0.0,0.0,Non-malignant disease,
GSE138867_scRNA_V035_F031,0.6573604060913706,0.20304568527918782,0.0,0.0,0.13959390862944163,0.0,0.0,0.0,0.0,Control,
GSE181919_C51,0.0,0.49504950495049505,0.4752475247524752,0.0,0.0297029702970297,0.0,0.0,0.0,0.0,Cancer_Tumor,HNSCC
GSE169657_h62AP-GEX,0.0,0.0,0.0,0.0,0.0,1.0,0.0,0.0,0.0,Cancer_Tumor,BRCA
GSE178481_RCC-PR2-N,0.0625,0.015625,0.765625,0.0,0.15625,0.0,0.0,0.0,0.0,Cancer_AdjNorm,RCC
GSE153559_3_HPV-53-LN_GEX,0.0,0.20754716981132076,0.7924528301886793,0.0,0.0,0.0,0.0,0.0,0.0,Cancer_Metastasis,HNSCC
GSE163604_SampleID_2_30aug18,1.0,0.0,0.0,0.0,0.0,0.0,0.0,0.0,0.0,Control,
GSE121380_HB15,0.7887184562097971,0.15289460663038099,0.05838693715982187,0.0,0.0,0.0,0.0,0.0,0.0,Non-malignant disease,
GSE173303_A56B-5GE,0.8542274052478134,0.12682215743440234,0.0,0.0,0.0,0.0,0.0,0.0,0.018950437317784258,Non-malignant disease,
GSE156285_1572874946_3976_P,0.43564356435643564,0.3564356435643564,0.2079207920792079,0.0,0.0,0.0,0.0,0.0,0.0,Non-malignant disease,
GSE178991_E1_GEXL,0.7293632075471698,0.0,0.2706367924528302,0.0,0.0,0.0,0.0,0.0,0.0,Non-malignant disease,
GSE136103_healthy2_cd45-_1,0.660377358490566,0.03773584905660377,0.22641509433962265,0.0,0.0,0.0,0.07547169811320754,0.0,0.0,Control,
GSE171555_0BF51C-14,0.1773049645390071,0.6638297872340425,0.06099290780141844,0.09787234042553192,0.0,0.0,0.0,0.0,0.0,Non-malignant disease,
GSE172225_192564SKL_GEX_HHT,0.0,0.18867924528301888,0.6415094339622641,0.0,0.16981132075471697,0.0,0.0,0.0,0.0,Non-malignant disease,
GSE163604_SampleID_3_30aug18,1.0,0.0,0.0,0.0,0.0,0.0,0.0,0.0,0.0,Control,
GSE164690_HN06_PBL,0.7117117117117117,0.13513513513513514,0.14414414414414414,0.0,0.0,0.0,0.0,0.0,0.009009009009009009,Cancer_Blood,HNSCC
GSE171964_2051_1,0.521505376344086,0.3763440860215054,0.10215053763440861,0.0,0.0,0.0,0.0,0.0,0.0,Non-malignant disease,
GSE172225_192565SKL_GEX_HHT,0.03225806451612903,0.1935483870967742,0.6129032258064516,0.0,0.16129032258064516,0.0,0.0,0.0,0.0,Non-malignant disease,
GSE163834_BTB_1,0.9793745841650033,0.01929474384564205,0.0013306719893546241,0.0,0.0,0.0,0.0,0.0,0.0,Cancer_Blood,NSCLC
GSE164690_HN05_CD45p,0.0,0.07352941176470588,0.0,0.0,0.0,0.9264705882352942,0.0,0.0,0.0,Cancer_Tumor,HNSCC
GSE164690_HN10_PBL,0.3333333333333333,0.17391304347826086,0.42028985507246375,0.07246376811594203,0.0,0.0,0.0,0.0,0.0,Cancer_Blood,HNSCC
GSE136035_Mountz_178_T1,0.1464354527938343,0.03275529865125241,0.04238921001926782,0.12909441233140656,0.0,0.649325626204239,0.0,0.0,0.0,Non-malignant disease,
GSE162806_MM3015_24h,0.45918367346938777,0.32653061224489793,0.14285714285714285,0.07142857142857142,0.0,0.0,0.0,0.0,0.0,Non-malignant disease,
GSE145370_S150A5,0.0,0.6,0.12727272727272726,0.0,0.0,0.21818181818181817,0.0,0.0,0.05454545454545454,Cancer_Tumor,ESCA
GSE150877_Fixed-Human-Blood,0.2073732718894009,0.3778801843317972,0.2903225806451613,0.11981566820276497,0.0,0.0,0.0,0.004608294930875576,0.0,Control,
GSE182381_KC40_2_placenta,0.6918032786885245,0.0,0.26885245901639343,0.0,0.0,0.0,0.03934426229508197,0.0,0.0,Control,
GSE129845_192,0.31386861313868614,0.024330900243309004,0.6618004866180048,0.0,0.0,0.0,0.0,0.0,0.0,Non-malignant disease,
GSE162806_MM3016_24h,0.37901498929336186,0.31905781584582443,0.2334047109207709,0.06852248394004283,0.0,0.0,0.0,0.0,0.0,Non-malignant disease,
GSE167029_C28,0.6486146095717884,0.04030226700251889,0.3110831234256927,0.0,0.0,0.0,0.0,0.0,0.0,Control,
GSE200173_Gene_express_2-4,0.7086614173228346,0.06299212598425197,0.2283464566929134,0.0,0.0,0.0,0.0,0.0,0.0,Cancer_Tumor,HCC
GSE164241_PD164b,0.0364963503649635,0.5547445255474452,0.40875912408759124,0.0,0.0,0.0,0.0,0.0,0.0,Non-malignant disease,
GSE167029_P47,0.7367021276595744,0.0,0.2632978723404255,0.0,0.0,0.0,0.0,0.0,0.0,Non-malignant disease,
GSE171964_2047_42,0.4393939393939394,0.42424242424242425,0.10606060606060606,0.030303030303030304,0.0,0.0,0.0,0.0,0.0,Non-malignant disease,
GSE124885_B5,0.14993058769088385,0.7838963442850532,0.036094400740397964,0.0,0.008329477093937991,0.02174919018972698,0.0,0.0,0.0,Non-malignant disease,
GSE159674_T71,0.5894097222222222,0.2439236111111111,0.16666666666666666,0.0,0.0,0.0,0.0,0.0,0.0,Control,
GSE166895_RBG31066_mRNA,0.9625935162094763,0.0,0.03740648379052369,0.0,0.0,0.0,0.0,0.0,0.0,Control,
GSE178481_RCC-PR3-T3,0.5308641975308642,0.0,0.3333333333333333,0.0,0.0,0.0,0.08641975308641975,0.0,0.04938271604938271,Cancer_Tumor,RCC
GSE167029_P23,0.9602836879432625,0.0,0.03971631205673759,0.0,0.0,0.0,0.0,0.0,0.0,Non-malignant disease,
GSE162616_IT20180605,0.3010204081632653,0.015306122448979591,0.08163265306122448,0.0,0.5969387755102041,0.0,0.00510204081632653,0.0,0.0,Cancer_Tumor,HCC
GSE130157_14546X5,0.09230769230769231,0.7538461538461538,0.07692307692307693,0.07692307692307693,0.0,0.0,0.0,0.0,0.0,Cancer_Blood,CRC
GSE142444_bt3-Monocytes_20,0.8333333333333334,0.1,0.0,0.05,0.0,0.0,0.016666666666666666,0.0,0.0,Non-malignant disease,
GSE166489_Y125-1-5P_HHT,0.934044233807267,0.06595576619273302,0.0,0.0,0.0,0.0,0.0,0.0,0.0,Non-malignant disease,
GSE171555_82CCF5-00,0.3954741379310345,0.3566810344827586,0.2478448275862069,0.0,0.0,0.0,0.0,0.0,0.0,Non-malignant disease,
GSE132338_p1035822-1,0.8425531914893617,0.13617021276595745,0.02127659574468085,0.0,0.0,0.0,0.0,0.0,0.0,Non-malignant disease,
GSE162616_djs20181009,0.08022922636103152,0.0,0.42120343839541546,0.0,0.4469914040114613,0.0,0.05157593123209169,0.0,0.0,Control,
GSE162806_MM3020_24h,0.4567901234567901,0.2716049382716049,0.09876543209876543,0.12345679012345678,0.0,0.04938271604938271,0.0,0.0,0.0,Non-malignant disease,
GSE182244_GPP2,0.25227963525835867,0.5775075987841946,0.0972644376899696,0.0729483282674772,0.0,0.0,0.0,0.0,0.0,Non-malignant disease,
GSE130157_14554X2,0.3384615384615385,0.6,0.046153846153846156,0.015384615384615385,0.0,0.0,0.0,0.0,0.0,Cancer_Blood,CRC
GSE132771_F3W,0.2857142857142857,0.07142857142857142,0.4175824175824176,0.0,0.19230769230769232,0.0,0.03296703296703297,0.0,0.0,Non-malignant disease,
GSE130157_14554X6,0.6105263157894737,0.35789473684210527,0.031578947368421054,0.0,0.0,0.0,0.0,0.0,0.0,Cancer_Blood,PC
GSE167029_C29,0.5457063711911357,0.0,0.45429362880886426,0.0,0.0,0.0,0.0,0.0,0.0,Control,
GSE138867_scRNA_V040_F198,0.3422818791946309,0.20134228187919462,0.0,0.0,0.12416107382550336,0.33221476510067116,0.0,0.0,0.0,Control,
GSE150877_Double_positive,0.26804123711340205,0.5360824742268041,0.18556701030927836,0.0,0.0,0.0,0.0,0.010309278350515464,0.0,Control,
GSE171703_S586_5prime,0.8751584283903675,0.08808618504435994,0.036755386565272496,0.0,0.0,0.0,0.0,0.0,0.0,Non-malignant disease,
GSE175386_scRNAseq_2,0.21818181818181817,0.4805194805194805,0.2805194805194805,0.005194805194805195,0.0,0.005194805194805195,0.0,0.01038961038961039,0.0,Control,
GSE129845_run231_181,0.38202247191011235,0.028892455858747994,0.5890850722311396,0.0,0.0,0.0,0.0,0.0,0.0,Non-malignant disease,
GSE166992_IVAR95D,0.9027027027027027,0.05945945945945946,0.03783783783783784,0.0,0.0,0.0,0.0,0.0,0.0,Non-malignant disease,
GSE181919_C59,0.5337078651685393,0.0,0.4550561797752809,0.0,0.0,0.0,0.0,0.011235955056179775,0.0,Cancer_Tumor,HNSCC
GSE158924_scGA3-v3_HHT,0.11203319502074689,0.04564315352697095,0.3941908713692946,0.0,0.4107883817427386,0.0,0.008298755186721992,0.0,0.029045643153526972,Non-malignant disease,
GSE171964_2052_7,0.7265917602996255,0.22846441947565543,0.0449438202247191,0.0,0.0,0.0,0.0,0.0,0.0,Non-malignant disease,
GSE162806_MM3001_4h,0.5865384615384616,0.23076923076923078,0.16346153846153846,0.019230769230769232,0.0,0.0,0.0,0.0,0.0,Non-malignant disease,
GSE164690_HN04_CD45p,0.07575757575757576,0.8484848484848485,0.045454545454545456,0.0,0.0,0.030303030303030304,0.0,0.0,0.0,Cancer_Tumor,HNSCC
GSE129845_208,0.06172839506172839,0.49382716049382713,0.37037037037037035,0.0,0.024691358024691357,0.0,0.0,0.0,0.04938271604938271,Non-malignant disease,
GSE166489_Y28-2-5P_HHT,0.5757575757575758,0.026737967914438502,0.39750445632798576,0.0,0.0,0.0,0.0,0.0,0.0,Control,
GSE142444_bt2-Monocytes_8,0.9142857142857143,0.0,0.04285714285714286,0.0,0.0,0.04285714285714286,0.0,0.0,0.0,Non-malignant disease,
GSE178991_sample_III_2_5primeGEX,0.7496038034865293,0.0,0.25039619651347067,0.0,0.0,0.0,0.0,0.0,0.0,Non-malignant disease,
GSE171555_2AD75E-14,0.7459128065395095,0.25408719346049047,0.0,0.0,0.0,0.0,0.0,0.0,0.0,Non-malignant disease,
GSE136035_79trans,0.8994383525006686,0.10056164749933137,0.0,0.0,0.0,0.0,0.0,0.0,0.0,Control,
GSE171703_S201_RNA,0.9069990412272292,0.052732502396931925,0.040268456375838924,0.0,0.0,0.0,0.0,0.0,0.0,Non-malignant disease,
GSE178991_A2_GEXL,0.8019187358916479,0.0,0.19808126410835214,0.0,0.0,0.0,0.0,0.0,0.0,Non-malignant disease,
GSE178991_020218_8,0.49282296650717705,0.0430622009569378,0.46411483253588515,0.0,0.0,0.0,0.0,0.0,0.0,Non-malignant disease,
GSE129845_159,0.2647058823529412,0.0661764705882353,0.6580882352941176,0.0,0.0,0.0,0.0,0.0,0.011029411764705883,Non-malignant disease,
GSE162806_MM3012_72h,0.7194570135746606,0.19457013574660634,0.08597285067873303,0.0,0.0,0.0,0.0,0.0,0.0,Non-malignant disease,
GSE155673_cov_scrna_12,0.9085487077534792,0.09145129224652088,0.0,0.0,0.0,0.0,0.0,0.0,0.0,Non-malignant disease,
GSE171381_CNTRL_3__villi__HCR,0.6594427244582043,0.006191950464396285,0.30959752321981426,0.0030959752321981426,0.0,0.0,0.021671826625386997,0.0,0.0,Control,
GSE162806_MM3040_24h,0.7230392156862745,0.21323529411764705,0.0,0.05392156862745098,0.0,0.0,0.00980392156862745,0.0,0.0,Non-malignant disease,
GSE171555_0B943B-14,0.7162061239731142,0.1882001493651979,0.09559372666168783,0.0,0.0,0.0,0.0,0.0,0.0,Non-malignant disease,
GSE181919_LN22,0.1978476821192053,0.08443708609271523,0.679635761589404,0.0,0.016556291390728478,0.02152317880794702,0.0,0.0,0.0,Cancer_Metastasis,HNSCC
GSE171703_S537_5prime,0.3642506142506142,0.1934889434889435,0.4391891891891892,0.003071253071253071,0.0,0.0,0.0,0.0,0.0,Non-malignant disease,
GSE166992_IVAR4_5D_CKDL200155938-1a-SI_GA_D2_H5NG5DSXY,0.38950276243093923,0.1408839779005525,0.3784530386740331,0.09116022099447514,0.0,0.0,0.0,0.0,0.0,Control,
GSE150876_Fresh-Human-Blood,0.15486194477791115,0.5978391356542617,0.18967587034813926,0.057623049219687875,0.0,0.0,0.0,0.0,0.0,Control,
GSE167029_P3,0.6997084548104956,0.0,0.30029154518950435,0.0,0.0,0.0,0.0,0.0,0.0,Non-malignant disease,
GSE133028_7_PB_uns_5pGEX,0.6774193548387096,0.25513196480938416,0.06744868035190615,0.0,0.0,0.0,0.0,0.0,0.0,Non-malignant disease,
GSE155673_cov_scrna_07,0.30656934306569344,0.4489051094890511,0.24452554744525548,0.0,0.0,0.0,0.0,0.0,0.0,Control,
GSE168859_AHMWWJBBXX_LGL_24_bt1,0.7049180327868853,0.03278688524590164,0.18032786885245902,0.08196721311475409,0.0,0.0,0.0,0.0,0.0,Control,
GSE158924_scGA1__HHT,0.0,0.25203252032520324,0.25203252032520324,0.0,0.3983739837398374,0.0,0.0,0.0,0.0975609756097561,Non-malignant disease,
GSE132338_p1035811-5,0.425,0.275,0.2375,0.0625,0.0,0.0,0.0,0.0,0.0,Non-malignant disease,
GSE117824_MF05_GSe,0.5384615384615384,0.15384615384615385,0.24358974358974358,0.038461538461538464,0.0,0.02564102564102564,0.0,0.0,0.0,Non-malignant disease,
GSE165193_Control1,1.0,0.0,0.0,0.0,0.0,0.0,0.0,0.0,0.0,Control,
GSE171555_450905-14,0.38071065989847713,0.3604060913705584,0.06598984771573604,0.17766497461928935,0.0,0.0,0.0,0.015228426395939087,0.0,Non-malignant disease,
GSE171703_S356_RNA,0.3333333333333333,0.1617440225035162,0.44585091420534456,0.05907172995780591,0.0,0.0,0.0,0.0,0.0,Non-malignant disease,
GSE153117_HE001,0.07448680351906159,0.5765395894428152,0.0035190615835777126,0.0,0.0,0.34545454545454546,0.0,0.0,0.0,Control,
GSE200173_Gene_express_1-1,0.6711711711711712,0.05405405405405406,0.17567567567567569,0.09009009009009009,0.0,0.0,0.009009009009009009,0.0,0.0,Cancer_Tumor,HCC
GSE153559_3_HPU22_LN_Activated,0.0,0.12150055991041434,0.8784994400895857,0.0,0.0,0.0,0.0,0.0,0.0,Cancer_Metastasis,HNSCC
GSE162806_MM3005_24h,0.8698224852071006,0.1242603550295858,0.005917159763313609,0.0,0.0,0.0,0.0,0.0,0.0,Non-malignant disease,
GSE160517_S03,0.7886178861788617,0.11382113821138211,0.04878048780487805,0.04878048780487805,0.0,0.0,0.0,0.0,0.0,Non-malignant disease,
GSE144469_C2-CD45,0.45294117647058824,0.11176470588235295,0.2235294117647059,0.0,0.058823529411764705,0.01764705882352941,0.08235294117647059,0.041176470588235294,0.011764705882352941,Non-malignant disease,
GSE132338_p1035827-8,0.8641975308641975,0.13580246913580246,0.0,0.0,0.0,0.0,0.0,0.0,0.0,Non-malignant disease,
GSE130157_14562X3,0.5856164383561644,0.18493150684931506,0.0136986301369863,0.1815068493150685,0.0,0.03424657534246575,0.0,0.0,0.0,Cancer_Blood,CRC
GSE167029_P17,0.6045576407506702,0.23726541554959785,0.013404825737265416,0.01876675603217158,0.0,0.1260053619302949,0.0,0.0,0.0,Non-malignant disease,
GSE144945_pat1,0.08695652173913043,0.2236024844720497,0.5652173913043478,0.0,0.024844720496894408,0.09937888198757763,0.0,0.0,0.0,Cancer_Tumor,NSCLC
GSE142444_bt3-Monocytes_5,0.8888888888888888,0.027777777777777776,0.027777777777777776,0.05555555555555555,0.0,0.0,0.0,0.0,0.0,Control,
GSE162806_MM3009_24h,0.8241308793456033,0.09815950920245399,0.03067484662576687,0.04703476482617587,0.0,0.0,0.0,0.0,0.0,Non-malignant disease,
GSE150516_1_inflamed_UC_biopsy_1-30-17_lib91,0.11242603550295859,0.28994082840236685,0.47928994082840237,0.011834319526627219,0.05325443786982249,0.0,0.0,0.0,0.05325443786982249,Non-malignant disease,
GSE171964_2051_0,0.6888297872340425,0.18351063829787234,0.1276595744680851,0.0,0.0,0.0,0.0,0.0,0.0,Non-malignant disease,
GSE168933_NASH2_POOL_20190311_NASH_2,0.5555555555555556,0.20987654320987653,0.14814814814814814,0.04938271604938271,0.0,0.0,0.037037037037037035,0.0,0.0,Non-malignant disease,
GSE130157_15424X4,0.21518987341772153,0.620253164556962,0.10126582278481013,0.0379746835443038,0.0,0.0,0.0,0.0,0.02531645569620253,Cancer_Blood,CRC
GSE158723_NGS18-G693_UCL-WF6000,0.546875,0.140625,0.3125,0.0,0.0,0.0,0.0,0.0,0.0,Non-malignant disease,
GSE166992_IVAR65D,0.9066079295154185,0.05638766519823789,0.03700440528634361,0.0,0.0,0.0,0.0,0.0,0.0,Non-malignant disease,
GSE145809_SIGAB4,0.3032994923857868,0.007614213197969543,0.19416243654822335,0.0,0.0,0.0,0.0,0.4949238578680203,0.0,Control,
GSE145370_S149A5,0.0,0.04484304932735426,0.03587443946188341,0.0,0.13004484304932734,0.7847533632286996,0.0,0.004484304932735426,0.0,Cancer_Tumor,ESCA
GSE182244_GPP1_1,0.559322033898305,0.3389830508474576,0.0847457627118644,0.0,0.0,0.0,0.0,0.01694915254237288,0.0,Non-malignant disease,
GSE150877_Fadi_Fresh,0.029850746268656716,0.5671641791044776,0.2537313432835821,0.07462686567164178,0.0,0.0,0.0,0.07462686567164178,0.0,Control,
GSE155850_HS22_Myeloid,0.15577889447236182,0.020100502512562814,0.49748743718592964,0.0,0.32663316582914576,0.0,0.0,0.0,0.0,Non-malignant disease,
GSE181919_P60,0.0,0.06930693069306931,0.7475247524752475,0.0,0.019801980198019802,0.08415841584158416,0.009900990099009901,0.0,0.06930693069306931,Cancer_Tumor,HNSCC
GSE173303_45B-5GE,0.5167638483965015,0.01967930029154519,0.46355685131195334,0.0,0.0,0.0,0.0,0.0,0.0,Non-malignant disease,
GSE171964_2049_1,0.41818181818181815,0.4077922077922078,0.17402597402597403,0.0,0.0,0.0,0.0,0.0,0.0,Non-malignant disease,
GSE216329_P1_T_ADM001_DaHi4_G,0.8695652173913043,0.13043478260869565,0.0,0.0,0.0,0.0,0.0,0.0,0.0,Cancer_Blood,NSCLC
GSE178991_020218_9,0.3745019920318725,0.099601593625498,0.5258964143426295,0.0,0.0,0.0,0.0,0.0,0.0,Non-malignant disease,
GSE166489_35F-GEX_HCR,0.5704845814977973,0.24669603524229075,0.17180616740088106,0.0,0.0,0.011013215859030838,0.0,0.0,0.0,Control,
GSE178991_V0,0.5166139240506329,0.0,0.4833860759493671,0.0,0.0,0.0,0.0,0.0,0.0,Non-malignant disease,
GSE153559_5_HPU22_TIL_Activated,0.0,0.0,0.9571322985957132,0.0,0.04286770140428677,0.0,0.0,0.0,0.0,Cancer_Tumor,HNSCC
GSE201348_A002-C-024,0.5285714285714286,0.02857142857142857,0.4,0.014285714285714285,0.0,0.02857142857142857,0.0,0.0,0.0,Cancer_AdjNorm,FAP
GSE171703_S171_5prime,0.9523562920766442,0.04039357845675816,0.0072501294665976174,0.0,0.0,0.0,0.0,0.0,0.0,Non-malignant disease,
GSE171703_S305_5prime,0.5822393822393822,0.4061776061776062,0.0,0.011583011583011582,0.0,0.0,0.0,0.0,0.0,Non-malignant disease,
GSE130157_14546X1,0.06944444444444445,0.7777777777777778,0.0,0.1527777777777778,0.0,0.0,0.0,0.0,0.0,Cancer_Blood,PC
GSE132771_F6W,0.0,0.0449438202247191,0.20224719101123595,0.0,0.7528089887640449,0.0,0.0,0.0,0.0,Non-malignant disease,
GSE178991_10-15,0.5245535714285714,0.08482142857142858,0.390625,0.0,0.0,0.0,0.0,0.0,0.0,Non-malignant disease,
GSE164690_HN12_PBL,0.9351351351351351,0.032432432432432434,0.016216216216216217,0.0,0.0,0.016216216216216217,0.0,0.0,0.0,Cancer_Blood,HNSCC
GSE171555_40067F-14,0.4678068410462777,0.25653923541247486,0.27565392354124746,0.0,0.0,0.0,0.0,0.0,0.0,Non-malignant disease,
GSE153892_Sample_02_healthy,0.0,0.0,0.0,0.0,1.0,0.0,0.0,0.0,0.0,Cancer_AdjNorm,PRC
GSE165045_BL1,0.11538461538461539,0.0,0.5641025641025641,0.0,0.32051282051282054,0.0,0.0,0.0,0.0,Non-malignant disease,
GSE164985_10XDISCEL_001,0.15476190476190477,0.041666666666666664,0.8035714285714286,0.0,0.0,0.0,0.0,0.0,0.0,Non-malignant disease,
GSE166992_IVAR85D,0.7701149425287356,0.11494252873563218,0.10344827586206896,0.0,0.0,0.011494252873563218,0.0,0.0,0.0,Non-malignant disease,
GSE171555_94D44E-00,0.6511627906976745,0.20214669051878353,0.1413237924865832,0.005366726296958855,0.0,0.0,0.0,0.0,0.0,Control,
GSE171703_S166_5prime,0.7866215071972904,0.15749364944961897,0.0558848433530906,0.0,0.0,0.0,0.0,0.0,0.0,Non-malignant disease,
GSE133028_21_CSF_uns_5pGEX,0.26373626373626374,0.3626373626373626,0.37362637362637363,0.0,0.0,0.0,0.0,0.0,0.0,Non-malignant disease,
GSE128066_TC_PBL,0.5116279069767442,0.3333333333333333,0.11627906976744186,0.03875968992248062,0.0,0.0,0.0,0.0,0.0,Control,
GSE121380_col1,0.5986842105263158,0.29605263157894735,0.07894736842105263,0.0,0.0,0.0,0.02631578947368421,0.0,0.0,Non-malignant disease,
GSE213282_GEX_NextGEM_B,0.5643835616438356,0.2465753424657534,0.18904109589041096,0.0,0.0,0.0,0.0,0.0,0.0,Control,
GSE159677_02dat20190620tisCARconDIS,0.019925280199252802,0.48194271481942713,0.44956413449564137,0.0,0.0112079701120797,0.012453300124533,0.0,0.0,0.024906600249066,Non-malignant disease,
GSE178991_A1_GEXL,0.8133862733976177,0.0,0.1866137266023823,0.0,0.0,0.0,0.0,0.0,0.0,Non-malignant disease,
GSE144870_TTA16,0.23387096774193547,0.47580645161290325,0.13709677419354838,0.0,0.0,0.1532258064516129,0.0,0.0,0.0,Control,
GSE181919_6_C4,0.036036036036036036,0.0,0.954954954954955,0.0,0.009009009009009009,0.0,0.0,0.0,0.0,Cancer_Tumor,HNSCC
GSE164690_HN17_PBL,0.7520661157024794,0.17355371900826447,0.0743801652892562,0.0,0.0,0.0,0.0,0.0,0.0,Cancer_Blood,HNSCC
GSE168522_28_20171027,0.423444976076555,0.44019138755980863,0.11004784688995216,0.02631578947368421,0.0,0.0,0.0,0.0,0.0,Non-malignant disease,
GSE182244_GPP1_2,0.606,0.314,0.036,0.044,0.0,0.0,0.0,0.0,0.0,Non-malignant disease,
GSE117824_MF03_GSa,0.49295774647887325,0.15492957746478872,0.28169014084507044,0.04225352112676056,0.0,0.028169014084507043,0.0,0.0,0.0,Non-malignant disease,
GSE171555_0993F8-00,0.6666666666666666,0.05952380952380952,0.17857142857142858,0.0,0.0,0.09523809523809523,0.0,0.0,0.0,Non-malignant disease,
GSE164690_HN02_PBL,0.7678571428571429,0.21428571428571427,0.017857142857142856,0.0,0.0,0.0,0.0,0.0,0.0,Cancer_Blood,HNSCC
GSE129845_158,0.19626168224299065,0.514018691588785,0.17757009345794392,0.0,0.009345794392523364,0.0,0.0,0.0,0.102803738317757,Non-malignant disease,
GSE178481_ID_BM9-P-N,0.03305785123966942,0.049586776859504134,0.9008264462809917,0.0,0.0,0.0,0.01652892561983471,0.0,0.0,Cancer_AdjNorm,RCC
GSE145370_S149B5,0.047619047619047616,0.22943722943722944,0.08225108225108226,0.0,0.43722943722943725,0.10822510822510822,0.0,0.017316017316017316,0.07792207792207792,Cancer_AdjNorm,ESCA
GSE216329_P24_T_ADM001_MorD3_6_G,0.7777777777777778,0.14814814814814814,0.07407407407407407,0.0,0.0,0.0,0.0,0.0,0.0,Cancer_Blood,PRC
GSE121380_S279,0.5175675675675676,0.025675675675675677,0.45675675675675675,0.0,0.0,0.0,0.0,0.0,0.0,Non-malignant disease,
GSE171964_2049_42,0.4630281690140845,0.29225352112676056,0.24471830985915494,0.0,0.0,0.0,0.0,0.0,0.0,Non-malignant disease,
GSE171555_2AD75E-00,0.8063660477453581,0.19363395225464192,0.0,0.0,0.0,0.0,0.0,0.0,0.0,Non-malignant disease,
GSE167029_C30,0.7192716236722306,0.24279210925644917,0.03793626707132018,0.0,0.0,0.0,0.0,0.0,0.0,Control,
GSE171703_S48_5prime,0.6423248882265276,0.28614008941877794,0.07153502235469449,0.0,0.0,0.0,0.0,0.0,0.0,Non-malignant disease,
GSE152981_KC_PBMC_20181119,0.6417112299465241,0.20855614973262032,0.09982174688057041,0.049910873440285206,0.0,0.0,0.0,0.0,0.0,Control,
GSE173303_76B-5GE,0.9465954606141522,0.0,0.0013351134846461949,0.03471295060080107,0.0,0.0,0.0,0.0,0.017356475300400534,Non-malignant disease,
GSE166489_Y29-2-5P_HHT,0.7542056074766356,0.0,0.23738317757009345,0.0,0.0,0.0,0.008411214953271028,0.0,0.0,Control,
GSE136103_cirrhotic2_cd45plus_1,0.69,0.18,0.05,0.0,0.0,0.04,0.04,0.0,0.0,Non-malignant disease,
GSE171964_2053_2,0.5351014040561622,0.296411856474259,0.12792511700468018,0.0405616224648986,0.0,0.0,0.0,0.0,0.0,Non-malignant disease,
GSE216329_P20_TN_ADM001_MorD3_2_G,0.8235294117647058,0.13071895424836602,0.0457516339869281,0.0,0.0,0.0,0.0,0.0,0.0,Cancer_Blood,NSCLC
GSE171555_40067F-00,0.4857496902106567,0.28376703841387857,0.23048327137546468,0.0,0.0,0.0,0.0,0.0,0.0,Non-malignant disease,
GSE130157_15435X6,0.5194805194805194,0.44155844155844154,0.0,0.0,0.0,0.03896103896103896,0.0,0.0,0.0,Cancer_Blood,CRC
GSE132509_PBMMC_3,0.9639830508474576,0.03177966101694915,0.0,0.0,0.0,0.0,0.0,0.0,0.00423728813559322,Control,
GSE178991_A3_GEXL,0.8347010550996483,0.0,0.1652989449003517,0.0,0.0,0.0,0.0,0.0,0.0,Non-malignant disease,
GSE166489_32M-GEX_HCR,0.7128378378378378,0.19594594594594594,0.09121621621621621,0.0,0.0,0.0,0.0,0.0,0.0,Control,
GSE216329_P19_T_ADM001_MorD3_1_G,0.6696428571428571,0.03571428571428571,0.2857142857142857,0.0,0.008928571428571428,0.0,0.0,0.0,0.0,Cancer_Blood,HNSCC
GSE149356_HC2,0.22641509433962265,0.22641509433962265,0.3584905660377358,0.0,0.0,0.03773584905660377,0.0,0.1509433962264151,0.0,Control,
GSE162806_MM3016_72h,0.5216606498194946,0.3176895306859206,0.11732851985559567,0.04332129963898917,0.0,0.0,0.0,0.0,0.0,Non-malignant disease,
GSE129845_179,0.75,0.10227272727272728,0.125,0.0,0.0,0.022727272727272728,0.0,0.0,0.0,Non-malignant disease,
GSE178991_11-13,0.6659663865546218,0.06302521008403361,0.2710084033613445,0.0,0.0,0.0,0.0,0.0,0.0,Non-malignant disease,
GSE121380_col2,0.7673446112906291,0.11936894126591903,0.09998099220680479,0.0,0.0,0.0,0.0,0.0,0.013305455236647026,Non-malignant disease,
GSE171555_7085CA-07,0.7288135593220338,0.2135593220338983,0.0576271186440678,0.0,0.0,0.0,0.0,0.0,0.0,Non-malignant disease,
GSE164690_HN17_CD45p,0.38768115942028986,0.45169082125603865,0.1606280193236715,0.0,0.0,0.0,0.0,0.0,0.0,Cancer_Tumor,HNSCC
GSE162806_MM3016_Ctrl,0.6124567474048442,0.2664359861591695,0.10380622837370242,0.0,0.0,0.01730103806228374,0.0,0.0,0.0,Control,
GSE130157_15424X6,0.4859154929577465,0.4295774647887324,0.056338028169014086,0.028169014084507043,0.0,0.0,0.0,0.0,0.0,Cancer_Blood,CRC
GSE142444_bt3-Monocytes_8,0.8805970149253731,0.0,0.04477611940298507,0.014925373134328358,0.0,0.05970149253731343,0.0,0.0,0.0,Non-malignant disease,
GSE178991_sample_I_1_5primeGEX,0.7133730834752982,0.020442930153321975,0.2661839863713799,0.0,0.0,0.0,0.0,0.0,0.0,Non-malignant disease,
GSE171555_936128-00,0.6619718309859155,0.13380281690140844,0.11619718309859155,0.0880281690140845,0.0,0.0,0.0,0.0,0.0,Non-malignant disease,
GSE130157_14554X4,0.6708860759493671,0.3291139240506329,0.0,0.0,0.0,0.0,0.0,0.0,0.0,Cancer_Blood,CRC
GSE182381_KC42_1_placenta,0.9684014869888475,0.0,0.031598513011152414,0.0,0.0,0.0,0.0,0.0,0.0,Control,
GSE132509_PBMMC_2,1.0,0.0,0.0,0.0,0.0,0.0,0.0,0.0,0.0,Control,
GSE167029_P12,0.811529933481153,0.03991130820399113,0.13082039911308205,0.017738359201773836,0.0,0.0,0.0,0.0,0.0,Non-malignant disease,
GSE171964_2053_42,0.5768025078369906,0.1724137931034483,0.1786833855799373,0.07210031347962383,0.0,0.0,0.0,0.0,0.0,Non-malignant disease,
GSE181919_LN38,0.4217391304347826,0.10869565217391304,0.3978260869565217,0.0,0.010869565217391304,0.006521739130434782,0.0,0.0,0.05434782608695652,Cancer_Metastasis,HNSCC
GSE153559_4_HPV-53-TIL_GEX,0.0,0.07633587786259542,0.6793893129770993,0.0,0.0,0.07633587786259542,0.0,0.16793893129770993,0.0,Cancer_Tumor,HNSCC
GSE176417_Sc_W1,0.0,0.8571428571428571,0.10714285714285714,0.017857142857142856,0.017857142857142856,0.0,0.0,0.0,0.0,Non-malignant disease,
GSE178991_D2_GEXL,0.748221906116643,0.0,0.25177809388335703,0.0,0.0,0.0,0.0,0.0,0.0,Non-malignant disease,
GSE171555_7085CA-14,0.7223880597014926,0.25522388059701495,0.022388059701492536,0.0,0.0,0.0,0.0,0.0,0.0,Non-malignant disease,
GSE164690_HN09_PBL,0.6777777777777778,0.2111111111111111,0.1111111111111111,0.0,0.0,0.0,0.0,0.0,0.0,Cancer_Blood,HNSCC
GSE178481_RCC-PR2-T,0.43795620437956206,0.043795620437956206,0.44525547445255476,0.0,0.0,0.0,0.06569343065693431,0.0,0.0072992700729927005,Cancer_Tumor,RCC
GSE136353_KS1,0.8142235123367199,0.06531204644412192,0.05079825834542816,0.055152394775036286,0.0,0.0,0.0,0.0,0.01451378809869376,Non-malignant disease,
GSE178991_B3_GEXL,0.7089678510998308,0.0,0.2910321489001692,0.0,0.0,0.0,0.0,0.0,0.0,Non-malignant disease,
GSE133028_28_PB_uns_5pGEX,0.5559322033898305,0.2745762711864407,0.13898305084745763,0.02711864406779661,0.0,0.003389830508474576,0.0,0.0,0.0,Non-malignant disease,
GSE171555_0B943B-00,0.7312138728323699,0.24277456647398843,0.01878612716763006,0.0,0.0,0.0072254335260115606,0.0,0.0,0.0,Non-malignant disease,
GSE160517_S02,0.5873015873015873,0.2222222222222222,0.15873015873015872,0.015873015873015872,0.0,0.015873015873015872,0.0,0.0,0.0,Control,
GSE178991_020218_5,0.4336468129571578,0.09926854754440961,0.4670846394984326,0.0,0.0,0.0,0.0,0.0,0.0,Non-malignant disease,
GSE168522_17_20171027,0.4099264705882353,0.5330882352941176,0.034926470588235295,0.022058823529411766,0.0,0.0,0.0,0.0,0.0,Control,
GSE171703_S116_5prime,0.9477569562748438,0.05224304372515616,0.0,0.0,0.0,0.0,0.0,0.0,0.0,Non-malignant disease,
GSE178991_C1_GEXL,0.7562747688243064,0.0,0.24372523117569353,0.0,0.0,0.0,0.0,0.0,0.0,Non-malignant disease,
GSE164241_GM283,0.19148936170212766,0.3597678916827853,0.34622823984526113,0.0,0.0,0.0,0.0,0.0,0.10251450676982592,Control,
GSE181919_P15,0.14285714285714285,0.32019704433497537,0.5369458128078818,0.0,0.0,0.0,0.0,0.0,0.0,Cancer_Tumor,Leukoplakia
GSE132338_p1035857-4,1.0,0.0,0.0,0.0,0.0,0.0,0.0,0.0,0.0,Non-malignant disease,
GSE168522_27_20171027,0.49032258064516127,0.14193548387096774,0.025806451612903226,0.3419354838709677,0.0,0.0,0.0,0.0,0.0,Non-malignant disease,
GSE216329_P22_TN_ADM001_MorD3_4_G,0.7857142857142857,0.11904761904761904,0.09523809523809523,0.0,0.0,0.0,0.0,0.0,0.0,Cancer_Blood,NSCLC
GSE162806_MM3016_4h,0.44141689373297005,0.27520435967302453,0.2098092643051771,0.07356948228882834,0.0,0.0,0.0,0.0,0.0,Non-malignant disease,
GSE171555_77DA77-00,0.5107296137339056,0.3530042918454936,0.13626609442060086,0.0,0.0,0.0,0.0,0.0,0.0,Control,
GSE129845_189,0.44189852700491,0.19476268412438624,0.3502454991816694,0.0,0.0,0.0,0.01309328968903437,0.0,0.0,Non-malignant disease,
GSE144469_C1-CD45,0.366412213740458,0.16539440203562342,0.43256997455470736,0.0,0.0,0.0,0.010178117048346057,0.007633587786259542,0.017811704834605598,Non-malignant disease,
GSE164690_HN12_CD45p,0.6489028213166145,0.16823406478578892,0.08881922675026123,0.0,0.0,0.09404388714733543,0.0,0.0,0.0,Cancer_Tumor,HNSCC
GSE149133_MG192B_NOIGHD_HHT,0.2939521800281294,0.7060478199718706,0.0,0.0,0.0,0.0,0.0,0.0,0.0,Non-malignant disease,
GSE179346_RD2,1.0,0.0,0.0,0.0,0.0,0.0,0.0,0.0,0.0,Non-malignant disease,
GSE202374_RS-03378691_P14_RS-03377710,0.3181818181818182,0.45454545454545453,0.22727272727272727,0.0,0.0,0.0,0.0,0.0,0.0,Cancer_Tumor,RCC
GSE149133_TESTGEX_HHT,0.23481012658227848,0.5028481012658228,0.23322784810126582,0.02911392405063291,0.0,0.0,0.0,0.0,0.0,Non-malignant disease,
GSE162806_MM3009_72h,0.8547619047619047,0.11071428571428571,0.034523809523809526,0.0,0.0,0.0,0.0,0.0,0.0,Non-malignant disease,
GSE164985_10XDISCEL_002,0.14713216957605985,0.08728179551122195,0.7655860349127181,0.0,0.0,0.0,0.0,0.0,0.0,Non-malignant disease,
GSE168522_23_20171027,0.48034188034188036,0.4581196581196581,0.0547008547008547,0.0,0.0,0.0,0.006837606837606838,0.0,0.0,Non-malignant disease,
GSE164690_HN15_PBL,0.6742424242424242,0.12878787878787878,0.12121212121212122,0.06060606060606061,0.0,0.015151515151515152,0.0,0.0,0.0,Cancer_Blood,HNSCC
GSE171555_7768E4-02,0.7625418060200669,0.13043478260869565,0.10702341137123746,0.0,0.0,0.0,0.0,0.0,0.0,Control,
GSE162806_MM3012_24h,0.8152492668621701,0.17008797653958943,0.01466275659824047,0.0,0.0,0.0,0.0,0.0,0.0,Non-malignant disease,
GSE167029_P13,0.9208006962576153,0.0,0.07919930374238468,0.0,0.0,0.0,0.0,0.0,0.0,Non-malignant disease,
GSE132338_p1035816-2,0.8846153846153846,0.11153846153846154,0.0,0.0038461538461538464,0.0,0.0,0.0,0.0,0.0,Non-malignant disease,
GSE182381_KC40_1_placenta,0.63671875,0.03515625,0.296875,0.0,0.0,0.0,0.03125,0.0,0.0,Control,
GSE144945_pat5,0.08544303797468354,0.0,0.8322784810126582,0.0,0.06645569620253164,0.0,0.0,0.0,0.015822784810126583,Cancer_Tumor,NSCLC
GSE154405_SZ687c,0.21428571428571427,0.35714285714285715,0.37142857142857144,0.0,0.05714285714285714,0.0,0.0,0.0,0.0,Control,
GSE162806_MM3020_Ctrl,0.6461538461538462,0.14615384615384616,0.1076923076923077,0.1,0.0,0.0,0.0,0.0,0.0,Control,
GSE136035_Mountz-AllBcells,0.5420765027322404,0.25846994535519124,0.1726775956284153,0.026775956284153007,0.0,0.0,0.0,0.0,0.0,Control,
GSE171703_S50_RNA,0.3426086956521739,0.08,0.5721739130434783,0.0052173913043478265,0.0,0.0,0.0,0.0,0.0,Non-malignant disease,
GSE132338_p1035871-4,0.5760869565217391,0.2608695652173913,0.14130434782608695,0.021739130434782608,0.0,0.0,0.0,0.0,0.0,Control,
GSE168933_NASH1_LIB037227,0.45614035087719296,0.24561403508771928,0.12280701754385964,0.17543859649122806,0.0,0.0,0.0,0.0,0.0,Non-malignant disease,
GSE162616_IT,0.6708860759493671,0.0,0.20253164556962025,0.0,0.0,0.0,0.12658227848101267,0.0,0.0,Cancer_Tumor,HCC
GSE166992_IVAR2_5D_CKDL200155936-1a-SI_GA_B2_H5NG5DSXY,0.7237880496054115,0.22435174746335965,0.05186020293122886,0.0,0.0,0.0,0.0,0.0,0.0,Control,
GSE164690_HN15_CD45p,0.125,0.6136363636363636,0.11363636363636363,0.0,0.0,0.03409090909090909,0.011363636363636364,0.0,0.10227272727272728,Cancer_Tumor,HNSCC
GSE129845_128,0.6355311355311355,0.056776556776556776,0.3076923076923077,0.0,0.0,0.0,0.0,0.0,0.0,Non-malignant disease,
GSE150877_Yonatan_PTM,0.33805668016194335,0.32793522267206476,0.2975708502024291,0.03643724696356275,0.0,0.0,0.0,0.0,0.0,Control,
GSE121380_col3,0.2184873949579832,0.6050420168067226,0.1092436974789916,0.0,0.0,0.03361344537815126,0.03361344537815126,0.0,0.0,Non-malignant disease,
GSE171555_460F8D-00,0.9411764705882353,0.0,0.016339869281045753,0.042483660130718956,0.0,0.0,0.0,0.0,0.0,Non-malignant disease,
GSE221320_CDAVFANXX_06_D15_GEX,0.019417475728155338,0.23786407766990292,0.6310679611650486,0.0,0.0,0.0,0.0,0.0,0.11165048543689321,Non-malignant disease,
GSE173303_63B-5GE,0.7601880877742947,0.23981191222570533,0.0,0.0,0.0,0.0,0.0,0.0,0.0,Non-malignant disease,
GSE166992_IVAR3_5D_CKDL200155937-1a-SI_GA_C2_H5NG5DSXY,0.3862815884476534,0.3971119133574007,0.021660649819494584,0.19494584837545126,0.0,0.0,0.0,0.0,0.0,Non-malignant disease,
GSE136035_78trans,0.8153252480705623,0.14498346196251377,0.0,0.03969128996692393,0.0,0.0,0.0,0.0,0.0,Control,
GSE145809_SIGAA4,0.19212962962962962,0.07407407407407407,0.44675925925925924,0.0,0.0,0.09490740740740741,0.0,0.19212962962962962,0.0,Control,
GSE157591_Patient_2,0.7375,0.225,0.025,0.0,0.0,0.0,0.0,0.0125,0.0,Non-malignant disease,
GSE154405_AJ100,0.4410958904109589,0.20821917808219179,0.3150684931506849,0.0,0.0,0.0,0.019178082191780823,0.0,0.01643835616438356,Control,
GSE153117_HE007,0.0,0.5737359550561798,0.0,0.0,0.0,0.4262640449438202,0.0,0.0,0.0,Control,
GSE171555_450905-07,0.5,0.2909090909090909,0.0,0.20909090909090908,0.0,0.0,0.0,0.0,0.0,Non-malignant disease,
GSE132338_p1035835-3,0.8148148148148148,0.18518518518518517,0.0,0.0,0.0,0.0,0.0,0.0,0.0,Non-malignant disease,
GSE162806_MM3015_Ctrl,0.8787878787878788,0.06060606060606061,0.06060606060606061,0.0,0.0,0.0,0.0,0.0,0.0,Control,
GSE171703_S144_5prime,0.5404814004376368,0.19956236323851204,0.22450765864332603,0.035448577680525166,0.0,0.0,0.0,0.0,0.0,Non-malignant disease,
GSE166489_Y28-4-5P_HHT,0.3884372177055104,0.09033423667570009,0.5212285456187895,0.0,0.0,0.0,0.0,0.0,0.0,Control,
GSE171381_CNTRL_3__decidua__HCR,0.0967741935483871,0.0967741935483871,0.5,0.0,0.016129032258064516,0.0,0.2903225806451613,0.0,0.0,Control,
GSE164015_ACE-044-AC-Epi,0.15384615384615385,0.5274725274725275,0.26373626373626374,0.0,0.0,0.0,0.03296703296703297,0.02197802197802198,0.0,Non-malignant disease,
GSE145370_R3A5,0.0,0.08641975308641975,0.037037037037037035,0.0,0.7777777777777778,0.0,0.0,0.0,0.09876543209876543,Cancer_Tumor,ESCA
GSE144870_TTA15,0.25742574257425743,0.35148514851485146,0.14356435643564355,0.0,0.0,0.23267326732673269,0.0,0.01485148514851485,0.0,Control,
GSE158924_scGA2_HHT,0.0,0.09259259259259259,0.5555555555555556,0.0,0.2777777777777778,0.0,0.0,0.0,0.07407407407407407,Non-malignant disease,
GSE139249_CY129-2-Blood,0.623015873015873,0.3373015873015873,0.011904761904761904,0.027777777777777776,0.0,0.0,0.0,0.0,0.0,Cancer_Blood,MEL
GSE161192_P2S_GEX,0.0,0.13131313131313133,0.30303030303030304,0.1414141414141414,0.0,0.0,0.0,0.42424242424242425,0.0,Non-malignant disease,
GSE150516_CHO4S,0.019230769230769232,0.34615384615384615,0.5192307692307693,0.0,0.019230769230769232,0.0,0.0,0.0,0.09615384615384616,Non-malignant disease,
GSE155673_cov_scrna_08,0.27358490566037735,0.16981132075471697,0.27358490566037735,0.2830188679245283,0.0,0.0,0.0,0.0,0.0,Control,
GSE179886_FLV,0.8448074679113186,0.15519253208868145,0.0,0.0,0.0,0.0,0.0,0.0,0.0,Non-malignant disease,
GSE181919_C9_1,0.4884210526315789,0.07368421052631578,0.4378947368421053,0.0,0.0,0.0,0.0,0.0,0.0,Cancer_Tumor,HNSCC
GSE133028_10_PB_uns_5pGEX,0.6805555555555556,0.2604166666666667,0.019097222222222224,0.03993055555555555,0.0,0.0,0.0,0.0,0.0,Non-malignant disease,
GSE171555_B85D75-07,0.5470219435736677,0.41849529780564265,0.02037617554858934,0.014106583072100314,0.0,0.0,0.0,0.0,0.0,Non-malignant disease,
GSE129845_run230_181,0.3296,0.0432,0.6224,0.0,0.0,0.0,0.0048,0.0,0.0,Non-malignant disease,
GSE171555_52BA23-00,0.5136054421768708,0.1445578231292517,0.34183673469387754,0.0,0.0,0.0,0.0,0.0,0.0,Control,
GSE142444_bt1-Monocytes_8,0.8676470588235294,0.014705882352941176,0.029411764705882353,0.0,0.0,0.08823529411764706,0.0,0.0,0.0,Non-malignant disease,
GSE171703_R125_RNA,0.16129032258064516,0.2838709677419355,0.017204301075268817,0.5118279569892473,0.0,0.025806451612903226,0.0,0.0,0.0,Non-malignant disease,
GSE167029_P43,0.4817880794701987,0.011589403973509934,0.4917218543046358,0.014900662251655629,0.0,0.0,0.0,0.0,0.0,Non-malignant disease,
GSE202374_RS-03378686_C23_RS-03377705,0.0,0.9585798816568047,0.029585798816568046,0.0,0.0,0.0,0.0,0.011834319526627219,0.0,Cancer_Tumor,RCC
GSE162616_xgl20181010,0.35064935064935066,0.0,0.4805194805194805,0.0,0.012987012987012988,0.0,0.11688311688311688,0.0,0.03896103896103896,Control,
GSE178991_sample_II_2_5primeGEX,0.7697426796805679,0.0,0.2267080745341615,0.0,0.0,0.0,0.00354924578527063,0.0,0.0,Non-malignant disease,
GSE136103_healthy4_cd45plus_2,0.41875,0.43125,0.05,0.03125,0.0,0.0,0.06875,0.0,0.0,Control,
GSE213282_GEX_NextGEM_D,0.5843828715365239,0.23173803526448364,0.18387909319899245,0.0,0.0,0.0,0.0,0.0,0.0,Control,
GSE161329_8donor_PBMC_AH,0.591743119266055,0.1559633027522936,0.25229357798165136,0.0,0.0,0.0,0.0,0.0,0.0,Control,
GSE168859_AHMWWJBBXX_LGL_15_bt1,0.6792452830188679,0.16037735849056603,0.16037735849056603,0.0,0.0,0.0,0.0,0.0,0.0,Control,
GSE169657_h41AP-GEX,0.22413793103448276,0.07931034482758621,0.5689655172413793,0.0,0.0,0.02413793103448276,0.03793103448275862,0.0,0.06551724137931035,Cancer_Tumor,BRCA
GSE155673_cov_scrna_01,0.8103092783505155,0.18762886597938144,0.0,0.0,0.0,0.0,0.002061855670103093,0.0,0.0,Non-malignant disease,
GSE129845_190,0.015873015873015872,0.6428571428571429,0.21428571428571427,0.0,0.047619047619047616,0.0,0.0,0.023809523809523808,0.05555555555555555,Non-malignant disease,
GSE167029_C24,0.33116883116883117,0.43506493506493504,0.11363636363636363,0.12012987012987013,0.0,0.0,0.0,0.0,0.0,Control,
GSE162806_MM3008_4h,0.6744186046511628,0.1001788908765653,0.1592128801431127,0.06618962432915922,0.0,0.0,0.0,0.0,0.0,Non-malignant disease,
GSE171964_2053_7,0.4669811320754717,0.3584905660377358,0.11084905660377359,0.06367924528301887,0.0,0.0,0.0,0.0,0.0,Non-malignant disease,
GSE155673_cov_scrna_02,0.0,0.0,0.0,0.0,0.0,1.0,0.0,0.0,0.0,Non-malignant disease,
GSE133028_16_CSF_uns_3pGEX,0.0,0.8633879781420765,0.12568306010928962,0.0,0.0,0.01092896174863388,0.0,0.0,0.0,Non-malignant disease,
GSE178481_RCC-PR4-N,0.4948148148148148,0.0,0.49037037037037035,0.0,0.014814814814814815,0.0,0.0,0.0,0.0,Cancer_AdjNorm,RCC
GSE178991_sample_III_1_5primeGEX,0.7703533026113671,0.0,0.22964669738863286,0.0,0.0,0.0,0.0,0.0,0.0,Non-malignant disease,
GSE130157_14562X4,0.6153846153846154,0.25,0.09615384615384616,0.038461538461538464,0.0,0.0,0.0,0.0,0.0,Cancer_Blood,HCC
GSE213282_GEX_NextGEM_A,0.6236559139784946,0.1935483870967742,0.1827956989247312,0.0,0.0,0.0,0.0,0.0,0.0,Control,
GSE166489_Y124-1_re-5P_HHT,0.6477916194790487,0.09399773499433749,0.2582106455266138,0.0,0.0,0.0,0.0,0.0,0.0,Non-malignant disease,
GSE171555_BAAF62-14,0.2342857142857143,0.6285714285714286,0.13714285714285715,0.0,0.0,0.0,0.0,0.0,0.0,Non-malignant disease,
GSE200173_Gene_express_2-1,0.4288079470198676,0.019867549668874173,0.5215231788079471,0.0,0.0,0.0,0.0,0.0,0.029801324503311258,Control,
GSE185427_Boostrix_Ind2_GEX,0.5506787330316743,0.14796380090497738,0.3013574660633484,0.0,0.0,0.0,0.0,0.0,0.0,Non-malignant disease,
GSE155673_cov_scrna_04,0.19718309859154928,0.18309859154929578,0.28169014084507044,0.3380281690140845,0.0,0.0,0.0,0.0,0.0,Non-malignant disease,
GSE168933_NASH1_LIB037225,0.4791666666666667,0.28125,0.19791666666666666,0.020833333333333332,0.0,0.020833333333333332,0.0,0.0,0.0,Non-malignant disease,
GSE144469_C5-CD45,0.36129032258064514,0.17419354838709677,0.1935483870967742,0.01935483870967742,0.15483870967741936,0.0,0.0,0.03870967741935484,0.05806451612903226,Non-malignant disease,
GSE202374_RS-03378685_C1_RS-03377704,0.1875,0.5546875,0.25,0.0,0.0078125,0.0,0.0,0.0,0.0,Cancer_Tumor,RCC
GSE166489_NC-13F-5P_HHT,0.7096045197740113,0.2621468926553672,0.02824858757062147,0.0,0.0,0.0,0.0,0.0,0.0,Control,
GSE171555_0B943B-03,0.7737104825291181,0.17387687188019968,0.0524126455906822,0.0,0.0,0.0,0.0,0.0,0.0,Non-malignant disease,
GSE121380_col6,0.553395240858967,0.2930934416715032,0.1535113174695299,0.0,0.0,0.0,0.0,0.0,0.0,Non-malignant disease,
GSE175386_scRNAseq_3,0.43103448275862066,0.4051724137931034,0.07758620689655173,0.02586206896551724,0.008620689655172414,0.0,0.0,0.05172413793103448,0.0,Control,
GSE130157_15424X5,0.23076923076923078,0.7564102564102564,0.0,0.01282051282051282,0.0,0.0,0.0,0.0,0.0,Cancer_Blood,CRC
GSE144469_CT1-CD45,0.18309859154929578,0.5586854460093896,0.24178403755868544,0.0,0.01643192488262911,0.0,0.0,0.0,0.0,Control,
GSE176417_Sc_W3,0.047619047619047616,0.49206349206349204,0.06349206349206349,0.0,0.36507936507936506,0.031746031746031744,0.0,0.0,0.0,Non-malignant disease,
GSE175386_scRNAseq_9,0.3267148014440433,0.41155234657039713,0.17509025270758122,0.08664259927797834,0.0,0.0,0.0,0.0,0.0,Control,
GSE129845_127,0.953757225433526,0.0,0.046242774566473986,0.0,0.0,0.0,0.0,0.0,0.0,Non-malignant disease,
GSE171703_S266_RNA,0.5283620140216698,0.14467813894200127,0.32695984703632885,0.0,0.0,0.0,0.0,0.0,0.0,Non-malignant disease,
GSE144945_pat4,0.20512820512820512,0.01282051282051282,0.7307692307692307,0.0,0.038461538461538464,0.0,0.01282051282051282,0.0,0.0,Cancer_Tumor,NSCLC
GSE155850_HSEx17Myeloid,0.25742574257425743,0.04950495049504951,0.1782178217821782,0.0,0.44554455445544555,0.0,0.0297029702970297,0.039603960396039604,0.0,Non-malignant disease,
GSE164690_HN17_CD45n,0.4006928406466513,0.4110854503464203,0.18822170900692842,0.0,0.0,0.0,0.0,0.0,0.0,Cancer_Tumor,HNSCC
GSE182244_HD3,0.5462962962962963,0.39814814814814814,0.05555555555555555,0.0,0.0,0.0,0.0,0.0,0.0,Control,
GSE171703_S92_5prime,0.7728544776119403,0.11054104477611941,0.1166044776119403,0.0,0.0,0.0,0.0,0.0,0.0,Non-malignant disease,
GSE182221_Amit2_8133091516,0.9398069278818852,0.051391254968767744,0.008801817149346962,0.0,0.0,0.0,0.0,0.0,0.0,Control,
GSE171703_S218_RNA,0.6190036900369004,0.17896678966789667,0.20202952029520296,0.0,0.0,0.0,0.0,0.0,0.0,Non-malignant disease,
GSE136035_Mountz_182_AllB,0.48132780082987553,0.25864453665283543,0.034578146611341634,0.10096818810511757,0.0,0.12171507607192254,0.0,0.0027662517289073307,0.0,Non-malignant disease,
GSE167029_C27_bis,0.8213649851632048,0.14421364985163204,0.020771513353115726,0.013649851632047478,0.0,0.0,0.0,0.0,0.0,Control,
GSE181919_C6,0.05104408352668213,0.2296983758700696,0.6496519721577726,0.0,0.030162412993039442,0.018561484918793503,0.0,0.0,0.02088167053364269,Cancer_Tumor,HNSCC
GSE166489_Y117_re-5P_HHT,0.5970588235294118,0.18823529411764706,0.09117647058823529,0.12352941176470589,0.0,0.0,0.0,0.0,0.0,Non-malignant disease,
GSE136103_healthy4_cd45plus_3,0.45962732919254656,0.40372670807453415,0.055900621118012424,0.0,0.0,0.0,0.06832298136645963,0.0,0.012422360248447204,Control,
GSE156776_A04,0.5212765957446809,0.0,0.41843971631205673,0.0,0.0070921985815602835,0.0,0.0,0.0,0.05319148936170213,Non-malignant disease,
GSE131778_rca1-1,0.029585798816568046,0.5502958579881657,0.3905325443786982,0.0,0.0,0.0,0.0,0.0,0.029585798816568046,Non-malignant disease,
GSE136103_healthy2_cd45-_2,0.7692307692307693,0.019230769230769232,0.11538461538461539,0.0,0.0,0.0,0.07692307692307693,0.019230769230769232,0.0,Control,
GSE155673_cov_scrna_18,0.3333333333333333,0.45614035087719296,0.17543859649122806,0.03508771929824561,0.0,0.0,0.0,0.0,0.0,Control,
GSE171555_7768E4-14,0.7732656514382402,0.155668358714044,0.07106598984771574,0.0,0.0,0.0,0.0,0.0,0.0,Control,
GSE164241_PD164,0.047619047619047616,0.3523809523809524,0.4095238095238095,0.0,0.0,0.0,0.0,0.0,0.19047619047619047,Non-malignant disease,
GSE166489_111-GEX_HCR,0.964622641509434,0.01768867924528302,0.01768867924528302,0.0,0.0,0.0,0.0,0.0,0.0,Non-malignant disease,
GSE144469_CT6-CD45,0.3127413127413127,0.38223938223938225,0.25096525096525096,0.0,0.0,0.0,0.007722007722007722,0.0,0.04633204633204633,Control,
GSE167029_C32,0.6980994152046783,0.1476608187134503,0.10124269005847954,0.05299707602339181,0.0,0.0,0.0,0.0,0.0,Control,
GSE129845_run230_180,0.10526315789473684,0.2982456140350877,0.5614035087719298,0.0,0.0,0.0,0.0,0.03508771929824561,0.0,Non-malignant disease,
GSE171703_S407_RNA,0.7048371174728529,0.0700888450148075,0.1885488647581441,0.03652517275419546,0.0,0.0,0.0,0.0,0.0,Non-malignant disease,
GSE144469_CT3-CD45,0.2852233676975945,0.41580756013745707,0.20618556701030927,0.0,0.0,0.0,0.030927835051546393,0.0,0.061855670103092786,Control,
GSE178991_D3_GEXL,0.7805907172995781,0.0,0.21940928270042195,0.0,0.0,0.0,0.0,0.0,0.0,Non-malignant disease,
GSE153559_1_Flu_Activated,0.0,0.632088520055325,0.367911479944675,0.0,0.0,0.0,0.0,0.0,0.0,Control,
GSE162806_MM3038_72h,1.0,0.0,0.0,0.0,0.0,0.0,0.0,0.0,0.0,Non-malignant disease,
GSE131778_rca3-1,0.047619047619047616,0.3333333333333333,0.6111111111111112,0.0,0.0,0.0,0.0,0.0,0.007936507936507936,Non-malignant disease,
GSE181919_C84,0.2320675105485232,0.29957805907172996,0.42616033755274263,0.029535864978902954,0.012658227848101266,0.0,0.0,0.0,0.0,Cancer_Tumor,HNSCC
GSE162806_MM3001_72h,0.711764705882353,0.17647058823529413,0.11176470588235295,0.0,0.0,0.0,0.0,0.0,0.0,Non-malignant disease,
GSE166489_Y70-4-5P_HHT,0.8318452380952381,0.03571428571428571,0.1324404761904762,0.0,0.0,0.0,0.0,0.0,0.0,Control,
GSE139891_GC3a,0.25,0.5961538461538461,0.1346153846153846,0.0,0.0,0.019230769230769232,0.0,0.0,0.0,Control,
GSE179159_Fresh_1667,0.3770139634801289,0.34156820622986034,0.2814178302900107,0.0,0.0,0.0,0.0,0.0,0.0,Non-malignant disease,
GSE165045_BL5,0.10344827586206896,0.038314176245210725,0.5708812260536399,0.0,0.27586206896551724,0.0,0.0,0.0,0.011494252873563218,Non-malignant disease,
GSE159117_RA-CW,0.60450563204005,0.2390488110137672,0.05006257822277847,0.10638297872340426,0.0,0.0,0.0,0.0,0.0,Non-malignant disease,
GSE138867_scRNA_V039_F093,0.29245283018867924,0.040880503144654086,0.031446540880503145,0.11320754716981132,0.5220125786163522,0.0,0.0,0.0,0.0,Control,
GSE165045_BL3,0.0,0.020905923344947737,0.07665505226480836,0.0,0.89198606271777,0.0,0.0,0.0,0.010452961672473868,Non-malignant disease,
GSE171555_BAAF62-00,0.362962962962963,0.5703703703703704,0.06666666666666667,0.0,0.0,0.0,0.0,0.0,0.0,Non-malignant disease,
GSE168933_Healthy2_POOL_20190312_healthy_2,0.39655172413793105,0.3448275862068966,0.22413793103448276,0.034482758620689655,0.0,0.0,0.0,0.0,0.0,Control,
GSE130157_14546X4,0.11940298507462686,0.6567164179104478,0.0,0.208955223880597,0.0,0.014925373134328358,0.0,0.0,0.0,Cancer_Blood,PC
GSE182221_Amit8_8401452150,0.7353612167300381,0.16844106463878328,0.08326996197718631,0.0,0.0,0.012927756653992395,0.0,0.0,0.0,Control,
GSE136103_healthy2_cd45plus_1,0.6770833333333334,0.125,0.14583333333333334,0.0,0.0,0.0,0.052083333333333336,0.0,0.0,Control,
GSE133028_31_CSF_uns_5pGEX,0.05,0.6625,0.275,0.0,0.0,0.0125,0.0,0.0,0.0,Non-malignant disease,
GSE178481_RCC-PR5-N,0.25339366515837103,0.027149321266968326,0.36199095022624433,0.0,0.3574660633484163,0.0,0.0,0.0,0.0,Cancer_AdjNorm,RCC
GSE216329_P23_TN_ADM001_MorD3_5_G,0.7588652482269503,0.24113475177304963,0.0,0.0,0.0,0.0,0.0,0.0,0.0,Cancer_Blood,PRC
GSE138867_scRNA_V044_F037,0.5824175824175825,0.23626373626373626,0.06593406593406594,0.08791208791208792,0.027472527472527472,0.0,0.0,0.0,0.0,Control,
GSE133028_2_PB_uns_5pGEX,0.35076252723311546,0.3311546840958606,0.31808278867102396,0.0,0.0,0.0,0.0,0.0,0.0,Control,
GSE162806_MM3020_72h,0.2847682119205298,0.3576158940397351,0.2582781456953642,0.09933774834437085,0.0,0.0,0.0,0.0,0.0,Non-malignant disease,
GSE178481_RCC-PR3-N,0.5,0.0,0.5,0.0,0.0,0.0,0.0,0.0,0.0,Cancer_AdjNorm,RCC
GSE164241_PD170,0.18095238095238095,0.4380952380952381,0.38095238095238093,0.0,0.0,0.0,0.0,0.0,0.0,Non-malignant disease,
GSE150516_726UN,0.049586776859504134,0.47107438016528924,0.47107438016528924,0.0,0.0,0.0,0.0,0.0,0.008264462809917356,Non-malignant disease,
GSE178991_020218_7,0.31220657276995306,0.0892018779342723,0.5985915492957746,0.0,0.0,0.0,0.0,0.0,0.0,Non-malignant disease,
GSE178991_E2_GEXL,0.7712337259764415,0.0,0.2287662740235586,0.0,0.0,0.0,0.0,0.0,0.0,Non-malignant disease,
GSE133028_18_CSF_uns_3pGEX,0.022727272727272728,0.6931818181818182,0.2159090909090909,0.056818181818181816,0.0,0.0,0.0,0.011363636363636364,0.0,Non-malignant disease,
GSE128066_CS_PBL,0.49122807017543857,0.3333333333333333,0.14035087719298245,0.0,0.0,0.03508771929824561,0.0,0.0,0.0,Control,
GSE164690_HN01_PBL,0.8125,0.0875,0.0625,0.0375,0.0,0.0,0.0,0.0,0.0,Cancer_Blood,HNSCC
GSE156776_D1,0.36538461538461536,0.038461538461538464,0.5,0.0,0.0,0.0,0.038461538461538464,0.0,0.057692307692307696,Control,
GSE216329_P23_T_ADM001_MorD3_5_G,0.593103448275862,0.31724137931034485,0.0896551724137931,0.0,0.0,0.0,0.0,0.0,0.0,Cancer_Blood,PRC
GSE133028_21_PB_uns_5pGEX,0.5630026809651475,0.3136729222520107,0.0938337801608579,0.029490616621983913,0.0,0.0,0.0,0.0,0.0,Non-malignant disease,
GSE166489_Y127-1-5P_HHT,0.8908754623921085,0.040073982737361284,0.0690505548705302,0.0,0.0,0.0,0.0,0.0,0.0,Non-malignant disease,
GSE175386_scRNAseq_8,0.3319672131147541,0.47540983606557374,0.19262295081967212,0.0,0.0,0.0,0.0,0.0,0.0,Control,
GSE132338_p1035859-0,0.7884615384615384,0.20192307692307693,0.0,0.0,0.0,0.009615384615384616,0.0,0.0,0.0,Non-malignant disease,
GSE181919_C38,0.10204081632653061,0.4387755102040816,0.30612244897959184,0.0,0.0,0.10204081632653061,0.01020408163265306,0.02040816326530612,0.02040816326530612,Cancer_Tumor,HNSCC
GSE150516_CHO4R,0.16595744680851063,0.18085106382978725,0.6297872340425532,0.0,0.0,0.0,0.0,0.006382978723404255,0.01702127659574468,Non-malignant disease,
GSE178991_sample_I_3_5primeGEX,0.7359622803257608,0.0,0.26403771967423917,0.0,0.0,0.0,0.0,0.0,0.0,Non-malignant disease,
GSE171555_B85D75-00,0.4317343173431734,0.46863468634686345,0.055350553505535055,0.04428044280442804,0.0,0.0,0.0,0.0,0.0,Non-malignant disease,
GSE128066_KC_PBL,0.6381578947368421,0.16447368421052633,0.10526315789473684,0.09210526315789473,0.0,0.0,0.0,0.0,0.0,Control,
GSE167029_C39,0.8896174863387978,0.0,0.11038251366120219,0.0,0.0,0.0,0.0,0.0,0.0,Control,
GSE145370_R5B5,0.7222623345367027,0.024067388688327317,0.2421179302045728,0.0,0.0,0.0,0.0,0.0,0.011552346570397111,Cancer_AdjNorm,ESCA
GSE200173_Gene_express_1-2,0.6464646464646465,0.020202020202020204,0.23232323232323232,0.0,0.010101010101010102,0.0,0.04040404040404041,0.0,0.050505050505050504,Cancer_Tumor,HCC
GSE175386_scRNAseq_7,0.30708661417322836,0.23622047244094488,0.3937007874015748,0.06299212598425197,0.0,0.0,0.0,0.0,0.0,Control,
GSE132338_p1035819-1,0.8538205980066446,0.07641196013289037,0.06976744186046512,0.0,0.0,0.0,0.0,0.0,0.0,Non-malignant disease,
GSE145370_S159B5,0.2828535669586984,0.09637046307884856,0.5669586983729662,0.0,0.0,0.0,0.0,0.0,0.05381727158948686,Cancer_AdjNorm,ESCA
GSE175386_scRNAseq_1,0.41624365482233505,0.3401015228426396,0.2436548223350254,0.0,0.0,0.0,0.0,0.0,0.0,Control,
GSE153117_HE006,0.008936970837253057,0.6382878645343368,0.07243650047036689,0.0,0.0,0.26246472248353714,0.017873941674506115,0.0,0.0,Control,
GSE154405_EK084,0.14601769911504425,0.18141592920353983,0.5398230088495575,0.0,0.01327433628318584,0.0,0.0,0.0,0.11946902654867257,Control,
GSE171555_82CCF5-07,0.3484848484848485,0.21212121212121213,0.4393939393939394,0.0,0.0,0.0,0.0,0.0,0.0,Non-malignant disease,
GSE171703_S376_5prime,0.608318890814558,0.33518197573656844,0.05649913344887349,0.0,0.0,0.0,0.0,0.0,0.0,Non-malignant disease,
GSE150674_PE,0.5357142857142857,0.05357142857142857,0.375,0.017857142857142856,0.017857142857142856,0.0,0.0,0.0,0.0,Non-malignant disease,
GSE178481_ID_BM9-P-T,0.025,0.0375,0.825,0.0,0.0625,0.0,0.05,0.0,0.0,Cancer_Tumor,RCC
GSE129845_CD15P,0.6587112171837709,0.26014319809069214,0.081145584725537,0.0,0.0,0.0,0.0,0.0,0.0,Non-malignant disease,
GSE162806_MM3009_Ctrl,0.710997442455243,0.18925831202046037,0.09974424552429667,0.0,0.0,0.0,0.0,0.0,0.0,Control,
GSE158723_NGS18-G696_UCL-NPF10000,0.8786610878661087,0.07531380753138076,0.012552301255230125,0.03347280334728033,0.0,0.0,0.0,0.0,0.0,Non-malignant disease,
GSE168522_24_20171027,0.44731610337972166,0.5526838966202783,0.0,0.0,0.0,0.0,0.0,0.0,0.0,Non-malignant disease,
GSE130157_15435X3,0.3409090909090909,0.6022727272727273,0.022727272727272728,0.03409090909090909,0.0,0.0,0.0,0.0,0.0,Cancer_Blood,ESCA
GSE166489_Y54-4-5P_HHT,0.6506024096385542,0.12449799196787148,0.2248995983935743,0.0,0.0,0.0,0.0,0.0,0.0,Control,
GSE178991_020218_4,0.4780316344463972,0.030755711775043937,0.4912126537785589,0.0,0.0,0.0,0.0,0.0,0.0,Non-malignant disease,
GSE148665_cDNA_KC_20180918,0.703125,0.171875,0.03125,0.09375,0.0,0.0,0.0,0.0,0.0,Control,
GSE162806_MM3040_4h,0.5925925925925926,0.23148148148148148,0.023148148148148147,0.1388888888888889,0.0,0.013888888888888888,0.0,0.0,0.0,Non-malignant disease,
GSE164015_ACE-044-DIL-Epi,0.23469387755102042,0.5408163265306123,0.22448979591836735,0.0,0.0,0.0,0.0,0.0,0.0,Non-malignant disease,
GSE164690_HN16_PBL,0.35039370078740156,0.29133858267716534,0.2125984251968504,0.14566929133858267,0.0,0.0,0.0,0.0,0.0,Cancer_Blood,HNSCC
GSE171703_R3_RNA,0.7665441176470589,0.20404411764705882,0.016544117647058824,0.012867647058823529,0.0,0.0,0.0,0.0,0.0,Non-malignant disease,
GSE168859_AHMWWJBBXX_LGL_32_bt1,0.5266666666666666,0.11,0.2733333333333333,0.0,0.09,0.0,0.0,0.0,0.0,Control,
GSE162806_MM3040_72h,0.7056603773584905,0.19622641509433963,0.0,0.09811320754716982,0.0,0.0,0.0,0.0,0.0,Non-malignant disease,
GSE161329_7donor_PBMC,0.6870042708968883,0.17632702867602196,0.1366687004270897,0.0,0.0,0.0,0.0,0.0,0.0,Control,
GSE144469_C4-CD45,0.18382352941176472,0.5294117647058824,0.21323529411764705,0.0,0.03676470588235294,0.0,0.0,0.0,0.03676470588235294,Non-malignant disease,
GSE164241_GM289,0.14473684210526316,0.27631578947368424,0.11842105263157894,0.0,0.0,0.0,0.0,0.0,0.4605263157894737,Control,
GSE216329_P20_T_ADM001_MorD3_2_G,0.7876712328767124,0.11643835616438356,0.0821917808219178,0.0,0.0,0.0,0.0,0.0136986301369863,0.0,Cancer_Blood,NSCLC
GSE164690_HN06_CD45p,0.10714285714285714,0.5535714285714286,0.17857142857142858,0.0,0.0,0.10714285714285714,0.0,0.05357142857142857,0.0,Cancer_Tumor,HNSCC
GSE162806_MM3008_72h,0.8309859154929577,0.10663983903420524,0.04024144869215292,0.022132796780684104,0.0,0.0,0.0,0.0,0.0,Non-malignant disease,
GSE155673_cov_scrna_10,0.6778523489932886,0.2483221476510067,0.040268456375838924,0.03355704697986577,0.0,0.0,0.0,0.0,0.0,Non-malignant disease,
GSE166489_Y117-1-5P_HHT,0.7684210526315789,0.08070175438596491,0.08070175438596491,0.07017543859649122,0.0,0.0,0.0,0.0,0.0,Non-malignant disease,
GSE216329_P19_TN_ADM001_MorD3_1_G,0.7053571428571429,0.0,0.2767857142857143,0.008928571428571428,0.0,0.0,0.008928571428571428,0.0,0.0,Cancer_Blood,HNSCC
GSE194129_U4,0.050359712230215826,0.03597122302158273,0.4028776978417266,0.2014388489208633,0.0,0.0,0.17985611510791366,0.0,0.12949640287769784,Control,
GSE121380_HB3-1,0.7210526315789474,0.19473684210526315,0.08421052631578947,0.0,0.0,0.0,0.0,0.0,0.0,Non-malignant disease,
GSE159674_T70,0.42924528301886794,0.5,0.03773584905660377,0.0,0.009433962264150943,0.0,0.02358490566037736,0.0,0.0,Control,
GSE130157_14554X8,0.64,0.29333333333333333,0.04,0.0,0.0,0.02666666666666667,0.0,0.0,0.0,Cancer_Blood,PC
GSE164241_GM238,0.2875536480686695,0.38197424892703863,0.2703862660944206,0.0,0.0,0.0,0.02145922746781116,0.0,0.03862660944206009,Control,
GSE171555_2AD75E-07,0.8126959247648903,0.18730407523510972,0.0,0.0,0.0,0.0,0.0,0.0,0.0,Non-malignant disease,
GSE159677_01dat20190620tisCARconHEA,0.06684491978609626,0.15240641711229946,0.7459893048128342,0.0,0.0,0.0,0.0,0.0,0.034759358288770054,Non-malignant disease,
GSE161329_8donor_PBMC_A2,0.37579617834394907,0.16560509554140126,0.44904458598726116,0.009554140127388535,0.0,0.0,0.0,0.0,0.0,Control,
GSE178991_sample_V_1_5primeGEX,0.7393509127789046,0.0,0.2606490872210953,0.0,0.0,0.0,0.0,0.0,0.0,Non-malignant disease,
GSE178991_D1_GEXL,0.801840490797546,0.0,0.19815950920245398,0.0,0.0,0.0,0.0,0.0,0.0,Non-malignant disease,
GSE178481_SCG_RCC-BM2-P-T2,0.02857142857142857,0.02857142857142857,0.12653061224489795,0.0,0.8163265306122449,0.0,0.0,0.0,0.0,Cancer_Tumor,RCC
GSE171555_80A16A-00,0.7177508269018743,0.20066152149944874,0.08158765159867695,0.0,0.0,0.0,0.0,0.0,0.0,Control,
GSE136103_healthy3_cd45plus,0.5845410628019324,0.1497584541062802,0.1932367149758454,0.028985507246376812,0.0,0.0,0.043478260869565216,0.0,0.0,Control,
GSE171555_BAAF62-07,0.44214876033057854,0.4793388429752066,0.0743801652892562,0.0,0.0,0.0,0.0,0.004132231404958678,0.0,Non-malignant disease,
GSE165193_Case3,0.9865196078431373,0.0,0.013480392156862746,0.0,0.0,0.0,0.0,0.0,0.0,Non-malignant disease,
GSE166992_IVAR75D,0.8333333333333334,0.1323529411764706,0.03431372549019608,0.0,0.0,0.0,0.0,0.0,0.0,Non-malignant disease,
GSE153117_HE002,0.15890850722311398,0.6131621187800963,0.033707865168539325,0.0,0.0,0.16131621187800962,0.024077046548956663,0.0,0.00882825040128411,Control,
GSE182221_Amit3_2705038383,0.6581532416502947,0.2762278978388998,0.03379174852652259,0.0,0.0,0.03182711198428291,0.0,0.0,0.0,Control,
GSE162806_MM3008_24h,0.7034178610804851,0.15104740904079383,0.10253583241455347,0.04299889746416759,0.0,0.0,0.0,0.0,0.0,Non-malignant disease,
GSE144469_C3-CD45,0.6120689655172413,0.1336206896551724,0.21120689655172414,0.0,0.0,0.0,0.0,0.0,0.04310344827586207,Non-malignant disease,
GSE150516_CHO1R,0.5323275862068966,0.10775862068965517,0.3577586206896552,0.0,0.0,0.0,0.0021551724137931034,0.0,0.0,Non-malignant disease,
GSE178991_sample_III_3_5primeGEX,0.6947845804988663,0.0,0.3052154195011338,0.0,0.0,0.0,0.0,0.0,0.0,Non-malignant disease,
GSE133028_16_PB_uns_3pGEX,0.5546075085324232,0.40784982935153585,0.03754266211604096,0.0,0.0,0.0,0.0,0.0,0.0,Non-malignant disease,
GSE140182_18_00035_LI_SING,0.5352112676056338,0.22535211267605634,0.16901408450704225,0.014084507042253521,0.0,0.04225352112676056,0.014084507042253521,0.0,0.0,Cancer_Metastasis,GC
GSE150877_Yonatan_Fresh,0.3683360258481422,0.5525040387722132,0.0791599353796446,0.0,0.0,0.0,0.0,0.0,0.0,Control,
GSE129845_209,0.0,0.6442307692307693,0.2403846153846154,0.0,0.028846153846153848,0.0,0.0,0.0,0.08653846153846154,Non-malignant disease,
GSE145370_S158B5,0.2046659597030753,0.23435843054082714,0.45387062566277836,0.0,0.0,0.05514316012725345,0.0,0.0,0.051961823966065745,Cancer_AdjNorm,ESCA
GSE162806_MM3001_Ctrl,0.6254180602006689,0.21070234113712374,0.09364548494983277,0.05351170568561873,0.0,0.016722408026755852,0.0,0.0,0.0,Control,
GSE167029_C26,0.42696629213483145,0.4333868378812199,0.13964686998394862,0.0,0.0,0.0,0.0,0.0,0.0,Control,
GSE130157_14546X2,0.0,0.7452830188679245,0.0,0.25471698113207547,0.0,0.0,0.0,0.0,0.0,Cancer_Blood,PC
GSE178991_E3_GEXL,0.7469066366704162,0.0,0.2530933633295838,0.0,0.0,0.0,0.0,0.0,0.0,Non-malignant disease,
GSE166489_36M-GEX_HCR,0.7265861027190332,0.18731117824773413,0.05740181268882175,0.0,0.0,0.028700906344410877,0.0,0.0,0.0,Control,
GSE171703_S130_RNA,0.5164034021871203,0.12636695018226002,0.3572296476306197,0.0,0.0,0.0,0.0,0.0,0.0,Non-malignant disease,
GSE172225_192567SKL_GEX_HHT,0.0,0.11711711711711711,0.8684684684684685,0.0,0.014414414414414415,0.0,0.0,0.0,0.0,Non-malignant disease,
GSE165645_BM_HD_2253_GEX,0.7061143984220908,0.19822485207100593,0.0029585798816568047,0.09270216962524655,0.0,0.0,0.0,0.0,0.0,Control,
GSE136103_cirrhotic2_cd45-_4,0.803030303030303,0.020202020202020204,0.09595959595959595,0.05555555555555555,0.0,0.0,0.025252525252525252,0.0,0.0,Non-malignant disease,
GSE178991_sample_IV_1_5primeGEX,0.6832980972515856,0.0,0.31670190274841437,0.0,0.0,0.0,0.0,0.0,0.0,Non-malignant disease,
GSE130157_15435X2,0.3333333333333333,0.5238095238095238,0.06349206349206349,0.07936507936507936,0.0,0.0,0.0,0.0,0.0,Cancer_Blood,ESCA
GSE136103_cirrhotic2_cd45-_3,0.8195876288659794,0.07731958762886598,0.030927835051546393,0.03608247422680412,0.0,0.010309278350515464,0.02577319587628866,0.0,0.0,Non-malignant disease,
GSE171964_2049_7,0.4444444444444444,0.3474178403755869,0.2081377151799687,0.0,0.0,0.0,0.0,0.0,0.0,Non-malignant disease,
GSE216329_P24_TN_ADM001_MorD3_6_G,0.6859504132231405,0.2727272727272727,0.024793388429752067,0.0,0.0,0.0,0.0,0.01652892561983471,0.0,Cancer_Blood,PRC
2021_Ren_Cell_COVID|S-S014,0.530751708428246,0.3553530751708428,0.11389521640091116,0.0,0.0,0.0,0.0,0.0,0.0,Non-malignant disease,
2022_Dominguez-Conde_Science_CellTypist|CZINY-0058,0.3767123287671233,0.2534246575342466,0.3424657534246575,0.0,0.0136986301369863,0.0,0.0136986301369863,0.0,0.0,Control,
2020_Park_Science_Thymus|T07_TH_TOT_2_S2,0.0,0.0,0.11764705882352941,0.0,0.6588235294117647,0.18823529411764706,0.0,0.03529411764705882,0.0,Control,
2023_Hirz_NatComm_Prostate|GSM5494379_SCG-PCA22-T-HG,0.17943925233644858,0.0,0.35700934579439253,0.0,0.4635514018691589,0.0,0.0,0.0,0.0,Cancer_Tumor,PRC
2023_Terekhova_Immunity_PBMC|M27,0.6792452830188679,0.2339622641509434,0.08679245283018867,0.0,0.0,0.0,0.0,0.0,0.0,Control,
2021_Pelka_Cell_CRC|C107_N_1_1_0_c1_v2,0.5633802816901409,0.11267605633802817,0.31690140845070425,0.0,0.0,0.0,0.0,0.0,0.007042253521126761,Control,
2021_Szabo_Immunity_COVID19|COV028_blood_2days,0.3137931034482759,0.506896551724138,0.13793103448275862,0.041379310344827586,0.0,0.0,0.0,0.0,0.0,Non-malignant disease,
2023_Terekhova_Immunity_PBMC|M04,0.7720588235294118,0.1801470588235294,0.04779411764705882,0.0,0.0,0.0,0.0,0.0,0.0,Control,
2023_Kumar_Nature_Breast|hbca_c165,0.11568938193343899,0.012678288431061807,0.8541996830427893,0.0,0.017432646592709985,0.0,0.0,0.0,0.0,Cancer_Tumor,BRCA
2023_Terekhova_Immunity_PBMC|FC04,0.3875968992248062,0.37209302325581395,0.21705426356589147,0.0,0.0,0.0,0.0,0.0,0.023255813953488372,Control,
2023_Terekhova_Immunity_PBMC|J10,0.45263157894736844,0.2736842105263158,0.18947368421052632,0.05263157894736842,0.0,0.031578947368421054,0.0,0.0,0.0,Control,
2023_Terekhova_Immunity_PBMC|L22,0.7149122807017544,0.12719298245614036,0.12938596491228072,0.02850877192982456,0.0,0.0,0.0,0.0,0.0,Control,
2023_Terekhova_Immunity_PBMC|D21,0.8035714285714286,0.16071428571428573,0.026785714285714284,0.0,0.0,0.008928571428571428,0.0,0.0,0.0,Control,
2022_Dominguez-Conde_Science_CellTypist|CZINY-0049,0.45806451612903226,0.3161290322580645,0.2129032258064516,0.0,0.012903225806451613,0.0,0.0,0.0,0.0,Control,
2022_Madissoon_NatGenet_Lung|WSSS8015045,0.43956043956043955,0.3076923076923077,0.15384615384615385,0.0,0.03296703296703297,0.0,0.03296703296703297,0.0,0.03296703296703297,Control,
2021_Stephenson_NatMed_COVID19|MH9143323,0.5263157894736842,0.0,0.11528822055137844,0.09523809523809523,0.0,0.2631578947368421,0.0,0.0,0.0,Non-malignant disease,
2023_Terekhova_Immunity_PBMC|D08,0.3645833333333333,0.40625,0.19791666666666666,0.03125,0.0,0.0,0.0,0.0,0.0,Control,
2021_Ren_Cell_COVID|S-M009-4,0.7213420316868593,0.26250388319353835,0.0,0.0,0.0,0.01615408511960236,0.0,0.0,0.0,Non-malignant disease,
2021_Ren_Cell_COVID|S-S087-2,0.7662636729994243,0.15716753022452504,0.04778353483016695,0.028785261945883708,0.0,0.0,0.0,0.0,0.0,Non-malignant disease,
2023_Terekhova_Immunity_PBMC|C13,0.5710144927536231,0.2492753623188406,0.17971014492753623,0.0,0.0,0.0,0.0,0.0,0.0,Control,
2023_Terekhova_Immunity_PBMC|FL04,0.4470588235294118,0.5411764705882353,0.0,0.011764705882352941,0.0,0.0,0.0,0.0,0.0,Control,
2023_Terekhova_Immunity_PBMC|A11,0.8287671232876712,0.0,0.17123287671232876,0.0,0.0,0.0,0.0,0.0,0.0,Control,
2021_Pelka_Cell_CRC|C143_T_1_1_0_c1_v2,0.125,0.15833333333333333,0.6833333333333333,0.025,0.0,0.008333333333333333,0.0,0.0,0.0,Cancer_Tumor,CRC
2023_Terekhova_Immunity_PBMC|H10,0.6551724137931034,0.27586206896551724,0.06896551724137931,0.0,0.0,0.0,0.0,0.0,0.0,Control,
2021_Stephenson_NatMed_COVID19|AP9,0.667953667953668,0.10038610038610038,0.05405405405405406,0.17374517374517376,0.0,0.003861003861003861,0.0,0.0,0.0,Non-malignant disease,
2023_Wang_SciAdv_CRC|s0115_Liver_Metastasis,0.0502092050209205,0.08368200836820083,0.5983263598326359,0.0,0.2510460251046025,0.0,0.0,0.0,0.016736401673640166,Cancer_Metastasis,CRC
2023_Hirz_NatComm_Prostate|GSM5494366_SCG-PCA12-N-LG,0.35106382978723405,0.04680851063829787,0.6021276595744681,0.0,0.0,0.0,0.0,0.0,0.0,Cancer_AdjNorm,PRC
2021_Elmentaite_Nature_Intestine|4918STDY7982703,0.6259541984732825,0.11641221374045801,0.25763358778625955,0.0,0.0,0.0,0.0,0.0,0.0,Non-malignant disease,
2023_Terekhova_Immunity_PBMC|P11,0.7070707070707071,0.21212121212121213,0.07407407407407407,0.0,0.0,0.006734006734006734,0.0,0.0,0.0,Control,
2022_Perez_Science_SLE|dmx_YE_7-26,0.783741429970617,0.1435847208619001,0.03173359451518119,0.03682664054848188,0.0,0.004113614103819784,0.0,0.0,0.0,Non-malignant disease,
2021_Ren_Cell_COVID|S-S021-1,0.674904214559387,0.23333333333333334,0.06685823754789272,0.013793103448275862,0.0,0.011111111111111112,0.0,0.0,0.0,Non-malignant disease,
2023_Terekhova_Immunity_PBMC|G06,0.7,0.23333333333333334,0.05,0.0,0.0,0.0,0.016666666666666666,0.0,0.0,Control,
2021_Pelka_Cell_CRC|C116_T_0_2_0_c1_v2,0.4473684210526316,0.18421052631578946,0.3684210526315789,0.0,0.0,0.0,0.0,0.0,0.0,Cancer_Tumor,CRC
2021_Stephenson_NatMed_COVID19|BGCV13_CV0073,0.5076923076923077,0.14871794871794872,0.3333333333333333,0.010256410256410256,0.0,0.0,0.0,0.0,0.0,Non-malignant disease,
2023_Terekhova_Immunity_PBMC|H13,0.9183266932270916,0.02390438247011952,0.049800796812749,0.0,0.0,0.0,0.0,0.0,0.00796812749003984,Control,
2023_Terekhova_Immunity_PBMC|A12,0.6126760563380281,0.31338028169014087,0.07394366197183098,0.0,0.0,0.0,0.0,0.0,0.0,Control,
2021_Chan_CancerCell_SCLC|RU1066,0.0,0.0,0.20754716981132076,0.0,0.7358490566037735,0.018867924528301886,0.0,0.03773584905660377,0.0,Cancer_Tumor,SCLC
2021_Ren_Cell_COVID|S-S047,0.0,0.0,0.02813852813852814,0.05519480519480519,0.0,0.9166666666666666,0.0,0.0,0.0,Non-malignant disease,
2021_Stephenson_NatMed_COVID19|MH8919179,0.9006211180124224,0.08695652173913043,0.012422360248447204,0.0,0.0,0.0,0.0,0.0,0.0,Control,
2021_Ren_Cell_COVID|S-S081,0.40298507462686567,0.2537313432835821,0.19402985074626866,0.13432835820895522,0.0,0.0,0.0,0.014925373134328358,0.0,Non-malignant disease,
2021_Ren_Cell_COVID|S-M026-2,0.4367816091954023,0.41954022988505746,0.14367816091954022,0.0,0.0,0.0,0.0,0.0,0.0,Non-malignant disease,
2023_Terekhova_Immunity_PBMC|L20,0.46464646464646464,0.5353535353535354,0.0,0.0,0.0,0.0,0.0,0.0,0.0,Control,
2023_Terekhova_Immunity_PBMC|K03,0.494949494949495,0.36363636363636365,0.1414141414141414,0.0,0.0,0.0,0.0,0.0,0.0,Control,
2021_Ren_Cell_COVID|S-M026-1,0.20437956204379562,0.021897810218978103,0.029197080291970802,0.0,0.0,0.7299270072992701,0.014598540145985401,0.0,0.0,Non-malignant disease,
2023_Kumar_Nature_Breast|hbca_c62,0.15517241379310345,0.0,0.7758620689655172,0.0,0.06896551724137931,0.0,0.0,0.0,0.0,Control,
2021_Ren_Cell_COVID|S-M012,0.5405405405405406,0.33783783783783783,0.12162162162162163,0.0,0.0,0.0,0.0,0.0,0.0,Non-malignant disease,
2021_Ren_Cell_COVID|S-M047,0.01910828025477707,0.12101910828025478,0.0,0.07006369426751592,0.0,0.7898089171974523,0.0,0.0,0.0,Non-malignant disease,
2021_Ren_Cell_COVID|S-M008-1,0.8509538950715422,0.12996820349761526,0.010135135135135136,0.008942766295707472,0.0,0.0,0.0,0.0,0.0,Non-malignant disease,
2022_Madissoon_NatGenet_Lung|WSSS8062680,0.046153846153846156,0.046153846153846156,0.8769230769230769,0.0,0.0,0.0,0.0,0.0,0.03076923076923077,Control,
2022_Dominguez-Conde_Science_CellTypist|CZINY-0108,0.06514657980456026,0.6938110749185668,0.24104234527687296,0.0,0.0,0.0,0.0,0.0,0.0,Control,
2021_Stephenson_NatMed_COVID19|BGCV08_CV0073,0.4584450402144772,0.11528150134048257,0.4262734584450402,0.0,0.0,0.0,0.0,0.0,0.0,Non-malignant disease,
2021_Pelka_Cell_CRC|C144_T_1_1_1_c1_v2,0.0,0.4032258064516129,0.45161290322580644,0.0,0.04838709677419355,0.08064516129032258,0.016129032258064516,0.0,0.0,Cancer_Tumor,CRC
2023_Terekhova_Immunity_PBMC|L04,0.7218543046357616,0.1390728476821192,0.10596026490066225,0.033112582781456956,0.0,0.0,0.0,0.0,0.0,Control,
2021_Ren_Cell_COVID|S-S064,0.5684931506849316,0.2054794520547945,0.22602739726027396,0.0,0.0,0.0,0.0,0.0,0.0,Non-malignant disease,
2021_Ren_Cell_COVID|S-S088-2,0.552790346907994,0.2873303167420814,0.15987933634992457,0.0,0.0,0.0,0.0,0.0,0.0,Non-malignant disease,
2022_Dominguez-Conde_Science_CellTypist|Pan_T7980370,0.1712962962962963,0.3101851851851852,0.2569444444444444,0.0,0.2523148148148148,0.009259259259259259,0.0,0.0,0.0,Control,
2021_Chan_CancerCell_SCLC|RU1134_Sort-Freeze,0.11469072164948453,0.5193298969072165,0.23711340206185566,0.0,0.05283505154639175,0.0,0.0,0.0,0.07603092783505154,Cancer_Tumor,NSCLC
2021_Ren_Cell_COVID|S-M045,0.8060747663551402,0.1308411214953271,0.035046728971962614,0.0,0.0,0.028037383177570093,0.0,0.0,0.0,Non-malignant disease,
2023_Kong_Immunity_CD|N134764_E,0.24836601307189543,0.1830065359477124,0.48366013071895425,0.0,0.0457516339869281,0.0,0.032679738562091505,0.006535947712418301,0.0,Non-malignant disease,
2020_Adams_SciAdv_IPF|207CO,0.6628242074927954,0.0,0.3371757925072046,0.0,0.0,0.0,0.0,0.0,0.0,Non-malignant disease,
2023_Terekhova_Immunity_PBMC|D11,0.8467432950191571,0.05747126436781609,0.09578544061302682,0.0,0.0,0.0,0.0,0.0,0.0,Control,
2020_Adams_SciAdv_IPF|157I-b,0.551948051948052,0.18831168831168832,0.2597402597402597,0.0,0.0,0.0,0.0,0.0,0.0,Non-malignant disease,
2022_Dominguez-Conde_Science_CellTypist|Pan_T7991591,0.040336134453781515,0.058823529411764705,0.16134453781512606,0.08907563025210084,0.6504201680672269,0.0,0.0,0.0,0.0,Control,
2023_Kong_Immunity_CD|N119540_E2,0.27114427860696516,0.3283582089552239,0.40049751243781095,0.0,0.0,0.0,0.0,0.0,0.0,Non-malignant disease,
2023_Terekhova_Immunity_PBMC|B04,0.45368171021377673,0.47030878859857483,0.07600950118764846,0.0,0.0,0.0,0.0,0.0,0.0,Control,
2021_Ren_Cell_COVID|S-M007-3,0.7628545288197621,0.1211344922232388,0.10430009149130832,0.01171088746569076,0.0,0.0,0.0,0.0,0.0,Non-malignant disease,
2021_Stephenson_NatMed_COVID19|MH9143272,0.8869936034115139,0.08742004264392324,0.0,0.0042643923240938165,0.0,0.021321961620469083,0.0,0.0,0.0,Non-malignant disease,
2023_Terekhova_Immunity_PBMC|D14,0.34375,0.5113636363636364,0.09943181818181818,0.045454545454545456,0.0,0.0,0.0,0.0,0.0,Control,
2022_Kumar_CancerDis_Gastric|GSM5573499_sample34,0.0,0.018947368421052633,0.3663157894736842,0.0,0.6147368421052631,0.0,0.0,0.0,0.0,Cancer_Tumor,GC
2021_Ren_Cell_COVID|S-HC022,0.5606936416184971,0.20809248554913296,0.23121387283236994,0.0,0.0,0.0,0.0,0.0,0.0,Control,
2023_Wang_SciAdv_CRC|s0920_Blood_Blood,0.5634517766497462,0.2436548223350254,0.116751269035533,0.07614213197969544,0.0,0.0,0.0,0.0,0.0,Cancer_Blood,CRC
2023_Hirz_NatComm_Prostate|GSM5494352_SCG-PCA4-T-HG,0.0783132530120482,0.18072289156626506,0.7048192771084337,0.0,0.018072289156626505,0.012048192771084338,0.006024096385542169,0.0,0.0,Cancer_Tumor,PRC
2022_Dominguez-Conde_Science_CellTypist|CZINY-0110,0.07857142857142857,0.6321428571428571,0.2714285714285714,0.017857142857142856,0.0,0.0,0.0,0.0,0.0,Control,
2023_Terekhova_Immunity_PBMC|L05,0.7259786476868327,0.21708185053380782,0.05693950177935943,0.0,0.0,0.0,0.0,0.0,0.0,Control,
2023_Terekhova_Immunity_PBMC|T14,0.6071428571428571,0.35714285714285715,0.03571428571428571,0.0,0.0,0.0,0.0,0.0,0.0,Control,
2021_Ren_Cell_COVID|S-M040-1,0.4351245085190039,0.19528178243774574,0.3315858453473132,0.03800786369593709,0.0,0.0,0.0,0.0,0.0,Non-malignant disease,
2022_Hwang_NatGenet_PDAC|U7_Untreated,0.49557522123893805,0.1592920353982301,0.34513274336283184,0.0,0.0,0.0,0.0,0.0,0.0,Cancer_Tumor,PC
2021_Ren_Cell_COVID|S-S044,0.6793893129770993,0.2410032715376227,0.06543075245365322,0.0,0.0,0.0,0.0,0.0,0.014176663031624863,Non-malignant disease,
2021_Pelka_Cell_CRC|C138_N_0_0_1_c1_v2,0.65625,0.125,0.21875,0.0,0.0,0.0,0.0,0.0,0.0,Control,
2022_Dominguez-Conde_Science_CellTypist|CZINY-0063,0.43410852713178294,0.3798449612403101,0.18604651162790697,0.0,0.0,0.0,0.0,0.0,0.0,Control,
2021_Stephenson_NatMed_COVID19|BGCV15_CV0944,0.8266666666666667,0.10666666666666667,0.06666666666666667,0.0,0.0,0.0,0.0,0.0,0.0,Control,
2021_Ren_Cell_COVID|S-M013,0.10927835051546392,0.05979381443298969,0.8309278350515464,0.0,0.0,0.0,0.0,0.0,0.0,Non-malignant disease,
2021_Ren_Cell_COVID|S-S013,0.3227848101265823,0.5063291139240507,0.06962025316455696,0.10126582278481013,0.0,0.0,0.0,0.0,0.0,Non-malignant disease,
2021_Stephenson_NatMed_COVID19|BGCV05_CV0929,0.7424892703862661,0.06437768240343347,0.1888412017167382,0.0,0.0,0.004291845493562232,0.0,0.0,0.0,Control,
2023_Terekhova_Immunity_PBMC|B14,0.786046511627907,0.2,0.013953488372093023,0.0,0.0,0.0,0.0,0.0,0.0,Control,
2021_Stephenson_NatMed_COVID19|AP12,0.9180522565320665,0.0332541567695962,0.019002375296912115,0.029691211401425176,0.0,0.0,0.0,0.0,0.0,Non-malignant disease,
2023_Terekhova_Immunity_PBMC|S02,0.14871794871794872,0.5333333333333333,0.28717948717948716,0.03076923076923077,0.0,0.0,0.0,0.0,0.0,Control,
2023_Terekhova_Immunity_PBMC|M26,0.41975308641975306,0.5308641975308642,0.04938271604938271,0.0,0.0,0.0,0.0,0.0,0.0,Control,
2021_Ren_Cell_COVID|S-M009-5,0.755083179297597,0.2350585335797905,0.009858287122612447,0.0,0.0,0.0,0.0,0.0,0.0,Non-malignant disease,
2023_Kumar_Nature_Breast|hbca_c71,0.20833333333333334,0.25,0.4444444444444444,0.0,0.09722222222222222,0.0,0.0,0.0,0.0,Control,
2022_TabulaSapiens_Science_TabulaSapiens|TSP2_Spleen_nan_smartseq2,0.3212669683257919,0.03167420814479638,0.579185520361991,0.058823529411764705,0.00904977375565611,0.0,0.0,0.0,0.0,Control,
2021_Stephenson_NatMed_COVID19|BGCV09_CV0171,0.8898305084745762,0.05296610169491525,0.057203389830508475,0.0,0.0,0.0,0.0,0.0,0.0,Non-malignant disease,
2021_Ren_Cell_COVID|S-S069-3,0.8845500848896435,0.0730050933786078,0.042444821731748725,0.0,0.0,0.0,0.0,0.0,0.0,Non-malignant disease,
2021_Elmentaite_Nature_Intestine|WTDAtest7770718,0.26666666666666666,0.030303030303030304,0.13333333333333333,0.0,0.24848484848484848,0.0,0.0,0.0,0.3212121212121212,Control,
2023_Terekhova_Immunity_PBMC|FD06,0.7156862745098039,0.18627450980392157,0.09803921568627451,0.0,0.0,0.0,0.0,0.0,0.0,Control,
2021_Ren_Cell_COVID|S-M063-1,0.7339699863574352,0.07571623465211459,0.1903137789904502,0.0,0.0,0.0,0.0,0.0,0.0,Non-malignant disease,
2022_Kumar_CancerDis_Gastric|GSM5573505_sample40,0.0,0.0,0.34146341463414637,0.0,0.6487804878048781,0.0,0.00975609756097561,0.0,0.0,Cancer_Tumor,GC
2022_Gur_Cell_Sceleroderma|GSM5837531_AB8327,0.4835164835164835,0.24175824175824176,0.27472527472527475,0.0,0.0,0.0,0.0,0.0,0.0,Non-malignant disease,
2021_Ren_Cell_COVID|S-M070,0.4340425531914894,0.3659574468085106,0.14468085106382977,0.05531914893617021,0.0,0.0,0.0,0.0,0.0,Non-malignant disease,
2023_Fonseca_NatGenet_Endometriosis|sample31,0.0,0.0,0.8181818181818182,0.0,0.18181818181818182,0.0,0.0,0.0,0.0,Control,
2021_Pelka_Cell_CRC|C114_N_1_1_2_c1_v2,0.039473684210526314,0.8026315789473685,0.09210526315789473,0.02631578947368421,0.0,0.0,0.0,0.0,0.039473684210526314,Control,
2023_Terekhova_Immunity_PBMC|FC06,0.6578947368421053,0.1513157894736842,0.07894736842105263,0.1118421052631579,0.0,0.0,0.0,0.0,0.0,Control,
2023_Terekhova_Immunity_PBMC|E09,0.48175182481751827,0.21897810218978103,0.29927007299270075,0.0,0.0,0.0,0.0,0.0,0.0,Control,
2023_Terekhova_Immunity_PBMC|A05,0.4711111111111111,0.3511111111111111,0.1511111111111111,0.02666666666666667,0.0,0.0,0.0,0.0,0.0,Control,
2021_Hao_Cell_Blood|P7_3,0.48415622697126015,0.41414885777450255,0.04716285924834193,0.054532056005895356,0.0,0.0,0.0,0.0,0.0,Control,
2021_Ren_Cell_COVID|S-HC016,0.43094841930116473,0.43594009983361065,0.10815307820299501,0.024958402662229616,0.0,0.0,0.0,0.0,0.0,Control,
2022_TabulaSapiens_Science_TabulaSapiens|TSP2_Blood_nan_10X,0.8940886699507389,0.059113300492610835,0.04187192118226601,0.0049261083743842365,0.0,0.0,0.0,0.0,0.0,Control,
2023_Terekhova_Immunity_PBMC|H18,0.6296296296296297,0.31216931216931215,0.0582010582010582,0.0,0.0,0.0,0.0,0.0,0.0,Control,
2023_Terekhova_Immunity_PBMC|A34,0.4987012987012987,0.35844155844155845,0.14285714285714285,0.0,0.0,0.0,0.0,0.0,0.0,Control,
2022_Dominguez-Conde_Science_CellTypist|CZINY-0109,0.0539568345323741,0.6258992805755396,0.32014388489208634,0.0,0.0,0.0,0.0,0.0,0.0,Control,
2023_Hirz_NatComm_Prostate|GSM5494344_HP3,0.005420054200542005,0.0,0.994579945799458,0.0,0.0,0.0,0.0,0.0,0.0,Control,
2023_Fonseca_NatGenet_Endometriosis|sample17,0.07874015748031496,0.14173228346456693,0.6929133858267716,0.0,0.08661417322834646,0.0,0.0,0.0,0.0,Non-malignant disease,
2021_Stephenson_NatMed_COVID19|AP8,0.8715867158671586,0.0952029520295203,0.0014760147601476014,0.03173431734317343,0.0,0.0,0.0,0.0,0.0,Non-malignant disease,
2022_Perez_Science_SLE|dmx_YE_7-20,0.9094772630684232,0.029536761580960476,0.04844878878028049,0.006799830004249894,0.0,0.005737356566085848,0.0,0.0,0.0,Control,
2021_Pelka_Cell_CRC|C153_T_1_1_1_c1_v2,0.6534653465346535,0.07920792079207921,0.24752475247524752,0.0,0.0,0.0,0.019801980198019802,0.0,0.0,Cancer_Tumor,CRC
2023_Terekhova_Immunity_PBMC|D17,0.7948717948717948,0.20512820512820512,0.0,0.0,0.0,0.0,0.0,0.0,0.0,Control,
2021_Ren_Cell_COVID|S-HC002,0.037993920972644375,0.0,0.9422492401215805,0.0,0.0,0.019756838905775075,0.0,0.0,0.0,Control,
2022_Kumar_CancerDis_Gastric|GSM5573501_sample36,0.08849557522123894,0.0,0.3274336283185841,0.0,0.584070796460177,0.0,0.0,0.0,0.0,Cancer_AdjNorm,GC
2021_Ren_Cell_COVID|S-S037,0.8331024930747922,0.024238227146814405,0.10803324099722991,0.0,0.0,0.0,0.0017313019390581717,0.0,0.03289473684210526,Non-malignant disease,
2023_Terekhova_Immunity_PBMC|A36,0.5768115942028985,0.2956521739130435,0.08115942028985507,0.0463768115942029,0.0,0.0,0.0,0.0,0.0,Control,
2021_Ren_Cell_COVID|S-S071-2,0.8559322033898306,0.01694915254237288,0.06779661016949153,0.0423728813559322,0.0,0.0,0.0,0.0,0.01694915254237288,Non-malignant disease,
2023_Kong_Immunity_CD|N128400_L,0.3963011889035667,0.017173051519154558,0.48745046235138706,0.0,0.062087186261558784,0.0,0.036988110964332896,0.0,0.0,Non-malignant disease,
2021_Hao_Cell_Blood|P3_5,0.5555555555555556,0.3045267489711934,0.13991769547325103,0.0,0.0,0.0,0.0,0.0,0.0,Control,
2021_Stephenson_NatMed_COVID19|MH9143371,0.7592592592592593,0.1111111111111111,0.12345679012345678,0.0,0.0,0.006172839506172839,0.0,0.0,0.0,Non-malignant disease,
2023_Terekhova_Immunity_PBMC|T22,0.6523605150214592,0.28969957081545067,0.05793991416309013,0.0,0.0,0.0,0.0,0.0,0.0,Control,
2020_Adams_SciAdv_IPF|145I-a,0.525,0.0875,0.3625,0.025,0.0,0.0,0.0,0.0,0.0,Non-malignant disease,
2023_Kong_Immunity_CD|H101694_L,0.3181818181818182,0.06363636363636363,0.6181818181818182,0.0,0.0,0.0,0.0,0.0,0.0,Control,
2022_Guilliams_Cell_Liver|CS126,0.32105263157894737,0.28421052631578947,0.18421052631578946,0.15263157894736842,0.0,0.0,0.04736842105263158,0.0,0.010526315789473684,Non-malignant disease,
2023_Terekhova_Immunity_PBMC|M29,0.7251908396946565,0.2366412213740458,0.03816793893129771,0.0,0.0,0.0,0.0,0.0,0.0,Control,
2023_Hirz_NatComm_Prostate|GSM5494381_SCG-PCA24-N-Rocky,0.0967741935483871,0.03225806451612903,0.8225806451612904,0.0,0.04838709677419355,0.0,0.0,0.0,0.0,Cancer_AdjNorm,PRC
2023_Fonseca_NatGenet_Endometriosis|sample1,0.3224043715846995,0.0273224043715847,0.47540983606557374,0.0,0.17486338797814208,0.0,0.0,0.0,0.0,Non-malignant disease,
2021_Ren_Cell_COVID|S-S001-2,0.7564102564102564,0.03205128205128205,0.21153846153846154,0.0,0.0,0.0,0.0,0.0,0.0,Non-malignant disease,
2022_Perez_Science_SLE|dmx_count_AH7TNHDMXX_YE_8-30,0.6298134979203005,0.24620958003488527,0.10827854555212665,0.01569837649268751,0.0,0.0,0.0,0.0,0.0,Control,
2023_Terekhova_Immunity_PBMC|G18,0.6607142857142857,0.25,0.08928571428571429,0.0,0.0,0.0,0.0,0.0,0.0,Control,
2022_TabulaSapiens_Science_TabulaSapiens|TSP14_Bone_Marrow_nan_10X,0.07339449541284404,0.5504587155963303,0.3486238532110092,0.0,0.027522935779816515,0.0,0.0,0.0,0.0,Control,
2023_Kong_Immunity_CD|N51_LP_A,0.2719821162444113,0.07377049180327869,0.6460506706408345,0.0,0.0,0.0,0.0,0.0,0.00819672131147541,Control,
2022_TabulaSapiens_Science_TabulaSapiens|TSP8_Blood_nan_10X,0.3103448275862069,0.5517241379310345,0.05172413793103448,0.08620689655172414,0.0,0.0,0.0,0.0,0.0,Control,
2021_Stephenson_NatMed_COVID19|BGCV14_CV0284,0.9014778325123153,0.059113300492610835,0.019704433497536946,0.019704433497536946,0.0,0.0,0.0,0.0,0.0,Non-malignant disease,
2022_Dominguez-Conde_Science_CellTypist|CZINY-0101,0.072992700729927,0.5328467153284672,0.39416058394160586,0.0,0.0,0.0,0.0,0.0,0.0,Control,
2022_Guilliams_Cell_Liver|CS85,0.28205128205128205,0.49230769230769234,0.21025641025641026,0.0,0.0,0.005128205128205128,0.010256410256410256,0.0,0.0,Cancer_Metastasis,CRC
2021_Stephenson_NatMed_COVID19|BGCV03_CV0200,0.8126582278481013,0.1468354430379747,0.015189873417721518,0.02531645569620253,0.0,0.0,0.0,0.0,0.0,Non-malignant disease,
2023_Kong_Immunity_CD|H197396_N4,0.059322033898305086,0.05084745762711865,0.8898305084745762,0.0,0.0,0.0,0.0,0.0,0.0,Control,
2021_Pelka_Cell_CRC|C130_N_1_1_1_c1_v2,0.23780487804878048,0.27439024390243905,0.4878048780487805,0.0,0.0,0.0,0.0,0.0,0.0,Control,
2021_Stephenson_NatMed_COVID19|MH9179824,0.684472049689441,0.20372670807453416,0.07701863354037267,0.034782608695652174,0.0,0.0,0.0,0.0,0.0,Non-malignant disease,
2022_Dominguez-Conde_Science_CellTypist|CZI-IA10466283+CZI-IA10466379,0.46188850967007966,0.0,0.40841865756541523,0.0,0.1296928327645051,0.0,0.0,0.0,0.0,Control,
2021_Ren_Cell_COVID|S-S069-1,0.8054298642533937,0.03167420814479638,0.13574660633484162,0.013574660633484163,0.0,0.0,0.0,0.0,0.013574660633484163,Non-malignant disease,
2020_Adams_SciAdv_IPF|052CO-a,0.1875,0.328125,0.40625,0.078125,0.0,0.0,0.0,0.0,0.0,Non-malignant disease,
2023_Hickey_Nature_Intestine|B001-A-006,0.0,0.5504587155963303,0.44954128440366975,0.0,0.0,0.0,0.0,0.0,0.0,Control,
2023_Kong_Immunity_CD|N124246_L,0.11716621253405994,0.008174386920980926,0.33242506811989103,0.0,0.5422343324250681,0.0,0.0,0.0,0.0,Non-malignant disease,
2021_Elmentaite_Nature_Intestine|4918STDY7714149,0.2907488986784141,0.5110132158590308,0.19383259911894274,0.0,0.0,0.004405286343612335,0.0,0.0,0.0,Control,
2023_Hirz_NatComm_Prostate|GSM5494378_SCG-PCA22-N-HG,0.12280701754385964,0.0,0.5321637426900585,0.0,0.34502923976608185,0.0,0.0,0.0,0.0,Cancer_AdjNorm,PRC
2021_Hao_Cell_Blood|P6_5,0.576036866359447,0.30414746543778803,0.11981566820276497,0.0,0.0,0.0,0.0,0.0,0.0,Control,
2023_Kong_Immunity_CD|H180844_N4,0.2692307692307692,0.15384615384615385,0.5769230769230769,0.0,0.0,0.0,0.0,0.0,0.0,Control,
2023_Terekhova_Immunity_PBMC|G15,0.4805194805194805,0.4025974025974026,0.11688311688311688,0.0,0.0,0.0,0.0,0.0,0.0,Control,
2023_Wang_SciAdv_CRC|s1125_Liver_AdjNorm,0.5583333333333333,0.075,0.25833333333333336,0.06666666666666667,0.0,0.0,0.0,0.0,0.041666666666666664,Cancer_AdjNorm,CRC
2023_Terekhova_Immunity_PBMC|P05,0.2857142857142857,0.5619047619047619,0.11428571428571428,0.0,0.0,0.0,0.0,0.0,0.0380952380952381,Control,
2023_Terekhova_Immunity_PBMC|B12,0.6179775280898876,0.2696629213483146,0.07865168539325842,0.0,0.0,0.02247191011235955,0.0,0.0,0.011235955056179775,Control,
2021_Pelka_Cell_CRC|C170_N_0_0_0_c1_v3,0.64,0.044,0.316,0.0,0.0,0.0,0.0,0.0,0.0,Control,
2021_Ren_Cell_COVID|S-S018,0.43,0.335,0.175,0.0,0.0,0.0,0.0,0.06,0.0,Non-malignant disease,
2021_Stephenson_NatMed_COVID19|MH9143271,0.8522167487684729,0.06157635467980296,0.08620689655172414,0.0,0.0,0.0,0.0,0.0,0.0,Non-malignant disease,
2023_Kong_Immunity_CD|N21_LP_A,0.21052631578947367,0.0,0.7263157894736842,0.0,0.05263157894736842,0.0,0.0,0.0,0.010526315789473684,Control,
2021_Ren_Cell_COVID|S-M051,0.6581632653061225,0.20153061224489796,0.07908163265306123,0.061224489795918366,0.0,0.0,0.0,0.0,0.0,Non-malignant disease,
2021_Stephenson_NatMed_COVID19|BGCV01_CV0902,0.7015706806282722,0.13089005235602094,0.1256544502617801,0.041884816753926704,0.0,0.0,0.0,0.0,0.0,Control,
2021_Stephenson_NatMed_COVID19|BGCV10_CV0198,0.06835722160970231,0.0,0.9316427783902976,0.0,0.0,0.0,0.0,0.0,0.0,Non-malignant disease,
2021_Stephenson_NatMed_COVID19|BGCV12_CV0178,0.8805970149253731,0.048507462686567165,0.0708955223880597,0.0,0.0,0.0,0.0,0.0,0.0,Non-malignant disease,
2022_Perez_Science_SLE|dmx_YE_8-3,0.7728879462707671,0.13591375044185225,0.06238953693884765,0.015553199010250972,0.0,0.013255567338282079,0.0,0.0,0.0,Non-malignant disease,
2023_Terekhova_Immunity_PBMC|G31,0.3979591836734694,0.5,0.10204081632653061,0.0,0.0,0.0,0.0,0.0,0.0,Control,
2023_Terekhova_Immunity_PBMC|A29,0.723404255319149,0.26595744680851063,0.0,0.010638297872340425,0.0,0.0,0.0,0.0,0.0,Control,
2023_Terekhova_Immunity_PBMC|A01,0.5454545454545454,0.4,0.05454545454545454,0.0,0.0,0.0,0.0,0.0,0.0,Control,
2021_Szabo_Immunity_COVID19|COV028_blood_4days,0.3488372093023256,0.627906976744186,0.023255813953488372,0.0,0.0,0.0,0.0,0.0,0.0,Non-malignant disease,
2022_Dominguez-Conde_Science_CellTypist|Pan_T8986829,0.6166666666666667,0.21666666666666667,0.0,0.05,0.03333333333333333,0.0,0.0,0.08333333333333333,0.0,Control,
2023_Kong_Immunity_CD|N13_LP_B,0.3387096774193548,0.03225806451612903,0.5483870967741935,0.0,0.08064516129032258,0.0,0.0,0.0,0.0,Control,
2023_Terekhova_Immunity_PBMC|S14,0.6092436974789915,0.2689075630252101,0.07563025210084033,0.046218487394957986,0.0,0.0,0.0,0.0,0.0,Control,
2023_Terekhova_Immunity_PBMC|B20,0.7783018867924528,0.22169811320754718,0.0,0.0,0.0,0.0,0.0,0.0,0.0,Control,
2021_Ren_Cell_COVID|S-S017,0.7307692307692307,0.2606837606837607,0.0,0.0,0.0,0.008547008547008548,0.0,0.0,0.0,Non-malignant disease,
2021_Ren_Cell_COVID|S-S019,0.637223974763407,0.24921135646687698,0.10725552050473186,0.0,0.0,0.006309148264984227,0.0,0.0,0.0,Non-malignant disease,
2023_Terekhova_Immunity_PBMC|K14,0.4222222222222222,0.4622222222222222,0.11555555555555555,0.0,0.0,0.0,0.0,0.0,0.0,Control,
2020_Adams_SciAdv_IPF|221I-a,0.22274881516587677,0.6018957345971564,0.15639810426540285,0.018957345971563982,0.0,0.0,0.0,0.0,0.0,Non-malignant disease,
2022_Perez_Science_SLE|dmx_YS-JY-20_pool4,0.7286821705426356,0.056124031007751936,0.2075968992248062,0.007596899224806201,0.0,0.0,0.0,0.0,0.0,Non-malignant disease,
2021_Ren_Cell_COVID|S-M009-6,0.7599106644332775,0.2400893355667225,0.0,0.0,0.0,0.0,0.0,0.0,0.0,Non-malignant disease,
2023_Terekhova_Immunity_PBMC|N16,0.7350993377483444,0.18543046357615894,0.07947019867549669,0.0,0.0,0.0,0.0,0.0,0.0,Control,
2022_TabulaSapiens_Science_TabulaSapiens|TSP6_Trachea_nan_10X,0.6807817589576547,0.15309446254071662,0.15309446254071662,0.0,0.0,0.0,0.013029315960912053,0.0,0.0,Control,
2022_Dominguez-Conde_Science_CellTypist|CZINY-0112,0.07394366197183098,0.6267605633802817,0.2992957746478873,0.0,0.0,0.0,0.0,0.0,0.0,Control,
2021_Pelka_Cell_CRC|C111_N_0_2_0_c1_v2,0.2698412698412698,0.047619047619047616,0.6031746031746031,0.0,0.007936507936507936,0.07142857142857142,0.0,0.0,0.0,Control,
2022_Dominguez-Conde_Science_CellTypist|CZI-IA10471909+CZI-IA10472005,0.485625,0.025625,0.25375,0.015,0.22,0.0,0.0,0.0,0.0,Control,
2021_Stephenson_NatMed_COVID19|MH9143273,0.8286118980169972,0.13739376770538245,0.012039660056657223,0.021954674220963172,0.0,0.0,0.0,0.0,0.0,Non-malignant disease,
2021_Stephenson_NatMed_COVID19|BGCV13_CV0326,0.7785714285714286,0.11428571428571428,0.06428571428571428,0.0,0.0,0.04285714285714286,0.0,0.0,0.0,Non-malignant disease,
2023_Terekhova_Immunity_PBMC|K02,0.2230769230769231,0.3230769230769231,0.4153846153846154,0.038461538461538464,0.0,0.0,0.0,0.0,0.0,Control,
2021_Ren_Cell_COVID|S-S033,0.26108374384236455,0.6403940886699507,0.09359605911330049,0.0,0.0,0.0,0.0,0.0049261083743842365,0.0,Non-malignant disease,
2023_Terekhova_Immunity_PBMC|FH02,0.5211267605633803,0.2605633802816901,0.21830985915492956,0.0,0.0,0.0,0.0,0.0,0.0,Control,
2021_Ren_Cell_COVID|S-M056,0.851123595505618,0.0,0.14887640449438203,0.0,0.0,0.0,0.0,0.0,0.0,Non-malignant disease,
2021_Ren_Cell_COVID|S-M037,0.7057837384744342,0.01592623637887678,0.27829002514668905,0.0,0.0,0.0,0.0,0.0,0.0,Non-malignant disease,
2021_Ren_Cell_COVID|S-HC020-1,0.6150656530753282,0.1734623358673117,0.21147201105736005,0.0,0.0,0.0,0.0,0.0,0.0,Control,
2022_Perez_Science_SLE|dmx_YE_7-19,0.8436826218197498,0.09379042690815007,0.04678740836567486,0.010564898663216905,0.0,0.00517464424320828,0.0,0.0,0.0,Non-malignant disease,
2022_Dominguez-Conde_Science_CellTypist|CZI-IA10466282+CZI-IA10466378,0.43171806167400884,0.0,0.42841409691629956,0.0,0.13986784140969163,0.0,0.0,0.0,0.0,Control,
2021_Ren_Cell_COVID|S-S036-3,0.17647058823529413,0.47058823529411764,0.13725490196078433,0.09803921568627451,0.0392156862745098,0.0,0.0196078431372549,0.0,0.058823529411764705,Non-malignant disease,
2023_Kong_Immunity_CD|N148519_L1,0.30071599045346065,0.12649164677804295,0.5608591885441527,0.0,0.0,0.0,0.0,0.011933174224343675,0.0,Non-malignant disease,
2022_Zhou_NatGenet_PDAC|HT259P1-S1H1Fc2A2_1N1Bmn1_1,0.628992628992629,0.04668304668304668,0.32432432432432434,0.0,0.0,0.0,0.0,0.0,0.0,Cancer_Tumor,PC
2023_Kong_Immunity_CD|N130064_N4,0.4576271186440678,0.0847457627118644,0.4576271186440678,0.0,0.0,0.0,0.0,0.0,0.0,Non-malignant disease,
2023_Terekhova_Immunity_PBMC|FC03,0.308,0.536,0.088,0.068,0.0,0.0,0.0,0.0,0.0,Control,
2021_Ren_Cell_COVID|S-M074-2,0.672945205479452,0.08732876712328767,0.23972602739726026,0.0,0.0,0.0,0.0,0.0,0.0,Non-malignant disease,
2022_Dominguez-Conde_Science_CellTypist|Pan_T8010326,0.2846715328467153,0.26277372262773724,0.3722627737226277,0.0,0.08029197080291971,0.0,0.0,0.0,0.0,Control,
2021_Stephenson_NatMed_COVID19|MH8919232,0.5795454545454546,0.36363636363636365,0.056818181818181816,0.0,0.0,0.0,0.0,0.0,0.0,Control,
2023_Kong_Immunity_CD|N107306_L2,0.0,0.22058823529411764,0.5,0.0,0.2647058823529412,0.0,0.0,0.0,0.014705882352941176,Non-malignant disease,
2021_Elmentaite_Nature_Intestine|Human_colon_16S8123921,0.4556677890011223,0.03367003367003367,0.5061728395061729,0.0,0.004489337822671156,0.0,0.0,0.0,0.0,Control,
2021_Ren_Cell_COVID|S-M034,0.4178082191780822,0.13013698630136986,0.0,0.03424657534246575,0.0,0.4178082191780822,0.0,0.0,0.0,Non-malignant disease,
2020_Adams_SciAdv_IPF|194CO-a,0.08695652173913043,0.29347826086956524,0.5217391304347826,0.07608695652173914,0.0,0.0,0.0,0.0,0.021739130434782608,Non-malignant disease,
2023_Terekhova_Immunity_PBMC|H20,0.7510548523206751,0.16033755274261605,0.08860759493670886,0.0,0.0,0.0,0.0,0.0,0.0,Control,
2023_Terekhova_Immunity_PBMC|M38,0.7878787878787878,0.17424242424242425,0.03787878787878788,0.0,0.0,0.0,0.0,0.0,0.0,Control,
2021_Pelka_Cell_CRC|C140_T_1_1_0_c1_v2,0.22448979591836735,0.42857142857142855,0.3469387755102041,0.0,0.0,0.0,0.0,0.0,0.0,Cancer_Tumor,CRC
2021_Stephenson_NatMed_COVID19|newcastle74,0.5932203389830508,0.2784503631961259,0.09927360774818401,0.029055690072639227,0.0,0.0,0.0,0.0,0.0,Control,
2023_Hirz_NatComm_Prostate|GSM5494368_SCG-PCA15-T-HG,0.03488372093023256,0.10465116279069768,0.19767441860465115,0.0,0.6511627906976745,0.0,0.0,0.011627906976744186,0.0,Cancer_Tumor,PRC
2023_Terekhova_Immunity_PBMC|FB05,0.8156424581005587,0.1564245810055866,0.027932960893854747,0.0,0.0,0.0,0.0,0.0,0.0,Control,
2023_Terekhova_Immunity_PBMC|B01,0.40869565217391307,0.43478260869565216,0.12173913043478261,0.034782608695652174,0.0,0.0,0.0,0.0,0.0,Control,
2021_Ren_Cell_COVID|S-M004-5,0.6339249966635526,0.21873748832243428,0.13799546243160282,0.00934205258241025,0.0,0.0,0.0,0.0,0.0,Non-malignant disease,
2023_Kong_Immunity_CD|H158108_N1,0.1897810218978102,0.2773722627737226,0.5328467153284672,0.0,0.0,0.0,0.0,0.0,0.0,Control,
2023_Kong_Immunity_CD|N107306_L1,0.0,0.1839080459770115,0.6436781609195402,0.0,0.11494252873563218,0.0,0.0,0.0,0.05747126436781609,Non-malignant disease,
2023_Terekhova_Immunity_PBMC|K11,0.7529411764705882,0.16470588235294117,0.08235294117647059,0.0,0.0,0.0,0.0,0.0,0.0,Control,
2021_Ren_Cell_COVID|S-M039-2,0.860384646334594,0.10436951798503259,0.015530699283817494,0.014967409672487325,0.0,0.00474772672406856,0.0,0.0,0.0,Non-malignant disease,
2023_Kong_Immunity_CD|N158891_L2,0.17307692307692307,0.28846153846153844,0.4807692307692308,0.0,0.0,0.0,0.019230769230769232,0.038461538461538464,0.0,Non-malignant disease,
2023_Terekhova_Immunity_PBMC|A24,0.4835680751173709,0.47417840375586856,0.04225352112676056,0.0,0.0,0.0,0.0,0.0,0.0,Control,
2022_Guilliams_Cell_Liver|CS112,0.6782608695652174,0.08695652173913043,0.22608695652173913,0.0,0.0,0.0,0.0,0.008695652173913044,0.0,Non-malignant disease,
2022_Perez_Science_SLE|dmx_YE_8-23,0.8588701684836472,0.10426164519326066,0.020218037661050545,0.016650148662041626,0.0,0.0,0.0,0.0,0.0,Non-malignant disease,
2022_Dominguez-Conde_Science_CellTypist|CZI-IA10471910+CZI-IA10472006,0.47725816784112746,0.0,0.23062139654067906,0.012171684817424727,0.27994875080076875,0.0,0.0,0.0,0.0,Control,
2020_Park_Science_Thymus|4861STDY7462262,0.0379746835443038,0.43037974683544306,0.379746835443038,0.0,0.012658227848101266,0.11392405063291139,0.0,0.0,0.02531645569620253,Control,
2022_Dominguez-Conde_Science_CellTypist|Pan_T7917820,0.3738095238095238,0.2845238095238095,0.2892857142857143,0.0,0.0380952380952381,0.014285714285714285,0.0,0.0,0.0,Control,
2021_Chan_CancerCell_SCLC|RU1057_T,0.0,0.05434782608695652,0.9130434782608695,0.010869565217391304,0.0,0.0,0.0,0.0,0.021739130434782608,Cancer_Tumor,NSCLC
2021_Ren_Cell_COVID|S-M060-1,0.3506643558636626,0.08261120739456962,0.5667244367417678,0.0,0.0,0.0,0.0,0.0,0.0,Non-malignant disease,
2023_Kong_Immunity_CD|I130064_N4,0.5384615384615384,0.13846153846153847,0.3230769230769231,0.0,0.0,0.0,0.0,0.0,0.0,Non-malignant disease,
2021_Ren_Cell_COVID|S-S032-1,0.20238095238095238,0.4523809523809524,0.2857142857142857,0.023809523809523808,0.0,0.0,0.011904761904761904,0.0,0.023809523809523808,Non-malignant disease,
2023_Terekhova_Immunity_PBMC|H03,0.38202247191011235,0.449438202247191,0.15168539325842698,0.016853932584269662,0.0,0.0,0.0,0.0,0.0,Control,
2023_Terekhova_Immunity_PBMC|D13,0.19557195571955718,0.3247232472324723,0.35424354243542433,0.12546125461254612,0.0,0.0,0.0,0.0,0.0,Control,
2021_Elmentaite_Nature_Intestine|Human_colon_16S8159191,0.13930348258706468,0.4228855721393035,0.43781094527363185,0.0,0.0,0.0,0.0,0.0,0.0,Control,
2023_Terekhova_Immunity_PBMC|L24,0.9047619047619048,0.05668934240362812,0.03854875283446712,0.0,0.0,0.0,0.0,0.0,0.0,Control,
2023_Kong_Immunity_CD|I175041_N1,0.6896551724137931,0.034482758620689655,0.21839080459770116,0.0,0.0,0.022988505747126436,0.034482758620689655,0.0,0.0,Non-malignant disease,
2021_Ren_Cell_COVID|S-M038,0.7331606217616581,0.06217616580310881,0.20466321243523317,0.0,0.0,0.0,0.0,0.0,0.0,Non-malignant disease,
2023_Terekhova_Immunity_PBMC|K04,0.65625,0.171875,0.171875,0.0,0.0,0.0,0.0,0.0,0.0,Control,
2021_Pelka_Cell_CRC|C160_T_1_1_0_c1_v3,0.17142857142857143,0.2571428571428571,0.4857142857142857,0.0,0.0,0.01904761904761905,0.009523809523809525,0.0,0.05714285714285714,Cancer_Tumor,CRC
2021_Hao_Cell_Blood|P8_5,0.21935483870967742,0.5806451612903226,0.17419354838709677,0.025806451612903226,0.0,0.0,0.0,0.0,0.0,Non-malignant disease,
2023_Kong_Immunity_CD|N125985_L2,0.05555555555555555,0.125,0.7222222222222222,0.0,0.0,0.0,0.013888888888888888,0.0,0.08333333333333333,Non-malignant disease,
2022_Dominguez-Conde_Science_CellTypist|CZINY-0055,0.381294964028777,0.30935251798561153,0.28776978417266186,0.007194244604316547,0.007194244604316547,0.0,0.0,0.0,0.007194244604316547,Control,
2023_Fonseca_NatGenet_Endometriosis|sample11,0.28431372549019607,0.37254901960784315,0.10784313725490197,0.0,0.23529411764705882,0.0,0.0,0.0,0.0,Non-malignant disease,
2021_Chan_CancerCell_SCLC|RU675_T,0.038461538461538464,0.01282051282051282,0.20512820512820512,0.0,0.7435897435897436,0.0,0.0,0.0,0.0,Cancer_Tumor,NSCLC
2021_Pelka_Cell_CRC|C137_N_1_1_0_c1_v2,0.29931972789115646,0.23809523809523808,0.4557823129251701,0.0,0.0,0.0,0.0,0.0,0.006802721088435374,Control,
2021_Stephenson_NatMed_COVID19|MH8919283,0.693939393939394,0.04393939393939394,0.26212121212121214,0.0,0.0,0.0,0.0,0.0,0.0,Control,
2021_Chan_CancerCell_SCLC|RU1138,0.0847457627118644,0.11864406779661017,0.2711864406779661,0.01694915254237288,0.3389830508474576,0.0,0.11864406779661017,0.0,0.05084745762711865,Cancer_Metastasis,SCLC
2021_Ren_Cell_COVID|S-M041-1,0.7099447513812155,0.09116022099447514,0.1878453038674033,0.0,0.0,0.011049723756906077,0.0,0.0,0.0,Non-malignant disease,
2021_Ren_Cell_COVID|S-M048,0.4715909090909091,0.3039772727272727,0.1278409090909091,0.09659090909090909,0.0,0.0,0.0,0.0,0.0,Non-malignant disease,
2022_Dominguez-Conde_Science_CellTypist|CZINY-0054,0.48175182481751827,0.27007299270072993,0.24817518248175183,0.0,0.0,0.0,0.0,0.0,0.0,Control,
2022_TabulaSapiens_Science_TabulaSapiens|TSP14_Lymph_Node_nan_10X,0.005014698253501643,0.6598651219090438,0.32647414836590005,0.0,0.006916825177243645,0.0,0.0,0.0,0.0017292062943109112,Control,
2023_Hirz_NatComm_Prostate|GSM5494357_SCG-PCA6-N-HG,0.2564102564102564,0.16666666666666666,0.5769230769230769,0.0,0.0,0.0,0.0,0.0,0.0,Cancer_AdjNorm,PRC
2021_Ren_Cell_COVID|S-S029,0.3766497461928934,0.47918781725888326,0.11269035532994924,0.03147208121827411,0.0,0.0,0.0,0.0,0.0,Non-malignant disease,
2021_Ren_Cell_COVID|S-M019,0.4878048780487805,0.40853658536585363,0.10365853658536585,0.0,0.0,0.0,0.0,0.0,0.0,Non-malignant disease,
2021_Stephenson_NatMed_COVID19|BGCV05_CV0128,0.7251655629139073,0.046357615894039736,0.22847682119205298,0.0,0.0,0.0,0.0,0.0,0.0,Non-malignant disease,
2022_Dominguez-Conde_Science_CellTypist|Pan_T7991590,0.07368421052631578,0.14736842105263157,0.5789473684210527,0.05263157894736842,0.05263157894736842,0.042105263157894736,0.0,0.0,0.05263157894736842,Control,
2021_Stephenson_NatMed_COVID19|BGCV02_CV0052,0.4564102564102564,0.23076923076923078,0.06666666666666667,0.11282051282051282,0.0,0.13333333333333333,0.0,0.0,0.0,Non-malignant disease,
2022_Perez_Science_SLE|dmx_flare1,0.8157894736842105,0.12938596491228072,0.0206140350877193,0.02324561403508772,0.0,0.010964912280701754,0.0,0.0,0.0,Non-malignant disease,
2021_Wu_NatGenet_Breast|CID4471,0.31666666666666665,0.0,0.6,0.0,0.016666666666666666,0.0,0.03333333333333333,0.0,0.03333333333333333,Cancer_Tumor,BRCA
2021_Chan_CancerCell_SCLC|RU1262C,0.05161290322580645,0.2645161290322581,0.632258064516129,0.0,0.01935483870967742,0.0,0.01935483870967742,0.0,0.012903225806451613,Cancer_Tumor,NSCLC
2023_Terekhova_Immunity_PBMC|M24,0.480225988700565,0.4576271186440678,0.062146892655367235,0.0,0.0,0.0,0.0,0.0,0.0,Control,
2021_Ren_Cell_COVID|S-HC014,0.5924006908462867,0.3333333333333333,0.024179620034542316,0.05008635578583765,0.0,0.0,0.0,0.0,0.0,Control,
2021_Ren_Cell_COVID|S-M044-2,0.6880952380952381,0.18571428571428572,0.05714285714285714,0.05238095238095238,0.0,0.016666666666666666,0.0,0.0,0.0,Non-malignant disease,
2021_Ren_Cell_COVID|S-M055,0.4108527131782946,0.3682170542635659,0.17054263565891473,0.04263565891472868,0.0,0.007751937984496124,0.0,0.0,0.0,Non-malignant disease,
2023_Terekhova_Immunity_PBMC|G29,0.7201492537313433,0.22761194029850745,0.05223880597014925,0.0,0.0,0.0,0.0,0.0,0.0,Control,
2023_Kumar_Nature_Breast|hbca_c57,0.7364152473641524,0.0,0.18572587185725872,0.0,0.07785888077858881,0.0,0.0,0.0,0.0,Control,
2021_Stephenson_NatMed_COVID19|MH9143421,0.8278008298755186,0.05394190871369295,0.022821576763485476,0.07676348547717843,0.0,0.01867219917012448,0.0,0.0,0.0,Non-malignant disease,
2021_Stephenson_NatMed_COVID19|BGCV14_CV0050,0.37267080745341613,0.08074534161490683,0.546583850931677,0.0,0.0,0.0,0.0,0.0,0.0,Non-malignant disease,
2023_Terekhova_Immunity_PBMC|A08,0.7189542483660131,0.08823529411764706,0.19281045751633988,0.0,0.0,0.0,0.0,0.0,0.0,Control,
2023_Terekhova_Immunity_PBMC|N18,0.5971731448763251,0.29328621908127206,0.10954063604240283,0.0,0.0,0.0,0.0,0.0,0.0,Control,
2020_Adams_SciAdv_IPF|212I-a,0.1889763779527559,0.3858267716535433,0.4094488188976378,0.015748031496062992,0.0,0.0,0.0,0.0,0.0,Non-malignant disease,
2023_Kong_Immunity_CD|I130084_E,0.6710526315789473,0.14035087719298245,0.17543859649122806,0.0,0.013157894736842105,0.0,0.0,0.0,0.0,Non-malignant disease,
2023_Terekhova_Immunity_PBMC|C09,0.7607655502392344,0.23923444976076555,0.0,0.0,0.0,0.0,0.0,0.0,0.0,Control,
2023_Terekhova_Immunity_PBMC|C15,0.8657534246575342,0.13424657534246576,0.0,0.0,0.0,0.0,0.0,0.0,0.0,Control,
2023_Terekhova_Immunity_PBMC|FB06,0.2857142857142857,0.6285714285714286,0.05714285714285714,0.02857142857142857,0.0,0.0,0.0,0.0,0.0,Control,
2023_Terekhova_Immunity_PBMC|E16,0.5905511811023622,0.13385826771653545,0.2677165354330709,0.0,0.0,0.007874015748031496,0.0,0.0,0.0,Control,
2021_Stephenson_NatMed_COVID19|MH8919231,0.5912162162162162,0.14189189189189189,0.07432432432432433,0.19256756756756757,0.0,0.0,0.0,0.0,0.0,Control,
2022_TabulaSapiens_Science_TabulaSapiens|TSP2_Lymph_Node_nan_smartseq2,0.5652173913043478,0.24456521739130435,0.14130434782608695,0.016304347826086956,0.03260869565217391,0.0,0.0,0.0,0.0,Control,
2021_Ren_Cell_COVID|S-S086-2,0.5967078189300411,0.23251028806584362,0.1440329218106996,0.026748971193415638,0.0,0.0,0.0,0.0,0.0,Non-malignant disease,
2021_Ren_Cell_COVID|S-S021-2,0.6840992116900596,0.22457219765429726,0.06287252451451644,0.015573928090751778,0.0,0.012882138050374928,0.0,0.0,0.0,Non-malignant disease,
2023_Terekhova_Immunity_PBMC|E21,0.3989071038251366,0.40437158469945356,0.10382513661202186,0.09289617486338798,0.0,0.0,0.0,0.0,0.0,Control,
2023_Terekhova_Immunity_PBMC|P13,0.576,0.28,0.144,0.0,0.0,0.0,0.0,0.0,0.0,Control,
2023_Kong_Immunity_CD|I175041_N2,0.6306306306306306,0.0,0.32432432432432434,0.0,0.0,0.0,0.04504504504504504,0.0,0.0,Non-malignant disease,
2023_Terekhova_Immunity_PBMC|G24,0.4083769633507853,0.5026178010471204,0.041884816753926704,0.04712041884816754,0.0,0.0,0.0,0.0,0.0,Control,
2023_Wang_SciAdv_CRC|s0115_Colon_AdjNorm,0.3980263157894737,0.029605263157894735,0.5723684210526315,0.0,0.0,0.0,0.0,0.0,0.0,Cancer_AdjNorm,CRC
2023_Terekhova_Immunity_PBMC|M15,0.4050632911392405,0.5569620253164557,0.012658227848101266,0.0,0.0,0.0,0.0,0.0,0.02531645569620253,Control,
2023_Wang_SciAdv_CRC|s1231_Liver_AdjNorm,0.5740740740740741,0.0,0.05555555555555555,0.07407407407407407,0.2037037037037037,0.0,0.09259259259259259,0.0,0.0,Cancer_AdjNorm,CRC
2021_Stephenson_NatMed_COVID19|BGCV02_CV0059,0.7767857142857143,0.08928571428571429,0.13392857142857142,0.0,0.0,0.0,0.0,0.0,0.0,Non-malignant disease,
2021_Stephenson_NatMed_COVID19|BGCV01_CV0144,0.7238095238095238,0.17142857142857143,0.10476190476190476,0.0,0.0,0.0,0.0,0.0,0.0,Non-malignant disease,
2022_TabulaSapiens_Science_TabulaSapiens|TSP2_Lymph_Node_nan_10X,0.35692401960784315,0.4736519607843137,0.03676470588235294,0.0,0.1326593137254902,0.0,0.0,0.0,0.0,Control,
2022_TabulaSapiens_Science_TabulaSapiens|TSP14_Small_Intestine_Distal_10X,0.0,0.0,1.0,0.0,0.0,0.0,0.0,0.0,0.0,Control,
2023_Terekhova_Immunity_PBMC|D02,0.20240963855421687,0.37349397590361444,0.42409638554216866,0.0,0.0,0.0,0.0,0.0,0.0,Control,
2021_Ren_Cell_COVID|S-S042,0.5917030567685589,0.06768558951965066,0.24890829694323144,0.03711790393013101,0.0,0.0,0.0,0.0,0.05458515283842795,Non-malignant disease,
2023_Terekhova_Immunity_PBMC|D22,0.10762331838565023,0.6098654708520179,0.17040358744394618,0.11210762331838565,0.0,0.0,0.0,0.0,0.0,Control,
2021_Szabo_Immunity_COVID19|COV026_blood_4days,0.13675213675213677,0.5384615384615384,0.3076923076923077,0.0,0.0,0.0,0.0,0.0,0.017094017094017096,Non-malignant disease,
2023_Terekhova_Immunity_PBMC|N04,0.5631067961165048,0.3592233009708738,0.07766990291262135,0.0,0.0,0.0,0.0,0.0,0.0,Control,
2021_Stephenson_NatMed_COVID19|BGCV10_CV0160,0.9732824427480916,0.026717557251908396,0.0,0.0,0.0,0.0,0.0,0.0,0.0,Non-malignant disease,
2020_Adams_SciAdv_IPF|041I-b,0.2037037037037037,0.3425925925925926,0.4444444444444444,0.0,0.0,0.0,0.0,0.009259259259259259,0.0,Non-malignant disease,
2021_Pelka_Cell_CRC|C123_N_1_1_0_c1_v2,0.3253012048192771,0.21084337349397592,0.463855421686747,0.0,0.0,0.0,0.0,0.0,0.0,Control,
2023_Terekhova_Immunity_PBMC|FA05,0.5563636363636364,0.4254545454545455,0.01818181818181818,0.0,0.0,0.0,0.0,0.0,0.0,Control,
2023_Terekhova_Immunity_PBMC|N17,0.1518987341772152,0.5443037974683544,0.24050632911392406,0.0379746835443038,0.0,0.0,0.0,0.0,0.02531645569620253,Control,
2021_Ren_Cell_COVID|S-S062,0.6403508771929824,0.14912280701754385,0.14035087719298245,0.07017543859649122,0.0,0.0,0.0,0.0,0.0,Non-malignant disease,
2022_Kumar_CancerDis_Gastric|GSM5573473_sample8,0.08695652173913043,0.20108695652173914,0.5489130434782609,0.0,0.13043478260869565,0.0,0.0,0.0,0.03260869565217391,Cancer_Tumor,GC
2020_Adams_SciAdv_IPF|23CO,0.1568627450980392,0.5490196078431373,0.29411764705882354,0.0,0.0,0.0,0.0,0.0,0.0,Non-malignant disease,
2020_Park_Science_Thymus|T07_TH_TOT_1_S1,0.0,0.0,0.030303030303030304,0.0,0.7878787878787878,0.18181818181818182,0.0,0.0,0.0,Control,
2023_Terekhova_Immunity_PBMC|M13,0.28378378378378377,0.2635135135135135,0.40540540540540543,0.0,0.0,0.013513513513513514,0.0,0.0,0.033783783783783786,Control,
2023_Terekhova_Immunity_PBMC|T15,0.48253968253968255,0.44761904761904764,0.0,0.06984126984126984,0.0,0.0,0.0,0.0,0.0,Control,
2023_Kong_Immunity_CD|N127643_L,0.06666666666666667,0.25,0.43333333333333335,0.016666666666666666,0.1,0.0,0.0,0.13333333333333333,0.0,Non-malignant disease,
2022_Dominguez-Conde_Science_CellTypist|CZI-IA10466284+CZI-IA10466380,0.4402332361516035,0.0,0.39552964042759964,0.0,0.16423712342079688,0.0,0.0,0.0,0.0,Control,
2023_Terekhova_Immunity_PBMC|A03,0.5215419501133787,0.35827664399092973,0.07482993197278912,0.045351473922902494,0.0,0.0,0.0,0.0,0.0,Control,
2023_Kumar_Nature_Breast|hbca_c143,0.15789473684210525,0.12280701754385964,0.6491228070175439,0.0,0.07017543859649122,0.0,0.0,0.0,0.0,Control,
2022_Dominguez-Conde_Science_CellTypist|Pan_T7980364,0.18518518518518517,0.0,0.03397612488521579,0.018977655341291706,0.7618610345883073,0.0,0.0,0.0,0.0,Control,
2023_Terekhova_Immunity_PBMC|A27,0.6357388316151202,0.30927835051546393,0.054982817869415807,0.0,0.0,0.0,0.0,0.0,0.0,Control,
2023_Terekhova_Immunity_PBMC|FE04,0.5962732919254659,0.35403726708074534,0.049689440993788817,0.0,0.0,0.0,0.0,0.0,0.0,Control,
2022_Kumar_CancerDis_Gastric|GSM5573482_sample17,0.08227848101265822,0.056962025316455694,0.10759493670886076,0.0,0.6645569620253164,0.0,0.08860759493670886,0.0,0.0,Cancer_Tumor,GC
2023_Terekhova_Immunity_PBMC|E20,0.6416666666666667,0.3333333333333333,0.0,0.025,0.0,0.0,0.0,0.0,0.0,Control,
2021_Szabo_Immunity_COVID19|COV026_blood_7days,0.11888111888111888,0.4125874125874126,0.21212121212121213,0.2564102564102564,0.0,0.0,0.0,0.0,0.0,Non-malignant disease,
2022_Dominguez-Conde_Science_CellTypist|CZINY-0050,0.44715447154471544,0.2601626016260163,0.2926829268292683,0.0,0.0,0.0,0.0,0.0,0.0,Control,
2021_Pelka_Cell_CRC|C116_T_0_2_2_c1_v2,0.3148148148148148,0.2777777777777778,0.3333333333333333,0.0,0.0,0.07407407407407407,0.0,0.0,0.0,Cancer_Tumor,CRC
2023_Terekhova_Immunity_PBMC|M31,0.5084745762711864,0.2966101694915254,0.1440677966101695,0.03389830508474576,0.0,0.0,0.0,0.0,0.01694915254237288,Control,
2021_Pelka_Cell_CRC|C170_T_0_0_1_c1_v3,0.6883116883116883,0.0,0.2597402597402597,0.0,0.012987012987012988,0.025974025974025976,0.0,0.0,0.012987012987012988,Cancer_Tumor,CRC
2021_Ren_Cell_COVID|S-M023,0.2175226586102719,0.4773413897280967,0.1661631419939577,0.09063444108761329,0.0,0.04833836858006042,0.0,0.0,0.0,Non-malignant disease,
2022_Dominguez-Conde_Science_CellTypist|Pan_T8010330,0.46321177223288545,0.11900191938579655,0.417786308381318,0.0,0.0,0.0,0.0,0.0,0.0,Control,
2021_Stephenson_NatMed_COVID19|MH8919331,0.6724137931034483,0.1206896551724138,0.13793103448275862,0.0603448275862069,0.0,0.008620689655172414,0.0,0.0,0.0,Non-malignant disease,
2023_Terekhova_Immunity_PBMC|L15,0.7518248175182481,0.13138686131386862,0.029197080291970802,0.08759124087591241,0.0,0.0,0.0,0.0,0.0,Control,
2020_Adams_SciAdv_IPF|49I-b,0.27906976744186046,0.2248062015503876,0.4108527131782946,0.0,0.08527131782945736,0.0,0.0,0.0,0.0,Non-malignant disease,
2021_Ren_Cell_COVID|S-S072-2,0.6666666666666666,0.08,0.06666666666666667,0.08,0.013333333333333334,0.08,0.013333333333333334,0.0,0.0,Non-malignant disease,
2021_Ren_Cell_COVID|S-M078,0.47468354430379744,0.4911392405063291,0.03417721518987342,0.0,0.0,0.0,0.0,0.0,0.0,Non-malignant disease,
2021_Pelka_Cell_CRC|C153_T_1_1_0_c1_v2,0.49122807017543857,0.19298245614035087,0.3157894736842105,0.0,0.0,0.0,0.0,0.0,0.0,Cancer_Tumor,CRC
2023_Kong_Immunity_CD|N119540_E1,0.2692307692307692,0.1794871794871795,0.5384615384615384,0.0,0.0,0.0,0.0,0.01282051282051282,0.0,Non-malignant disease,
2023_Kumar_Nature_Breast|hbca_c70,0.03333333333333333,0.15,0.7,0.0,0.11666666666666667,0.0,0.0,0.0,0.0,Control,
2021_Ren_Cell_COVID|S-M043-1,0.3880597014925373,0.36318407960199006,0.1691542288557214,0.0,0.0,0.07960199004975124,0.0,0.0,0.0,Non-malignant disease,
2023_Terekhova_Immunity_PBMC|FJ02,0.3106060606060606,0.5757575757575758,0.11363636363636363,0.0,0.0,0.0,0.0,0.0,0.0,Control,
2021_Ren_Cell_COVID|S-S075-1,0.8564527260179434,0.004140786749482402,0.13940648723257418,0.0,0.0,0.0,0.0,0.0,0.0,Non-malignant disease,
2023_Terekhova_Immunity_PBMC|G33,0.532608695652174,0.40942028985507245,0.057971014492753624,0.0,0.0,0.0,0.0,0.0,0.0,Control,
2023_Monavarfeshani_PNAS_Eye|Hu218ODMacularRPE,0.07272727272727272,0.7090909090909091,0.21818181818181817,0.0,0.0,0.0,0.0,0.0,0.0,Control,
2020_Adams_SciAdv_IPF|192CO-b,0.0,0.5483870967741935,0.41935483870967744,0.03225806451612903,0.0,0.0,0.0,0.0,0.0,Non-malignant disease,
2021_Pelka_Cell_CRC|C124_N_0_3_1_c1_v2,0.0,0.45614035087719296,0.5263157894736842,0.0,0.0,0.0,0.017543859649122806,0.0,0.0,Control,
2023_Terekhova_Immunity_PBMC|L07,0.7663551401869159,0.2336448598130841,0.0,0.0,0.0,0.0,0.0,0.0,0.0,Control,
2021_Pelka_Cell_CRC|C123_N_1_1_1_c1_v2,0.45098039215686275,0.10784313725490197,0.4411764705882353,0.0,0.0,0.0,0.0,0.0,0.0,Control,
2023_Hirz_NatComm_Prostate|GSM5494351_SCG-PCA3-N-LG,0.0,0.34523809523809523,0.6071428571428571,0.0,0.0,0.0,0.0,0.0,0.047619047619047616,Cancer_AdjNorm,PRC
2023_Terekhova_Immunity_PBMC|A37,0.7037037037037037,0.21164021164021163,0.0582010582010582,0.026455026455026454,0.0,0.0,0.0,0.0,0.0,Control,
2023_Kumar_Nature_Breast|hbca_c137,0.727810650887574,0.0,0.2485207100591716,0.0,0.01775147928994083,0.0,0.0,0.0,0.005917159763313609,Control,
2021_Ren_Cell_COVID|S-M052,0.497737556561086,0.24660633484162897,0.2239819004524887,0.03167420814479638,0.0,0.0,0.0,0.0,0.0,Non-malignant disease,
2023_Kong_Immunity_CD|I134300_L,0.31666666666666665,0.05,0.5666666666666667,0.0,0.0,0.0,0.03333333333333333,0.0,0.03333333333333333,Non-malignant disease,
2021_Stephenson_NatMed_COVID19|BGCV06_CV0234,0.841642228739003,0.04398826979472141,0.07331378299120235,0.03812316715542522,0.0,0.0,0.0,0.0,0.002932551319648094,Non-malignant disease,
2023_Terekhova_Immunity_PBMC|E19,0.052845528455284556,0.6666666666666666,0.2804878048780488,0.0,0.0,0.0,0.0,0.0,0.0,Control,
2021_Stephenson_NatMed_COVID19|MH8919233,0.6844919786096256,0.21390374331550802,0.06951871657754011,0.03208556149732621,0.0,0.0,0.0,0.0,0.0,Control,
2020_Adams_SciAdv_IPF|210CO,0.8721804511278195,0.11278195488721804,0.015037593984962405,0.0,0.0,0.0,0.0,0.0,0.0,Non-malignant disease,
2021_Stephenson_NatMed_COVID19|BGCV13_CV0934,0.5930735930735931,0.23376623376623376,0.16883116883116883,0.004329004329004329,0.0,0.0,0.0,0.0,0.0,Control,
2023_Terekhova_Immunity_PBMC|A02,0.6104651162790697,0.3430232558139535,0.046511627906976744,0.0,0.0,0.0,0.0,0.0,0.0,Control,
2022_Perez_Science_SLE|dmx_YS-JY-22_pool5,0.8529892785753226,0.0908595311648192,0.013628929674722878,0.042522260585135384,0.0,0.0,0.0,0.0,0.0,Non-malignant disease,
2021_Pelka_Cell_CRC|C152_T_0_0_0_c1_v2,0.7078651685393258,0.02247191011235955,0.2696629213483146,0.0,0.0,0.0,0.0,0.0,0.0,Cancer_Tumor,CRC
2021_Ren_Cell_COVID|S-S024,0.08695652173913043,0.20579710144927535,0.7072463768115942,0.0,0.0,0.0,0.0,0.0,0.0,Non-malignant disease,
2021_Hao_Cell_Blood|P5_3,0.5976372480889507,0.3071577484364142,0.08895066018068103,0.006254343293954135,0.0,0.0,0.0,0.0,0.0,Non-malignant disease,
2021_Ren_Cell_COVID|S-S046,0.0,0.0,0.017857142857142856,0.04017857142857143,0.0,0.9419642857142857,0.0,0.0,0.0,Non-malignant disease,
2020_Adams_SciAdv_IPF|174I-a,0.6023255813953489,0.17906976744186046,0.2186046511627907,0.0,0.0,0.0,0.0,0.0,0.0,Non-malignant disease,
2022_Kumar_CancerDis_Gastric|GSM5573466_sample1,0.0,0.0,0.23157894736842105,0.0,0.7684210526315789,0.0,0.0,0.0,0.0,Cancer_AdjNorm,GC
2022_Dominguez-Conde_Science_CellTypist|Pan_T7917824,0.33602150537634407,0.3629032258064516,0.23655913978494625,0.0,0.06451612903225806,0.0,0.0,0.0,0.0,Control,
2023_Terekhova_Immunity_PBMC|T04,0.8723404255319149,0.10638297872340426,0.02127659574468085,0.0,0.0,0.0,0.0,0.0,0.0,Control,
2020_Adams_SciAdv_IPF|235CO,0.25333333333333335,0.13333333333333333,0.5666666666666667,0.013333333333333334,0.0,0.0,0.03333333333333333,0.0,0.0,Non-malignant disease,
2022_Dominguez-Conde_Science_CellTypist|Pan_T8986828,0.6666666666666666,0.2222222222222222,0.1111111111111111,0.0,0.0,0.0,0.0,0.0,0.0,Control,
2023_Terekhova_Immunity_PBMC|FK04,0.7073170731707317,0.20209059233449478,0.09059233449477352,0.0,0.0,0.0,0.0,0.0,0.0,Control,
2021_Elmentaite_Nature_Intestine|4918STDY7982702,0.2543352601156069,0.1791907514450867,0.5664739884393064,0.0,0.0,0.0,0.0,0.0,0.0,Non-malignant disease,
2023_Terekhova_Immunity_PBMC|C04,0.7309417040358744,0.16143497757847533,0.10762331838565023,0.0,0.0,0.0,0.0,0.0,0.0,Control,
2023_Hirz_NatComm_Prostate|GSM5494345_HP4,0.0,0.0,0.99609375,0.0,0.0,0.0,0.0,0.0,0.00390625,Control,
2022_TabulaSapiens_Science_TabulaSapiens|TSP7_Blood_nan_10X,0.8295331161780674,0.16395222584147665,0.006514657980456026,0.0,0.0,0.0,0.0,0.0,0.0,Control,
2021_Ren_Cell_COVID|S-S070-2,0.7644683714670256,0.04441453566621804,0.1911170928667564,0.0,0.0,0.0,0.0,0.0,0.0,Non-malignant disease,
2021_Szabo_Immunity_COVID19|COV027_blood_1days,0.5046728971962616,0.4485981308411215,0.04672897196261682,0.0,0.0,0.0,0.0,0.0,0.0,Non-malignant disease,
2021_Chan_CancerCell_SCLC|RU701,0.027777777777777776,0.6759259259259259,0.14814814814814814,0.0,0.14814814814814814,0.0,0.0,0.0,0.0,Cancer_Metastasis,NSCLC
2022_TabulaSapiens_Science_TabulaSapiens|TSP14_Spleen_nan_10X,0.04332129963898917,0.15265600825167613,0.77720474471377,0.026817947395564725,0.0,0.0,0.0,0.0,0.0,Control,
2023_Terekhova_Immunity_PBMC|L13,0.732824427480916,0.26717557251908397,0.0,0.0,0.0,0.0,0.0,0.0,0.0,Control,
2021_Wu_NatGenet_Breast|CID3921,0.0,0.02727272727272727,0.509090909090909,0.0,0.41818181818181815,0.0,0.03636363636363636,0.0,0.00909090909090909,Cancer_Tumor,BRCA
2021_Stephenson_NatMed_COVID19|MH9143324,0.8159509202453987,0.07975460122699386,0.10429447852760736,0.0,0.0,0.0,0.0,0.0,0.0,Non-malignant disease,
2021_Stephenson_NatMed_COVID19|BGCV10_CV0939,0.8253968253968254,0.07142857142857142,0.10317460317460317,0.0,0.0,0.0,0.0,0.0,0.0,Control,
2021_Stephenson_NatMed_COVID19|MH8919326,0.6278195488721805,0.03007518796992481,0.13909774436090225,0.0,0.0,0.20300751879699247,0.0,0.0,0.0,Non-malignant disease,
2023_Hirz_NatComm_Prostate|GSM5494371_SCG-PCA17-T-LG,0.3226452905811623,0.0,0.6773547094188377,0.0,0.0,0.0,0.0,0.0,0.0,Cancer_Tumor,PRC
2023_Terekhova_Immunity_PBMC|G26,0.35964912280701755,0.5964912280701754,0.043859649122807015,0.0,0.0,0.0,0.0,0.0,0.0,Control,
2021_Stephenson_NatMed_COVID19|MH8919226,0.7398373983739838,0.17886178861788618,0.08130081300813008,0.0,0.0,0.0,0.0,0.0,0.0,Control,
2022_Guilliams_Cell_Liver|CS101,0.30857142857142855,0.045714285714285714,0.6057142857142858,0.0,0.04,0.0,0.0,0.0,0.0,Control,
2021_Ren_Cell_COVID|S-S078,0.73568281938326,0.1013215859030837,0.16299559471365638,0.0,0.0,0.0,0.0,0.0,0.0,Non-malignant disease,
2021_Ren_Cell_COVID|S-M058-1,0.7767316745124412,0.09549428379287156,0.12777404169468728,0.0,0.0,0.0,0.0,0.0,0.0,Non-malignant disease,
2021_Ren_Cell_COVID|S-S076-1,0.3362730061349693,0.5448619631901841,0.08243865030674846,0.033358895705521474,0.0,0.0,0.0,0.0,0.003067484662576687,Non-malignant disease,
2022_Perez_Science_SLE|dmx_YE_7-13,0.782433521353747,0.1313456889605157,0.05701047542304593,0.021756647864625302,0.0,0.007453666398066076,0.0,0.0,0.0,Control,
2021_Pelka_Cell_CRC|C162_T_0_0_0_c1_v3,0.32679738562091504,0.13725490196078433,0.5359477124183006,0.0,0.0,0.0,0.0,0.0,0.0,Cancer_Tumor,CRC
2023_Terekhova_Immunity_PBMC|S17,0.7718446601941747,0.22815533980582525,0.0,0.0,0.0,0.0,0.0,0.0,0.0,Control,
2021_Stephenson_NatMed_COVID19|BGCV06_CV0178,0.8826291079812206,0.028169014084507043,0.06572769953051644,0.0,0.0,0.023474178403755867,0.0,0.0,0.0,Non-malignant disease,
2021_Stephenson_NatMed_COVID19|BGCV11_CV0257,0.9685534591194969,0.0,0.031446540880503145,0.0,0.0,0.0,0.0,0.0,0.0,Non-malignant disease,
2021_Ren_Cell_COVID|S-M062-1,0.4434782608695652,0.23043478260869565,0.1956521739130435,0.13043478260869565,0.0,0.0,0.0,0.0,0.0,Non-malignant disease,
2023_Wang_SciAdv_CRC|s1231_Colon_Tumor,0.12745098039215685,0.24509803921568626,0.49019607843137253,0.0,0.049019607843137254,0.0,0.0,0.0,0.08823529411764706,Cancer_Tumor,CRC
2021_Stephenson_NatMed_COVID19|MH9179825,0.82398753894081,0.11214953271028037,0.06386292834890965,0.0,0.0,0.0,0.0,0.0,0.0,Non-malignant disease,
2023_Kumar_Nature_Breast|hbca_c121,0.05405405405405406,0.08108108108108109,0.7837837837837838,0.0,0.05405405405405406,0.0,0.0,0.0,0.02702702702702703,Control,
2023_Terekhova_Immunity_PBMC|M16,0.7283950617283951,0.18518518518518517,0.08641975308641975,0.0,0.0,0.0,0.0,0.0,0.0,Control,
2021_Ren_Cell_COVID|S-M010-3,0.6700706991358995,0.2800471327572663,0.018853102906520033,0.02199528672427337,0.0,0.009033778476040848,0.0,0.0,0.0,Non-malignant disease,
2021_Elmentaite_Nature_Intestine|Human_colon_16S8002624,0.19607843137254902,0.5098039215686274,0.23529411764705882,0.0,0.0,0.0,0.0,0.058823529411764705,0.0,Control,
2021_Szabo_Immunity_COVID19|COV028_blood_3days,0.304029304029304,0.5677655677655677,0.1282051282051282,0.0,0.0,0.0,0.0,0.0,0.0,Non-malignant disease,
2022_TabulaSapiens_Science_TabulaSapiens|TSP11_Bone_Marrow_nan_10X,0.7543859649122807,0.21052631578947367,0.03508771929824561,0.0,0.0,0.0,0.0,0.0,0.0,Control,
2023_Terekhova_Immunity_PBMC|S05,0.47191011235955055,0.5280898876404494,0.0,0.0,0.0,0.0,0.0,0.0,0.0,Control,
2023_Terekhova_Immunity_PBMC|G11,0.7946257197696737,0.14779270633397312,0.05758157389635317,0.0,0.0,0.0,0.0,0.0,0.0,Control,
2021_Melms_Nature_Lung-COVID19|C55ctr,0.7130434782608696,0.017391304347826087,0.26956521739130435,0.0,0.0,0.0,0.0,0.0,0.0,Control,
2020_Adams_SciAdv_IPF|051I-a,0.5,0.22641509433962265,0.18867924528301888,0.05660377358490566,0.02830188679245283,0.0,0.0,0.0,0.0,Non-malignant disease,
2021_Pelka_Cell_CRC|C124_T_0_3_1_c1_v2,0.0938337801608579,0.14745308310991956,0.7506702412868632,0.0,0.0,0.0,0.005361930294906166,0.0,0.002680965147453083,Cancer_Tumor,CRC
2022_TabulaSapiens_Science_TabulaSapiens|TSP2_Kidney_nan_10X,0.15841584158415842,0.6237623762376238,0.18316831683168316,0.034653465346534656,0.0,0.0,0.0,0.0,0.0,Control,
2021_Szabo_Immunity_COVID19|COV026_blood_3days,0.07159353348729793,0.3210161662817552,0.4896073903002309,0.11778290993071594,0.0,0.0,0.0,0.0,0.0,Non-malignant disease,
2021_Hao_Cell_Blood|P2_3,0.8082319925163705,0.1580916744621141,0.03367633302151544,0.0,0.0,0.0,0.0,0.0,0.0,Non-malignant disease,
2021_Stephenson_NatMed_COVID19|BGCV04_CV0100,0.9267399267399268,0.0347985347985348,0.0347985347985348,0.003663003663003663,0.0,0.0,0.0,0.0,0.0,Non-malignant disease,
2021_Stephenson_NatMed_COVID19|MH9143321,0.9448818897637795,0.012795275590551181,0.04232283464566929,0.0,0.0,0.0,0.0,0.0,0.0,Non-malignant disease,
2020_Adams_SciAdv_IPF|135I-a,0.3617021276595745,0.1702127659574468,0.46808510638297873,0.0,0.0,0.0,0.0,0.0,0.0,Non-malignant disease,
2023_Kong_Immunity_CD|I121881_L,0.24369747899159663,0.058823529411764705,0.6974789915966386,0.0,0.0,0.0,0.0,0.0,0.0,Non-malignant disease,
2021_Ren_Cell_COVID|S-M010-1,0.6458048112654019,0.2657930764717387,0.06649716409153139,0.021904948171327987,0.0,0.0,0.0,0.0,0.0,Non-malignant disease,
2021_Pal_EMBO_Breast|GSM4909314_ER-MH0064-LN,0.6847457627118644,0.020338983050847456,0.29491525423728815,0.0,0.0,0.0,0.0,0.0,0.0,Cancer_Tumor,BRCA
2021_Pelka_Cell_CRC|C139_T_1_1_0_c1_v2,0.5728155339805825,0.14563106796116504,0.2815533980582524,0.0,0.0,0.0,0.0,0.0,0.0,Cancer_Tumor,CRC
2022_Zhou_NatGenet_PDAC|HT270P1-S1H2Fc2A2N1Bmn1_1,0.7740112994350282,0.1694915254237288,0.05649717514124294,0.0,0.0,0.0,0.0,0.0,0.0,Cancer_Tumor,PC
2021_Szabo_Immunity_COVID19|COV028_blood_7days,0.3211009174311927,0.6055045871559633,0.0,0.01834862385321101,0.0,0.05504587155963303,0.0,0.0,0.0,Non-malignant disease,
2023_Terekhova_Immunity_PBMC|E13,0.7740585774058577,0.12133891213389121,0.10460251046025104,0.0,0.0,0.0,0.0,0.0,0.0,Control,
2022_Dominguez-Conde_Science_CellTypist|Pan_T7991588,0.06912442396313365,0.1313364055299539,0.10023041474654378,0.0,0.6993087557603687,0.0,0.0,0.0,0.0,Control,
2021_Chan_CancerCell_SCLC|RU676,0.0,0.012693935119887164,0.307475317348378,0.0,0.6798307475317349,0.0,0.0,0.0,0.0,Cancer_Tumor,NSCLC
2021_Ren_Cell_COVID|S-M066,0.5857558139534884,0.2063953488372093,0.14098837209302326,0.06686046511627906,0.0,0.0,0.0,0.0,0.0,Non-malignant disease,
2023_Terekhova_Immunity_PBMC|G01,0.6549295774647887,0.2605633802816901,0.08450704225352113,0.0,0.0,0.0,0.0,0.0,0.0,Control,
2021_Stephenson_NatMed_COVID19|MH8919229,0.9071428571428571,0.05,0.02142857142857143,0.02142857142857143,0.0,0.0,0.0,0.0,0.0,Control,
2023_Hirz_NatComm_Prostate|GSM5494374_SCG-PCA19-N-HG,0.004728132387706856,0.13002364066193853,0.8368794326241135,0.0,0.028368794326241134,0.0,0.0,0.0,0.0,Cancer_AdjNorm,PRC
2023_Terekhova_Immunity_PBMC|E24,0.879746835443038,0.08860759493670886,0.03164556962025317,0.0,0.0,0.0,0.0,0.0,0.0,Control,
2021_Pelka_Cell_CRC|C140_N_1_1_0_c1_v2,0.5459770114942529,0.1781609195402299,0.27586206896551724,0.0,0.0,0.0,0.0,0.0,0.0,Control,
2021_Stephenson_NatMed_COVID19|MH8919227,0.7297297297297297,0.2702702702702703,0.0,0.0,0.0,0.0,0.0,0.0,0.0,Control,
2023_Terekhova_Immunity_PBMC|A10,0.4144144144144144,0.35135135135135137,0.14414414414414414,0.0,0.0,0.018018018018018018,0.0,0.0,0.07207207207207207,Control,
2020_Adams_SciAdv_IPF|222I-b,0.3387096774193548,0.5860215053763441,0.07526881720430108,0.0,0.0,0.0,0.0,0.0,0.0,Non-malignant disease,
2021_Ren_Cell_COVID|S-S054,0.0,0.0,0.0,0.0,0.0,1.0,0.0,0.0,0.0,Non-malignant disease,
2023_Terekhova_Immunity_PBMC|A23,0.5303643724696356,0.3360323886639676,0.13360323886639677,0.0,0.0,0.0,0.0,0.0,0.0,Control,
2023_Kong_Immunity_CD|N130064_N1,0.18115942028985507,0.06521739130434782,0.7536231884057971,0.0,0.0,0.0,0.0,0.0,0.0,Non-malignant disease,
2023_Terekhova_Immunity_PBMC|M03,0.5846153846153846,0.3,0.05384615384615385,0.06153846153846154,0.0,0.0,0.0,0.0,0.0,Control,
2022_Hwang_NatGenet_PDAC|U8_Untreated,0.7712765957446809,0.22872340425531915,0.0,0.0,0.0,0.0,0.0,0.0,0.0,Cancer_Tumor,PC
2023_Terekhova_Immunity_PBMC|FE03,0.08157894736842106,0.29736842105263156,0.45789473684210524,0.1631578947368421,0.0,0.0,0.0,0.0,0.0,Control,
2020_Adams_SciAdv_IPF|47I-b,0.234375,0.359375,0.375,0.0,0.015625,0.0,0.015625,0.0,0.0,Non-malignant disease,
2023_Kong_Immunity_CD|N154787_L2,0.0,0.42105263157894735,0.37593984962406013,0.0,0.15037593984962405,0.0,0.0,0.0,0.05263157894736842,Non-malignant disease,
2021_Stephenson_NatMed_COVID19|MH8919230,0.795774647887324,0.07042253521126761,0.11267605633802817,0.02112676056338028,0.0,0.0,0.0,0.0,0.0,Control,
2021_Hao_Cell_Blood|P1_3,0.6759259259259259,0.2777777777777778,0.046296296296296294,0.0,0.0,0.0,0.0,0.0,0.0,Non-malignant disease,
2023_Fonseca_NatGenet_Endometriosis|sample23,0.3008849557522124,0.1592920353982301,0.1415929203539823,0.0,0.39823008849557523,0.0,0.0,0.0,0.0,Non-malignant disease,
2023_Terekhova_Immunity_PBMC|FD04,0.7333333333333333,0.23333333333333334,0.03333333333333333,0.0,0.0,0.0,0.0,0.0,0.0,Control,
2023_Terekhova_Immunity_PBMC|D10,0.21238938053097345,0.7123893805309734,0.0752212389380531,0.0,0.0,0.0,0.0,0.0,0.0,Control,
2021_Ren_Cell_COVID|S-M031-1,0.5795454545454546,0.30227272727272725,0.04318181818181818,0.056818181818181816,0.0,0.01818181818181818,0.0,0.0,0.0,Non-malignant disease,
2022_Dominguez-Conde_Science_CellTypist|Pan_T7935493,0.5529595015576324,0.14485981308411214,0.235202492211838,0.0,0.06697819314641744,0.0,0.0,0.0,0.0,Control,
2021_Ren_Cell_COVID|S-M035-2,0.11487179487179487,0.06871794871794872,0.06358974358974359,0.041367521367521365,0.0,0.7114529914529915,0.0,0.0,0.0,Non-malignant disease,
2023_Kong_Immunity_CD|N109389_L3,0.0967741935483871,0.025806451612903226,0.864516129032258,0.0,0.012903225806451613,0.0,0.0,0.0,0.0,Non-malignant disease,
2023_Kumar_Nature_Breast|hbca_c58,0.621031746031746,0.051587301587301584,0.25727513227513227,0.0,0.057539682539682536,0.0,0.012566137566137565,0.0,0.0,Control,
2021_Stephenson_NatMed_COVID19|BGCV01_CV0025,0.72,0.11428571428571428,0.11428571428571428,0.045714285714285714,0.0,0.0,0.005714285714285714,0.0,0.0,Non-malignant disease,
2022_TabulaSapiens_Science_TabulaSapiens|TSP2_Blood_nan_smartseq2,0.963302752293578,0.0,0.03669724770642202,0.0,0.0,0.0,0.0,0.0,0.0,Control,
2022_Dominguez-Conde_Science_CellTypist|CZINY-0061,0.3878787878787879,0.2727272727272727,0.3393939393939394,0.0,0.0,0.0,0.0,0.0,0.0,Control,
2021_Ren_Cell_COVID|S-M026-3,0.5855855855855856,0.11711711711711711,0.16216216216216217,0.13513513513513514,0.0,0.0,0.0,0.0,0.0,Non-malignant disease,
2021_Ren_Cell_COVID|S-M039-1,0.8391376451077943,0.12437810945273632,0.03648424543946932,0.0,0.0,0.0,0.0,0.0,0.0,Non-malignant disease,
2021_Stephenson_NatMed_COVID19|MH8919279,0.8088829071332436,0.13997308209959622,0.05114401076716016,0.0,0.0,0.0,0.0,0.0,0.0,Control,
2021_Pelka_Cell_CRC|C155_N_0_0_0_c1_v3,0.29292929292929293,0.1414141414141414,0.5656565656565656,0.0,0.0,0.0,0.0,0.0,0.0,Control,
2021_Ren_Cell_COVID|S-M007-5,0.6953405017921147,0.17323775388291518,0.10234966148944644,0.014137793707686181,0.0,0.014934289127837515,0.0,0.0,0.0,Non-malignant disease,
2021_Pelka_Cell_CRC|C140_T_1_1_1_c2_v2,0.4406779661016949,0.2542372881355932,0.23728813559322035,0.03389830508474576,0.0,0.0,0.0,0.0,0.03389830508474576,Cancer_Tumor,CRC
2021_Stephenson_NatMed_COVID19|MH9179826,0.6616682286785379,0.22305529522024367,0.04967197750702906,0.06560449859418932,0.0,0.0,0.0,0.0,0.0,Non-malignant disease,
2023_Lake_Nature_Kidney|AKI3210034,0.14150943396226415,0.25471698113207547,0.6037735849056604,0.0,0.0,0.0,0.0,0.0,0.0,Non-malignant disease,
2023_Kumar_Nature_Breast|hbca_c76,0.18421052631578946,0.13157894736842105,0.6754385964912281,0.0,0.008771929824561403,0.0,0.0,0.0,0.0,Control,
2021_Ren_Cell_COVID|S-S060,0.5176470588235295,0.36470588235294116,0.11764705882352941,0.0,0.0,0.0,0.0,0.0,0.0,Non-malignant disease,
2021_Ren_Cell_COVID|S-M009-1,0.6054254007398274,0.3279901356350185,0.02096177558569667,0.02466091245376079,0.0,0.016029593094944512,0.004932182490752158,0.0,0.0,Non-malignant disease,
2021_Pelka_Cell_CRC|C123_T_1_1_0_c1_v2,0.2636363636363636,0.2909090909090909,0.41818181818181815,0.0,0.0,0.00909090909090909,0.0,0.0,0.01818181818181818,Cancer_Tumor,CRC
2023_Terekhova_Immunity_PBMC|S16,0.3684210526315789,0.34210526315789475,0.2543859649122807,0.017543859649122806,0.0,0.017543859649122806,0.0,0.0,0.0,Control,
2023_Terekhova_Immunity_PBMC|D04,0.645021645021645,0.2943722943722944,0.06060606060606061,0.0,0.0,0.0,0.0,0.0,0.0,Control,
2023_Wang_SciAdv_CRC|s0107_Liver_AdjNorm,0.0,0.10507246376811594,0.17391304347826086,0.0,0.7210144927536232,0.0,0.0,0.0,0.0,Cancer_AdjNorm,CRC
2023_Kumar_Nature_Breast|hbca_c60,0.0,0.038461538461538464,0.8,0.0,0.11538461538461539,0.007692307692307693,0.0,0.03076923076923077,0.007692307692307693,Control,
2023_Terekhova_Immunity_PBMC|B15,0.7356948228882834,0.2125340599455041,0.043596730245231606,0.008174386920980926,0.0,0.0,0.0,0.0,0.0,Control,
2021_Ren_Cell_COVID|S-M042-1,0.5780730897009967,0.2857142857142857,0.053156146179401995,0.0,0.0,0.08305647840531562,0.0,0.0,0.0,Non-malignant disease,
2023_Terekhova_Immunity_PBMC|FA08,0.49714285714285716,0.4742857142857143,0.0,0.02857142857142857,0.0,0.0,0.0,0.0,0.0,Control,
2023_Terekhova_Immunity_PBMC|P07,0.5903614457831325,0.19678714859437751,0.21285140562248997,0.0,0.0,0.0,0.0,0.0,0.0,Control,
2023_Terekhova_Immunity_PBMC|A13,0.31016042780748665,0.19786096256684493,0.45989304812834225,0.0,0.0,0.03208556149732621,0.0,0.0,0.0,Control,
2021_Pelka_Cell_CRC|C143_N_1_1_0_c1_v2,0.26785714285714285,0.08482142857142858,0.6473214285714286,0.0,0.0,0.0,0.0,0.0,0.0,Control,
2023_Lake_Nature_Kidney|AKI3410050,0.0,0.5076923076923077,0.49230769230769234,0.0,0.0,0.0,0.0,0.0,0.0,Non-malignant disease,
2022_Dominguez-Conde_Science_CellTypist|CZINY-0056,0.41509433962264153,0.27044025157232704,0.31446540880503143,0.0,0.0,0.0,0.0,0.0,0.0,Control,
2021_Pelka_Cell_CRC|C124_T_0_3_0_c1_v2,0.04395604395604396,0.08424908424908426,0.8717948717948718,0.0,0.0,0.0,0.0,0.0,0.0,Cancer_Tumor,CRC
2022_TabulaSapiens_Science_TabulaSapiens|TSP7_Lymph_Node_supradiaphragmatic_smartseq2,0.5343511450381679,0.15267175572519084,0.2900763358778626,0.0,0.007633587786259542,0.0,0.0,0.0,0.015267175572519083,Control,
2022_Dominguez-Conde_Science_CellTypist|Pan_T7980360,0.4090909090909091,0.16666666666666666,0.18181818181818182,0.22727272727272727,0.0,0.0,0.015151515151515152,0.0,0.0,Control,
2021_Stephenson_NatMed_COVID19|AP2,0.25773195876288657,0.35051546391752575,0.28865979381443296,0.10309278350515463,0.0,0.0,0.0,0.0,0.0,Non-malignant disease,
2020_Park_Science_Thymus|4861STDY7528592,0.0875,0.2875,0.45,0.0,0.0,0.1,0.0,0.0,0.075,Control,
2023_Terekhova_Immunity_PBMC|J13,0.6547788873038516,0.11697574893009986,0.2282453637660485,0.0,0.0,0.0,0.0,0.0,0.0,Control,
2023_Terekhova_Immunity_PBMC|M18,0.6226415094339622,0.37735849056603776,0.0,0.0,0.0,0.0,0.0,0.0,0.0,Control,
2023_Kumar_Nature_Breast|hbca_c41,0.12903225806451613,0.3548387096774194,0.5161290322580645,0.0,0.0,0.0,0.0,0.0,0.0,Cancer_Tumor,BRCA
2021_Ren_Cell_COVID|S-S016,0.6231454005934718,0.26409495548961426,0.11275964391691394,0.0,0.0,0.0,0.0,0.0,0.0,Non-malignant disease,
2021_Ren_Cell_COVID|S-S030,0.49238578680203043,0.350253807106599,0.15736040609137056,0.0,0.0,0.0,0.0,0.0,0.0,Non-malignant disease,
2021_Ren_Cell_COVID|S-M014,0.0,0.054838709677419356,0.656989247311828,0.0,0.01935483870967742,0.26881720430107525,0.0,0.0,0.0,Non-malignant disease,
2021_Pelka_Cell_CRC|C112_N_0_1_2_c1_v2,0.5148514851485149,0.04950495049504951,0.43564356435643564,0.0,0.0,0.0,0.0,0.0,0.0,Control,
2021_Stephenson_NatMed_COVID19|BGCV08_CV0915,0.5803571428571429,0.20535714285714285,0.19642857142857142,0.0,0.0,0.0,0.0,0.0,0.017857142857142856,Control,
2021_Hao_Cell_Blood|P4_3,0.5099337748344371,0.3841059602649007,0.10596026490066225,0.0,0.0,0.0,0.0,0.0,0.0,Non-malignant disease,
2023_Terekhova_Immunity_PBMC|G41,0.6710182767624021,0.2793733681462141,0.04960835509138381,0.0,0.0,0.0,0.0,0.0,0.0,Control,
2021_Ren_Cell_COVID|S-M008-2,0.8563723223917399,0.11789181692094314,0.014948374171675143,0.01001695176452458,0.0,0.0007705347511172754,0.0,0.0,0.0,Non-malignant disease,
2023_Terekhova_Immunity_PBMC|E07,0.8397435897435898,0.14423076923076922,0.0,0.016025641025641024,0.0,0.0,0.0,0.0,0.0,Control,
2021_Ren_Cell_COVID|S-M024,0.582701062215478,0.26555386949924126,0.13201820940819423,0.019726858877086494,0.0,0.0,0.0,0.0,0.0,Non-malignant disease,
2023_Kong_Immunity_CD|N172428_E2,0.15460526315789475,0.20833333333333334,0.6370614035087719,0.0,0.0,0.0,0.0,0.0,0.0,Non-malignant disease,
2021_Stephenson_NatMed_COVID19|AP1,0.6902654867256637,0.2743362831858407,0.017699115044247787,0.017699115044247787,0.0,0.0,0.0,0.0,0.0,Non-malignant disease,
2021_Stephenson_NatMed_COVID19|BGCV11_CV0180,0.9270833333333334,0.0,0.03125,0.041666666666666664,0.0,0.0,0.0,0.0,0.0,Non-malignant disease,
2021_Ren_Cell_COVID|S-HC011,0.7133105802047781,0.051194539249146756,0.2354948805460751,0.0,0.0,0.0,0.0,0.0,0.0,Control,
2021_Stephenson_NatMed_COVID19|MH9143270,0.7795698924731183,0.03763440860215054,0.13978494623655913,0.043010752688172046,0.0,0.0,0.0,0.0,0.0,Non-malignant disease,
2023_Kong_Immunity_CD|N148519_L2,0.0,0.36923076923076925,0.6,0.0,0.0,0.0,0.0,0.0,0.03076923076923077,Non-malignant disease,
2023_Terekhova_Immunity_PBMC|L18,0.8644578313253012,0.09337349397590361,0.04216867469879518,0.0,0.0,0.0,0.0,0.0,0.0,Control,
2021_Ren_Cell_COVID|S-S082,0.7660044150110376,0.23399558498896247,0.0,0.0,0.0,0.0,0.0,0.0,0.0,Non-malignant disease,
2021_Ren_Cell_COVID|S-M043-2,0.7361963190184049,0.04294478527607362,0.03885480572597137,0.0,0.0,0.18200408997955012,0.0,0.0,0.0,Non-malignant disease,
2021_Stephenson_NatMed_COVID19|BGCV02_CV0902,0.6666666666666666,0.1349206349206349,0.1349206349206349,0.06349206349206349,0.0,0.0,0.0,0.0,0.0,Control,
2021_Chan_CancerCell_SCLC|RU1170g_Freeze-Sort,0.06923076923076923,0.3923076923076923,0.5384615384615384,0.0,0.0,0.0,0.0,0.0,0.0,Cancer_Tumor,NSCLC
2021_Ren_Cell_COVID|S-M057,0.8161764705882353,0.022058823529411766,0.14705882352941177,0.0,0.0,0.0,0.0,0.0,0.014705882352941176,Non-malignant disease,
2021_Elmentaite_Nature_Intestine|4918STDY7844898,0.4584323040380047,0.17814726840855108,0.36342042755344417,0.0,0.0,0.0,0.0,0.0,0.0,Control,
2023_Kong_Immunity_CD|N130064_N3,0.2926829268292683,0.17886178861788618,0.5284552845528455,0.0,0.0,0.0,0.0,0.0,0.0,Non-malignant disease,
2021_Pelka_Cell_CRC|C144_T_1_1_0_c1_v2,0.0,0.32653061224489793,0.6326530612244898,0.0,0.02040816326530612,0.0,0.0,0.02040816326530612,0.0,Cancer_Tumor,CRC
2022_TabulaSapiens_Science_TabulaSapiens|TSP2_Small_Intestine_proximal_10X,0.0,0.037037037037037035,0.7222222222222222,0.0,0.24074074074074073,0.0,0.0,0.0,0.0,Control,
2023_Terekhova_Immunity_PBMC|J15,0.8716577540106952,0.058823529411764705,0.06951871657754011,0.0,0.0,0.0,0.0,0.0,0.0,Control,
2023_Terekhova_Immunity_PBMC|C10,0.5824175824175825,0.13186813186813187,0.12087912087912088,0.15384615384615385,0.0,0.01098901098901099,0.0,0.0,0.0,Control,
2021_Pal_EMBO_Breast|GSM4909294_HER2-MH0176,0.3369663941871026,0.27974568574023617,0.32697547683923706,0.0,0.0,0.05631244323342416,0.0,0.0,0.0,Cancer_Tumor,BRCA
2021_Ren_Cell_COVID|S-S040,0.6871657754010695,0.1590909090909091,0.12433155080213903,0.029411764705882353,0.0,0.0,0.0,0.0,0.0,Non-malignant disease,
2021_Stephenson_NatMed_COVID19|MH9143373,0.5390070921985816,0.3262411347517731,0.1347517730496454,0.0,0.0,0.0,0.0,0.0,0.0,Control,
2021_Ren_Cell_COVID|S-M071,0.4476744186046512,0.20348837209302326,0.27325581395348836,0.0755813953488372,0.0,0.0,0.0,0.0,0.0,Non-malignant disease,
2022_TabulaSapiens_Science_TabulaSapiens|TSP7_Lymph_Node_Supradiaphagmatic_10X,0.3969022265246854,0.28170377541142305,0.3213939980638916,0.0,0.0,0.0,0.0,0.0,0.0,Control,
2022_TabulaSapiens_Science_TabulaSapiens|TSP14_Thymus_nan_10X,0.0,0.5878345498783455,0.4121654501216545,0.0,0.0,0.0,0.0,0.0,0.0,Control,
2021_Ren_Cell_COVID|S-S083,0.7057057057057057,0.23123123123123124,0.06306306306306306,0.0,0.0,0.0,0.0,0.0,0.0,Non-malignant disease,
2023_Kumar_Nature_Breast|hbca_c64,0.3939393939393939,0.007575757575757576,0.5378787878787878,0.0,0.05303030303030303,0.0,0.007575757575757576,0.0,0.0,Control,
2023_Kong_Immunity_CD|I130064_N1,0.47619047619047616,0.1746031746031746,0.2857142857142857,0.0,0.0,0.0,0.047619047619047616,0.0,0.015873015873015872,Non-malignant disease,
Sarah2019|MS121_A2,0.47058823529411764,0.0,0.5294117647058824,0.0,0.0,0.0,0.0,0.0,0.0,Non-malignant disease,
2023_Wang_SciAdv_CRC|s0920_Colon_Tumor,0.0,0.021505376344086023,0.053763440860215055,0.0,0.9247311827956989,0.0,0.0,0.0,0.0,Cancer_Tumor,CRC
2021_Ren_Cell_COVID|S-M007-4,0.6407026847862115,0.19920450778919457,0.13622804110043088,0.0,0.0,0.023864766324163077,0.0,0.0,0.0,Non-malignant disease,
2023_Terekhova_Immunity_PBMC|H01,0.5325443786982249,0.21301775147928995,0.17159763313609466,0.08284023668639054,0.0,0.0,0.0,0.0,0.0,Control,
2021_Pelka_Cell_CRC|C146_T_1_1_0_c1_v2,0.5074626865671642,0.08955223880597014,0.40298507462686567,0.0,0.0,0.0,0.0,0.0,0.0,Cancer_Tumor,CRC
2021_Ren_Cell_COVID|S-S022-1,0.6097875080489376,0.32496243829147886,0.03541532517707663,0.029834728482506977,0.0,0.0,0.0,0.0,0.0,Non-malignant disease,
2023_Terekhova_Immunity_PBMC|B24,0.8181818181818182,0.18181818181818182,0.0,0.0,0.0,0.0,0.0,0.0,0.0,Control,
2023_Terekhova_Immunity_PBMC|E18,0.6577181208053692,0.28187919463087246,0.06040268456375839,0.0,0.0,0.0,0.0,0.0,0.0,Control,
2023_Fonseca_NatGenet_Endometriosis|sample7,0.12585034013605442,0.1598639455782313,0.15306122448979592,0.0,0.5612244897959183,0.0,0.0,0.0,0.0,Non-malignant disease,
2023_Wang_SciAdv_CRC|s0115_Colon_Tumor,0.16784869976359337,0.03309692671394799,0.6052009456264775,0.0,0.0,0.0,0.0,0.0,0.1938534278959811,Cancer_Tumor,CRC
2021_Ren_Cell_COVID|S-M042-2,0.6273291925465838,0.2453416149068323,0.12732919254658384,0.0,0.0,0.0,0.0,0.0,0.0,Non-malignant disease,
2023_Kong_Immunity_CD|I182231_L,0.05844155844155844,0.12987012987012986,0.7727272727272727,0.0,0.0,0.021645021645021644,0.0,0.015151515151515152,0.0021645021645021645,Non-malignant disease,
2023_Kumar_Nature_Breast|hbca_c123,0.35405405405405405,0.0,0.5702702702702702,0.0,0.07567567567567568,0.0,0.0,0.0,0.0,Control,
2023_Terekhova_Immunity_PBMC|J11,0.7177914110429447,0.13803680981595093,0.1441717791411043,0.0,0.0,0.0,0.0,0.0,0.0,Control,
2023_Terekhova_Immunity_PBMC|K12,0.296,0.648,0.024,0.032,0.0,0.0,0.0,0.0,0.0,Control,
2023_Kong_Immunity_CD|H152638_L,0.18396226415094338,0.02122641509433962,0.7382075471698113,0.0,0.05660377358490566,0.0,0.0,0.0,0.0,Control,
2022_Kumar_CancerDis_Gastric|GSM5573498_sample33,0.023952095808383235,0.12574850299401197,0.844311377245509,0.0,0.0,0.0,0.005988023952095809,0.0,0.0,Cancer_Tumor,GC
2021_Ren_Cell_COVID|S-S036-1,0.21212121212121213,0.2878787878787879,0.36363636363636365,0.07575757575757576,0.0,0.0,0.0,0.030303030303030304,0.030303030303030304,Non-malignant disease,
2023_Terekhova_Immunity_PBMC|G07,0.6206896551724138,0.28735632183908044,0.05747126436781609,0.034482758620689655,0.0,0.0,0.0,0.0,0.0,Control,
2023_Kong_Immunity_CD|N13_Epi_A,0.46296296296296297,0.09259259259259259,0.4444444444444444,0.0,0.0,0.0,0.0,0.0,0.0,Control,
2021_Pelka_Cell_CRC|C129_N_1_1_1_c1_v2,0.28343949044585987,0.31210191082802546,0.40445859872611467,0.0,0.0,0.0,0.0,0.0,0.0,Control,
2020_Adams_SciAdv_IPF|209I-a,0.38613861386138615,0.21782178217821782,0.36633663366336633,0.0297029702970297,0.0,0.0,0.0,0.0,0.0,Non-malignant disease,
2021_Ren_Cell_COVID|S-S072-3,0.5333333333333333,0.14444444444444443,0.3,0.0,0.0,0.022222222222222223,0.0,0.0,0.0,Non-malignant disease,
2022_Dominguez-Conde_Science_CellTypist|CZINY-0111,0.07023411371237458,0.6622073578595318,0.26755852842809363,0.0,0.0,0.0,0.0,0.0,0.0,Control,
2023_Kong_Immunity_CD|N46_LP_A,0.0,0.05555555555555555,0.7592592592592593,0.0,0.037037037037037035,0.0,0.018518518518518517,0.0,0.12962962962962962,Control,
2021_Ren_Cell_COVID|S-M046,0.5377358490566038,0.16037735849056603,0.0,0.04716981132075472,0.0,0.25471698113207547,0.0,0.0,0.0,Non-malignant disease,
2023_Terekhova_Immunity_PBMC|E26,0.4344569288389513,0.26217228464419473,0.20599250936329588,0.09737827715355805,0.0,0.0,0.0,0.0,0.0,Control,
2021_Pal_EMBO_Breast|GSM4909298_ER-PM0360,0.2910958904109589,0.1404109589041096,0.5684931506849316,0.0,0.0,0.0,0.0,0.0,0.0,Cancer_Tumor,BRCA
2022_Hwang_NatGenet_PDAC|T13_CRT,0.5128205128205128,0.4230769230769231,0.0641025641025641,0.0,0.0,0.0,0.0,0.0,0.0,Cancer_Tumor,PC
2023_Terekhova_Immunity_PBMC|B22,0.6212765957446809,0.3702127659574468,0.0,0.0,0.0,0.00851063829787234,0.0,0.0,0.0,Control,
2023_Kong_Immunity_CD|N109389_L4,0.04895104895104895,0.013986013986013986,0.9370629370629371,0.0,0.0,0.0,0.0,0.0,0.0,Non-malignant disease,
2023_Terekhova_Immunity_PBMC|G09,0.37815126050420167,0.4117647058823529,0.19327731092436976,0.01680672268907563,0.0,0.0,0.0,0.0,0.0,Control,
2023_Kong_Immunity_CD|N166301_N3,0.4067796610169492,0.2033898305084746,0.3898305084745763,0.0,0.0,0.0,0.0,0.0,0.0,Non-malignant disease,
2020_Habermann_SciAdv_Lung-COVID19|GSM5226576_C53ctr,0.7907869481765835,0.1708253358925144,0.03838771593090211,0.0,0.0,0.0,0.0,0.0,0.0,Control,
2021_Elmentaite_Nature_Intestine|Human_colon_16S8117828,0.2080745341614907,0.2841614906832298,0.5077639751552795,0.0,0.0,0.0,0.0,0.0,0.0,Control,
2023_Terekhova_Immunity_PBMC|E06,0.5865384615384616,0.25,0.125,0.038461538461538464,0.0,0.0,0.0,0.0,0.0,Control,
2021_Ren_Cell_COVID|S-S068,0.5947441217150761,0.21300138312586445,0.1798063623789765,0.0,0.0,0.0,0.0,0.0,0.012448132780082987,Non-malignant disease,
2021_Elmentaite_Nature_Intestine|4918STDY7702679,0.6059225512528473,0.14578587699316628,0.24829157175398633,0.0,0.0,0.0,0.0,0.0,0.0,Control,
2023_Lake_Nature_Kidney|KB3,0.2857142857142857,0.6714285714285714,0.04285714285714286,0.0,0.0,0.0,0.0,0.0,0.0,Non-malignant disease,
2023_Terekhova_Immunity_PBMC|D07,0.36046511627906974,0.4186046511627907,0.22093023255813954,0.0,0.0,0.0,0.0,0.0,0.0,Control,
2021_Stephenson_NatMed_COVID19|BGCV06_CV0037,0.803921568627451,0.0784313725490196,0.11764705882352941,0.0,0.0,0.0,0.0,0.0,0.0,Non-malignant disease,
2021_Pelka_Cell_CRC|C162_N_0_0_0_c1_v3,0.48697394789579157,0.13226452905811623,0.3807615230460922,0.0,0.0,0.0,0.0,0.0,0.0,Control,
2021_Ren_Cell_COVID|S-HC004,0.6518987341772152,0.2563291139240506,0.09177215189873418,0.0,0.0,0.0,0.0,0.0,0.0,Control,
2021_Ren_Cell_COVID|S-S043,0.6617405582922824,0.11247947454844007,0.2257799671592775,0.0,0.0,0.0,0.0,0.0,0.0,Non-malignant disease,
2021_Pelka_Cell_CRC|C149_T_1_1_0_c1_v2,0.5663716814159292,0.09144542772861357,0.3421828908554572,0.0,0.0,0.0,0.0,0.0,0.0,Cancer_Tumor,CRC
2023_Kumar_Nature_Breast|hbca_c85,0.6945701357466063,0.04072398190045249,0.2647058823529412,0.0,0.0,0.0,0.0,0.0,0.0,Control,
2023_Terekhova_Immunity_PBMC|E15,0.4142857142857143,0.37142857142857144,0.21428571428571427,0.0,0.0,0.0,0.0,0.0,0.0,Control,
2021_Ren_Cell_COVID|S-S015,0.809322033898305,0.163135593220339,0.0,0.023305084745762712,0.0,0.00423728813559322,0.0,0.0,0.0,Non-malignant disease,
2020_Adams_SciAdv_IPF|59I,0.3888888888888889,0.48148148148148145,0.12962962962962962,0.0,0.0,0.0,0.0,0.0,0.0,Non-malignant disease,
2021_Ren_Cell_COVID|S-HC007,0.8115183246073299,0.112565445026178,0.07591623036649214,0.0,0.0,0.0,0.0,0.0,0.0,Control,
2021_Pelka_Cell_CRC|C156_T_1_1_0_c1_v3,0.3355263157894737,0.27631578947368424,0.35526315789473684,0.013157894736842105,0.0,0.0,0.0,0.0,0.019736842105263157,Cancer_Tumor,CRC
2021_Pal_EMBO_Breast|GSM4909318_ER-MH0173-LN,0.08762886597938144,0.4639175257731959,0.41237113402061853,0.0,0.0,0.02577319587628866,0.0,0.010309278350515464,0.0,Cancer_Tumor,BRCA
2023_Terekhova_Immunity_PBMC|C01,0.504950495049505,0.297029702970297,0.19801980198019803,0.0,0.0,0.0,0.0,0.0,0.0,Control,
2021_Elmentaite_Nature_Intestine|4918STDY7447825,0.5589123867069486,0.06042296072507553,0.3806646525679758,0.0,0.0,0.0,0.0,0.0,0.0,Control,
2022_Dominguez-Conde_Science_CellTypist|Pan_T7980359,0.00980392156862745,0.0392156862745098,0.7941176470588235,0.06862745098039216,0.0392156862745098,0.0,0.049019607843137254,0.0,0.0,Control,
2023_Kumar_Nature_Breast|hbca_c56,0.3064516129032258,0.27419354838709675,0.41935483870967744,0.0,0.0,0.0,0.0,0.0,0.0,Control,
2023_Terekhova_Immunity_PBMC|N10,0.6083333333333333,0.31666666666666665,0.058333333333333334,0.0,0.0,0.0,0.0,0.0,0.016666666666666666,Control,
2021_Ren_Cell_COVID|S-M050,0.5636363636363636,0.0,0.36883116883116884,0.0,0.0,0.0,0.0,0.0,0.06753246753246753,Non-malignant disease,
2023_Kong_Immunity_CD|N158891_E1,0.16271186440677965,0.2305084745762712,0.6067796610169491,0.0,0.0,0.0,0.0,0.0,0.0,Non-malignant disease,
2023_Terekhova_Immunity_PBMC|M07,0.6647398843930635,0.2138728323699422,0.12138728323699421,0.0,0.0,0.0,0.0,0.0,0.0,Control,
2021_Ren_Cell_COVID|S-M006,0.6030150753768844,0.3316582914572864,0.02512562814070352,0.04020100502512563,0.0,0.0,0.0,0.0,0.0,Non-malignant disease,
2022_Dominguez-Conde_Science_CellTypist|CZINY-0052,0.436046511627907,0.29651162790697677,0.26744186046511625,0.0,0.0,0.0,0.0,0.0,0.0,Control,
2022_Zhou_NatGenet_PDAC|HT064P1-S1H9A2A1Z1_1B2_1,0.0,0.546583850931677,0.38509316770186336,0.0,0.055900621118012424,0.0,0.0,0.0,0.012422360248447204,Cancer_Tumor,PC
2023_Terekhova_Immunity_PBMC|G19,0.7692307692307693,0.1282051282051282,0.10256410256410256,0.0,0.0,0.0,0.0,0.0,0.0,Control,
2023_Terekhova_Immunity_PBMC|A14,0.36813186813186816,0.37362637362637363,0.23626373626373626,0.02197802197802198,0.0,0.0,0.0,0.0,0.0,Control,
2021_Ren_Cell_COVID|S-S091,0.7355072463768116,0.15217391304347827,0.08695652173913043,0.025362318840579712,0.0,0.0,0.0,0.0,0.0,Non-malignant disease,
2023_Terekhova_Immunity_PBMC|A26,0.45622119815668205,0.4930875576036866,0.05069124423963134,0.0,0.0,0.0,0.0,0.0,0.0,Control,
2021_Stephenson_NatMed_COVID19|MH9143325,0.937799043062201,0.019138755980861243,0.03349282296650718,0.0,0.0,0.009569377990430622,0.0,0.0,0.0,Non-malignant disease,
2021_Ren_Cell_COVID|S-M007-2,0.747282154206389,0.10737581535373808,0.133634387021241,0.010871383174443887,0.0,0.0,0.0,0.0,0.0008362602441879914,Non-malignant disease,
2023_Terekhova_Immunity_PBMC|H05,0.7294117647058823,0.2235294117647059,0.047058823529411764,0.0,0.0,0.0,0.0,0.0,0.0,Control,
2022_Dominguez-Conde_Science_CellTypist|CZINY-0102,0.05714285714285714,0.6678571428571428,0.275,0.0,0.0,0.0,0.0,0.0,0.0,Control,
2023_Hirz_NatComm_Prostate|GSM5494350_SCG-PCA3-T-LG,0.0,0.2413793103448276,0.603448275862069,0.0,0.034482758620689655,0.017241379310344827,0.017241379310344827,0.0,0.08620689655172414,Cancer_Tumor,PRC
2021_Hao_Cell_Blood|P6_3,0.6455938697318008,0.28620689655172415,0.06053639846743295,0.007662835249042145,0.0,0.0,0.0,0.0,0.0,Control,
2022_Dominguez-Conde_Science_CellTypist|CZINY-0064,0.3055555555555556,0.36666666666666664,0.3,0.0,0.027777777777777776,0.0,0.0,0.0,0.0,Control,
2021_Stephenson_NatMed_COVID19|MH9143327,0.676737160120846,0.18126888217522658,0.1419939577039275,0.0,0.0,0.0,0.0,0.0,0.0,Non-malignant disease,
2021_Stephenson_NatMed_COVID19|BGCV08_CV0155,0.9,0.03666666666666667,0.06333333333333334,0.0,0.0,0.0,0.0,0.0,0.0,Non-malignant disease,
2023_Terekhova_Immunity_PBMC|FG04,0.5641025641025641,0.3333333333333333,0.05128205128205128,0.05128205128205128,0.0,0.0,0.0,0.0,0.0,Control,
2023_Terekhova_Immunity_PBMC|L14,0.5816326530612245,0.3877551020408163,0.030612244897959183,0.0,0.0,0.0,0.0,0.0,0.0,Control,
2022_Dominguez-Conde_Science_CellTypist|CZINY-0099,0.045454545454545456,0.6396103896103896,0.31493506493506496,0.0,0.0,0.0,0.0,0.0,0.0,Control,
2023_Terekhova_Immunity_PBMC|E22,0.6716981132075471,0.22264150943396227,0.08679245283018867,0.018867924528301886,0.0,0.0,0.0,0.0,0.0,Control,
2023_Terekhova_Immunity_PBMC|D05,0.5833333333333334,0.3645833333333333,0.052083333333333336,0.0,0.0,0.0,0.0,0.0,0.0,Control,
2021_Stephenson_NatMed_COVID19|newcastle21,0.5478260869565217,0.3217391304347826,0.13043478260869565,0.0,0.0,0.0,0.0,0.0,0.0,Non-malignant disease,
2023_Kumar_Nature_Breast|hbca_c80,0.13012048192771083,0.012048192771084338,0.8265060240963855,0.0,0.03132530120481928,0.0,0.0,0.0,0.0,Control,
2021_Stephenson_NatMed_COVID19|BGCV08_CV0201,0.6902654867256637,0.22123893805309736,0.04424778761061947,0.04424778761061947,0.0,0.0,0.0,0.0,0.0,Non-malignant disease,
2020_Adams_SciAdv_IPF|49I-a,0.4015748031496063,0.28346456692913385,0.25196850393700787,0.007874015748031496,0.05511811023622047,0.0,0.0,0.0,0.0,Non-malignant disease,
2023_Terekhova_Immunity_PBMC|M23,0.43478260869565216,0.2981366459627329,0.22981366459627328,0.018633540372670808,0.0,0.0,0.0,0.0,0.018633540372670808,Control,
2021_Elmentaite_Nature_Intestine|4918STDY7844899,0.39705882352941174,0.15196078431372548,0.44607843137254904,0.0,0.0,0.0,0.004901960784313725,0.0,0.0,Control,
2023_Terekhova_Immunity_PBMC|H17,0.5064102564102564,0.3525641025641026,0.02564102564102564,0.10256410256410256,0.0,0.0,0.0,0.0,0.01282051282051282,Control,
2021_Pelka_Cell_CRC|C115_N_1_1_2_c1_v2,0.5131578947368421,0.3026315789473684,0.18421052631578946,0.0,0.0,0.0,0.0,0.0,0.0,Control,
2021_Stephenson_NatMed_COVID19|MH8919330,0.12413793103448276,0.2620689655172414,0.11379310344827587,0.5,0.0,0.0,0.0,0.0,0.0,Non-malignant disease,
2020_Litvinukova_Nature_Heart|HCAHeart7844002,0.030927835051546393,0.10309278350515463,0.061855670103092786,0.0,0.7938144329896907,0.0,0.010309278350515464,0.0,0.0,Control,
2023_Wang_SciAdv_CRC|s1125_Colon_Tumor,0.1972972972972973,0.010810810810810811,0.7405405405405405,0.0,0.0,0.0,0.0,0.0,0.051351351351351354,Cancer_Tumor,CRC
2021_Ren_Cell_COVID|S-S079,0.5131578947368421,0.22039473684210525,0.26644736842105265,0.0,0.0,0.0,0.0,0.0,0.0,Non-malignant disease,
2023_Kumar_Nature_Breast|hbca_n20,0.7378640776699029,0.1553398058252427,0.10679611650485436,0.0,0.0,0.0,0.0,0.0,0.0,Control,
2020_Drokhlyansky_Cell_EntericNerve|H10_S55,0.27586206896551724,0.4827586206896552,0.20689655172413793,0.034482758620689655,0.0,0.0,0.0,0.0,0.0,Cancer_AdjNorm,CRC
2021_Ren_Cell_COVID|S-M076-2,0.5824324324324325,0.22702702702702704,0.17432432432432432,0.016216216216216217,0.0,0.0,0.0,0.0,0.0,Non-malignant disease,
2021_Stephenson_NatMed_COVID19|BGCV04_CV0164,0.845679012345679,0.012345679012345678,0.13580246913580246,0.006172839506172839,0.0,0.0,0.0,0.0,0.0,Non-malignant disease,
2023_Terekhova_Immunity_PBMC|E27,0.1036036036036036,0.1891891891891892,0.12162162162162163,0.5855855855855856,0.0,0.0,0.0,0.0,0.0,Control,
2020_Habermann_SciAdv_Lung-COVID19|GSM5226578_C55ctr,0.7130434782608696,0.017391304347826087,0.26956521739130435,0.0,0.0,0.0,0.0,0.0,0.0,Control,
2023_Terekhova_Immunity_PBMC|E10,0.14383561643835616,0.773972602739726,0.0,0.0821917808219178,0.0,0.0,0.0,0.0,0.0,Control,
2021_Pelka_Cell_CRC|C139_T_1_1_0_c2_v2,0.3787878787878788,0.2727272727272727,0.30303030303030304,0.030303030303030304,0.015151515151515152,0.0,0.0,0.0,0.0,Cancer_Tumor,CRC
2021_Stephenson_NatMed_COVID19|BGCV13_CV0171,0.9008810572687225,0.06828193832599119,0.030837004405286344,0.0,0.0,0.0,0.0,0.0,0.0,Non-malignant disease,
2021_Elmentaite_Nature_Intestine|Human_colon_16S8123919,0.3,0.041666666666666664,0.15833333333333333,0.0,0.48333333333333334,0.0,0.0,0.0,0.016666666666666666,Control,
2023_Lake_Nature_Kidney|DKD3110001,0.4067796610169492,0.3898305084745763,0.2033898305084746,0.0,0.0,0.0,0.0,0.0,0.0,Non-malignant disease,
2023_Terekhova_Immunity_PBMC|L03,0.4657534246575342,0.3424657534246575,0.1917808219178082,0.0,0.0,0.0,0.0,0.0,0.0,Control,
2022_TabulaSapiens_Science_TabulaSapiens|TSP2_Spleen_nan_10X,0.2641025641025641,0.014358974358974359,0.7164102564102565,0.0,0.0,0.0,0.005128205128205128,0.0,0.0,Control,
2021_Ren_Cell_COVID|S-M004-2,0.7072665203608876,0.18532065349914656,0.09485491343574738,0.007437210436478907,0.0,0.005120702267739576,0.0,0.0,0.0,Non-malignant disease,
2021_Ren_Cell_COVID|S-M073,0.3333333333333333,0.36217948717948717,0.27564102564102566,0.028846153846153848,0.0,0.0,0.0,0.0,0.0,Non-malignant disease,
2021_Stephenson_NatMed_COVID19|BGCV12_CV0062,0.844,0.024,0.088,0.044,0.0,0.0,0.0,0.0,0.0,Non-malignant disease,
2021_Stephenson_NatMed_COVID19|newcastle65,0.75,0.20689655172413793,0.04310344827586207,0.0,0.0,0.0,0.0,0.0,0.0,Control,
2023_Terekhova_Immunity_PBMC|S11,0.717948717948718,0.18461538461538463,0.09743589743589744,0.0,0.0,0.0,0.0,0.0,0.0,Control,
2023_Hirz_NatComm_Prostate|GSM5494343_HP2,0.0,0.0,0.875,0.0,0.1,0.0,0.0,0.0,0.025,Control,
2023_Wang_SciAdv_CRC|s0813_Colon_AdjNorm,0.56,0.10461538461538461,0.3046153846153846,0.0,0.0,0.0,0.03076923076923077,0.0,0.0,Cancer_AdjNorm,CRC
2021_Melms_Nature_Lung-COVID19|C53ctr,0.783109404990403,0.15547024952015356,0.061420345489443376,0.0,0.0,0.0,0.0,0.0,0.0,Control,
2022_Dominguez-Conde_Science_CellTypist|CZI-IA9924321+CZI-IA9924369,0.6263414634146341,0.15902439024390244,0.02048780487804878,0.0,0.19414634146341464,0.0,0.0,0.0,0.0,Control,
2023_Fonseca_NatGenet_Endometriosis|sample24,0.7142857142857143,0.01488095238095238,0.2261904761904762,0.0,0.044642857142857144,0.0,0.0,0.0,0.0,Non-malignant disease,
2021_Ren_Cell_COVID|S-M009-2,0.6446280991735537,0.24793388429752067,0.049586776859504134,0.0,0.0,0.05785123966942149,0.0,0.0,0.0,Non-malignant disease,
2021_Ren_Cell_COVID|S-HC005,0.4965612104539202,0.1265474552957359,0.3562585969738652,0.02063273727647868,0.0,0.0,0.0,0.0,0.0,Control,
2023_Kumar_Nature_Breast|hbca_c117,0.10714285714285714,0.14285714285714285,0.6428571428571429,0.0,0.0,0.0,0.0,0.017857142857142856,0.08928571428571429,Cancer_Tumor,BRCA
2021_Pelka_Cell_CRC|C163_T_1_1_0_c1_v3,0.45901639344262296,0.20491803278688525,0.29508196721311475,0.0,0.0,0.00819672131147541,0.01639344262295082,0.01639344262295082,0.0,Cancer_Tumor,CRC
2021_Stephenson_NatMed_COVID19|MH8919328,0.8075471698113208,0.11320754716981132,0.045283018867924525,0.033962264150943396,0.0,0.0,0.0,0.0,0.0,Non-malignant disease,
2021_Pelka_Cell_CRC|C113_T_1_1_0_c1_v2,0.417910447761194,0.1791044776119403,0.34328358208955223,0.0,0.029850746268656716,0.0,0.0,0.0,0.029850746268656716,Cancer_Tumor,CRC
2023_Kong_Immunity_CD|N130064_N2,0.28703703703703703,0.12037037037037036,0.5740740740740741,0.0,0.018518518518518517,0.0,0.0,0.0,0.0,Non-malignant disease,
2021_Hao_Cell_Blood|P1_5,0.4491017964071856,0.39520958083832336,0.08383233532934131,0.0718562874251497,0.0,0.0,0.0,0.0,0.0,Non-malignant disease,
2022_Perez_Science_SLE|dmx_count_BH7YT2DMXX_YE_0907,0.6234831092161365,0.2126926861265989,0.1474253853722532,0.016398819285011478,0.0,0.0,0.0,0.0,0.0,Control,
2021_Ren_Cell_COVID|S-M044-1,0.010043041606886656,0.0,0.0,0.05164992826398852,0.0,0.9383070301291249,0.0,0.0,0.0,Non-malignant disease,
2021_Stephenson_NatMed_COVID19|AP4,0.751101321585903,0.1696035242290749,0.07158590308370044,0.007709251101321586,0.0,0.0,0.0,0.0,0.0,Non-malignant disease,
2022_TabulaSapiens_Science_TabulaSapiens|TSP7_Lymph_Node_Inguinal_10X,0.12280296022201666,0.12280296022201666,0.1343663274745606,0.0,0.6188714153561518,0.0,0.0,0.0,0.001156336725254394,Control,
2021_Stephenson_NatMed_COVID19|MH8919280,0.704225352112676,0.2535211267605634,0.04225352112676056,0.0,0.0,0.0,0.0,0.0,0.0,Control,
2023_Hirz_NatComm_Prostate|GSM5494358_SCG-PCA7-T-HG,0.5444444444444444,0.022222222222222223,0.35555555555555557,0.0,0.0,0.0,0.022222222222222223,0.022222222222222223,0.03333333333333333,Cancer_Tumor,PRC
2021_Ren_Cell_COVID|S-HC008,0.4020979020979021,0.23076923076923078,0.3321678321678322,0.03496503496503497,0.0,0.0,0.0,0.0,0.0,Control,
2021_Pelka_Cell_CRC|C162_N_0_0_0_c2_v2,0.5698689956331878,0.09170305676855896,0.3384279475982533,0.0,0.0,0.0,0.0,0.0,0.0,Control,
2023_Terekhova_Immunity_PBMC|FH04,0.62882096069869,0.31877729257641924,0.05240174672489083,0.0,0.0,0.0,0.0,0.0,0.0,Control,
2021_Hao_Cell_Blood|P7_5,0.508641975308642,0.35802469135802467,0.09382716049382717,0.03950617283950617,0.0,0.0,0.0,0.0,0.0,Control,
2022_Dominguez-Conde_Science_CellTypist|CZINY-0097,0.07251908396946564,0.6030534351145038,0.3244274809160305,0.0,0.0,0.0,0.0,0.0,0.0,Control,
2023_Terekhova_Immunity_PBMC|A22,0.5446153846153846,0.28923076923076924,0.16615384615384615,0.0,0.0,0.0,0.0,0.0,0.0,Control,
2023_Hickey_Nature_Intestine|B008-A-301,0.2414187643020595,0.7162471395881007,0.04233409610983982,0.0,0.0,0.0,0.0,0.0,0.0,Control,
2021_Ren_Cell_COVID|S-HC023,0.7008547008547008,0.15384615384615385,0.1111111111111111,0.017094017094017096,0.0,0.017094017094017096,0.0,0.0,0.0,Control,
2023_Fonseca_NatGenet_Endometriosis|sample29,0.06060606060606061,0.045454545454545456,0.7575757575757576,0.0,0.11363636363636363,0.0,0.022727272727272728,0.0,0.0,Non-malignant disease,
2021_Pelka_Cell_CRC|C162_T_0_0_0_c2_v2,0.23308270676691728,0.06766917293233082,0.6842105263157895,0.0,0.0,0.015037593984962405,0.0,0.0,0.0,Cancer_Tumor,CRC
2023_Terekhova_Immunity_PBMC|FD01,0.4823529411764706,0.4588235294117647,0.029411764705882353,0.029411764705882353,0.0,0.0,0.0,0.0,0.0,Control,
2021_Ren_Cell_COVID|S-S077,0.7439024390243902,0.11788617886178862,0.13821138211382114,0.0,0.0,0.0,0.0,0.0,0.0,Non-malignant disease,
2023_Terekhova_Immunity_PBMC|E05,0.7359116022099448,0.2143646408839779,0.049723756906077346,0.0,0.0,0.0,0.0,0.0,0.0,Control,
2023_Terekhova_Immunity_PBMC|FA06,0.4256410256410256,0.5128205128205128,0.041025641025641026,0.020512820512820513,0.0,0.0,0.0,0.0,0.0,Control,
2021_Ren_Cell_COVID|S-M072,0.5300353356890459,0.24734982332155478,0.2226148409893993,0.0,0.0,0.0,0.0,0.0,0.0,Non-malignant disease,
2023_Fonseca_NatGenet_Endometriosis|sample12,0.0,0.028037383177570093,0.8691588785046729,0.0,0.06542056074766354,0.0,0.0,0.0,0.037383177570093455,Non-malignant disease,
2023_Terekhova_Immunity_PBMC|A09,0.3492063492063492,0.36507936507936506,0.2222222222222222,0.0,0.0,0.031746031746031744,0.0,0.0,0.031746031746031744,Control,
2023_Terekhova_Immunity_PBMC|FE07,0.818348623853211,0.10642201834862386,0.07522935779816514,0.0,0.0,0.0,0.0,0.0,0.0,Control,
2020_Park_Science_Thymus|4861STDY7462264,0.15789473684210525,0.5131578947368421,0.27631578947368424,0.0,0.0,0.039473684210526314,0.0,0.0,0.013157894736842105,Control,
2023_Terekhova_Immunity_PBMC|B13,0.8782608695652174,0.07391304347826087,0.04782608695652174,0.0,0.0,0.0,0.0,0.0,0.0,Control,
2023_Terekhova_Immunity_PBMC|FA07,0.7551020408163265,0.24489795918367346,0.0,0.0,0.0,0.0,0.0,0.0,0.0,Control,
2021_Stephenson_NatMed_COVID19|MH9143276,0.5107692307692308,0.1476923076923077,0.3323076923076923,0.009230769230769232,0.0,0.0,0.0,0.0,0.0,Non-malignant disease,
2021_Stephenson_NatMed_COVID19|MH8919327,0.6326530612244898,0.09795918367346938,0.0653061224489796,0.0653061224489796,0.0,0.13877551020408163,0.0,0.0,0.0,Non-malignant disease,
2023_Kong_Immunity_CD|N165697_L1,0.0,0.056962025316455694,0.8354430379746836,0.0,0.08227848101265822,0.0,0.0,0.02531645569620253,0.0,Non-malignant disease,
2023_Terekhova_Immunity_PBMC|L23,0.7832512315270936,0.21674876847290642,0.0,0.0,0.0,0.0,0.0,0.0,0.0,Control,
2021_Pelka_Cell_CRC|C162_T_0_0_1_c1_v3,0.24210526315789474,0.14210526315789473,0.5842105263157895,0.0,0.0,0.021052631578947368,0.0,0.0,0.010526315789473684,Cancer_Tumor,CRC
2023_Kong_Immunity_CD|H197396_N3,0.0873015873015873,0.031746031746031744,0.8809523809523809,0.0,0.0,0.0,0.0,0.0,0.0,Control,
2022_Dominguez-Conde_Science_CellTypist|Pan_T8010331,0.5462653288740246,0.14827201783723523,0.01560758082497213,0.0,0.28651059085841696,0.0,0.0,0.0033444816053511705,0.0,Control,
2020_Adams_SciAdv_IPF|157I-a,0.5774647887323944,0.22535211267605634,0.19718309859154928,0.0,0.0,0.0,0.0,0.0,0.0,Non-malignant disease,
2023_Kong_Immunity_CD|N13_LP_A,0.3442622950819672,0.03278688524590164,0.5573770491803278,0.0,0.06557377049180328,0.0,0.0,0.0,0.0,Control,
2021_Ren_Cell_COVID|S-S022-3,0.5720277464107114,0.3318277141474431,0.05210517825455719,0.044039361187288274,0.0,0.0,0.0,0.0,0.0,Non-malignant disease,
2021_Ren_Cell_COVID|S-S022-4,0.5774891774891775,0.3115151515151515,0.06822510822510823,0.04277056277056277,0.0,0.0,0.0,0.0,0.0,Non-malignant disease,
2021_Ren_Cell_COVID|S-M005,0.4961439588688946,0.44473007712082263,0.05912596401028278,0.0,0.0,0.0,0.0,0.0,0.0,Non-malignant disease,
2022_Kumar_CancerDis_Gastric|GSM5573470_sample5,0.0,0.038461538461538464,0.2692307692307692,0.0,0.6923076923076923,0.0,0.0,0.0,0.0,Cancer_Tumor,GC
2021_Ren_Cell_COVID|S-M010-2,0.6323334803705337,0.2900308778120865,0.04565505072783414,0.02227613586237318,0.0,0.009704455227172474,0.0,0.0,0.0,Non-malignant disease,
2021_Ren_Cell_COVID|S-S023,0.017001545595054096,0.04791344667697063,0.9350850077279753,0.0,0.0,0.0,0.0,0.0,0.0,Non-malignant disease,
2023_Kong_Immunity_CD|H102141_L,0.01937984496124031,0.1511627906976744,0.6434108527131783,0.0,0.16666666666666666,0.01937984496124031,0.0,0.0,0.0,Control,
2022_TabulaSapiens_Science_TabulaSapiens|TSP7_Spleen_nan_smartseq2,0.2544642857142857,0.07589285714285714,0.6696428571428571,0.0,0.0,0.0,0.0,0.0,0.0,Control,
2021_Stephenson_NatMed_COVID19|MH8919276,0.6129032258064516,0.14516129032258066,0.08064516129032258,0.0,0.0,0.16129032258064516,0.0,0.0,0.0,Control,
2021_Stephenson_NatMed_COVID19|BGCV09_CV0917,0.8347107438016529,0.03305785123966942,0.1322314049586777,0.0,0.0,0.0,0.0,0.0,0.0,Control,
2021_Ren_Cell_COVID|S-M004-6,0.6651484480431848,0.24426450742240216,0.06865721997300944,0.014001349527665317,0.0,0.007928475033738192,0.0,0.0,0.0,Non-malignant disease,
2023_Wang_SciAdv_CRC|s0816_Liver_Metastasis,0.5170731707317073,0.03902439024390244,0.4195121951219512,0.0,0.0,0.0,0.0,0.0,0.024390243902439025,Cancer_Metastasis,CRC
2022_Dominguez-Conde_Science_CellTypist|CZI-IA9924320+CZI-IA9924368,0.39803523035230354,0.043021680216802166,0.1856368563685637,0.008468834688346883,0.3648373983739837,0.0,0.0,0.0,0.0,Control,
2023_Kong_Immunity_CD|N10_Epi_A,0.32142857142857145,0.08928571428571429,0.5892857142857143,0.0,0.0,0.0,0.0,0.0,0.0,Control,
2021_Ren_Cell_COVID|S-S025,0.0,0.014695077149155033,0.9853049228508449,0.0,0.0,0.0,0.0,0.0,0.0,Non-malignant disease,
2023_Fonseca_NatGenet_Endometriosis|sample38,0.05263157894736842,0.09774436090225563,0.7593984962406015,0.007518796992481203,0.045112781954887216,0.0,0.0,0.0,0.03759398496240601,Non-malignant disease,
2021_Pelka_Cell_CRC|C151_N_0_0_0_c1_v2,0.4796747967479675,0.13008130081300814,0.37398373983739835,0.0,0.0,0.0,0.0,0.0,0.016260162601626018,Control,
2021_Ren_Cell_COVID|S-S028,0.43729903536977494,0.43086816720257237,0.13183279742765272,0.0,0.0,0.0,0.0,0.0,0.0,Non-malignant disease,
2023_Kong_Immunity_CD|I130064_N3,0.5,0.19696969696969696,0.2878787878787879,0.0,0.0,0.0,0.0,0.0,0.015151515151515152,Non-malignant disease,
2023_Terekhova_Immunity_PBMC|B19,0.35471698113207545,0.569811320754717,0.07547169811320754,0.0,0.0,0.0,0.0,0.0,0.0,Control,
2023_Terekhova_Immunity_PBMC|L01,0.45871559633027525,0.22935779816513763,0.22018348623853212,0.09174311926605505,0.0,0.0,0.0,0.0,0.0,Control,
2022_Perez_Science_SLE|dmx_YE110,0.8066171505739366,0.1273463875759622,0.026063470627954086,0.03308575286968265,0.0,0.006887238352464551,0.0,0.0,0.0,Non-malignant disease,
2022_Dominguez-Conde_Science_CellTypist|CZINY-0057,0.3333333333333333,0.34615384615384615,0.2948717948717949,0.0,0.02564102564102564,0.0,0.0,0.0,0.0,Control,
2023_Fonseca_NatGenet_Endometriosis|sample22,0.1016949152542373,0.15254237288135594,0.3898305084745763,0.0,0.3220338983050847,0.0,0.03389830508474576,0.0,0.0,Non-malignant disease,
2021_Elmentaite_Nature_Intestine|4918STDY7923744,0.35986159169550175,0.3079584775086505,0.33217993079584773,0.0,0.0,0.0,0.0,0.0,0.0,Control,
2023_Terekhova_Immunity_PBMC|T13,0.6519337016574586,0.2265193370165746,0.06629834254143646,0.055248618784530384,0.0,0.0,0.0,0.0,0.0,Control,
2020_Adams_SciAdv_IPF|465C,0.3624161073825503,0.5369127516778524,0.09395973154362416,0.006711409395973154,0.0,0.0,0.0,0.0,0.0,Control,
2023_Lake_Nature_Kidney|AKI3010018,0.171875,0.578125,0.09375,0.109375,0.0,0.0,0.0,0.046875,0.0,Non-malignant disease,
2021_Ren_Cell_COVID|S-M068,0.7967914438502673,0.1711229946524064,0.03208556149732621,0.0,0.0,0.0,0.0,0.0,0.0,Non-malignant disease,
2021_Stephenson_NatMed_COVID19|newcastle004v2,0.8461538461538461,0.10989010989010989,0.014652014652014652,0.029304029304029304,0.0,0.0,0.0,0.0,0.0,Non-malignant disease,
2023_Terekhova_Immunity_PBMC|T10,0.3236994219653179,0.5838150289017341,0.09248554913294797,0.0,0.0,0.0,0.0,0.0,0.0,Control,
2023_Terekhova_Immunity_PBMC|T02,0.7528089887640449,0.14606741573033707,0.10112359550561797,0.0,0.0,0.0,0.0,0.0,0.0,Control,
2021_Ren_Cell_COVID|S-M067,0.6206521739130435,0.266304347826087,0.03369565217391304,0.07934782608695652,0.0,0.0,0.0,0.0,0.0,Non-malignant disease,
2021_Ren_Cell_COVID|S-S031,0.3970873786407767,0.429126213592233,0.13689320388349516,0.036893203883495145,0.0,0.0,0.0,0.0,0.0,Non-malignant disease,
2023_Terekhova_Immunity_PBMC|T05,0.8904109589041096,0.1095890410958904,0.0,0.0,0.0,0.0,0.0,0.0,0.0,Control,
2021_Stephenson_NatMed_COVID19|BGCV02_CV0068,0.5725490196078431,0.1607843137254902,0.23137254901960785,0.03529411764705882,0.0,0.0,0.0,0.0,0.0,Non-malignant disease,
2021_Stephenson_NatMed_COVID19|newcastle20,0.625,0.12890625,0.24609375,0.0,0.0,0.0,0.0,0.0,0.0,Non-malignant disease,
2021_Ren_Cell_COVID|S-HC018-2,0.4155844155844156,0.35064935064935066,0.06493506493506493,0.16883116883116883,0.0,0.0,0.0,0.0,0.0,Control,
2020_Adams_SciAdv_IPF|138I-a,0.36764705882352944,0.058823529411764705,0.5735294117647058,0.0,0.0,0.0,0.0,0.0,0.0,Non-malignant disease,
2021_Stephenson_NatMed_COVID19|MH9143424,0.859504132231405,0.025826446280991736,0.09400826446280992,0.0,0.0,0.02066115702479339,0.0,0.0,0.0,Non-malignant disease,
2021_Hao_Cell_Blood|P2_5,0.710691823899371,0.2893081761006289,0.0,0.0,0.0,0.0,0.0,0.0,0.0,Non-malignant disease,
2021_Pelka_Cell_CRC|C125_N_1_1_0_c1_v2,0.33620689655172414,0.13793103448275862,0.5172413793103449,0.0,0.0,0.0,0.0,0.0,0.008620689655172414,Control,
2020_Adams_SciAdv_IPF|022I,0.275,0.3625,0.275,0.05,0.0,0.0,0.0,0.0375,0.0,Non-malignant disease,
2023_Terekhova_Immunity_PBMC|FC02,0.39072847682119205,0.5827814569536424,0.026490066225165563,0.0,0.0,0.0,0.0,0.0,0.0,Control,
2023_Kong_Immunity_CD|N20_LP_B,0.0449438202247191,0.011235955056179775,0.9382022471910112,0.0,0.0056179775280898875,0.0,0.0,0.0,0.0,Control,
2023_Terekhova_Immunity_PBMC|FA04,0.42207792207792205,0.44155844155844154,0.13636363636363635,0.0,0.0,0.0,0.0,0.0,0.0,Control,
2022_Kumar_CancerDis_Gastric|GSM5573483_sample18,0.0,0.018867924528301886,0.5018867924528302,0.0,0.47924528301886793,0.0,0.0,0.0,0.0,Cancer_Tumor,GC
2023_Terekhova_Immunity_PBMC|J12,0.3308270676691729,0.49624060150375937,0.17293233082706766,0.0,0.0,0.0,0.0,0.0,0.0,Control,
2022_TabulaSapiens_Science_TabulaSapiens|TSP7_Lymph_Node_inguinal_smartseq2,0.3291139240506329,0.04430379746835443,0.25949367088607594,0.0,0.33544303797468356,0.0,0.0,0.0,0.03164556962025317,Control,
2022_Guilliams_Cell_Liver|CS87,0.2076923076923077,0.6153846153846154,0.16153846153846155,0.0,0.0,0.0,0.015384615384615385,0.0,0.0,Cancer_Metastasis,CRC
2021_Ren_Cell_COVID|S-S084,0.89738430583501,0.030181086519114688,0.07243460764587525,0.0,0.0,0.0,0.0,0.0,0.0,Non-malignant disease,
2023_Kong_Immunity_CD|N174364_L2,0.21287128712871287,0.01485148514851485,0.7673267326732673,0.0,0.0049504950495049506,0.0,0.0,0.0,0.0,Non-malignant disease,
2023_Hirz_NatComm_Prostate|GSM5494373_SCG-PCA18-T-LG,0.0,0.0,1.0,0.0,0.0,0.0,0.0,0.0,0.0,Cancer_Tumor,PRC
2021_Ren_Cell_COVID|S-M030,0.6758080313418218,0.1694417238001959,0.11165523996082272,0.043095004897159644,0.0,0.0,0.0,0.0,0.0,Non-malignant disease,
2023_Terekhova_Immunity_PBMC|A33,0.551440329218107,0.3786008230452675,0.037037037037037035,0.03292181069958848,0.0,0.0,0.0,0.0,0.0,Control,
2023_Terekhova_Immunity_PBMC|A41,0.6952789699570815,0.23390557939914164,0.07081545064377683,0.0,0.0,0.0,0.0,0.0,0.0,Control,
2022_Perez_Science_SLE|dmx_YS-JY-22_pool6,0.7871559633027523,0.14220183486238533,0.05137614678899083,0.01444954128440367,0.0,0.00481651376146789,0.0,0.0,0.0,Control,
2023_Terekhova_Immunity_PBMC|B10,0.6060606060606061,0.22727272727272727,0.13636363636363635,0.0,0.0,0.030303030303030304,0.0,0.0,0.0,Control,
2020_Adams_SciAdv_IPF|193CO-a,0.45098039215686275,0.3333333333333333,0.19607843137254902,0.0196078431372549,0.0,0.0,0.0,0.0,0.0,Non-malignant disease,
2023_Terekhova_Immunity_PBMC|A07,0.6798029556650246,0.22167487684729065,0.09852216748768473,0.0,0.0,0.0,0.0,0.0,0.0,Control,
2021_Chan_CancerCell_SCLC|RU1170g,0.05,0.42777777777777776,0.4777777777777778,0.0,0.0,0.0,0.0,0.0,0.044444444444444446,Cancer_Tumor,NSCLC
2023_Terekhova_Immunity_PBMC|FE09,0.7025862068965517,0.12931034482758622,0.11206896551724138,0.05603448275862069,0.0,0.0,0.0,0.0,0.0,Control,
2023_Terekhova_Immunity_PBMC|N22,0.7254901960784313,0.19607843137254902,0.032679738562091505,0.0457516339869281,0.0,0.0,0.0,0.0,0.0,Control,
2021_Wu_NatGenet_Breast|CID4040,0.0945945945945946,0.13513513513513514,0.16216216216216217,0.0,0.43243243243243246,0.0,0.013513513513513514,0.0,0.16216216216216217,Cancer_Tumor,BRCA
2021_Elmentaite_Nature_Intestine|4918STDY7333456,0.7561374795417348,0.06328423349699945,0.18057828696126568,0.0,0.0,0.0,0.0,0.0,0.0,Control,
2021_Ren_Cell_COVID|S-S051,0.4360730593607306,0.1141552511415525,0.3310502283105023,0.1004566210045662,0.0,0.0,0.0,0.0,0.0182648401826484,Non-malignant disease,
2021_Stephenson_NatMed_COVID19|newcastle49,0.9252336448598131,0.028037383177570093,0.04672897196261682,0.0,0.0,0.0,0.0,0.0,0.0,Non-malignant disease,
2021_Stephenson_NatMed_COVID19|BGCV06_CV0201,0.7323943661971831,0.11971830985915492,0.10915492957746478,0.03873239436619718,0.0,0.0,0.0,0.0,0.0,Non-malignant disease,
2021_Stephenson_NatMed_COVID19|MH8919333,0.5426136363636364,0.21401515151515152,0.23295454545454544,0.010416666666666666,0.0,0.0,0.0,0.0,0.0,Control,
2023_Terekhova_Immunity_PBMC|S23,0.8828125,0.08203125,0.03515625,0.0,0.0,0.0,0.0,0.0,0.0,Control,
2021_Ren_Cell_COVID|S-S090-2,0.4732824427480916,0.10687022900763359,0.31297709923664124,0.10687022900763359,0.0,0.0,0.0,0.0,0.0,Non-malignant disease,
2021_Chan_CancerCell_SCLC|RU1038_Sort-Freeze,0.030211480362537766,0.0,0.3867069486404834,0.0,0.5740181268882175,0.0,0.0,0.0,0.00906344410876133,Cancer_Tumor,NSCLC
2020_Adams_SciAdv_IPF|010I,0.2716049382716049,0.5308641975308642,0.19753086419753085,0.0,0.0,0.0,0.0,0.0,0.0,Non-malignant disease,
2022_Dominguez-Conde_Science_CellTypist|Pan_T8010321,0.14634146341463414,0.24390243902439024,0.5121951219512195,0.0,0.0,0.0,0.0,0.0,0.0975609756097561,Control,
2023_Terekhova_Immunity_PBMC|L02,0.875,0.125,0.0,0.0,0.0,0.0,0.0,0.0,0.0,Control,
2020_Adams_SciAdv_IPF|098C-a,0.2916666666666667,0.2777777777777778,0.3888888888888889,0.041666666666666664,0.0,0.0,0.0,0.0,0.0,Control,
2021_Pelka_Cell_CRC|C129_T_1_1_1_c1_v2,0.5126050420168067,0.18207282913165265,0.30532212885154064,0.0,0.0,0.0,0.0,0.0,0.0,Cancer_Tumor,CRC
2021_Pelka_Cell_CRC|C132_N_1_1_0_c1_v2,0.5833333333333334,0.14583333333333334,0.16666666666666666,0.0,0.10416666666666667,0.0,0.0,0.0,0.0,Control,
2022_Dominguez-Conde_Science_CellTypist|CZINY-0106,0.1,0.5892857142857143,0.30357142857142855,0.0,0.0,0.0,0.0,0.0,0.007142857142857143,Control,
2023_Terekhova_Immunity_PBMC|A18,0.6476190476190476,0.28095238095238095,0.07142857142857142,0.0,0.0,0.0,0.0,0.0,0.0,Control,
2023_Terekhova_Immunity_PBMC|J01,0.671875,0.203125,0.1171875,0.0,0.0,0.0,0.0,0.0078125,0.0,Control,
2023_Terekhova_Immunity_PBMC|J09,0.7684729064039408,0.1921182266009852,0.03940886699507389,0.0,0.0,0.0,0.0,0.0,0.0,Control,
2021_Pelka_Cell_CRC|C113_T_1_1_1_c1_v2,0.2,0.32727272727272727,0.43636363636363634,0.01818181818181818,0.01818181818181818,0.0,0.0,0.0,0.0,Cancer_Tumor,CRC
2023_Terekhova_Immunity_PBMC|A04,0.7201834862385321,0.24770642201834864,0.03211009174311927,0.0,0.0,0.0,0.0,0.0,0.0,Control,
2021_Stephenson_NatMed_COVID19|MH8919178,0.5906210392902408,0.26996197718631176,0.09885931558935361,0.04055766793409379,0.0,0.0,0.0,0.0,0.0,Control,
2020_Litvinukova_Nature_Heart|HCAHeartST10773170,0.5773195876288659,0.35051546391752575,0.07216494845360824,0.0,0.0,0.0,0.0,0.0,0.0,Control,
2023_Lake_Nature_Kidney|DKD3110035,0.10227272727272728,0.3522727272727273,0.5454545454545454,0.0,0.0,0.0,0.0,0.0,0.0,Non-malignant disease,
2022_Madissoon_NatGenet_Lung|5841STDY7991477,0.1388888888888889,0.26851851851851855,0.009259259259259259,0.0,0.5277777777777778,0.0,0.009259259259259259,0.046296296296296294,0.0,Control,
2021_Pelka_Cell_CRC|C139_N_1_1_1_c1_v2,0.6391184573002755,0.3002754820936639,0.06060606060606061,0.0,0.0,0.0,0.0,0.0,0.0,Control,
2021_Stephenson_NatMed_COVID19|MH9143425,0.23448275862068965,0.496551724137931,0.034482758620689655,0.23448275862068965,0.0,0.0,0.0,0.0,0.0,Non-malignant disease,
2022_Zhou_NatGenet_PDAC|TWCE-HT060P1-S1PAA1A1Z1B1,0.0,0.0,0.746031746031746,0.0,0.25396825396825395,0.0,0.0,0.0,0.0,Cancer_Tumor,PC
2021_Pal_EMBO_Breast|GSM4909295_ER-AH0319,0.584070796460177,0.008849557522123894,0.23008849557522124,0.0,0.07079646017699115,0.035398230088495575,0.0,0.0,0.07079646017699115,Cancer_Tumor,BRCA
2022_Perez_Science_SLE|dmx_flare2,0.5833968012185834,0.3069306930693069,0.0357958872810358,0.03884234577303884,0.0,0.035034272658035034,0.0,0.0,0.0,Non-malignant disease,
2022_Wu_JHematolOnco_AML|GSM4135770_N01_dge,0.9705882352941176,0.0,0.029411764705882353,0.0,0.0,0.0,0.0,0.0,0.0,Control,
2023_Terekhova_Immunity_PBMC|A16,0.875,0.09166666666666666,0.03333333333333333,0.0,0.0,0.0,0.0,0.0,0.0,Control,
2021_Ren_Cell_COVID|S-M027,0.621900826446281,0.31611570247933884,0.06198347107438017,0.0,0.0,0.0,0.0,0.0,0.0,Non-malignant disease,
2022_Dominguez-Conde_Science_CellTypist|CZI-IA10466281+CZI-IA10466377,0.3781609195402299,0.011494252873563218,0.45517241379310347,0.0,0.15517241379310345,0.0,0.0,0.0,0.0,Control,
2021_Ren_Cell_COVID|S-M079,0.41354723707664887,0.3048128342245989,0.26916221033868093,0.012477718360071301,0.0,0.0,0.0,0.0,0.0,Non-malignant disease,
2022_Guilliams_Cell_Liver|CISE08,0.4044943820224719,0.2696629213483146,0.2808988764044944,0.011235955056179775,0.0,0.0,0.033707865168539325,0.0,0.0,Cancer_Metastasis,CRC
2021_Stephenson_NatMed_COVID19|BGCV05_CV0284,0.954337899543379,0.0136986301369863,0.0,0.0319634703196347,0.0,0.0,0.0,0.0,0.0,Non-malignant disease,
2023_Terekhova_Immunity_PBMC|N13,0.9335548172757475,0.0664451827242525,0.0,0.0,0.0,0.0,0.0,0.0,0.0,Control,
2023_Hirz_NatComm_Prostate|GSM5494347_SCG-PCA21-N-LG,0.016666666666666666,0.07222222222222222,0.8666666666666667,0.0,0.044444444444444446,0.0,0.0,0.0,0.0,Cancer_AdjNorm,PRC
2022_TabulaSapiens_Science_TabulaSapiens|TSP14_Large_Intestine_Proximal_10X,0.0,0.14285714285714285,0.8571428571428571,0.0,0.0,0.0,0.0,0.0,0.0,Control,
2023_Terekhova_Immunity_PBMC|G20,0.6582278481012658,0.24050632911392406,0.0759493670886076,0.0,0.02531645569620253,0.0,0.0,0.0,0.0,Control,
2023_Kong_Immunity_CD|I182231_E,0.21532846715328466,0.22992700729927007,0.49635036496350365,0.0,0.0,0.058394160583941604,0.0,0.0,0.0,Non-malignant disease,
2023_Terekhova_Immunity_PBMC|FB03,0.33783783783783783,0.5405405405405406,0.04054054054054054,0.06756756756756757,0.013513513513513514,0.0,0.0,0.0,0.0,Control,
2021_Pelka_Cell_CRC|C129_T_1_1_0_c1_v2,0.5995423340961098,0.041189931350114416,0.35926773455377575,0.0,0.0,0.0,0.0,0.0,0.0,Cancer_Tumor,CRC
2021_Wu_NatGenet_Breast|CID4495,0.23162583518930957,0.0,0.32293986636971045,0.0,0.0,0.38752783964365256,0.0,0.0,0.05790645879732739,Cancer_Tumor,BRCA
2023_Kumar_Nature_Breast|hbca_c144,0.19,0.01,0.72,0.02,0.06,0.0,0.0,0.0,0.0,Control,
2023_Terekhova_Immunity_PBMC|D12,0.43617021276595747,0.5,0.02127659574468085,0.0425531914893617,0.0,0.0,0.0,0.0,0.0,Control,
2023_Terekhova_Immunity_PBMC|M36,0.5333333333333333,0.29743589743589743,0.11282051282051282,0.046153846153846156,0.0,0.010256410256410256,0.0,0.0,0.0,Control,
2022_TabulaSapiens_Science_TabulaSapiens|TSP10_Blood_nan_10X,0.8497409326424871,0.11088082901554404,0.0,0.039378238341968914,0.0,0.0,0.0,0.0,0.0,Control,
2021_Ren_Cell_COVID|S-HC013,0.2773972602739726,0.5753424657534246,0.08561643835616438,0.06164383561643835,0.0,0.0,0.0,0.0,0.0,Control,
2023_Kumar_Nature_Breast|hbca_c10,0.44171779141104295,0.3619631901840491,0.19631901840490798,0.0,0.0,0.0,0.0,0.0,0.0,Control,
2021_Ren_Cell_COVID|S-M040-2,0.49968120958192913,0.22297112669642044,0.23007559887057108,0.047272064851079335,0.0,0.0,0.0,0.0,0.0,Non-malignant disease,
2023_Terekhova_Immunity_PBMC|A06,0.7741116751269036,0.1802030456852792,0.027918781725888325,0.0,0.0,0.0,0.0,0.0,0.017766497461928935,Control,
2021_Ren_Cell_COVID|S-M022,0.6937354988399071,0.22273781902552203,0.018561484918793503,0.06496519721577726,0.0,0.0,0.0,0.0,0.0,Non-malignant disease,
2021_Ren_Cell_COVID|S-HC024,0.3629032258064516,0.38911290322580644,0.14516129032258066,0.1028225806451613,0.0,0.0,0.0,0.0,0.0,Control,
2021_Stephenson_NatMed_COVID19|MH9143426,0.9384449244060475,0.058315334773218146,0.0032397408207343412,0.0,0.0,0.0,0.0,0.0,0.0,Non-malignant disease,
2022_Perez_Science_SLE|dmx_count_AHCM2CDMXX_YE_0831,0.6528608027327071,0.3023057216054654,0.03650725875320239,0.008326216908625107,0.0,0.0,0.0,0.0,0.0,Control,
2023_Kong_Immunity_CD|N18_LP_A,0.410958904109589,0.0273972602739726,0.5342465753424658,0.0,0.0273972602739726,0.0,0.0,0.0,0.0,Control,
2021_Stephenson_NatMed_COVID19|MH9143427,0.6636363636363637,0.045454545454545456,0.13636363636363635,0.1,0.0,0.05454545454545454,0.0,0.0,0.0,Non-malignant disease,
2023_Terekhova_Immunity_PBMC|C11,0.7432432432432432,0.16216216216216217,0.0945945945945946,0.0,0.0,0.0,0.0,0.0,0.0,Control,
2023_Terekhova_Immunity_PBMC|FA03,0.8197573656845754,0.18024263431542462,0.0,0.0,0.0,0.0,0.0,0.0,0.0,Control,
2021_Ren_Cell_COVID|S-S067,0.5144508670520231,0.4277456647398844,0.017341040462427744,0.04046242774566474,0.0,0.0,0.0,0.0,0.0,Non-malignant disease,
2021_Ren_Cell_COVID|S-S039,0.4224137931034483,0.14655172413793102,0.25862068965517243,0.16379310344827586,0.0,0.0,0.0,0.0,0.008620689655172414,Non-malignant disease,
2021_Elmentaite_Nature_Intestine|4918STDY7273964,0.7427777777777778,0.03611111111111111,0.22111111111111112,0.0,0.0,0.0,0.0,0.0,0.0,Non-malignant disease,
2022_TabulaSapiens_Science_TabulaSapiens|TSP14_Large_Intestine_Distal_10X,0.0,0.07894736842105263,0.9210526315789473,0.0,0.0,0.0,0.0,0.0,0.0,Control,
2023_Terekhova_Immunity_PBMC|A28,0.508557457212714,0.3863080684596577,0.02689486552567237,0.07823960880195599,0.0,0.0,0.0,0.0,0.0,Control,
2023_Terekhova_Immunity_PBMC|M33,0.5709090909090909,0.3418181818181818,0.08727272727272728,0.0,0.0,0.0,0.0,0.0,0.0,Control,
2021_Ren_Cell_COVID|S-S074-1,0.615878107457899,0.1226944667201283,0.21732157177225342,0.044105854049719326,0.0,0.0,0.0,0.0,0.0,Non-malignant disease,
2021_Ren_Cell_COVID|S-M010-6,0.6488463702870005,0.3006940536484712,0.025323579065841307,0.025135996998686926,0.0,0.0,0.0,0.0,0.0,Non-malignant disease,
2021_Stephenson_NatMed_COVID19|MH9143277,0.6760154738878144,0.16876208897485492,0.08075435203094777,0.07446808510638298,0.0,0.0,0.0,0.0,0.0,Non-malignant disease,
2022_Dominguez-Conde_Science_CellTypist|Pan_T7980358,0.2668240850059032,0.3482880755608028,0.2892561983471074,0.0,0.09563164108618655,0.0,0.0,0.0,0.0,Control,
2020_Adams_SciAdv_IPF|238CO,0.06756756756756757,0.04054054054054054,0.8378378378378378,0.05405405405405406,0.0,0.0,0.0,0.0,0.0,Non-malignant disease,
2021_Ren_Cell_COVID|S-M049,0.09748427672955975,0.05345911949685535,0.0,0.0,0.0,0.8490566037735849,0.0,0.0,0.0,Non-malignant disease,
2023_Terekhova_Immunity_PBMC|D23,0.9239130434782609,0.043478260869565216,0.03260869565217391,0.0,0.0,0.0,0.0,0.0,0.0,Control,
2023_Terekhova_Immunity_PBMC|FB04,0.7061224489795919,0.22040816326530613,0.07346938775510205,0.0,0.0,0.0,0.0,0.0,0.0,Control,
2023_Terekhova_Immunity_PBMC|M20,0.49572649572649574,0.48717948717948717,0.0,0.0,0.0,0.017094017094017096,0.0,0.0,0.0,Control,
2021_Ren_Cell_COVID|S-M018,0.47368421052631576,0.32068543451652387,0.189718482252142,0.01591187270501836,0.0,0.0,0.0,0.0,0.0,Non-malignant disease,
2023_Terekhova_Immunity_PBMC|G05,0.27380952380952384,0.4880952380952381,0.21428571428571427,0.0,0.0,0.0,0.023809523809523808,0.0,0.0,Control,
2023_Terekhova_Immunity_PBMC|A40,0.5266272189349113,0.38461538461538464,0.05917159763313609,0.029585798816568046,0.0,0.0,0.0,0.0,0.0,Control,
2023_Kong_Immunity_CD|I178961_L,0.03260869565217391,0.11956521739130435,0.7391304347826086,0.010869565217391304,0.005434782608695652,0.06521739130434782,0.0,0.02717391304347826,0.0,Non-malignant disease,
2021_Ren_Cell_COVID|S-M065,0.5352941176470588,0.2647058823529412,0.06470588235294118,0.13529411764705881,0.0,0.0,0.0,0.0,0.0,Non-malignant disease,
2023_Hirz_NatComm_Prostate|GSM5494372_SCG-PCA18-N-LG,0.0,0.038461538461538464,0.9230769230769231,0.0,0.0,0.0,0.038461538461538464,0.0,0.0,Cancer_AdjNorm,PRC
2020_Park_Science_Thymus|WSSS8062674,0.20618556701030927,0.24742268041237114,0.36082474226804123,0.0,0.10309278350515463,0.05154639175257732,0.0,0.0,0.030927835051546393,Control,
2021_Ren_Cell_COVID|S-S063,0.7122302158273381,0.11510791366906475,0.15827338129496402,0.007194244604316547,0.0,0.0,0.007194244604316547,0.0,0.0,Non-malignant disease,
2023_Terekhova_Immunity_PBMC|B17,0.4252336448598131,0.46261682242990654,0.11214953271028037,0.0,0.0,0.0,0.0,0.0,0.0,Control,
2021_Ren_Cell_COVID|S-HC025,0.4839572192513369,0.14705882352941177,0.3181818181818182,0.05080213903743316,0.0,0.0,0.0,0.0,0.0,Control,
2021_Pelka_Cell_CRC|C146_T_1_1_1_c1_v2,0.38372093023255816,0.06976744186046512,0.5116279069767442,0.0,0.011627906976744186,0.011627906976744186,0.0,0.0,0.011627906976744186,Cancer_Tumor,CRC
2021_Ren_Cell_COVID|S-M036-1,0.689873417721519,0.20253164556962025,0.10759493670886076,0.0,0.0,0.0,0.0,0.0,0.0,Non-malignant disease,
2021_Elmentaite_Nature_Intestine|4918STDY7962470,0.0,0.2608695652173913,0.7391304347826086,0.0,0.0,0.0,0.0,0.0,0.0,Non-malignant disease,
2021_Ren_Cell_COVID|S-S059,0.21658986175115208,0.5207373271889401,0.11059907834101383,0.15207373271889402,0.0,0.0,0.0,0.0,0.0,Non-malignant disease,
2021_Elmentaite_Nature_Intestine|4918STDY7273965,0.7455089820359282,0.0,0.20359281437125748,0.0,0.0,0.00499001996007984,0.0,0.04590818363273453,0.0,Non-malignant disease,
2021_Pal_EMBO_Breast|GSM4909288_TN-B1-MH0177,0.0182370820668693,0.07142857142857142,0.5455927051671733,0.0,0.0,0.3404255319148936,0.0,0.0,0.0243161094224924,Cancer_Tumor,BRCA
2022_Dominguez-Conde_Science_CellTypist|Pan_T7991589,0.04225352112676056,0.16901408450704225,0.5258215962441315,0.0,0.051643192488262914,0.2112676056338028,0.0,0.0,0.0,Control,
2022_Dominguez-Conde_Science_CellTypist|CZINY-0060,0.390625,0.3125,0.2890625,0.0,0.0,0.0,0.0,0.0,0.0078125,Control,
2021_Pelka_Cell_CRC|C125_T_1_1_1_c1_v2,0.36538461538461536,0.2980769230769231,0.3173076923076923,0.0,0.019230769230769232,0.0,0.0,0.0,0.0,Cancer_Tumor,CRC
2023_Terekhova_Immunity_PBMC|G03,0.6092436974789915,0.226890756302521,0.11764705882352941,0.046218487394957986,0.0,0.0,0.0,0.0,0.0,Control,
2021_Pelka_Cell_CRC|C156_T_1_1_1_c1_v3,0.44,0.17333333333333334,0.32,0.0,0.02666666666666667,0.0,0.0,0.02666666666666667,0.013333333333333334,Cancer_Tumor,CRC
2022_TabulaSapiens_Science_TabulaSapiens|TSP2_Thymus_nan_10X,0.39572192513368987,0.5877491492464755,0.01652892561983471,0.0,0.0,0.0,0.0,0.0,0.0,Control,
2021_Ren_Cell_COVID|S-S080,0.7652582159624414,0.20187793427230047,0.03286384976525822,0.0,0.0,0.0,0.0,0.0,0.0,Non-malignant disease,
2023_Kong_Immunity_CD|H158108_N3,0.0948905109489051,0.4306569343065693,0.4744525547445255,0.0,0.0,0.0,0.0,0.0,0.0,Control,
2023_Terekhova_Immunity_PBMC|T16,0.5042735042735043,0.3247863247863248,0.15384615384615385,0.0,0.0,0.017094017094017096,0.0,0.0,0.0,Control,
2023_Kong_Immunity_CD|N172428_L1,0.15384615384615385,0.11538461538461539,0.3076923076923077,0.0,0.40384615384615385,0.0,0.019230769230769232,0.0,0.0,Non-malignant disease,
2021_Ren_Cell_COVID|S-M053,0.8590163934426229,0.09508196721311475,0.04590163934426229,0.0,0.0,0.0,0.0,0.0,0.0,Non-malignant disease,
2023_Terekhova_Immunity_PBMC|E23,0.7428571428571429,0.24761904761904763,0.009523809523809525,0.0,0.0,0.0,0.0,0.0,0.0,Control,
2023_Terekhova_Immunity_PBMC|C18,0.4204081632653061,0.2163265306122449,0.3306122448979592,0.0326530612244898,0.0,0.0,0.0,0.0,0.0,Control,
2023_Terekhova_Immunity_PBMC|S12,0.1875,0.7125,0.0375,0.0625,0.0,0.0,0.0,0.0,0.0,Control,
2021_Pelka_Cell_CRC|C125_T_1_1_1_c2_v2,0.4765625,0.3515625,0.171875,0.0,0.0,0.0,0.0,0.0,0.0,Cancer_Tumor,CRC
2021_Chan_CancerCell_SCLC|RU1170g_Sort-Freeze,0.06451612903225806,0.34838709677419355,0.5612903225806452,0.0,0.012903225806451613,0.0,0.012903225806451613,0.0,0.0,Cancer_Tumor,NSCLC
2022_Dominguez-Conde_Science_CellTypist|Pan_T8010325,0.5019404915912031,0.1888745148771022,0.01034928848641656,0.0,0.2988357050452781,0.0,0.0,0.0,0.0,Control,
2021_Ren_Cell_COVID|S-M029,0.6384364820846905,0.2182410423452769,0.04560260586319218,0.07166123778501629,0.0,0.026058631921824105,0.0,0.0,0.0,Non-malignant disease,
2022_Dominguez-Conde_Science_CellTypist|CZINY-0062,0.373015873015873,0.2698412698412698,0.2698412698412698,0.0,0.07936507936507936,0.0,0.0,0.0,0.007936507936507936,Control,
2021_Pal_EMBO_Breast|GSM4909316_ER-MH0167-LN,0.0,0.3567567567567568,0.6432432432432432,0.0,0.0,0.0,0.0,0.0,0.0,Cancer_Tumor,BRCA
2022_Dominguez-Conde_Science_CellTypist|Pan_T7935491,0.5331734612310152,0.037569944044764186,0.37170263788968827,0.019184652278177457,0.032773780975219824,0.0,0.0,0.0,0.005595523581135092,Control,
2022_Kumar_CancerDis_Gastric|GSM5573495_sample30,0.1786833855799373,0.0,0.25391849529780564,0.0,0.5078369905956113,0.0,0.0,0.0,0.05956112852664577,Cancer_Tumor,GC
2022_Kumar_CancerDis_Gastric|GSM5573492_sample27,0.0,0.1076923076923077,0.0,0.0,0.8615384615384616,0.0,0.0,0.0,0.03076923076923077,Cancer_AdjNorm,GC
2021_Ren_Cell_COVID|S-HC015,0.7084785133565621,0.1997677119628339,0.023228803716608595,0.06852497096399536,0.0,0.0,0.0,0.0,0.0,Control,
2021_Chan_CancerCell_SCLC|RU682_T,0.0,0.013071895424836602,0.0784313725490196,0.0,0.9084967320261438,0.0,0.0,0.0,0.0,Cancer_Tumor,NSCLC
2021_Stephenson_NatMed_COVID19|BGCV07_CV0134,0.2348993288590604,0.1342281879194631,0.2483221476510067,0.21476510067114093,0.0,0.16778523489932887,0.0,0.0,0.0,Non-malignant disease,
2023_Lake_Nature_Kidney|KC36,0.31666666666666665,0.48333333333333334,0.2,0.0,0.0,0.0,0.0,0.0,0.0,Control,
2021_Ren_Cell_COVID|S-S035-2,0.8380281690140845,0.04929577464788732,0.09859154929577464,0.0,0.007042253521126761,0.007042253521126761,0.0,0.0,0.0,Non-malignant disease,
2021_Stephenson_NatMed_COVID19|MH9179821,0.2054263565891473,0.05426356589147287,0.0,0.027131782945736434,0.0,0.7131782945736435,0.0,0.0,0.0,Non-malignant disease,
2023_Terekhova_Immunity_PBMC|L16,0.47540983606557374,0.36885245901639346,0.11475409836065574,0.040983606557377046,0.0,0.0,0.0,0.0,0.0,Control,
2021_Stephenson_NatMed_COVID19|BGCV11_CV0058,0.9523809523809523,0.0,0.047619047619047616,0.0,0.0,0.0,0.0,0.0,0.0,Non-malignant disease,
2022_Hwang_NatGenet_PDAC|T8_CRT,0.6954545454545454,0.30454545454545456,0.0,0.0,0.0,0.0,0.0,0.0,0.0,Cancer_Tumor,PC
2021_Ren_Cell_COVID|S-S022-2,0.6153081510934394,0.3290258449304175,0.029324055666003976,0.026341948310139165,0.0,0.0,0.0,0.0,0.0,Non-malignant disease,
2023_Kumar_Nature_Breast|hbca_c77,0.23684210526315788,0.18421052631578946,0.5789473684210527,0.0,0.0,0.0,0.0,0.0,0.0,Control,
2021_Ren_Cell_COVID|S-M033,0.590693757237604,0.19812611853879356,0.15359511527529213,0.05758500894831035,0.0,0.0,0.0,0.0,0.0,Non-malignant disease,
2022_Emont_Nature_WAT|Hs_SAT_13-1,0.6984126984126984,0.30158730158730157,0.0,0.0,0.0,0.0,0.0,0.0,0.0,Control,
2023_Kong_Immunity_CD|I130084_L,0.3293172690763052,0.04819277108433735,0.5742971887550201,0.0,0.04819277108433735,0.0,0.0,0.0,0.0,Non-malignant disease,
2021_Pelka_Cell_CRC|C165_N_0_0_0_c1_v3,0.44878048780487806,0.24390243902439024,0.2975609756097561,0.0,0.0,0.0,0.00975609756097561,0.0,0.0,Control,
2022_Dominguez-Conde_Science_CellTypist|Pan_T7917815,0.225,0.015,0.1375,0.0,0.6,0.0225,0.0,0.0,0.0,Control,
2021_Stephenson_NatMed_COVID19|BGCV03_CV0176,0.5245901639344263,0.3442622950819672,0.11475409836065574,0.0,0.0,0.0,0.0,0.0,0.01639344262295082,Non-malignant disease,
2021_Pelka_Cell_CRC|C166_T_0_0_0_c1_v3,0.5636363636363636,0.21818181818181817,0.18181818181818182,0.03636363636363636,0.0,0.0,0.0,0.0,0.0,Cancer_Tumor,CRC
2023_Terekhova_Immunity_PBMC|G02,0.6984126984126984,0.21428571428571427,0.0873015873015873,0.0,0.0,0.0,0.0,0.0,0.0,Control,
2021_Stephenson_NatMed_COVID19|BGCV07_CV0137,0.8074074074074075,0.05925925925925926,0.06666666666666667,0.05925925925925926,0.0,0.007407407407407408,0.0,0.0,0.0,Non-malignant disease,
2023_Terekhova_Immunity_PBMC|B16,0.72,0.22666666666666666,0.03333333333333333,0.0,0.0,0.02,0.0,0.0,0.0,Control,
2021_Ren_Cell_COVID|S-S001-3,0.14814814814814814,0.027777777777777776,0.7685185185185185,0.0,0.0,0.0,0.0,0.05555555555555555,0.0,Non-malignant disease,
2022_Madissoon_NatGenet_Lung|HCATisStab7732263,0.030927835051546393,0.21649484536082475,0.061855670103092786,0.0,0.5876288659793815,0.0,0.0,0.0,0.10309278350515463,Control,
2022_Dominguez-Conde_Science_CellTypist|CZINY-0059,0.4258064516129032,0.2645161290322581,0.2903225806451613,0.0,0.0,0.0,0.0,0.0,0.01935483870967742,Control,
2023_Terekhova_Immunity_PBMC|M11,0.6796116504854369,0.18932038834951456,0.13106796116504854,0.0,0.0,0.0,0.0,0.0,0.0,Control,
2022_Dominguez-Conde_Science_CellTypist|CZINY-0104,0.07317073170731707,0.6933797909407665,0.23344947735191637,0.0,0.0,0.0,0.0,0.0,0.0,Control,
2021_Stephenson_NatMed_COVID19|MH8919278,0.8123980424143556,0.1533442088091354,0.03425774877650897,0.0,0.0,0.0,0.0,0.0,0.0,Control,
2021_Hao_Cell_Blood|P3_3,0.6035182679296346,0.2219215155615697,0.17456021650879566,0.0,0.0,0.0,0.0,0.0,0.0,Control,
2023_Terekhova_Immunity_PBMC|FL02,0.7531645569620253,0.2468354430379747,0.0,0.0,0.0,0.0,0.0,0.0,0.0,Control,
2023_Terekhova_Immunity_PBMC|B11,0.8007662835249042,0.14942528735632185,0.04980842911877394,0.0,0.0,0.0,0.0,0.0,0.0,Control,
2023_Fonseca_NatGenet_Endometriosis|sample43,0.37894736842105264,0.0,0.4842105263157895,0.0,0.1368421052631579,0.0,0.0,0.0,0.0,Non-malignant disease,
2020_Park_Science_Thymus|WSSS8062669,0.3157262905162065,0.24489795918367346,0.20408163265306123,0.0,0.20888355342136855,0.026410564225690276,0.0,0.0,0.0,Control,
2023_Terekhova_Immunity_PBMC|M14,0.4789915966386555,0.3697478991596639,0.12605042016806722,0.01680672268907563,0.0,0.0,0.0,0.0,0.008403361344537815,Control,
2021_Ren_Cell_COVID|S-M017,0.4387755102040816,0.41836734693877553,0.10714285714285714,0.015306122448979591,0.0,0.02040816326530612,0.0,0.0,0.0,Non-malignant disease,
2023_Hirz_NatComm_Prostate|GSM5494375_SCG-PCA19-T-HG,0.0,0.024193548387096774,0.9758064516129032,0.0,0.0,0.0,0.0,0.0,0.0,Cancer_Tumor,PRC
2022_Gur_Cell_Sceleroderma|GSM5837535_AB8334,0.6341463414634146,0.0975609756097561,0.2682926829268293,0.0,0.0,0.0,0.0,0.0,0.0,Non-malignant disease,
2021_Ren_Cell_COVID|S-S035-4,0.496,0.256,0.176,0.072,0.0,0.0,0.0,0.0,0.0,Non-malignant disease,
2023_Wang_SciAdv_CRC|s1125_Liver_Metastasis,0.0,0.10434782608695652,0.8173913043478261,0.0,0.008695652173913044,0.0,0.0,0.0,0.06956521739130435,Cancer_Metastasis,CRC
2021_Stephenson_NatMed_COVID19|MH9179828,0.5533980582524272,0.05339805825242718,0.0,0.3932038834951456,0.0,0.0,0.0,0.0,0.0,Control,
2021_Ren_Cell_COVID|S-S052,0.4398148148148148,0.2993827160493827,0.17592592592592593,0.08487654320987655,0.0,0.0,0.0,0.0,0.0,Non-malignant disease,
2023_Hirz_NatComm_Prostate|GSM5494380_SCG-PCA24-N-CplusD,0.0,0.0,0.9982332155477032,0.0,0.0017667844522968198,0.0,0.0,0.0,0.0,Cancer_AdjNorm,PRC
2023_Terekhova_Immunity_PBMC|A38,0.8333333333333334,0.08064516129032258,0.08602150537634409,0.0,0.0,0.0,0.0,0.0,0.0,Control,
2021_Stephenson_NatMed_COVID19|AP10,0.125,0.0,0.0,0.04044117647058824,0.0,0.8345588235294118,0.0,0.0,0.0,Non-malignant disease,
2022_Dominguez-Conde_Science_CellTypist|Pan_T8986827,0.3341288782816229,0.1360381861575179,0.43914081145584727,0.00477326968973747,0.08591885441527446,0.0,0.0,0.0,0.0,Control,
2021_Ren_Cell_COVID|S-S073-1,0.48554913294797686,0.26011560693641617,0.15028901734104047,0.10404624277456648,0.0,0.0,0.0,0.0,0.0,Non-malignant disease,
2021_Stephenson_NatMed_COVID19|BGCV04_CV0262,0.78125,0.017857142857142856,0.1875,0.013392857142857142,0.0,0.0,0.0,0.0,0.0,Non-malignant disease,
Sarah2019|MS242_CA5,0.5035971223021583,0.0,0.49640287769784175,0.0,0.0,0.0,0.0,0.0,0.0,Non-malignant disease,
2021_Pelka_Cell_CRC|C130_N_1_1_0_c1_v2,0.16666666666666666,0.2631578947368421,0.5701754385964912,0.0,0.0,0.0,0.0,0.0,0.0,Control,
2021_Stephenson_NatMed_COVID19|MH9143274,0.7272727272727273,0.07272727272727272,0.2,0.0,0.0,0.0,0.0,0.0,0.0,Non-malignant disease,
2021_Ren_Cell_COVID|S-M021,0.5152838427947598,0.24017467248908297,0.20087336244541484,0.034934497816593885,0.0,0.008733624454148471,0.0,0.0,0.0,Non-malignant disease,
2023_Kong_Immunity_CD|N119540_L2,0.29608938547486036,0.14664804469273743,0.5572625698324022,0.0,0.0,0.0,0.0,0.0,0.0,Non-malignant disease,
2023_Wang_SciAdv_CRC|s0107_Colon_AdjNorm,0.09408602150537634,0.05913978494623656,0.7553763440860215,0.0,0.05913978494623656,0.0,0.002688172043010753,0.0,0.02956989247311828,Cancer_AdjNorm,CRC
2021_Ren_Cell_COVID|S-M061-2,0.5048543689320388,0.13592233009708737,0.1553398058252427,0.17475728155339806,0.0,0.02912621359223301,0.0,0.0,0.0,Non-malignant disease,
2022_TabulaSapiens_Science_TabulaSapiens|TSP7_Salivary_Gland_Parotid_10X,0.2825783972125436,0.4564459930313589,0.24285714285714285,0.0,0.0,0.0,0.0,0.0,0.018118466898954706,Control,
2023_Kong_Immunity_CD|H180844_N3,0.5574712643678161,0.0,0.4425287356321839,0.0,0.0,0.0,0.0,0.0,0.0,Control,
2023_Kumar_Nature_Breast|hbca_c146,0.21705426356589147,0.05426356589147287,0.7209302325581395,0.0,0.0,0.0,0.007751937984496124,0.0,0.0,Control,
2021_Ren_Cell_COVID|S-S041,0.6458481192334989,0.0,0.35415188076650106,0.0,0.0,0.0,0.0,0.0,0.0,Non-malignant disease,
2021_Pelka_Cell_CRC|C110_N_1_1_0_c1_v2,0.7587476979742173,0.06813996316758748,0.1731123388581952,0.0,0.0,0.0,0.0,0.0,0.0,Control,
2023_Terekhova_Immunity_PBMC|C12,0.33064516129032256,0.3387096774193548,0.25,0.0,0.0,0.07258064516129033,0.0,0.0,0.008064516129032258,Control,
2023_Wang_SciAdv_CRC|s0816_Blood_Blood,0.8688524590163934,0.03278688524590164,0.06557377049180328,0.03278688524590164,0.0,0.0,0.0,0.0,0.0,Cancer_Blood,CRC
2023_Terekhova_Immunity_PBMC|A30,0.6544117647058824,0.2647058823529412,0.0661764705882353,0.0,0.0,0.0,0.0,0.0,0.014705882352941176,Control,
2021_Stephenson_NatMed_COVID19|MH9143275,0.600328947368421,0.2294407894736842,0.15378289473684212,0.01644736842105263,0.0,0.0,0.0,0.0,0.0,Non-malignant disease,
2022_TabulaSapiens_Science_TabulaSapiens|TSP7_Spleen_nan_10X,0.20762052877138415,0.09253499222395023,0.687402799377916,0.012441679626749611,0.0,0.0,0.0,0.0,0.0,Control,
2021_Pelka_Cell_CRC|C170_T_0_0_0_c1_v3,0.7875,0.0,0.2,0.0,0.0,0.0,0.0125,0.0,0.0,Cancer_Tumor,CRC
2023_Terekhova_Immunity_PBMC|P09,0.6666666666666666,0.2361111111111111,0.09722222222222222,0.0,0.0,0.0,0.0,0.0,0.0,Control,
2021_Ren_Cell_COVID|S-S055,0.4774624373956594,0.3005008347245409,0.22203672787979967,0.0,0.0,0.0,0.0,0.0,0.0,Non-malignant disease,
2023_Kumar_Nature_Breast|hbca_c81,0.23399558498896247,0.026490066225165563,0.6931567328918322,0.0,0.046357615894039736,0.0,0.0,0.0,0.0,Control,
2023_Terekhova_Immunity_PBMC|L10,0.23316062176165803,0.616580310880829,0.11398963730569948,0.03626943005181347,0.0,0.0,0.0,0.0,0.0,Control,
2021_Ren_Cell_COVID|S-S045,0.2146118721461187,0.2968036529680365,0.3424657534246575,0.1232876712328767,0.0,0.0,0.0,0.0,0.0228310502283105,Non-malignant disease,
2023_Terekhova_Immunity_PBMC|A31,0.3869047619047619,0.47023809523809523,0.125,0.0,0.0,0.0,0.0,0.0,0.017857142857142856,Control,
2021_Pelka_Cell_CRC|C122_T_1_1_0_c1_v2,0.07142857142857142,0.07142857142857142,0.7678571428571429,0.0,0.03571428571428571,0.0,0.0,0.05357142857142857,0.0,Cancer_Tumor,CRC
2021_Ren_Cell_COVID|S-HC009,0.45288753799392095,0.08206686930091185,0.43465045592705165,0.030395136778115502,0.0,0.0,0.0,0.0,0.0,Control,
2023_Kong_Immunity_CD|H197396_N2,0.06722689075630252,0.16806722689075632,0.7310924369747899,0.0,0.01680672268907563,0.0,0.0,0.0,0.01680672268907563,Control,
2021_Pelka_Cell_CRC|C138_T_0_0_0_c1_v2,0.2222222222222222,0.31746031746031744,0.3492063492063492,0.0,0.0,0.015873015873015872,0.06349206349206349,0.0,0.031746031746031744,Cancer_Tumor,CRC
2023_Terekhova_Immunity_PBMC|B23,0.6721311475409836,0.3114754098360656,0.01639344262295082,0.0,0.0,0.0,0.0,0.0,0.0,Control,
2023_Terekhova_Immunity_PBMC|FA02,0.8728323699421965,0.10404624277456648,0.023121387283236993,0.0,0.0,0.0,0.0,0.0,0.0,Control,
2023_Terekhova_Immunity_PBMC|T23,0.6125,0.3875,0.0,0.0,0.0,0.0,0.0,0.0,0.0,Control,
2023_Terekhova_Immunity_PBMC|P01,0.7092511013215859,0.14537444933920704,0.14537444933920704,0.0,0.0,0.0,0.0,0.0,0.0,Control,
2023_Terekhova_Immunity_PBMC|FD02,0.5841584158415841,0.26732673267326734,0.1485148514851485,0.0,0.0,0.0,0.0,0.0,0.0,Control,
2023_Terekhova_Immunity_PBMC|E29,0.5151515151515151,0.3787878787878788,0.06060606060606061,0.015151515151515152,0.0,0.0,0.0,0.0,0.030303030303030304,Control,
2023_Terekhova_Immunity_PBMC|D09,0.1728395061728395,0.4567901234567901,0.2962962962962963,0.0,0.012345679012345678,0.0,0.0,0.0,0.06172839506172839,Control,
2021_Ren_Cell_COVID|S-S021-4,0.6428757488929409,0.26855952070851785,0.05886949726491274,0.02969523313362855,0.0,0.0,0.0,0.0,0.0,Non-malignant disease,
2022_Zhou_NatGenet_PDAC|HT056P-S1R1A1,0.2376237623762376,0.06930693069306931,0.6485148514851485,0.0,0.012376237623762377,0.0,0.0,0.0,0.03217821782178218,Cancer_Tumor,PC
2022_Perez_Science_SLE|dmx_YE_8-17,0.8035337046283849,0.11254081044747455,0.06087958517380449,0.023045899750336087,0.0,0.0,0.0,0.0,0.0,Non-malignant disease,
2021_Pelka_Cell_CRC|C137_N_1_1_1_c1_v2,0.1686746987951807,0.2289156626506024,0.5783132530120482,0.0,0.0,0.0,0.0,0.0,0.024096385542168676,Control,
2021_Ren_Cell_COVID|S-S021-3,0.6946820379323169,0.22870955745630345,0.052993677947192265,0.012086277426552623,0.0,0.011528449237634809,0.0,0.0,0.0,Non-malignant disease,
2021_Ren_Cell_COVID|S-M015,0.047885075818036714,0.0,0.9521149241819633,0.0,0.0,0.0,0.0,0.0,0.0,Non-malignant disease,
2022_Kumar_CancerDis_Gastric|GSM5573479_sample14,0.3277661795407098,0.014613778705636743,0.1127348643006263,0.0,0.5219206680584552,0.022964509394572025,0.0,0.0,0.0,Cancer_Tumor,GC
2021_Ren_Cell_COVID|S-S026,0.036036036036036036,0.046546546546546545,0.7192192192192193,0.0,0.0,0.1981981981981982,0.0,0.0,0.0,Non-malignant disease,
2020_Adams_SciAdv_IPF|192CO-a,0.058823529411764705,0.4117647058823529,0.5098039215686274,0.0,0.0,0.0,0.0,0.0,0.0196078431372549,Non-malignant disease,
2020_Park_Science_Thymus|4861STDY7462261,0.10843373493975904,0.43373493975903615,0.3493975903614458,0.0,0.012048192771084338,0.07228915662650602,0.0,0.0,0.024096385542168676,Control,
2022_Kumar_CancerDis_Gastric|GSM5573493_sample28,0.0,0.0,0.07586206896551724,0.0,0.9241379310344827,0.0,0.0,0.0,0.0,Cancer_Tumor,GC
2021_Pelka_Cell_CRC|C139_T_1_1_1_c1_v2,0.56,0.32,0.06666666666666667,0.02666666666666667,0.02666666666666667,0.0,0.0,0.0,0.0,Cancer_Tumor,CRC
2020_Park_Science_Thymus|4861STDY7462263,0.1323529411764706,0.6029411764705882,0.1323529411764706,0.014705882352941176,0.0,0.07352941176470588,0.014705882352941176,0.0,0.029411764705882353,Control,
2022_Kumar_CancerDis_Gastric|GSM5573472_sample7,0.35,0.0125,0.325,0.0,0.2875,0.0,0.0,0.0,0.025,Cancer_Tumor,GC
2020_Park_Science_Thymus|4861STDY7528591,0.06756756756756757,0.25675675675675674,0.4864864864864865,0.0,0.0,0.0945945945945946,0.0,0.0,0.0945945945945946,Control,
2023_Terekhova_Immunity_PBMC|G04,0.6728971962616822,0.18691588785046728,0.056074766355140186,0.08411214953271028,0.0,0.0,0.0,0.0,0.0,Control,
2021_Pelka_Cell_CRC|C171_TA_1_1_0_c1_v3,0.05952380952380952,0.6845238095238095,0.25595238095238093,0.0,0.0,0.0,0.0,0.0,0.0,Cancer_Tumor,CRC
2023_Terekhova_Immunity_PBMC|A25,0.676923076923077,0.25769230769230766,0.06538461538461539,0.0,0.0,0.0,0.0,0.0,0.0,Control,
2022_Perez_Science_SLE|dmx_AbFlare-4,0.7626179729175215,0.1395157981124333,0.023184242921624947,0.054985638079606075,0.0,0.019696347968814115,0.0,0.0,0.0,Non-malignant disease,
2021_Stephenson_NatMed_COVID19|BGCV09_CV0062,0.8666666666666667,0.1,0.03333333333333333,0.0,0.0,0.0,0.0,0.0,0.0,Non-malignant disease,
2022_Guilliams_Cell_Liver|CISE09,0.24096385542168675,0.24096385542168675,0.39759036144578314,0.024096385542168676,0.0,0.0,0.060240963855421686,0.0,0.03614457831325301,Cancer_Metastasis,CRC
2023_Terekhova_Immunity_PBMC|FE02,0.8352941176470589,0.16470588235294117,0.0,0.0,0.0,0.0,0.0,0.0,0.0,Control,
2021_Ren_Cell_COVID|S-S057,0.20618556701030927,0.1718213058419244,0.47079037800687284,0.15120274914089346,0.0,0.0,0.0,0.0,0.0,Non-malignant disease,
2021_Chan_CancerCell_SCLC|RU661_T,0.0,0.07692307692307693,0.10256410256410256,0.0,0.8205128205128205,0.0,0.0,0.0,0.0,Cancer_Tumor,NSCLC
2023_Kumar_Nature_Breast|hbca_c96,0.031578947368421054,0.2736842105263158,0.6947368421052632,0.0,0.0,0.0,0.0,0.0,0.0,Control,
2021_Stephenson_NatMed_COVID19|BGCV03_CV0074,0.5883940620782726,0.24561403508771928,0.12955465587044535,0.03643724696356275,0.0,0.0,0.0,0.0,0.0,Non-malignant disease,
2023_Wang_SciAdv_CRC|s1125_Colon_AdjNorm,0.1027190332326284,0.027190332326283987,0.8096676737160121,0.045317220543806644,0.0,0.0,0.0,0.0,0.015105740181268883,Cancer_AdjNorm,CRC
2021_Pelka_Cell_CRC|C104_T_1_1_0_c1_v2,0.56,0.0,0.41,0.0,0.0,0.0,0.02,0.01,0.0,Cancer_Tumor,CRC
2022_Dominguez-Conde_Science_CellTypist|CZINY-0105,0.04713804713804714,0.6599326599326599,0.29292929292929293,0.0,0.0,0.0,0.0,0.0,0.0,Control,
2021_Stephenson_NatMed_COVID19|BGCV12_CV0926,0.7478991596638656,0.06722689075630252,0.18487394957983194,0.0,0.0,0.0,0.0,0.0,0.0,Control,
2023_Terekhova_Immunity_PBMC|M21,0.6253918495297806,0.30250783699059564,0.061128526645768025,0.0109717868338558,0.0,0.0,0.0,0.0,0.0,Control,
2021_Stephenson_NatMed_COVID19|MH8919282,0.6424050632911392,0.3227848101265823,0.03481012658227848,0.0,0.0,0.0,0.0,0.0,0.0,Control,
2021_Stephenson_NatMed_COVID19|MH8919332,0.5486111111111112,0.13194444444444445,0.3194444444444444,0.0,0.0,0.0,0.0,0.0,0.0,Control,
2021_Ren_Cell_COVID|S-S050,0.0,0.0035450516986706058,0.3459379615952733,0.0,0.0,0.6505169867060562,0.0,0.0,0.0,Non-malignant disease,
2021_Ren_Cell_COVID|S-M011,0.33116883116883117,0.564935064935065,0.1038961038961039,0.0,0.0,0.0,0.0,0.0,0.0,Non-malignant disease,
2021_Ren_Cell_COVID|S-M035-1,0.1910828025477707,0.025477707006369428,0.3821656050955414,0.0,0.0,0.4012738853503185,0.0,0.0,0.0,Non-malignant disease,
2021_Ren_Cell_COVID|S-M028,0.5301204819277109,0.25903614457831325,0.07228915662650602,0.08433734939759036,0.0,0.05421686746987952,0.0,0.0,0.0,Non-malignant disease,
2023_Terekhova_Immunity_PBMC|G17,0.4222222222222222,0.3377777777777778,0.24,0.0,0.0,0.0,0.0,0.0,0.0,Control,
2021_Ren_Cell_COVID|S-M016,0.07891156462585033,0.0,0.9210884353741496,0.0,0.0,0.0,0.0,0.0,0.0,Non-malignant disease,
2021_Ren_Cell_COVID|S-HC006,0.526984126984127,0.1111111111111111,0.25396825396825395,0.10793650793650794,0.0,0.0,0.0,0.0,0.0,Control,
2023_Terekhova_Immunity_PBMC|E04,0.8014184397163121,0.18439716312056736,0.014184397163120567,0.0,0.0,0.0,0.0,0.0,0.0,Control,
2022_Guilliams_Cell_Liver|CS108,0.7525773195876289,0.16494845360824742,0.041237113402061855,0.0,0.041237113402061855,0.0,0.0,0.0,0.0,Cancer_Tumor,HCC
2021_Ren_Cell_COVID|S-S035-1,0.6684491978609626,0.12299465240641712,0.20855614973262032,0.0,0.0,0.0,0.0,0.0,0.0,Non-malignant disease,
2021_Ren_Cell_COVID|S-S070-3,0.8221957040572793,0.07637231503579953,0.10143198090692124,0.0,0.0,0.0,0.0,0.0,0.0,Non-malignant disease,
2023_Terekhova_Immunity_PBMC|L21,0.2692307692307692,0.49230769230769234,0.17692307692307693,0.06153846153846154,0.0,0.0,0.0,0.0,0.0,Control,
2021_Ren_Cell_COVID|S-M010-5,0.652670349907919,0.29705340699815835,0.03296500920810313,0.01731123388581952,0.0,0.0,0.0,0.0,0.0,Non-malignant disease,
2023_Hirz_NatComm_Prostate|GSM5494355_SCG-PCA5-N-LG,0.125,0.421875,0.453125,0.0,0.0,0.0,0.0,0.0,0.0,Cancer_AdjNorm,PRC
2021_Ren_Cell_COVID|S-HC003,0.5826446280991735,0.32644628099173556,0.045454545454545456,0.045454545454545456,0.0,0.0,0.0,0.0,0.0,Control,
2021_Ren_Cell_COVID|S-S020,0.8432432432432433,0.15675675675675677,0.0,0.0,0.0,0.0,0.0,0.0,0.0,Non-malignant disease,
2021_Ren_Cell_COVID|S-HC018-1,0.4135572139303483,0.39116915422885573,0.061567164179104475,0.13370646766169153,0.0,0.0,0.0,0.0,0.0,Control,
2023_Terekhova_Immunity_PBMC|FE08,0.4232081911262799,0.3720136518771331,0.17406143344709898,0.030716723549488054,0.0,0.0,0.0,0.0,0.0,Control,
2023_Fonseca_NatGenet_Endometriosis|sample27,0.12121212121212122,0.015151515151515152,0.4090909090909091,0.0,0.4393939393939394,0.0,0.015151515151515152,0.0,0.0,Non-malignant disease,
2021_Stephenson_NatMed_COVID19|MH8919176,0.75,0.2,0.05,0.0,0.0,0.0,0.0,0.0,0.0,Control,
2021_Stephenson_NatMed_COVID19|MH9143422,0.8491379310344828,0.07614942528735633,0.05603448275862069,0.01867816091954023,0.0,0.0,0.0,0.0,0.0,Non-malignant disease,
2021_Elmentaite_Nature_Intestine|4918STDY7901096,0.3869625520110957,0.09986130374479889,0.5131761442441054,0.0,0.0,0.0,0.0,0.0,0.0,Non-malignant disease,
2020_Adams_SciAdv_IPF|003C,0.46938775510204084,0.1836734693877551,0.3163265306122449,0.02040816326530612,0.01020408163265306,0.0,0.0,0.0,0.0,Control,
2021_Szabo_Immunity_COVID19|COV022_blood_1days,0.7168458781362007,0.13978494623655913,0.14336917562724014,0.0,0.0,0.0,0.0,0.0,0.0,Non-malignant disease,
2021_Ren_Cell_COVID|S-S027,0.035620743844945,0.017286537454164485,0.9470927187008905,0.0,0.0,0.0,0.0,0.0,0.0,Non-malignant disease,
2021_Ren_Cell_COVID|S-M041-2,0.7298747763864043,0.16815742397137745,0.10196779964221825,0.0,0.0,0.0,0.0,0.0,0.0,Non-malignant disease,
2023_Terekhova_Immunity_PBMC|G21,0.5977011494252874,0.30842911877394635,0.022988505747126436,0.07088122605363985,0.0,0.0,0.0,0.0,0.0,Control,
2021_Stephenson_NatMed_COVID19|BGCV11_CV0050,0.5925925925925926,0.09259259259259259,0.2962962962962963,0.018518518518518517,0.0,0.0,0.0,0.0,0.0,Non-malignant disease,
2023_Fonseca_NatGenet_Endometriosis|sample44,0.060810810810810814,0.033783783783783786,0.3716216216216216,0.0,0.5337837837837838,0.0,0.0,0.0,0.0,Non-malignant disease,
2023_Terekhova_Immunity_PBMC|B05,0.6785714285714286,0.17857142857142858,0.13095238095238096,0.0,0.0,0.011904761904761904,0.0,0.0,0.0,Control,
2021_Stephenson_NatMed_COVID19|MH9143322,0.3595505617977528,0.22752808988764045,0.40730337078651685,0.0056179775280898875,0.0,0.0,0.0,0.0,0.0,Non-malignant disease,
2023_Terekhova_Immunity_PBMC|B06,0.8008130081300813,0.15040650406504066,0.04878048780487805,0.0,0.0,0.0,0.0,0.0,0.0,Control,
2021_Elmentaite_Nature_Intestine|Human_colon_16S8123916,0.29292929292929293,0.0,0.04040404040404041,0.0,0.6464646464646465,0.0,0.020202020202020204,0.0,0.0,Control,
2022_Kumar_CancerDis_Gastric|GSM5573471_sample6,0.1,0.0,0.08571428571428572,0.0,0.7571428571428571,0.0,0.0,0.0,0.05714285714285714,Cancer_AdjNorm,GC
2023_Terekhova_Immunity_PBMC|D18,0.8719211822660099,0.08374384236453201,0.04433497536945813,0.0,0.0,0.0,0.0,0.0,0.0,Control,
2021_Stephenson_NatMed_COVID19|MH8919329,0.6493506493506493,0.07792207792207792,0.01948051948051948,0.2532467532467532,0.0,0.0,0.0,0.0,0.0,Non-malignant disease,
2023_Kong_Immunity_CD|I121881_E,0.2865853658536585,0.09146341463414634,0.5609756097560976,0.0,0.0,0.06097560975609756,0.0,0.0,0.0,Non-malignant disease,
2023_Fonseca_NatGenet_Endometriosis|sample32,0.0,0.0,0.29333333333333333,0.0,0.6933333333333334,0.0,0.013333333333333334,0.0,0.0,Non-malignant disease,
2022_Dominguez-Conde_Science_CellTypist|CZI-IA10244332+CZI-IA10244434,0.11280575539568345,0.010647482014388488,0.876546762589928,0.0,0.0,0.0,0.0,0.0,0.0,Control,
2020_Adams_SciAdv_IPF|237CO,0.17444717444717445,0.06142506142506143,0.7641277641277642,0.0,0.0,0.0,0.0,0.0,0.0,Non-malignant disease,
2021_Stephenson_NatMed_COVID19|BGCV01_CV0904,0.39285714285714285,0.33766233766233766,0.2694805194805195,0.0,0.0,0.0,0.0,0.0,0.0,Control,
2023_Terekhova_Immunity_PBMC|D20,0.16666666666666666,0.4895833333333333,0.171875,0.15625,0.0,0.005208333333333333,0.0,0.0,0.010416666666666666,Control,
2023_Terekhova_Immunity_PBMC|B21,0.6120689655172413,0.29310344827586204,0.07758620689655173,0.017241379310344827,0.0,0.0,0.0,0.0,0.0,Control,
2023_Terekhova_Immunity_PBMC|A35,0.7295597484276729,0.13836477987421383,0.08176100628930817,0.050314465408805034,0.0,0.0,0.0,0.0,0.0,Control,
2020_Adams_SciAdv_IPF|222I-a,0.2894736842105263,0.5263157894736842,0.18421052631578946,0.0,0.0,0.0,0.0,0.0,0.0,Non-malignant disease,
2022_Madissoon_NatGenet_Lung|WSSS8062681,0.25675675675675674,0.14864864864864866,0.5945945945945946,0.0,0.0,0.0,0.0,0.0,0.0,Control,
2023_Kumar_Nature_Breast|hbca_c120,0.18032786885245902,0.13114754098360656,0.6721311475409836,0.0,0.01639344262295082,0.0,0.0,0.0,0.0,Cancer_Tumor,BRCA
2021_Pelka_Cell_CRC|C133_T_0_0_0_c2_v2,0.3050847457627119,0.13559322033898305,0.2711864406779661,0.05084745762711865,0.23728813559322035,0.0,0.0,0.0,0.0,Cancer_Tumor,CRC
2023_Wang_SciAdv_CRC|s1231_Colon_AdjNorm,0.1774193548387097,0.04838709677419355,0.7016129032258065,0.0,0.0,0.0,0.04838709677419355,0.0,0.024193548387096774,Cancer_AdjNorm,CRC
2023_Terekhova_Immunity_PBMC|L08,0.6086956521739131,0.2971014492753623,0.043478260869565216,0.043478260869565216,0.0,0.007246376811594203,0.0,0.0,0.0,Control,
2023_Terekhova_Immunity_PBMC|FE01,0.8132854578096947,0.15798922800718132,0.0,0.02872531418312388,0.0,0.0,0.0,0.0,0.0,Control,
2023_Terekhova_Immunity_PBMC|N20,0.7425149700598802,0.16167664670658682,0.0658682634730539,0.029940119760479042,0.0,0.0,0.0,0.0,0.0,Control,
2023_Terekhova_Immunity_PBMC|C08,0.8706896551724138,0.07758620689655173,0.05172413793103448,0.0,0.0,0.0,0.0,0.0,0.0,Control,
2022_Perez_Science_SLE|dmx_YE_8-2,0.7110055423594616,0.21397466349960412,0.05958036421219319,0.015439429928741092,0.0,0.0,0.0,0.0,0.0,Non-malignant disease,
2023_Terekhova_Immunity_PBMC|H06,0.7456896551724138,0.14655172413793102,0.10775862068965517,0.0,0.0,0.0,0.0,0.0,0.0,Control,
2020_Adams_SciAdv_IPF|135I-b,0.32978723404255317,0.24468085106382978,0.425531914893617,0.0,0.0,0.0,0.0,0.0,0.0,Non-malignant disease,
2021_Stephenson_NatMed_COVID19|BGCV04_CV0911,0.7457627118644068,0.059322033898305086,0.19491525423728814,0.0,0.0,0.0,0.0,0.0,0.0,Control,
2023_Terekhova_Immunity_PBMC|FK01,0.43661971830985913,0.5070422535211268,0.056338028169014086,0.0,0.0,0.0,0.0,0.0,0.0,Control,
2021_Ren_Cell_COVID|S-HC020-2,0.4666666666666667,0.18666666666666668,0.3466666666666667,0.0,0.0,0.0,0.0,0.0,0.0,Control,
2023_Terekhova_Immunity_PBMC|T08,0.5535714285714286,0.35119047619047616,0.09523809523809523,0.0,0.0,0.0,0.0,0.0,0.0,Control,
2023_Terekhova_Immunity_PBMC|FB01,0.7803203661327232,0.18306636155606407,0.036613272311212815,0.0,0.0,0.0,0.0,0.0,0.0,Control,
2022_Guilliams_Cell_Liver|CS46,0.6776315789473685,0.15789473684210525,0.09210526315789473,0.0,0.0,0.0,0.06578947368421052,0.006578947368421052,0.0,Cancer_Tumor,HCA
2023_Terekhova_Immunity_PBMC|FC01,0.543778801843318,0.391705069124424,0.06451612903225806,0.0,0.0,0.0,0.0,0.0,0.0,Control,
2021_Stephenson_NatMed_COVID19|AP11,0.2727272727272727,0.07467532467532467,0.032467532467532464,0.032467532467532464,0.0,0.5876623376623377,0.0,0.0,0.0,Non-malignant disease,
2021_Stephenson_NatMed_COVID19|MH8919281,0.43119266055045874,0.1834862385321101,0.3394495412844037,0.0,0.0,0.03669724770642202,0.0,0.009174311926605505,0.0,Control,
2021_Ren_Cell_COVID|S-M069,0.547945205479452,0.27671232876712326,0.17534246575342466,0.0,0.0,0.0,0.0,0.0,0.0,Non-malignant disease,
2021_Stephenson_NatMed_COVID19|newcastle59,0.23655913978494625,0.0,0.010752688172043012,0.0,0.0,0.7419354838709677,0.0,0.010752688172043012,0.0,Non-malignant disease,
2020_Adams_SciAdv_IPF|098C-b,0.24615384615384617,0.24615384615384617,0.5076923076923077,0.0,0.0,0.0,0.0,0.0,0.0,Control,
2023_Terekhova_Immunity_PBMC|A20,0.48148148148148145,0.49206349206349204,0.026455026455026454,0.0,0.0,0.0,0.0,0.0,0.0,Control,
2023_Kumar_Nature_Breast|hbca_c84,0.4365079365079365,0.07142857142857142,0.3412698412698413,0.0,0.14285714285714285,0.0,0.007936507936507936,0.0,0.0,Control,
2023_Hirz_NatComm_Prostate|GSM5494342_HP1,0.0,0.0,0.8588957055214724,0.0,0.1411042944785276,0.0,0.0,0.0,0.0,Control,
2023_Terekhova_Immunity_PBMC|P10,0.4782608695652174,0.36231884057971014,0.11594202898550725,0.043478260869565216,0.0,0.0,0.0,0.0,0.0,Control,
2023_Kumar_Nature_Breast|hbca_c30,0.0,0.2903225806451613,0.6935483870967742,0.0,0.0,0.016129032258064516,0.0,0.0,0.0,Cancer_Tumor,BRCA
2022_Dominguez-Conde_Science_CellTypist|CZI-IA10244331+CZI-IA10244433,0.40789473684210525,0.10526315789473684,0.4473684210526316,0.0,0.0,0.0,0.0,0.0,0.039473684210526314,Control,
2021_Pelka_Cell_CRC|C129_N_1_1_0_c1_v2,0.3939393939393939,0.08080808080808081,0.5252525252525253,0.0,0.0,0.0,0.0,0.0,0.0,Control,
2023_Kong_Immunity_CD|N18_LP_B,0.3770491803278688,0.08196721311475409,0.4262295081967213,0.04918032786885246,0.0,0.0,0.03278688524590164,0.0,0.03278688524590164,Control,
2021_Szabo_Immunity_COVID19|COV026_blood_8days,0.3079584775086505,0.34256055363321797,0.19377162629757785,0.15570934256055363,0.0,0.0,0.0,0.0,0.0,Non-malignant disease,
2022_Dominguez-Conde_Science_CellTypist|Pan_T7935495,0.8243243243243243,0.02702702702702703,0.14864864864864866,0.0,0.0,0.0,0.0,0.0,0.0,Control,
2023_Terekhova_Immunity_PBMC|C06,0.436,0.356,0.144,0.064,0.0,0.0,0.0,0.0,0.0,Control,
2023_Terekhova_Immunity_PBMC|FK03,0.6861924686192469,0.22594142259414227,0.06694560669456066,0.02092050209205021,0.0,0.0,0.0,0.0,0.0,Control,
2022_TabulaSapiens_Science_TabulaSapiens|TSP2_Bladder_nan_10X,0.0,0.05511811023622047,0.49606299212598426,0.0,0.44881889763779526,0.0,0.0,0.0,0.0,Control,
2021_Elmentaite_Nature_Intestine|Human_colon_16S8123913,0.0,0.0,0.0,0.0,1.0,0.0,0.0,0.0,0.0,Control,
2021_Chan_CancerCell_SCLC|RU1144_LN,0.6084905660377359,0.22641509433962265,0.07075471698113207,0.0,0.009433962264150943,0.04716981132075472,0.0330188679245283,0.0047169811320754715,0.0,Cancer_Metastasis,SCLC
2023_Terekhova_Immunity_PBMC|B09,0.7403314917127072,0.09392265193370165,0.16574585635359115,0.0,0.0,0.0,0.0,0.0,0.0,Control,
2023_Kong_Immunity_CD|N10_LP_A,0.22935779816513763,0.01834862385321101,0.7247706422018348,0.0,0.0,0.0,0.0,0.0,0.027522935779816515,Control,
2022_TabulaSapiens_Science_TabulaSapiens|TSP2_Kidney_nan_smartseq2,0.3076923076923077,0.5576923076923077,0.09615384615384616,0.019230769230769232,0.0,0.0,0.0,0.0,0.019230769230769232,Control,
2020_Park_Science_Thymus|4861STDY7528590,0.07407407407407407,0.3333333333333333,0.42592592592592593,0.0,0.0,0.0,0.0,0.0,0.16666666666666666,Control,
2021_Ren_Cell_COVID|S-S061,0.854122621564482,0.0,0.12473572938689217,0.0,0.0,0.0,0.0,0.0,0.021141649048625793,Non-malignant disease,
2021_Stephenson_NatMed_COVID19|BGCV14_CV0940,0.784,0.112,0.104,0.0,0.0,0.0,0.0,0.0,0.0,Control,
2023_Kong_Immunity_CD|N119540_L1,0.49743589743589745,0.08974358974358974,0.4128205128205128,0.0,0.0,0.0,0.0,0.0,0.0,Non-malignant disease,
2023_Kong_Immunity_CD|N148519_E1,0.1839080459770115,0.5517241379310345,0.22988505747126436,0.0,0.0,0.0,0.0,0.022988505747126436,0.011494252873563218,Non-malignant disease,
2023_Terekhova_Immunity_PBMC|FL01,0.7857142857142857,0.18956043956043955,0.024725274725274724,0.0,0.0,0.0,0.0,0.0,0.0,Control,
2022_Madissoon_NatGenet_Lung|WSSS8123926,0.6707317073170732,0.04878048780487805,0.012195121951219513,0.0,0.2073170731707317,0.012195121951219513,0.04878048780487805,0.0,0.0,Control,
2023_Terekhova_Immunity_PBMC|P15,0.7552742616033755,0.2109704641350211,0.03375527426160337,0.0,0.0,0.0,0.0,0.0,0.0,Control,
2022_Kumar_CancerDis_Gastric|GSM5573467_sample2,0.425,0.075,0.0,0.0,0.4875,0.0,0.0125,0.0,0.0,Cancer_Tumor,GC
2023_Kumar_Nature_Breast|hbca_c63,0.14285714285714285,0.031746031746031744,0.8015873015873016,0.0,0.0,0.0,0.0,0.0,0.023809523809523808,Control,
2021_Ren_Cell_COVID|S-M031-2,0.6997826761875194,0.1339646072648246,0.14001862775535548,0.026234088792300526,0.0,0.0,0.0,0.0,0.0,Non-malignant disease,
2022_Madissoon_NatGenet_Lung|WSSS8062682,0.0875,0.1875,0.6875,0.0,0.0375,0.0,0.0,0.0,0.0,Control,
2023_Terekhova_Immunity_PBMC|D06,0.5339805825242718,0.3446601941747573,0.09223300970873786,0.02912621359223301,0.0,0.0,0.0,0.0,0.0,Control,
2023_Kong_Immunity_CD|N128400_E,0.1527777777777778,0.1388888888888889,0.6527777777777778,0.0,0.027777777777777776,0.0,0.027777777777777776,0.0,0.0,Non-malignant disease,
2023_Terekhova_Immunity_PBMC|K17,0.6736842105263158,0.2,0.021052631578947368,0.10526315789473684,0.0,0.0,0.0,0.0,0.0,Control,
2023_Terekhova_Immunity_PBMC|S13,0.19306930693069307,0.26732673267326734,0.4504950495049505,0.0891089108910891,0.0,0.0,0.0,0.0,0.0,Control,
2023_Terekhova_Immunity_PBMC|D19,0.7232142857142857,0.15178571428571427,0.125,0.0,0.0,0.0,0.0,0.0,0.0,Control,
2021_Stephenson_NatMed_COVID19|BGCV12_CV0068,0.5634920634920635,0.0873015873015873,0.30952380952380953,0.03968253968253968,0.0,0.0,0.0,0.0,0.0,Non-malignant disease,
2023_Hickey_Nature_Intestine|B012-A-501,0.04,0.6933333333333334,0.25333333333333335,0.0,0.0,0.0,0.0,0.013333333333333334,0.0,Control,
2021_Szabo_Immunity_COVID19|COV022_blood_2days,0.7853177051202961,0.11659469463294263,0.09808760024676126,0.0,0.0,0.0,0.0,0.0,0.0,Non-malignant disease,
2022_Zhou_NatGenet_PDAC|HT264P1-S1H2Fc2A2N1Z1_1Bmn1,0.6288659793814433,0.20103092783505155,0.17010309278350516,0.0,0.0,0.0,0.0,0.0,0.0,Cancer_Tumor,PC
2020_Adams_SciAdv_IPF|179I,0.39080459770114945,0.2988505747126437,0.3103448275862069,0.0,0.0,0.0,0.0,0.0,0.0,Non-malignant disease,
2021_Ren_Cell_COVID|S-S021-5,0.6388181355068773,0.25904228222109016,0.08252674477840041,0.019612837493632195,0.0,0.0,0.0,0.0,0.0,Non-malignant disease,
2021_Ren_Cell_COVID|S-S049,0.3177570093457944,0.25634178905206945,0.4259012016021362,0.0,0.0,0.0,0.0,0.0,0.0,Non-malignant disease,
2023_Terekhova_Immunity_PBMC|FG02,0.7804878048780488,0.16376306620209058,0.05574912891986063,0.0,0.0,0.0,0.0,0.0,0.0,Control,
2020_Adams_SciAdv_IPF|217CO-a,0.323943661971831,0.3380281690140845,0.3380281690140845,0.0,0.0,0.0,0.0,0.0,0.0,Non-malignant disease,
2022_Dominguez-Conde_Science_CellTypist|CZINY-0103,0.07241379310344828,0.6655172413793103,0.2620689655172414,0.0,0.0,0.0,0.0,0.0,0.0,Control,
2021_Ren_Cell_COVID|S-S053,0.7271186440677966,0.12542372881355932,0.13389830508474576,0.013559322033898305,0.0,0.0,0.0,0.0,0.0,Non-malignant disease,
2021_Ren_Cell_COVID|S-S056,0.09759358288770054,0.0,0.0,0.0,0.0,0.9024064171122995,0.0,0.0,0.0,Non-malignant disease,
2021_Ren_Cell_COVID|S-M007-6,0.6552930883639545,0.18591426071741032,0.10979877515310586,0.02974628171478565,0.0,0.019247594050743656,0.0,0.0,0.0,Non-malignant disease,
2021_Ren_Cell_COVID|S-S089-2,0.8639240506329114,0.1360759493670886,0.0,0.0,0.0,0.0,0.0,0.0,0.0,Non-malignant disease,
2021_Chan_CancerCell_SCLC|RU1134-CN2,0.0,0.5928853754940712,0.1067193675889328,0.0,0.2885375494071146,0.0,0.0,0.0,0.011857707509881422,Cancer_Tumor,NSCLC
2023_Terekhova_Immunity_PBMC|B18,0.5646551724137931,0.3706896551724138,0.04310344827586207,0.021551724137931036,0.0,0.0,0.0,0.0,0.0,Control,
2023_Terekhova_Immunity_PBMC|FA01,0.7900763358778626,0.09541984732824428,0.05725190839694656,0.05725190839694656,0.0,0.0,0.0,0.0,0.0,Control,
2023_Terekhova_Immunity_PBMC|FE06,0.3761904761904762,0.46190476190476193,0.10952380952380952,0.05238095238095238,0.0,0.0,0.0,0.0,0.0,Control,
2023_Kumar_Nature_Breast|hbca_c107,0.029411764705882353,0.14705882352941177,0.8088235294117647,0.0,0.014705882352941176,0.0,0.0,0.0,0.0,Control,
2021_Ren_Cell_COVID|S-S065,0.1605351170568562,0.34782608695652173,0.48494983277591974,0.0,0.0,0.006688963210702341,0.0,0.0,0.0,Non-malignant disease,
2021_Stephenson_NatMed_COVID19|MH9143420,0.9530791788856305,0.03812316715542522,0.008797653958944282,0.0,0.0,0.0,0.0,0.0,0.0,Non-malignant disease,
2023_Kong_Immunity_CD|H157844_L,0.4233576642335766,0.19708029197080293,0.26277372262773724,0.0,0.072992700729927,0.0,0.043795620437956206,0.0,0.0,Control,
2021_Pelka_Cell_CRC|C139_N_1_1_0_c1_v2,0.03278688524590164,0.6229508196721312,0.3442622950819672,0.0,0.0,0.0,0.0,0.0,0.0,Control,
2021_Hao_Cell_Blood|P4_5,0.48517520215633425,0.3504043126684636,0.16442048517520216,0.0,0.0,0.0,0.0,0.0,0.0,Non-malignant disease,
2021_Pelka_Cell_CRC|C105_T_1_1_0_c1_v2,0.09090909090909091,0.6212121212121212,0.2878787878787879,0.0,0.0,0.0,0.0,0.0,0.0,Cancer_Tumor,CRC
2023_Terekhova_Immunity_PBMC|C05,0.28717948717948716,0.6512820512820513,0.06153846153846154,0.0,0.0,0.0,0.0,0.0,0.0,Control,
2020_Adams_SciAdv_IPF|123I,0.21212121212121213,0.1414141414141414,0.24242424242424243,0.030303030303030304,0.36363636363636365,0.0,0.0,0.0,0.010101010101010102,Non-malignant disease,
2021_Ren_Cell_COVID|S-M010-4,0.6642722117202269,0.29073724007561436,0.020415879017013232,0.018525519848771266,0.0,0.0060491493383742915,0.0,0.0,0.0,Non-malignant disease,
2022_Dominguez-Conde_Science_CellTypist|CZINY-0098,0.06498194945848375,0.6750902527075813,0.259927797833935,0.0,0.0,0.0,0.0,0.0,0.0,Control,
2021_Ren_Cell_COVID|S-M025,0.7436548223350253,0.17258883248730963,0.08375634517766498,0.0,0.0,0.0,0.0,0.0,0.0,Non-malignant disease,
2023_Terekhova_Immunity_PBMC|G13,0.31336405529953915,0.5069124423963134,0.11981566820276497,0.03225806451612903,0.0,0.027649769585253458,0.0,0.0,0.0,Control,
2021_Ren_Cell_COVID|S-HC017,0.6258351893095768,0.21380846325167038,0.1291759465478842,0.031180400890868598,0.0,0.0,0.0,0.0,0.0,Control,
2023_Terekhova_Immunity_PBMC|D16,0.4883720930232558,0.37209302325581395,0.13953488372093023,0.0,0.0,0.0,0.0,0.0,0.0,Control,
2023_Hirz_NatComm_Prostate|GSM5494376_SCG-PCA20-N-LG,0.35176991150442477,0.03650442477876106,0.3971238938053097,0.0,0.21460176991150443,0.0,0.0,0.0,0.0,Cancer_AdjNorm,PRC
2021_Ren_Cell_COVID|S-M020,0.6276391554702495,0.30710172744721687,0.06525911708253358,0.0,0.0,0.0,0.0,0.0,0.0,Non-malignant disease,
2023_Terekhova_Immunity_PBMC|H12,0.5477386934673367,0.4321608040201005,0.020100502512562814,0.0,0.0,0.0,0.0,0.0,0.0,Control,
2021_Stephenson_NatMed_COVID19|BGCV14_CV0137,0.6166666666666667,0.15,0.175,0.058333333333333334,0.0,0.0,0.0,0.0,0.0,Non-malignant disease,
2021_Ren_Cell_COVID|S-S066,0.5202839756592292,0.3367139959432049,0.11257606490872211,0.030425963488843813,0.0,0.0,0.0,0.0,0.0,Non-malignant disease,
2021_Ren_Cell_COVID|S-S038,0.04871060171919771,0.11174785100286533,0.0,0.04297994269340974,0.0,0.7621776504297995,0.014326647564469915,0.0,0.02005730659025788,Non-malignant disease,
2023_Terekhova_Immunity_PBMC|A19,0.6829268292682927,0.1951219512195122,0.07317073170731707,0.0,0.0,0.04878048780487805,0.0,0.0,0.0,Control,
2022_TabulaSapiens_Science_TabulaSapiens|TSP2_Bone_Marrow_vertebralbody_10X,0.664179104477612,0.23134328358208955,0.0,0.1044776119402985,0.0,0.0,0.0,0.0,0.0,Control,
2023_Terekhova_Immunity_PBMC|C14,0.6222222222222222,0.19444444444444445,0.18333333333333332,0.0,0.0,0.0,0.0,0.0,0.0,Control,
2021_Ren_Cell_COVID|S-S085-2,0.7714987714987716,0.12039312039312039,0.04668304668304668,0.06142506142506143,0.0,0.0,0.0,0.0,0.0,Non-malignant disease,
2021_Stephenson_NatMed_COVID19|BGCV09_CV0279,0.980327868852459,0.0,0.019672131147540985,0.0,0.0,0.0,0.0,0.0,0.0,Non-malignant disease,
2021_Pelka_Cell_CRC|C133_T_0_0_0_c1_v2,0.2909090909090909,0.2727272727272727,0.18181818181818182,0.05454545454545454,0.18181818181818182,0.0,0.0,0.0,0.01818181818181818,Cancer_Tumor,CRC
2022_Perez_Science_SLE|dmx_AbFlare-3,0.7143670525716455,0.18447523249193395,0.04137407477699753,0.047447333459859554,0.0,0.012336306699563485,0.0,0.0,0.0,Non-malignant disease,
2022_Zhou_NatGenet_PDAC|HT288P1-S1H4Fc2A2N1Z1_1Bmn1_1,0.85,0.0,0.15,0.0,0.0,0.0,0.0,0.0,0.0,Cancer_Tumor,PC
2023_Terekhova_Immunity_PBMC|FD03,0.8767123287671232,0.0958904109589041,0.0273972602739726,0.0,0.0,0.0,0.0,0.0,0.0,Control,
2023_Terekhova_Immunity_PBMC|A17,0.6530612244897959,0.19825072886297376,0.09037900874635568,0.04081632653061224,0.0,0.0,0.0,0.0,0.01749271137026239,Control,
2021_Pelka_Cell_CRC|C140_T_1_1_1_c1_v2,0.49019607843137253,0.21568627450980393,0.27450980392156865,0.0,0.0,0.0196078431372549,0.0,0.0,0.0,Cancer_Tumor,CRC
2021_Ren_Cell_COVID|S-M036-2,0.571827744904668,0.2630670611439842,0.11637080867850098,0.04043392504930966,0.0,0.008300460223537146,0.0,0.0,0.0,Non-malignant disease,
2022_Kumar_CancerDis_Gastric|GSM5573480_sample15,0.2012072434607646,0.06841046277665996,0.6921529175050302,0.0,0.0,0.0,0.018108651911468814,0.0,0.02012072434607646,Cancer_Tumor,GC
2023_Terekhova_Immunity_PBMC|G23,0.505586592178771,0.31843575418994413,0.1452513966480447,0.030726256983240222,0.0,0.0,0.0,0.0,0.0,Control,
2023_Hirz_NatComm_Prostate|GSM5494353_SCG-PCA4-N-HG,0.36151603498542273,0.16326530612244897,0.4752186588921283,0.0,0.0,0.0,0.0,0.0,0.0,Cancer_AdjNorm,PRC
2023_Terekhova_Immunity_PBMC|FB02,0.5862068965517241,0.3620689655172414,0.05172413793103448,0.0,0.0,0.0,0.0,0.0,0.0,Control,
2021_Ren_Cell_COVID|S-M009-3,0.7289261979713186,0.2346974466596712,0.01993704092339979,0.0,0.0,0.016439314445610354,0.0,0.0,0.0,Non-malignant disease,
2020_Adams_SciAdv_IPF|178CO,0.40298507462686567,0.373134328358209,0.16417910447761194,0.04477611940298507,0.0,0.0,0.014925373134328358,0.0,0.0,Non-malignant disease,
2021_Stephenson_NatMed_COVID19|AP3,0.0,0.0,0.0,0.0,0.0,1.0,0.0,0.0,0.0,Non-malignant disease,
2023_Terekhova_Immunity_PBMC|J08,0.7848101265822784,0.10759493670886076,0.10759493670886076,0.0,0.0,0.0,0.0,0.0,0.0,Control,
2021_Ren_Cell_COVID|S-S092,0.7698309492847855,0.10793237971391417,0.10403120936280884,0.018205461638491547,0.0,0.0,0.0,0.0,0.0,Non-malignant disease,
2022_Dominguez-Conde_Science_CellTypist|CZINY-0053,0.34615384615384615,0.3141025641025641,0.2948717948717949,0.0,0.019230769230769232,0.0,0.0,0.0,0.02564102564102564,Control,
2021_Ren_Cell_COVID|S-HC019-1,0.6564786913473956,0.17477399913904434,0.14291863969005597,0.014636246233318984,0.0,0.011192423590185106,0.0,0.0,0.0,Control,
2023_Terekhova_Immunity_PBMC|T09,0.21245421245421245,0.4542124542124542,0.30036630036630035,0.0,0.0,0.0,0.0,0.0,0.03296703296703297,Control,
2022_Dominguez-Conde_Science_CellTypist|CZINY-0051,0.4528301886792453,0.27672955974842767,0.2389937106918239,0.0,0.018867924528301886,0.0,0.0,0.0,0.012578616352201259,Control,
2021_Ren_Cell_COVID|S-S048,0.014150943396226415,0.38207547169811323,0.6014150943396226,0.0023584905660377358,0.0,0.0,0.0,0.0,0.0,Non-malignant disease,
2021_Wu_NatGenet_Breast|CID4290A,0.0,0.0,0.5952380952380952,0.0,0.38095238095238093,0.0,0.0,0.0,0.023809523809523808,Cancer_Tumor,BRCA
2022_Perez_Science_SLE|dmx_YS-JY-21_pool2,0.8995670995670996,0.04264069264069264,0.05779220779220779,0.0,0.0,0.0,0.0,0.0,0.0,Non-malignant disease,
2022_Madissoon_NatGenet_Lung|WSSS8062679,0.07058823529411765,0.09411764705882353,0.8235294117647058,0.0,0.011764705882352941,0.0,0.0,0.0,0.0,Control,
2021_Pelka_Cell_CRC|C123_T_1_1_1_c1_v2,0.14864864864864866,0.4864864864864865,0.2702702702702703,0.0,0.0,0.06756756756756757,0.0,0.02702702702702703,0.0,Cancer_Tumor,CRC
2021_Ren_Cell_COVID|S-M054,0.37216828478964403,0.37540453074433655,0.21035598705501618,0.042071197411003236,0.0,0.0,0.0,0.0,0.0,Non-malignant disease,
2021_Ren_Cell_COVID|S-HC010,0.6439393939393939,0.17929292929292928,0.17676767676767677,0.0,0.0,0.0,0.0,0.0,0.0,Control,
2022_Madissoon_NatGenet_Lung|5841STDY7991484,0.10526315789473684,0.03508771929824561,0.14035087719298245,0.0,0.7192982456140351,0.0,0.0,0.0,0.0,Control,
2021_Ren_Cell_COVID|S-M077,0.8258602711157456,0.0,0.1553701772679875,0.0,0.0,0.018769551616266946,0.0,0.0,0.0,Non-malignant disease,
2022_Madissoon_NatGenet_Lung|HCATisStab7732262,0.06741573033707865,0.2247191011235955,0.20224719101123595,0.0,0.48314606741573035,0.0,0.0,0.0,0.02247191011235955,Control,
2022_Kumar_CancerDis_Gastric|GSM5573497_sample32,0.0136986301369863,0.0684931506849315,0.3972602739726027,0.0,0.5205479452054794,0.0,0.0,0.0,0.0,Cancer_Tumor,GC
2023_Kong_Immunity_CD|N158891_E2,0.1746031746031746,0.2698412698412698,0.5555555555555556,0.0,0.0,0.0,0.0,0.0,0.0,Non-malignant disease,
2022_Guilliams_Cell_Liver|CISE07,0.2857142857142857,0.3979591836734694,0.2755102040816326,0.0,0.01020408163265306,0.0,0.030612244897959183,0.0,0.0,Cancer_Metastasis,CRC
2021_Wu_NatGenet_Breast|CID3586,0.0,0.06477732793522267,0.3360323886639676,0.0,0.5708502024291497,0.0,0.0,0.0,0.02834008097165992,Cancer_Tumor,BRCA
2021_Stephenson_NatMed_COVID19|AP5,0.840122199592668,0.12219959266802444,0.010183299389002037,0.0274949083503055,0.0,0.0,0.0,0.0,0.0,Non-malignant disease,
2021_Stephenson_NatMed_COVID19|BGCV15_CV0231,0.5344827586206896,0.29310344827586204,0.13793103448275862,0.034482758620689655,0.0,0.0,0.0,0.0,0.0,Non-malignant disease,
2022_Hwang_NatGenet_PDAC|U5_Untreated,0.945,0.055,0.0,0.0,0.0,0.0,0.0,0.0,0.0,Cancer_Tumor,PC
2021_Stephenson_NatMed_COVID19|MH9179822,0.6284023668639053,0.2532544378698225,0.1076923076923077,0.010650887573964497,0.0,0.0,0.0,0.0,0.0,Non-malignant disease,
2021_Ren_Cell_COVID|S-M001,0.45498783454987834,0.11435523114355231,0.4306569343065693,0.0,0.0,0.0,0.0,0.0,0.0,Non-malignant disease,
2021_Stephenson_NatMed_COVID19|MH9179823,0.8701298701298701,0.059369202226345084,0.07050092764378478,0.0,0.0,0.0,0.0,0.0,0.0,Non-malignant disease,
2020_Adams_SciAdv_IPF|051I,0.3423913043478261,0.5652173913043478,0.09239130434782608,0.0,0.0,0.0,0.0,0.0,0.0,Non-malignant disease,
2023_Terekhova_Immunity_PBMC|G27,0.625,0.31875,0.05625,0.0,0.0,0.0,0.0,0.0,0.0,Control,
2022_Guilliams_Cell_Liver|CS110,0.4594594594594595,0.1554054054054054,0.22297297297297297,0.05405405405405406,0.10810810810810811,0.0,0.0,0.0,0.0,Non-malignant disease,
2021_Pelka_Cell_CRC|C155_T_0_0_0_c1_v3,0.20952380952380953,0.2507936507936508,0.5333333333333333,0.0,0.0,0.0,0.0,0.0,0.006349206349206349,Cancer_Tumor,CRC
2023_Terekhova_Immunity_PBMC|M09,0.5185185185185185,0.32098765432098764,0.16049382716049382,0.0,0.0,0.0,0.0,0.0,0.0,Control,
2023_Kong_Immunity_CD|I117351_L,0.10526315789473684,0.010526315789473684,0.7789473684210526,0.0,0.05263157894736842,0.0,0.010526315789473684,0.042105263157894736,0.0,Non-malignant disease,
2021_Pelka_Cell_CRC|C111_N_0_2_1_c1_v2,0.168141592920354,0.23893805309734514,0.4823008849557522,0.0,0.0,0.05752212389380531,0.0,0.0,0.05309734513274336,Control,
2023_Terekhova_Immunity_PBMC|K09,0.26294820717131473,0.450199203187251,0.199203187250996,0.08764940239043825,0.0,0.0,0.0,0.0,0.0,Control,
2023_Terekhova_Immunity_PBMC|E30,0.686411149825784,0.2926829268292683,0.020905923344947737,0.0,0.0,0.0,0.0,0.0,0.0,Control,
2021_Pelka_Cell_CRC|C125_N_1_1_1_c1_v2,0.5496688741721855,0.016556291390728478,0.4337748344370861,0.0,0.0,0.0,0.0,0.0,0.0,Control,
2021_Ren_Cell_COVID|S-M004-3,0.6625596796550131,0.22162328661635608,0.09564146003388264,0.0101647928538426,0.0,0.01001078084090559,0.0,0.0,0.0,Non-malignant disease,
2022_Perez_Science_SLE|dmx_YS-JY-20_pool3,0.8137208194378276,0.10338256312529776,0.062172463077656025,0.019056693663649357,0.0,0.0016674606955693187,0.0,0.0,0.0,Non-malignant disease,
2021_Stephenson_NatMed_COVID19|MH9143320,0.34462151394422313,0.5119521912350598,0.07370517928286853,0.0697211155378486,0.0,0.0,0.0,0.0,0.0,Non-malignant disease,
2021_Pelka_Cell_CRC|C161_T_1_1_0_c1_v3,0.07272727272727272,0.45454545454545453,0.2727272727272727,0.0,0.03636363636363636,0.09090909090909091,0.05454545454545454,0.0,0.01818181818181818,Cancer_Tumor,CRC
2021_Ren_Cell_COVID|S-S022-5,0.5912087912087912,0.317425431711146,0.05588697017268446,0.035478806907378334,0.0,0.0,0.0,0.0,0.0,Non-malignant disease,
2023_Terekhova_Immunity_PBMC|K08,0.35344827586206895,0.35344827586206895,0.20689655172413793,0.08620689655172414,0.0,0.0,0.0,0.0,0.0,Control,
2021_Wu_NatGenet_Breast|CID3948,0.0,0.08333333333333333,0.05,0.0,0.7666666666666667,0.0,0.06666666666666667,0.0,0.03333333333333333,Cancer_Tumor,BRCA
2023_Terekhova_Immunity_PBMC|B02,0.5654761904761905,0.3869047619047619,0.047619047619047616,0.0,0.0,0.0,0.0,0.0,0.0,Control,
2023_Terekhova_Immunity_PBMC|FE10,0.3475177304964539,0.4432624113475177,0.17375886524822695,0.03546099290780142,0.0,0.0,0.0,0.0,0.0,Control,
2021_Ren_Cell_COVID|S-HC012,0.622680412371134,0.04536082474226804,0.3319587628865979,0.0,0.0,0.0,0.0,0.0,0.0,Control,
2023_Terekhova_Immunity_PBMC|G08,0.6747404844290658,0.14186851211072665,0.18339100346020762,0.0,0.0,0.0,0.0,0.0,0.0,Control,
2023_Hickey_Nature_Intestine|B008-A-002,0.27710843373493976,0.6385542168674698,0.08433734939759036,0.0,0.0,0.0,0.0,0.0,0.0,Control,
2022_Dominguez-Conde_Science_CellTypist|Pan_T7935494,0.5080831408775982,0.11085450346420324,0.2909930715935335,0.0,0.09006928406466513,0.0,0.0,0.0,0.0,Control,
2021_Hao_Cell_Blood|P5_5,0.5674603174603174,0.3253968253968254,0.09126984126984126,0.015873015873015872,0.0,0.0,0.0,0.0,0.0,Non-malignant disease,
2021_Wu_NatGenet_Breast|CID4515,0.49591280653950953,0.08446866485013624,0.2452316076294278,0.0,0.0,0.17438692098092642,0.0,0.0,0.0,Cancer_Tumor,BRCA
2023_Kong_Immunity_CD|N158891_L1,0.08346213292117466,0.05564142194744977,0.8608964451313755,0.0,0.0,0.0,0.0,0.0,0.0,Non-malignant disease,
2021_Ren_Cell_COVID|S-M032,0.24778761061946902,0.19823008849557522,0.4849557522123894,0.0,0.0,0.017699115044247787,0.0,0.05132743362831858,0.0,Non-malignant disease,
2022_Guilliams_Cell_Liver|CISE06,0.3977272727272727,0.3522727272727273,0.18181818181818182,0.011363636363636364,0.0,0.011363636363636364,0.045454545454545456,0.0,0.0,Cancer_Metastasis,CRC
2020_Park_Science_Thymus|4861STDY7528589,0.06756756756756757,0.21621621621621623,0.5405405405405406,0.0,0.0,0.0945945945945946,0.0,0.0,0.08108108108108109,Control,
2021_Ren_Cell_COVID|S-M061-1,0.4466975666280417,0.37543453070683663,0.015063731170336037,0.16280417149478563,0.0,0.0,0.0,0.0,0.0,Non-malignant disease,
2022_Dominguez-Conde_Science_CellTypist|Pan_T8010327,0.7431192660550459,0.05504587155963303,0.12844036697247707,0.0,0.07339449541284404,0.0,0.0,0.0,0.0,Control,
2020_Adams_SciAdv_IPF|056CO,0.16883116883116883,0.4675324675324675,0.2077922077922078,0.11688311688311688,0.012987012987012988,0.0,0.0,0.025974025974025976,0.0,Non-malignant disease,
2021_Chan_CancerCell_SCLC|RU1135,0.0,0.0,0.011976047904191617,0.0,0.9520958083832335,0.0,0.03592814371257485,0.0,0.0,Cancer_Tumor,NSCLC
2021_Pelka_Cell_CRC|C149_T_1_1_1_c1_v2,0.49019607843137253,0.14215686274509803,0.35294117647058826,0.014705882352941176,0.0,0.0,0.0,0.0,0.0,Cancer_Tumor,CRC
2023_Kumar_Nature_Breast|hbca_c59,0.14691943127962084,0.27488151658767773,0.4597156398104265,0.0,0.07582938388625593,0.04265402843601896,0.0,0.0,0.0,Control,
2021_Pelka_Cell_CRC|C162_T_0_0_1_c2_v2,0.3,0.07142857142857142,0.6142857142857143,0.0,0.0,0.0,0.014285714285714285,0.0,0.0,Cancer_Tumor,CRC
2021_Stephenson_NatMed_COVID19|MH9143423,0.7576923076923077,0.18269230769230768,0.0,0.03653846153846154,0.0,0.0,0.0,0.023076923076923078,0.0,Non-malignant disease,
2023_Terekhova_Immunity_PBMC|S06,0.5,0.41964285714285715,0.08035714285714286,0.0,0.0,0.0,0.0,0.0,0.0,Control,
2022_TabulaSapiens_Science_TabulaSapiens|TSP7_Salivary_Gland_parotid_smartseq2,0.6666666666666666,0.18333333333333332,0.15,0.0,0.0,0.0,0.0,0.0,0.0,Control,
2023_Terekhova_Immunity_PBMC|A15,0.5416666666666666,0.4027777777777778,0.05555555555555555,0.0,0.0,0.0,0.0,0.0,0.0,Control,
2023_Terekhova_Immunity_PBMC|D01,0.3148148148148148,0.6481481481481481,0.0,0.037037037037037035,0.0,0.0,0.0,0.0,0.0,Control,
2021_Elmentaite_Nature_Intestine|Human_colon_16S8000484,0.15932203389830507,0.5016949152542373,0.33220338983050846,0.006779661016949152,0.0,0.0,0.0,0.0,0.0,Control,
2023_Fonseca_NatGenet_Endometriosis|sample14,0.189873417721519,0.11392405063291139,0.6455696202531646,0.0,0.012658227848101266,0.0,0.0379746835443038,0.0,0.0,Non-malignant disease,
2022_Dominguez-Conde_Science_CellTypist|Pan_T7980361,0.6273291925465838,0.2981366459627329,0.049689440993788817,0.024844720496894408,0.0,0.0,0.0,0.0,0.0,Control,
2023_Terekhova_Immunity_PBMC|T18,0.7352941176470589,0.20098039215686275,0.06372549019607843,0.0,0.0,0.0,0.0,0.0,0.0,Control,
2023_Terekhova_Immunity_PBMC|E12,0.327683615819209,0.1864406779661017,0.0,0.4858757062146893,0.0,0.0,0.0,0.0,0.0,Control,
2023_Kong_Immunity_CD|N107306_E1,0.0,0.2830188679245283,0.7169811320754716,0.0,0.0,0.0,0.0,0.0,0.0,Non-malignant disease,
2021_Wu_NatGenet_Breast|CID44971,0.2980392156862745,0.3215686274509804,0.3137254901960784,0.0,0.0,0.06666666666666667,0.0,0.0,0.0,Cancer_Tumor,BRCA
2023_Wang_SciAdv_CRC|s0107_Liver_Metastasis,0.0,0.03225806451612903,0.02729528535980149,0.0,0.9404466501240695,0.0,0.0,0.0,0.0,Cancer_Metastasis,CRC
2022_Perez_Science_SLE|dmx_YS-JY-21_pool1,0.8924889543446245,0.07490006311803071,0.03261098253734483,0.0,0.0,0.0,0.0,0.0,0.0,Control,
2021_Pal_EMBO_Breast|GSM4909287_TN-B1-Tum0554,0.49074074074074076,0.013888888888888888,0.4861111111111111,0.0,0.009259259259259259,0.0,0.0,0.0,0.0,Cancer_Tumor,BRCA
2022_Perez_Science_SLE|dmx_YE_8-16,0.7896090534979424,0.07484567901234568,0.10725308641975309,0.028292181069958847,0.0,0.0,0.0,0.0,0.0,Control,
2021_Chan_CancerCell_SCLC|RU1137,0.05,0.26666666666666666,0.4666666666666667,0.03333333333333333,0.03333333333333333,0.0,0.08333333333333333,0.0,0.06666666666666667,Cancer_Tumor,NSCLC
2021_Ren_Cell_COVID|S-M064,0.6630963972736125,0.18208373904576436,0.10516066212268745,0.04965920155793573,0.0,0.0,0.0,0.0,0.0,Non-malignant disease,
2022_Dominguez-Conde_Science_CellTypist|CZINY-0100,0.06188925081433225,0.6807817589576547,0.25732899022801303,0.0,0.0,0.0,0.0,0.0,0.0,Control,
2021_Ren_Cell_COVID|S-HC021,0.5135802469135803,0.21975308641975308,0.26666666666666666,0.0,0.0,0.0,0.0,0.0,0.0,Control,
2023_Hirz_NatComm_Prostate|GSM5494361_SCG-PCA9-N-LG,0.13548387096774195,0.13548387096774195,0.6838709677419355,0.0,0.04516129032258064,0.0,0.0,0.0,0.0,Cancer_AdjNorm,PRC
2021_Stephenson_NatMed_COVID19|BGCV10_CV0231,0.7899159663865546,0.15966386554621848,0.025210084033613446,0.0,0.0,0.025210084033613446,0.0,0.0,0.0,Non-malignant disease,
2023_Terekhova_Immunity_PBMC|H11,0.5879828326180258,0.1630901287553648,0.19742489270386265,0.05150214592274678,0.0,0.0,0.0,0.0,0.0,Control,
2023_Terekhova_Immunity_PBMC|D03,0.6794871794871795,0.2222222222222222,0.09829059829059829,0.0,0.0,0.0,0.0,0.0,0.0,Control,
2021_Ren_Cell_COVID|S-S032-3,0.47641509433962265,0.3160377358490566,0.16981132075471697,0.03773584905660377,0.0,0.0,0.0,0.0,0.0,Non-malignant disease,
2021_Ren_Cell_COVID|S-M007-1,0.7587242026266416,0.10337711069418387,0.12814258911819887,0.00975609756097561,0.0,0.0,0.0,0.0,0.0,Non-malignant disease,
2021_Ren_Cell_COVID|S-M004-1,0.6666666666666666,0.20506912442396313,0.11213517665130568,0.010560675883256529,0.0,0.005568356374807988,0.0,0.0,0.0,Non-malignant disease,
2021_Stephenson_NatMed_COVID19|BGCV07_CV0094,0.0,0.0,0.0,0.0,0.0,1.0,0.0,0.0,0.0,Non-malignant disease,
2023_Terekhova_Immunity_PBMC|D24,0.6639676113360324,0.2793522267206478,0.044534412955465584,0.012145748987854251,0.0,0.0,0.0,0.0,0.0,Control,
2023_Kong_Immunity_CD|N128346_L2,0.0,0.1411764705882353,0.5882352941176471,0.011764705882352941,0.21176470588235294,0.0,0.0,0.023529411764705882,0.023529411764705882,Non-malignant disease,
2021_Stephenson_NatMed_COVID19|MH9143372,0.7439613526570048,0.0966183574879227,0.15942028985507245,0.0,0.0,0.0,0.0,0.0,0.0,Control,
2021_Ren_Cell_COVID|S-S035-3,0.5663716814159292,0.3008849557522124,0.09734513274336283,0.035398230088495575,0.0,0.0,0.0,0.0,0.0,Non-malignant disease,
2021_Ren_Cell_COVID|S-M059-2,0.7606837606837606,0.0,0.23931623931623933,0.0,0.0,0.0,0.0,0.0,0.0,Non-malignant disease,
2023_Kumar_Nature_Breast|hbca_c152,0.3548387096774194,0.016129032258064516,0.5483870967741935,0.0,0.0,0.0,0.08064516129032258,0.0,0.0,Control,
2021_Ren_Cell_COVID|S-HC001,0.0,0.09388335704125178,0.9061166429587483,0.0,0.0,0.0,0.0,0.0,0.0,Control,
2023_Wang_SciAdv_CRC|s0107_Colon_Tumor,0.13271604938271606,0.0,0.5061728395061729,0.0,0.31790123456790126,0.0,0.0,0.0,0.043209876543209874,Cancer_Tumor,CRC
2023_Terekhova_Immunity_PBMC|C07,0.5031055900621118,0.4161490683229814,0.08074534161490683,0.0,0.0,0.0,0.0,0.0,0.0,Control,
2023_Kumar_Nature_Breast|hbca_c126,0.27835051546391754,0.061855670103092786,0.6597938144329897,0.0,0.0,0.0,0.0,0.0,0.0,Control,
2023_Terekhova_Immunity_PBMC|G16,0.8160919540229885,0.1839080459770115,0.0,0.0,0.0,0.0,0.0,0.0,0.0,Control,
2021_Ren_Cell_COVID|S-M059-1,0.8405334879675268,0.061757031023485065,0.09770948100898812,0.0,0.0,0.0,0.0,0.0,0.0,Non-malignant disease,
2021_Szabo_Immunity_COVID19|COV026_respiratory_airway_4days,0.28501228501228504,0.2113022113022113,0.14250614250614252,0.36117936117936117,0.0,0.0,0.0,0.0,0.0,Non-malignant disease,
2023_Terekhova_Immunity_PBMC|FD05,0.5631067961165048,0.4368932038834951,0.0,0.0,0.0,0.0,0.0,0.0,0.0,Control,
2022_TabulaSapiens_Science_TabulaSapiens|TSP1_Blood_nan_10X,0.7017543859649122,0.195906432748538,0.04678362573099415,0.05555555555555555,0.0,0.0,0.0,0.0,0.0,Control,
2023_Terekhova_Immunity_PBMC|T21,0.2125,0.575,0.1625,0.05,0.0,0.0,0.0,0.0,0.0,Control,
2023_Kumar_Nature_Breast|hbca_c65,0.28205128205128205,0.07692307692307693,0.5737179487179487,0.0,0.0673076923076923,0.0,0.0,0.0,0.0,Control,
2021_Szabo_Immunity_COVID19|COV026_respiratory_airway_1days,0.18518518518518517,0.13580246913580246,0.08641975308641975,0.5925925925925926,0.0,0.0,0.0,0.0,0.0,Non-malignant disease,
2023_Terekhova_Immunity_PBMC|T20,0.5853658536585366,0.3170731707317073,0.0,0.0975609756097561,0.0,0.0,0.0,0.0,0.0,Control,
2021_Ren_Cell_COVID|S-M004-4,0.6492422952494467,0.24995743231738465,0.07900561893410522,0.013621658436914694,0.0,0.008172995062148816,0.0,0.0,0.0,Non-malignant disease,
2023_Terekhova_Immunity_PBMC|FE05,0.6158940397350994,0.3509933774834437,0.033112582781456956,0.0,0.0,0.0,0.0,0.0,0.0,Control,
