,Macrophage|LYVE1,Macrophage|EREG,Macrophage|ISG,Macrophage|HSP,Macrophage|CX3CR1,Macrophage|Alveolar,Macrophage|MATK,Cancer_Tissue,Cancer_Type
GSE136103_healthy1_cd45-A_2,0.9205298013245033,0.07947019867549669,0.0,0.0,0.0,0.0,0.0,Control,
GSE181919_C46,0.0,0.01639344262295082,0.8688524590163934,0.06557377049180328,0.03278688524590164,0.01639344262295082,0.0,Cancer_Tumor,HNSCC
GSE136103_cirrhotic2_cd45-_2,0.8848314606741573,0.02247191011235955,0.0,0.0,0.09269662921348315,0.0,0.0,Non-malignant disease,
GSE174332_201019_ALS_106_snRNA-B5,0.08333333333333333,0.0,0.0,0.0,0.9166666666666666,0.0,0.0,Non-malignant disease,
GSE131778_rca4-1,0.5104895104895105,0.0,0.0,0.0,0.48951048951048953,0.0,0.0,Non-malignant disease,
GSE136103_cirrhotic3_cd45plus_1,0.4927536231884058,0.0,0.0,0.0,0.5,0.007246376811594203,0.0,Non-malignant disease,
GSE176417_Sc_W2,0.2804878048780488,0.6341463414634146,0.0,0.0,0.0,0.0,0.08536585365853659,Non-malignant disease,
GSE164690_HN02_CD45p,0.0,0.0,0.16033755274261605,0.0,0.0,0.0,0.8396624472573839,Cancer_Tumor,HNSCC
GSE168933_NASH1_POOL_20190318_NASH_1,0.5402298850574713,0.034482758620689655,0.0,0.0,0.41379310344827586,0.011494252873563218,0.0,Non-malignant disease,
GSE182381_KC42_2_placenta,0.8608247422680413,0.06701030927835051,0.0,0.02577319587628866,0.0,0.0,0.04639175257731959,Control,
GSE156905_Human_Colon_4602,0.4957983193277311,0.0,0.0,0.0,0.5042016806722689,0.0,0.0,Control,
GSE157783_L18128_IPD4,0.0,0.0,0.0,0.0,1.0,0.0,0.0,Non-malignant disease,
GSE159913_Kidney_Normal_Myhl,0.0,0.02631578947368421,0.0,0.44427244582043346,0.5294117647058824,0.0,0.0,Cancer_AdjNorm,RCC
GSE182208_SC_NS1,0.9942196531791907,0.0,0.0,0.0,0.0,0.005780346820809248,0.0,Control,
GSE159677_02dat20190717tisCARconDIS,0.184863523573201,0.5148883374689827,0.04466501240694789,0.0,0.21836228287841192,0.0,0.03722084367245657,Non-malignant disease,
GSE175817_D406H,1.0,0.0,0.0,0.0,0.0,0.0,0.0,Non-malignant disease,
GSE174332_201025_FTLD_232_snRNA-C5,0.009708737864077669,0.0,0.0,0.0,0.9902912621359223,0.0,0.0,Non-malignant disease,
GSE145927_Bx45A,0.5897435897435898,0.0,0.06666666666666667,0.0,0.3333333333333333,0.0,0.010256410256410256,Non-malignant disease,
GSE155850_NL15Myeloid,0.020618556701030927,0.24742268041237114,0.006443298969072165,0.6275773195876289,0.03221649484536082,0.0,0.06572164948453608,Control,
GSE133747_NDRI_1b,0.0,0.051833122629582805,0.0,0.0897597977243995,0.0,0.8508217446270544,0.007585335018963337,Control,
GSE181316_scar_3_scRNA,0.7053941908713693,0.29045643153526973,0.0,0.0,0.004149377593360996,0.0,0.0,Non-malignant disease,
GSE181919_C21,0.09375,0.3958333333333333,0.390625,0.0,0.0,0.005208333333333333,0.11458333333333333,Cancer_Tumor,HNSCC
GSE129845_195,0.03225806451612903,0.7741935483870968,0.0,0.0,0.1935483870967742,0.0,0.0,Non-malignant disease,
GSE183852_TWCM-H8-lib1,0.47644444444444445,0.5031111111111111,0.019555555555555555,0.0008888888888888889,0.0,0.0,0.0,Non-malignant disease,
GSE155468_10x_RPP_TAA_5,0.12826009289031798,0.4587352625937835,0.018578063594140763,0.011075384065737763,0.38335119685602,0.0,0.0,Non-malignant disease,
GSE181316_keloid_2_scRNA,0.5857142857142857,0.2857142857142857,0.0,0.0,0.12857142857142856,0.0,0.0,Non-malignant disease,
GSE181316_keloid_3L_scRNA,0.7674418604651163,0.1937984496124031,0.0,0.0,0.031007751937984496,0.007751937984496124,0.0,Non-malignant disease,
GSE136103_cirrhotic2_cd45-_1,0.8354430379746836,0.04050632911392405,0.0,0.0,0.1240506329113924,0.0,0.0,Non-malignant disease,
GSE173252_sf1,0.9666666666666667,0.03333333333333333,0.0,0.0,0.0,0.0,0.0,Control,
GSE136103_healthy5_cd45plus,0.7964071856287425,0.03293413173652695,0.0,0.0,0.15568862275449102,0.0,0.014970059880239521,Control,
GSE183974_NGS19-I679_Dim_LBA-Hum4,0.0,0.0,0.0,0.0,0.0003748125937031484,0.9947526236881559,0.004872563718140929,Control,
GSE163633_124_OM_HLADR,0.07142857142857142,0.6875,0.05357142857142857,0.0,0.14285714285714285,0.0,0.044642857142857144,Non-malignant disease,
GSE181919_C57,0.1111111111111111,0.09722222222222222,0.5972222222222222,0.06944444444444445,0.027777777777777776,0.027777777777777776,0.06944444444444445,Cancer_Tumor,HNSCC
GSE167494_D15,0.03571428571428571,0.0,0.0,0.0,0.9642857142857143,0.0,0.0,Non-malignant disease,
GSE180928_GO13,0.0,0.0,0.0,0.0,1.0,0.0,0.0,Non-malignant disease,
GSE136103_cirrhotic1_cd45plus,0.5263157894736842,0.03508771929824561,0.0,0.0,0.42105263157894735,0.017543859649122806,0.0,Non-malignant disease,
GSE134577_CSF6,0.0,0.0,0.0,0.0,1.0,0.0,0.0,Non-malignant disease,
GSE180544_MSG21,0.5567010309278351,0.0,0.0,0.0,0.44329896907216493,0.0,0.0,Control,
GSE166345_T154B,0.052083333333333336,0.0,0.0,0.0,0.9479166666666666,0.0,0.0,Cancer_Tumor,Sialoblastoma
GSE153834_COHP_34150_1_UN_Whole_C1_XCSCR_L27414_HVGW2DSXX_AGCATGGT,0.2265625,0.078125,0.0,0.0859375,0.1875,0.0,0.421875,Control,
GSE147979_IrisStroma76,0.11864406779661017,0.0,0.0,0.19491525423728814,0.6864406779661016,0.0,0.0,Control,
GSE178481_SCG_RCC-BM2-P-T1,0.008341056533827619,0.1556997219647822,0.037998146431881374,0.2873030583873957,0.5106580166821131,0.0,0.0,Cancer_Tumor,RCC
GSE174202_1398725_DYE2046,0.0,0.0,0.0,0.0,1.0,0.0,0.0,Control,
GSE159677_02dat20190515tisCARconDIS,0.0,0.1998404467491025,0.02512963701635421,0.0,0.09812524930195453,0.006781013163143199,0.6701236537694456,Non-malignant disease,
GSE167232_115492_HHLTJBGXF_NI_mRNA_TCTTAAAG,0.0,0.0,0.0,0.0,0.0,1.0,0.0,Control,
GSE136103_cirrhotic3_cd45-_1,0.6273062730627307,0.014760147601476014,0.0,0.0,0.35793357933579334,0.0,0.0,Non-malignant disease,
GSE154778_T8,0.12727272727272726,0.2545454545454545,0.03636363636363636,0.0,0.2,0.2727272727272727,0.10909090909090909,Cancer_Tumor,PC
GSE164015_ACE-057_AC_Epi,0.0,0.0,0.038834951456310676,0.0,0.24271844660194175,0.6504854368932039,0.06796116504854369,Non-malignant disease,
GSE168933_HEALTHY1_LIB037235,0.9056603773584906,0.0,0.0,0.0,0.03773584905660377,0.05660377358490566,0.0,Control,
GSE184526_mix,0.0,0.05747126436781609,0.0,0.5747126436781609,0.367816091954023,0.0,0.0,Cancer_AdjNorm,SGTs
GSE164291_MM20567_01,0.046511627906976744,0.30697674418604654,0.0,0.013953488372093023,0.6325581395348837,0.0,0.0,Control,
GSE178481_RCC-PR3-T1,0.11166666666666666,0.715,0.016666666666666666,0.005,0.15166666666666667,0.0,0.0,Cancer_Tumor,RCC
GSE164690_HN18_CD45p,0.0,0.03076923076923077,0.9384615384615385,0.0,0.03076923076923077,0.0,0.0,Cancer_Tumor,HNSCC
GSE147979_IrisStroma75,0.38392857142857145,0.044642857142857144,0.0,0.32142857142857145,0.25,0.0,0.0,Control,
GSE174202_1528555_DYE_2227,0.0,0.0,0.0,0.0,1.0,0.0,0.0,Control,
GSE153892_Sample_03_healthy,0.0,0.16279069767441862,0.0,0.10465116279069768,0.7325581395348837,0.0,0.0,Cancer_AdjNorm,PRC
GSE182208_SC_NS-2,0.13636363636363635,0.8333333333333334,0.0,0.0,0.0,0.030303030303030304,0.0,Control,
GSE178481_RCC-PR7-T,0.09848484848484848,0.7196969696969697,0.0,0.09090909090909091,0.09090909090909091,0.0,0.0,Cancer_Tumor,RCC
GSE155850_NL16Myeloid,0.1217741935483871,0.21854838709677418,0.0,0.6,0.007258064516129033,0.0,0.05241935483870968,Control,
GSE164241_BM158,0.7130434782608696,0.11304347826086956,0.0,0.0,0.17391304347826086,0.0,0.0,Control,
GSE180665_10X-Bondoc-HB53-Tumor-53T-10-6-2020-20201030-3v3-1hg,0.9490445859872612,0.0,0.0,0.0,0.050955414012738856,0.0,0.0,Cancer_Tumor,HB
GSE136103_cirrhotic3_cd45plus_2,0.4720496894409938,0.0,0.0,0.0,0.5217391304347826,0.006211180124223602,0.0,Non-malignant disease,
GSE162616_IT20180531,0.9489795918367347,0.030612244897959183,0.01020408163265306,0.0,0.0,0.01020408163265306,0.0,Cancer_Tumor,HCC
GSE180928_GO006,0.016666666666666666,0.0,0.0,0.0,0.9833333333333333,0.0,0.0,Non-malignant disease,
GSE163633_122_OM_HLADR,0.17333333333333334,0.6444444444444445,0.0044444444444444444,0.057777777777777775,0.08888888888888889,0.0,0.03111111111111111,Non-malignant disease,
GSE155468_10x_RPP_Con_6,0.6416083916083916,0.08391608391608392,0.0,0.033216783216783216,0.24125874125874125,0.0,0.0,Control,
GSE155468_10x_RPP_TAA_6,0.10772163965681601,0.3813155386081983,0.04099142040038131,0.0,0.4699714013346044,0.0,0.0,Non-malignant disease,
GSE171381_COVID_4__decidua__HHT,0.03870967741935484,0.7419354838709677,0.11612903225806452,0.08064516129032258,0.0,0.0064516129032258064,0.016129032258064516,Non-malignant disease,
GSE169062_15494X3,0.39655172413793105,0.0,0.0,0.0,0.603448275862069,0.0,0.0,Non-malignant disease,
GSE158723_NGS18-G694_UCL-PF6000,0.9226361031518625,0.014326647564469915,0.0,0.0,0.04871060171919771,0.011461318051575931,0.0028653295128939827,Non-malignant disease,
GSE144469_CT2-CD3,0.9074074074074074,0.0,0.0,0.0,0.09259259259259259,0.0,0.0,Control,
GSE181957_SC163,0.6428571428571429,0.35714285714285715,0.0,0.0,0.0,0.0,0.0,Non-malignant disease,
GSE181919_LN46,0.0,0.0,1.0,0.0,0.0,0.0,0.0,Cancer_Metastasis,HNSCC
GSE121380_HB35,0.30158730158730157,0.07936507936507936,0.047619047619047616,0.0,0.5714285714285714,0.0,0.0,Non-malignant disease,
GSE131778_rca1-2,0.2647058823529412,0.07352941176470588,0.0,0.0,0.6617647058823529,0.0,0.0,Non-malignant disease,
GSE161267_Pulp2,1.0,0.0,0.0,0.0,0.0,0.0,0.0,Control,
GSE145370_R5A5,0.0,0.5450180072028812,0.13925570228091236,0.01800720288115246,0.0,0.009603841536614645,0.28811524609843936,Cancer_Tumor,ESCA
GSE132771_N2W,0.3641456582633053,0.35294117647058826,0.0,0.0,0.0,0.24369747899159663,0.0392156862745098,Control,
GSE153834_COHP_34150_1_UN_Whole_C1_XCSCR_L27414_HVGW2DSXX_GTTCACTG,0.17985611510791366,0.05755395683453238,0.0,0.16546762589928057,0.17985611510791366,0.0,0.4172661870503597,Control,
GSE133028_28_CSF_uns_5pGEX,0.0,0.0,0.0,0.0,1.0,0.0,0.0,Non-malignant disease,
GSE168933_NASH2_POOL_20190318_NASH_2,0.6219512195121951,0.0,0.0,0.0,0.3780487804878049,0.0,0.0,Non-malignant disease,
GSE173303_63-5GE,0.0,0.0,1.0,0.0,0.0,0.0,0.0,Non-malignant disease,
GSE183852_TWCM-H4,0.73989898989899,0.22643097643097643,0.0,0.005050505050505051,0.01430976430976431,0.0,0.01430976430976431,Non-malignant disease,
GSE154778_Y00019_H5HVVBGX5_CCAGGAGC,0.0,0.16363636363636364,0.01818181818181818,0.0,0.12727272727272726,0.4727272727272727,0.21818181818181817,Cancer_Metastasis,PC
GSE168933_NASH1_POOL_20190311_NASH_1,0.8956043956043956,0.0,0.07692307692307693,0.0,0.027472527472527472,0.0,0.0,Non-malignant disease,
GSE164690_HN08_CD45p,0.0,0.14847161572052403,0.6069868995633187,0.048034934497816595,0.004366812227074236,0.0,0.19213973799126638,Cancer_Tumor,HNSCC
GSE176465_USC_DK013,0.039735099337748346,0.3576158940397351,0.0,0.08609271523178808,0.36423841059602646,0.06622516556291391,0.08609271523178808,Non-malignant disease,
GSE146123_No5_24_yo_healthy_retained,0.9819819819819819,0.013513513513513514,0.0,0.0,0.0045045045045045045,0.0,0.0,Control,
GSE145370_R3B5,0.15384615384615385,0.6870026525198939,0.0,0.14323607427055704,0.015915119363395226,0.0,0.0,Cancer_AdjNorm,ESCA
GSE178481_RCC-PR5-T1,0.1,0.7388888888888889,0.0,0.11666666666666667,0.044444444444444446,0.0,0.0,Cancer_Tumor,RCC
GSE184950_A38,0.0,0.0,0.0,0.0,1.0,0.0,0.0,Non-malignant disease,
GSE164291_MM20567_02,0.037383177570093455,0.2523364485981308,0.0,0.02336448598130841,0.6869158878504673,0.0,0.0,Control,
GSE182208_SC_NS-3,0.5656108597285068,0.3665158371040724,0.0,0.01809954751131222,0.004524886877828055,0.0,0.04524886877828054,Non-malignant disease,
GSE145927_Bx45B,0.7928571428571428,0.0,0.04285714285714286,0.0,0.16428571428571428,0.0,0.0,Non-malignant disease,
GSE180928_GO30,0.0,0.0,0.0,0.0,1.0,0.0,0.0,Control,
GSE168933_HEALTHY1_LIB037233,0.5172413793103449,0.011494252873563218,0.0,0.0,0.45977011494252873,0.011494252873563218,0.0,Control,
GSE168933_Healthy2_POOL_20190116_healthy_2,0.7647058823529411,0.08823529411764706,0.0,0.0,0.14705882352941177,0.0,0.0,Control,
GSE181082_SynTissue_50_6000,0.4684466019417476,0.18689320388349515,0.0970873786407767,0.0,0.0048543689320388345,0.0,0.24271844660194175,Control,
GSE172225_192561SKN_GEX_HHT,0.8181818181818182,0.025974025974025976,0.0,0.15584415584415584,0.0,0.0,0.0,Control,
GSE178481_RCC-PR8-N,0.2426470588235294,0.5955882352941176,0.0,0.0,0.16176470588235295,0.0,0.0,Cancer_AdjNorm,RCC
GSE158723_NGS18-G344-UCL-NP1-6000cells,0.9230769230769231,0.0,0.0,0.0,0.06451612903225806,0.01240694789081886,0.0,Control,
GSE173252_dd1A,0.9663677130044843,0.02914798206278027,0.0,0.0,0.004484304932735426,0.0,0.0,Non-malignant disease,
GSE128993_Human,0.055248618784530384,0.0,0.0,0.0,0.9447513812154696,0.0,0.0,Control,
GSE163633_121_OM_HLADR,0.05531914893617021,0.8085106382978723,0.10212765957446808,0.0,0.00851063829787234,0.0,0.02553191489361702,Non-malignant disease,
GSE129845_196,0.052083333333333336,0.875,0.07291666666666667,0.0,0.0,0.0,0.0,Non-malignant disease,
GSE167232_115492_HHLTJBGXF_NI_mRNA_CGAGGCTC,0.0,0.0,0.0,0.0,0.0,1.0,0.0,Control,
GSE145809_SIGAA1,0.0,0.0,0.6560509554140127,0.0,0.006369426751592357,0.0,0.3375796178343949,Control,
GSE132771_F4W,0.2196969696969697,0.4065656565656566,0.0,0.0,0.017676767676767676,0.26515151515151514,0.09090909090909091,Non-malignant disease,
GSE136103_healthy4_cd45-_3,0.9281886387995713,0.03215434083601286,0.02465166130760986,0.0,0.015005359056806002,0.0,0.0,Control,
GSE150674_ND17494_Fresh,0.0,0.0,0.373134328358209,0.0,0.14925373134328357,0.34328358208955223,0.13432835820895522,Control,
GSE153892_Sample_03_tumor,0.0,0.39378238341968913,0.015544041450777202,0.08808290155440414,0.5025906735751295,0.0,0.0,Cancer_Tumor,PRC
GSE181919_N22,0.6956521739130435,0.30434782608695654,0.0,0.0,0.0,0.0,0.0,Cancer_AdjNorm,HNSCC
GSE176417_Sc_skin4,0.8591549295774648,0.11267605633802817,0.0,0.028169014084507043,0.0,0.0,0.0,Control,
GSE158723_NGS18-G695_UCL-NPF6000,0.9130434782608695,0.057971014492753624,0.0,0.0,0.010869565217391304,0.018115942028985508,0.0,Non-malignant disease,
GSE167490_D3,0.0,0.0,0.0,0.0,1.0,0.0,0.0,Control,
GSE180928_GO010,0.06521739130434782,0.0,0.0,0.0,0.9347826086956522,0.0,0.0,Non-malignant disease,
GSE164241_PD164c,0.5116279069767442,0.2441860465116279,0.2441860465116279,0.0,0.0,0.0,0.0,Non-malignant disease,
GSE172225_192565SKN_GEX_HHT,0.6545454545454545,0.12727272727272726,0.0,0.21818181818181817,0.0,0.0,0.0,Control,
GSE132771_F5W,0.014971378247468076,0.14090708938793484,0.0,0.0,0.0,0.1448701012769705,0.6992514310876266,Non-malignant disease,
GSE136103_cirrhotic5_cd45plus,0.5486111111111112,0.3472222222222222,0.0,0.0,0.0,0.006944444444444444,0.09722222222222222,Non-malignant disease,
GSE164690_HN10_CD45p,0.0,0.02247191011235955,0.9775280898876404,0.0,0.0,0.0,0.0,Cancer_Tumor,HNSCC
GSE179159_Fresh_ROB_2026,0.0,0.0,0.17857142857142858,0.0,0.30612244897959184,0.0663265306122449,0.4489795918367347,Non-malignant disease,
GSE159677_01dat20190717tisCARconHEA,0.7966804979253111,0.03734439834024896,0.0,0.0,0.16597510373443983,0.0,0.0,Non-malignant disease,
GSE160536_SC223_affected_RPMI,0.6092307692307692,0.18769230769230769,0.11384615384615385,0.08,0.0,0.0,0.009230769230769232,Non-malignant disease,
GSE171381_CNTRL_2__villi__HCR,0.9385312196700097,0.031381429957942415,0.0,0.0,0.005499838240051763,0.005499838240051763,0.019087673891944355,Control,
GSE146123_human_molar_healthy_1,1.0,0.0,0.0,0.0,0.0,0.0,0.0,Control,
GSE155512_RPE004,0.5370370370370371,0.0,0.0,0.0,0.46296296296296297,0.0,0.0,Non-malignant disease,
GSE160536_SC222_affected_Cryostor,0.25471698113207547,0.5471698113207547,0.07547169811320754,0.11635220125786164,0.0031446540880503146,0.0,0.0031446540880503146,Non-malignant disease,
GSE178481_RCC-PR6-N,0.5164835164835165,0.07692307692307693,0.0,0.24175824175824176,0.16483516483516483,0.0,0.0,Cancer_AdjNorm,RCC
GSE167295_SC167,0.021929824561403508,0.02631578947368421,0.0,0.0,0.0,0.8421052631578947,0.10964912280701754,Non-malignant disease,
GSE178481_RCC-RCC1-N,0.39634146341463417,0.2804878048780488,0.0,0.0,0.3231707317073171,0.0,0.0,Cancer_AdjNorm,RCC
GSE155468_10x_RPP_ATT_2,0.5970961887477314,0.10163339382940109,0.0,0.018148820326678767,0.2831215970961887,0.0,0.0,Non-malignant disease,
GSE133028_25_CSF_uns_5pGEX,0.0,0.0,0.0,0.0,1.0,0.0,0.0,Non-malignant disease,
GSE173303_45-5GE,0.03167420814479638,0.08144796380090498,0.13574660633484162,0.2081447963800905,0.013574660633484163,0.04072398190045249,0.48868778280542985,Non-malignant disease,
GSE167232_115492_HHLTJBGXF_NI_mRNA_GTCCTTCT,0.0,0.0,0.0,0.0,0.0,1.0,0.0,Control,
GSE183974_NGS19-I415_Dim_LBA-Hum3,0.0,0.0,0.0,0.0,0.0,0.9689954526663911,0.03100454733360893,Control,
GSE165045_BL4,0.1358695652173913,0.391304347826087,0.0,0.45108695652173914,0.021739130434782608,0.0,0.0,Non-malignant disease,
GSE181957_SC229,0.6333333333333333,0.36666666666666664,0.0,0.0,0.0,0.0,0.0,Non-malignant disease,
GSE184950_B19,0.0,0.0,0.0,0.0,1.0,0.0,0.0,Non-malignant disease,
GSE145370_R4A5,0.002386634844868735,0.31026252983293556,0.0,0.020684168655529037,0.0,0.0588703261734288,0.6077963404932378,Cancer_Tumor,ESCA
GSE178481_RCC-PR6-T,0.05194805194805195,0.7056277056277056,0.025974025974025976,0.11688311688311688,0.09956709956709957,0.0,0.0,Cancer_Tumor,RCC
GSE174332_200721_FTLD_206_snRNA-A10,0.0,0.0,0.0,0.0,1.0,0.0,0.0,Non-malignant disease,
GSE129845_193,0.058823529411764705,0.9117647058823529,0.0,0.0,0.029411764705882353,0.0,0.0,Non-malignant disease,
GSE181919_C15,0.15714285714285714,0.35714285714285715,0.0,0.0,0.11428571428571428,0.014285714285714285,0.35714285714285715,Cancer_Tumor,HNSCC
GSE181919_P16,0.3893129770992366,0.21374045801526717,0.3511450381679389,0.0,0.04580152671755725,0.0,0.0,Cancer_Tumor,Leukoplakia
GSE164291_MM20567_04,0.0380952380952381,0.3333333333333333,0.0,0.0,0.6285714285714286,0.0,0.0,Control,
GSE136103_healthy2_cd45plus_2,0.8277027027027027,0.037162162162162164,0.0,0.0,0.13513513513513514,0.0,0.0,Control,
GSE153947_Cr3,0.04597701149425287,0.022988505747126436,0.0,0.0,0.9310344827586207,0.0,0.0,Non-malignant disease,
GSE178481_RCC-PR5-T3,0.04435483870967742,0.6129032258064516,0.0,0.29435483870967744,0.04032258064516129,0.008064516129032258,0.0,Cancer_Tumor,RCC
GSE147979_Iris74,0.4083333333333333,0.0,0.0,0.14166666666666666,0.45,0.0,0.0,Control,
GSE158924_scHealthy2_HHT,0.5333333333333333,0.22666666666666666,0.0,0.21333333333333335,0.02666666666666667,0.0,0.0,Control,
GSE131778_rca3-3,0.6281690140845071,0.036619718309859155,0.0,0.0,0.3352112676056338,0.0,0.0,Non-malignant disease,
GSE180878_PM_F,0.0,0.8426966292134831,0.0,0.011235955056179775,0.14606741573033707,0.0,0.0,Control,
GSE145370_S159A5,0.027184466019417475,0.6524271844660194,0.0854368932038835,0.0,0.21941747572815534,0.015533980582524271,0.0,Cancer_Tumor,ESCA
GSE154778_T10,0.42045454545454547,0.125,0.0,0.0,0.07954545454545454,0.03409090909090909,0.3409090909090909,Cancer_Tumor,PC
GSE131778_rca3-2,0.6750788643533123,0.0,0.0,0.0,0.3249211356466877,0.0,0.0,Non-malignant disease,
GSE156310_SC174,0.03040173724212812,0.06406080347448426,0.01520086862106406,0.0,0.006514657980456026,0.6351791530944625,0.248642779587405,Non-malignant disease,
GSE164241_BM168,0.5120772946859904,0.07729468599033816,0.024154589371980676,0.0,0.38164251207729466,0.004830917874396135,0.0,Control,
GSE183852_TWCM-H5,0.7225433526011561,0.2023121387283237,0.0,0.02023121387283237,0.05491329479768786,0.0,0.0,Control,
GSE173252_dd2,1.0,0.0,0.0,0.0,0.0,0.0,0.0,Non-malignant disease,
GSE175817_D407H,0.45132743362831856,0.168141592920354,0.0,0.23893805309734514,0.1415929203539823,0.0,0.0,Non-malignant disease,
GSE145927_Bx45C,0.7762039660056658,0.0,0.019830028328611898,0.0,0.20396600566572237,0.0,0.0,Non-malignant disease,
GSE136103_cirrhotic3_cd45-_3,0.6282527881040892,0.0,0.0,0.0,0.37174721189591076,0.0,0.0,Non-malignant disease,
GSE145927_Bx39B,0.6022727272727273,0.0,0.13068181818181818,0.0,0.26704545454545453,0.0,0.0,Non-malignant disease,
GSE180544_MSG11,0.8740740740740741,0.0,0.0,0.0,0.1259259259259259,0.0,0.0,Control,
GSE131778_rca2-1,0.6991869918699187,0.0,0.0,0.0,0.3008130081300813,0.0,0.0,Non-malignant disease,
GSE174332_191114_PN_303_snRNA-E8,0.02586206896551724,0.0,0.0,0.0,0.9741379310344828,0.0,0.0,Control,
GSE153947_Cr2,0.049019607843137254,0.0,0.0,0.0,0.9509803921568627,0.0,0.0,Non-malignant disease,
GSE171381_COVID_4__villi__HHT,0.8818443804034583,0.05475504322766571,0.05763688760806916,0.0,0.0,0.0,0.005763688760806916,Non-malignant disease,
GSE133028_32_CSF_uns_5pGEX,0.0,0.0,0.0,0.0,1.0,0.0,0.0,Control,
GSE132771_F1W,0.11320754716981132,0.0440251572327044,0.0,0.0031446540880503146,0.09433962264150944,0.11320754716981132,0.6320754716981132,Non-malignant disease,
GSE158723_NGS18-G347-UCL-P70-6000cells,0.9435483870967742,0.0,0.0,0.0,0.04032258064516129,0.016129032258064516,0.0,Control,
GSE173303_62-5GE,0.0,0.0,0.7884615384615384,0.0,0.0,0.11538461538461539,0.09615384615384616,Non-malignant disease,
GSE174332_201025_FTLD_235_snRNA-C7,0.02197802197802198,0.0,0.0,0.0,0.978021978021978,0.0,0.0,Non-malignant disease,
GSE176417_Sc_skin3,0.803921568627451,0.058823529411764705,0.0,0.11764705882352941,0.013071895424836602,0.006535947712418301,0.0,Control,
GSE171381_CNTRL_1__villi__HCR,0.9550155118924509,0.02249224405377456,0.0,0.0,0.012409513960703205,0.0,0.010082730093071354,Control,
GSE135337_BC1,0.0,0.3469387755102041,0.0,0.0,0.5612244897959183,0.09183673469387756,0.0,Cancer_Tumor,BLCA
GSE181957_SC184,0.635593220338983,0.17796610169491525,0.0,0.0,0.0,0.0,0.1864406779661017,Non-malignant disease,
GSE171381_COVID_5__villi__HHT,0.8390804597701149,0.10344827586206896,0.005747126436781609,0.0,0.011494252873563218,0.0,0.040229885057471264,Non-malignant disease,
GSE155683_G170019300257T_Adult_Cornea,0.0,0.14705882352941177,0.0,0.7352941176470589,0.11764705882352941,0.0,0.0,Control,
GSE136103_cirrhotic4_cd45plus,0.42857142857142855,0.09398496240601503,0.19548872180451127,0.0,0.2819548872180451,0.0,0.0,Non-malignant disease,
GSE144469_C6-CD45,0.2403846153846154,0.09615384615384616,0.5961538461538461,0.0,0.0673076923076923,0.0,0.0,Non-malignant disease,
GSE178481_RCC-PR5-T2,0.05138339920948617,0.7430830039525692,0.0,0.13438735177865613,0.05928853754940711,0.011857707509881422,0.0,Cancer_Tumor,RCC
GSE172225_192566SKL_GEX_HHT,0.16294349540078842,0.7371879106438897,0.018396846254927726,0.06438896189224705,0.017082785808147174,0.0,0.0,Non-malignant disease,
GSE169657_h51AP-GEX,0.024464831804281346,0.01834862385321101,0.6330275229357798,0.0,0.0,0.0,0.3241590214067278,Cancer_Tumor,BRCA
GSE164241_BM157,0.833976833976834,0.08108108108108109,0.0,0.0,0.07722007722007722,0.007722007722007722,0.0,Control,
GSE162122_061919Myometrium_GEXL,0.6049382716049383,0.0,0.0,0.20987654320987653,0.18518518518518517,0.0,0.0,Control,
GSE143704_Sample_84099_HMYWJBGX7_hu_092618,0.9622641509433962,0.018867924528301886,0.0,0.0,0.018867924528301886,0.0,0.0,Control,
GSE202374_RS-03378690_P10_RS-03377709,0.07445008460236886,0.20812182741116753,0.19627749576988154,0.0,0.5076142131979695,0.0,0.01353637901861252,Cancer_Tumor,RCC
GSE175817_D408A,0.5339805825242718,0.3106796116504854,0.0,0.0,0.07766990291262135,0.0,0.07766990291262135,Non-malignant disease,
GSE134577_CSF5,0.0,0.0,0.0,0.0,1.0,0.0,0.0,Non-malignant disease,
GSE161267_Pulp5,0.9455782312925171,0.0,0.0,0.0,0.05442176870748299,0.0,0.0,Control,
GSE174332_191113_FTLD_214_snRNA-D9,0.006134969325153374,0.0,0.0,0.0,0.9938650306748467,0.0,0.0,Non-malignant disease,
GSE132802_Skin_Dress1,0.5485714285714286,0.41714285714285715,0.02857142857142857,0.0,0.0,0.005714285714285714,0.0,Non-malignant disease,
GSE164690_HN09_CD45p,0.031746031746031744,0.0,0.4603174603174603,0.0,0.0,0.047619047619047616,0.4603174603174603,Cancer_Tumor,HNSCC
GSE169657_h61AP-GEX,0.275,0.023958333333333335,0.68125,0.0,0.007291666666666667,0.0125,0.0,Cancer_Tumor,BRCA
GSE132771_N3W,0.10559662090813093,0.19640971488912354,0.0,0.0,0.0,0.6251319957761352,0.07286166842661035,Control,
GSE165045_BL6,0.15853658536585366,0.0,0.0,0.0,0.8414634146341463,0.0,0.0,Control,
GSE175817_D406A,0.04918032786885246,0.2107728337236534,0.0351288056206089,0.06791569086651054,0.0,0.0,0.6370023419203747,Non-malignant disease,
GSE147528_EC2612,0.0,0.0,0.0,0.0,1.0,0.0,0.0,Non-malignant disease,
GSE181919_C51,0.035555555555555556,0.8088888888888889,0.09333333333333334,0.0,0.0,0.008888888888888889,0.05333333333333334,Cancer_Tumor,HNSCC
GSE173252_dd1B,0.9481641468682506,0.05183585313174946,0.0,0.0,0.0,0.0,0.0,Non-malignant disease,
GSE164241_GM136,0.5507246376811594,0.34782608695652173,0.0,0.0,0.10144927536231885,0.0,0.0,Control,
GSE169657_h62AP-GEX,0.0,0.0,0.9857288481141692,0.0,0.0015290519877675841,0.0,0.0127420998980632,Cancer_Tumor,BRCA
GSE178481_RCC-PR2-N,0.3709677419354839,0.11290322580645161,0.0,0.03225806451612903,0.4838709677419355,0.0,0.0,Cancer_AdjNorm,RCC
GSE167232_115492_H2KGMBGXF_NI_mRNA_AAGACGGA,0.0,0.0,0.0,0.0,0.0,1.0,0.0,Control,
GSE164690_HN07_CD45p,0.0,0.20229007633587787,0.6030534351145038,0.0,0.0,0.0,0.1946564885496183,Cancer_Tumor,HNSCC
GSE163633_125_OM_HLADR,0.22641509433962265,0.40431266846361186,0.11859838274932614,0.0,0.15902964959568733,0.0,0.09164420485175202,Non-malignant disease,
GSE183974_NGS19-K359_Dim_LBA-Hum11,0.0,0.0,0.0,0.0,0.0,0.9651645009676527,0.03483549903234725,Non-malignant disease,
GSE178481_RCC-RCC1-T,0.08695652173913043,0.3804347826086957,0.0,0.0,0.532608695652174,0.0,0.0,Cancer_Tumor,RCC
GSE136103_healthy2_cd45-_1,0.39622641509433965,0.16981132075471697,0.0,0.0,0.4339622641509434,0.0,0.0,Control,
GSE136103_healthy4_cd45-_2,0.9549356223175965,0.027896995708154508,0.0,0.0,0.017167381974248927,0.0,0.0,Control,
GSE165045_BL7,0.11202185792349727,0.0,0.0,0.0,0.34153005464480873,0.11202185792349727,0.4344262295081967,Control,
GSE172225_192564SKL_GEX_HHT,0.2709447415329768,0.7263814616755794,0.0,0.0,0.00267379679144385,0.0,0.0,Non-malignant disease,
GSE199515_APD_Triple,0.010830324909747292,0.021660649819494584,0.8447653429602888,0.09386281588447654,0.0,0.02888086642599278,0.0,Cancer_Tumor,BRCA
GSE172225_192565SKL_GEX_HHT,0.20042417815482502,0.7963944856839873,0.0,0.0,0.003181336161187699,0.0,0.0,Non-malignant disease,
GSE180928_GO011,0.045454545454545456,0.0,0.0,0.0,0.9545454545454546,0.0,0.0,Control,
GSE181082_SynTissue_28_10000,0.7125340599455041,0.15258855585831063,0.0326975476839237,0.0,0.0,0.0,0.10217983651226158,Control,
GSE185659_P3_Treated_GEX,0.0,0.6779661016949152,0.0,0.1694915254237288,0.01694915254237288,0.06779661016949153,0.06779661016949153,Non-malignant disease,
GSE164690_HN05_CD45p,0.0,0.0,1.0,0.0,0.0,0.0,0.0,Cancer_Tumor,HNSCC
GSE200107_50B,0.0,0.0,0.8275862068965517,0.0,0.0,0.1724137931034483,0.0,Non-malignant disease,
GSE135337_BC5,0.046875,0.3359375,0.0234375,0.34375,0.234375,0.015625,0.0,Cancer_Tumor,BLCA
GSE145370_S150A5,0.0,0.43337819650067294,0.4508748317631225,0.03230148048452221,0.0,0.05787348586810229,0.02557200538358008,Cancer_Tumor,ESCA
GSE182381_KC40_2_placenta,0.39473684210526316,0.5263157894736842,0.06578947368421052,0.0,0.013157894736842105,0.0,0.0,Control,
GSE163633_T015_TIL_HLADR,0.0077279752704791345,0.7959814528593508,0.0,0.0,0.00927357032457496,0.010819165378670788,0.17619783616692428,Cancer_Tumor,HNSCC
GSE129845_192,0.20930232558139536,0.7732558139534884,0.0,0.0,0.01744186046511628,0.0,0.0,Non-malignant disease,
GSE175817_D404,0.10743801652892562,0.2066115702479339,0.0,0.09917355371900827,0.0,0.0,0.5867768595041323,Non-malignant disease,
GSE169062_15494X2,0.2830188679245283,0.03773584905660377,0.0,0.018867924528301886,0.660377358490566,0.0,0.0,Non-malignant disease,
GSE131778_rca2-2,0.654320987654321,0.012345679012345678,0.0,0.0,0.3333333333333333,0.0,0.0,Non-malignant disease,
GSE124885_B5,0.0,0.0,0.0,0.0,0.006060606060606061,0.9939393939393939,0.0,Non-malignant disease,
GSE178481_RCC-PR3-T3,0.2420796100731113,0.5548334687246141,0.0,0.0,0.20308692120227456,0.0,0.0,Cancer_Tumor,RCC
GSE160243_sample6,0.0,0.06593406593406594,0.0,0.19963369963369965,0.7344322344322345,0.0,0.0,Cancer_Tumor,RCC
GSE173252_dd3,0.9378531073446328,0.01694915254237288,0.0,0.0,0.0423728813559322,0.0,0.002824858757062147,Non-malignant disease,
GSE194129_U1,0.581151832460733,0.16753926701570682,0.02617801047120419,0.031413612565445025,0.193717277486911,0.0,0.0,Control,
GSE153892_Sample_01_healthy,0.0,0.0,0.0,0.1276595744680851,0.8468085106382979,0.02553191489361702,0.0,Cancer_AdjNorm,PRC
GSE156310_SC175,0.033707865168539325,0.031835205992509365,0.0,0.0,0.0028089887640449437,0.5028089887640449,0.4288389513108614,Non-malignant disease,
GSE168933_HEALTHY2_LIB037236,0.9821428571428571,0.0,0.0,0.0,0.017857142857142856,0.0,0.0,Control,
GSE132771_F3W,0.12209302325581395,0.4941860465116279,0.0,0.005813953488372093,0.08139534883720931,0.029069767441860465,0.26744186046511625,Non-malignant disease,
GSE183974_NGS19-J263_Dim_LBA-Hum9,0.0,0.0,0.0,0.0,0.0,0.9773531493276716,0.02264685067232838,Non-malignant disease,
GSE167232_115492_HHLTJBGXF_NI_mRNA_AAGACGGA,0.0,0.0,0.0,0.0,0.0,1.0,0.0,Control,
GSE163633_TIL_HLADR_027,0.06922468354430379,0.4264240506329114,0.1530854430379747,0.0,0.003560126582278481,0.0,0.34770569620253167,Cancer_Tumor,HNSCC
GSE165045_BL2,0.29048843187660667,0.32390745501285345,0.0,0.09254498714652956,0.26735218508997427,0.0,0.02570694087403599,Non-malignant disease,
GSE167232_115492_H2KGMBGXF_NI_mRNA_GTCCTTCT,0.0,0.0,0.0,0.0,0.0,1.0,0.0,Control,
GSE133028_32_CSF_uns_5pIGSEQ_2,0.0,0.0,0.0,0.0,0.9944444444444445,0.005555555555555556,0.0,Control,
GSE132771_N1L,0.06578947368421052,0.0,0.0,0.0,0.0,0.9342105263157895,0.0,Control,
GSE181919_C59,0.1076923076923077,0.35384615384615387,0.4461538461538462,0.0,0.0,0.015384615384615385,0.07692307692307693,Cancer_Tumor,HNSCC
GSE164092_P13104_11002,0.4482758620689655,0.06896551724137931,0.0,0.13793103448275862,0.3275862068965517,0.017241379310344827,0.0,Control,
GSE158924_scGA3-v3_HHT,0.34782608695652173,0.11594202898550725,0.4782608695652174,0.043478260869565216,0.0,0.0,0.014492753623188406,Non-malignant disease,
GSE164241_BM169,1.0,0.0,0.0,0.0,0.0,0.0,0.0,Control,
GSE136103_healthy1_cd45plus_1,1.0,0.0,0.0,0.0,0.0,0.0,0.0,Control,
GSE180928_GO14,0.0,0.0,0.0,0.0,1.0,0.0,0.0,Non-malignant disease,
GSE136103_healthy1_cd45-A_3,0.9072847682119205,0.09271523178807947,0.0,0.0,0.0,0.0,0.0,Control,
GSE181957_SC237,0.6,0.4,0.0,0.0,0.0,0.0,0.0,Non-malignant disease,
GSE211155_NSCLC13_NormalLung_TregandCD8posT_scRNA,0.0,0.0,0.0,0.0,0.03333333333333333,0.9666666666666667,0.0,Control,
GSE155468_10x_RPP_TAA_7,0.6775200713648528,0.0704727921498662,0.0,0.0,0.252007136485281,0.0,0.0,Non-malignant disease,
GSE136103_cirrhotic1_cd45-B,0.4117647058823529,0.0,0.0,0.0,0.5490196078431373,0.0392156862745098,0.0,Non-malignant disease,
GSE199515_APD_E,0.11811023622047244,0.1968503937007874,0.08661417322834646,0.2755905511811024,0.30708661417322836,0.015748031496062992,0.0,Cancer_Tumor,BRCA
GSE166345_227T_F_20191111NA,0.14885496183206107,0.0,0.0,0.0,0.8142493638676844,0.006361323155216285,0.030534351145038167,Cancer_Tumor,Sialoblastoma
GSE147979_Iris73,0.15770609318996415,0.07885304659498207,0.0,0.16487455197132617,0.5985663082437276,0.0,0.0,Control,
GSE133747_HC1,0.05389221556886228,0.0,0.0,0.0,0.020958083832335328,0.9251497005988024,0.0,Control,
GSE180878_PM_B,0.0,0.8653846153846154,0.0,0.019230769230769232,0.11538461538461539,0.0,0.0,Control,
GSE171381_CNTRL_3__villi__HCR,0.8470149253731343,0.03731343283582089,0.0,0.0,0.07462686567164178,0.014925373134328358,0.026119402985074626,Control,
GSE181919_LN22,0.03571428571428571,0.39285714285714285,0.5119047619047619,0.0,0.0,0.011904761904761904,0.047619047619047616,Cancer_Metastasis,HNSCC
GSE166992_IVAR4_5D_CKDL200155938-1a-SI_GA_D2_H5NG5DSXY,0.0,0.0,0.0,0.0,0.0,1.0,0.0,Control,
GSE181297_Keloid1,0.9832775919732442,0.010033444816053512,0.0,0.0,0.0,0.006688963210702341,0.0,Non-malignant disease,
GSE158924_scGA1__HHT,0.1111111111111111,0.07729468599033816,0.42028985507246375,0.00966183574879227,0.004830917874396135,0.0,0.37681159420289856,Non-malignant disease,
GSE138852_Ct3-Ct4,0.0,0.0,0.0,0.0,1.0,0.0,0.0,Control,
GSE144469_C2-CD45,0.0,0.0,1.0,0.0,0.0,0.0,0.0,Non-malignant disease,
GSE167297_TN1904R2479--TCAAGGCC,0.03508771929824561,0.7309941520467836,0.023391812865497075,0.0,0.0,0.005847953216374269,0.2046783625730994,Cancer_Tumor,GC
GSE154778_T6,0.032520325203252036,0.46070460704607047,0.3333333333333333,0.0,0.04065040650406504,0.1111111111111111,0.02168021680216802,Cancer_Tumor,PC
GSE162122_Myometrium_PBSP_GEXL,0.5441176470588235,0.0,0.0,0.0,0.45588235294117646,0.0,0.0,Control,
GSE180928_GO18,0.0,0.0,0.0,0.0,1.0,0.0,0.0,Non-malignant disease,
GSE146165_S01_CDNA,0.0,0.0,0.0,0.08641975308641975,0.9135802469135802,0.0,0.0,Control,
GSE145370_S150B5,0.5608108108108109,0.08108108108108109,0.0,0.31756756756756754,0.04054054054054054,0.0,0.0,Cancer_AdjNorm,ESCA
GSE168933_NASH2_POOL_20190311_NASH_2,0.8647342995169082,0.0,0.043478260869565216,0.0,0.09178743961352658,0.0,0.0,Non-malignant disease,
GSE158723_NGS18-G693_UCL-WF6000,0.9602888086642599,0.02527075812274368,0.0,0.0,0.0,0.0,0.01444043321299639,Non-malignant disease,
GSE172225_192561SKL_GEX_HHT,0.1171875,0.69921875,0.05859375,0.12109375,0.0,0.00390625,0.0,Non-malignant disease,
GSE173303_A7-5GE,0.0,0.0,0.9642857142857143,0.03571428571428571,0.0,0.0,0.0,Non-malignant disease,
GSE145370_S149A5,0.0,0.0,1.0,0.0,0.0,0.0,0.0,Cancer_Tumor,ESCA
GSE180878_PM_D,0.0,0.640625,0.0,0.0,0.359375,0.0,0.0,Control,
GSE136103_cirrhotic1_cd45-A,0.92,0.0,0.0,0.0,0.08,0.0,0.0,Non-malignant disease,
GSE143704_Sample_87378_HH3Y5BGX9_hu_111418,0.9429824561403509,0.0,0.0,0.03508771929824561,0.021929824561403508,0.0,0.0,Control,
GSE155850_HS22_Myeloid,0.0,0.3578336557059961,0.027079303675048357,0.6015473887814313,0.013539651837524178,0.0,0.0,Non-malignant disease,
GSE181919_P60,0.0,0.725,0.275,0.0,0.0,0.0,0.0,Cancer_Tumor,HNSCC
GSE182208_SC_NS-6,0.38671875,0.25390625,0.0,0.34375,0.015625,0.0,0.0,Control,
GSE168933_Healthy1_POOL_20190116_healthy_1,0.8181818181818182,0.02727272727272727,0.0,0.0,0.12727272727272726,0.00909090909090909,0.01818181818181818,Control,
GSE147528_SFG2612,0.008888888888888889,0.0,0.0,0.0,0.9911111111111112,0.0,0.0,Non-malignant disease,
GSE172225_192567SKN_GEX_HHT,0.1393939393939394,0.8181818181818182,0.0,0.04242424242424243,0.0,0.0,0.0,Control,
GSE171381_CNTRL_1__decidua__HCR,0.378021978021978,0.6153846153846154,0.0,0.0,0.0,0.002197802197802198,0.004395604395604396,Control,
GSE174332_191112_ALS_114_snRNA-B12,0.0,0.0,0.0,0.0,1.0,0.0,0.0,Non-malignant disease,
GSE182208_SC_NS-5,0.6666666666666666,0.2840909090909091,0.045454545454545456,0.0,0.003787878787878788,0.0,0.0,Non-malignant disease,
GSE146123_human_germ_molar_apical_papilla_female_15yo,0.43902439024390244,0.3170731707317073,0.0,0.0,0.24390243902439024,0.0,0.0,Control,
GSE167297_TN1904R2479--CTCCTAGT,0.038461538461538464,0.6461538461538462,0.05384615384615385,0.0,0.0,0.0,0.26153846153846155,Cancer_Tumor,GC
GSE180928_GO24,0.0,0.0,0.0,0.0,1.0,0.0,0.0,Control,
GSE132771_F6W,0.1162079510703364,0.09174311926605505,0.0,0.01834862385321101,0.0,0.27675840978593275,0.4969418960244648,Non-malignant disease,
GSE153892_Sample_02_tumor,0.0,0.03862660944206009,0.0,0.8369098712446352,0.11587982832618025,0.0,0.008583690987124463,Cancer_Tumor,PRC
GSE161500_22228,0.0,0.0,1.0,0.0,0.0,0.0,0.0,Non-malignant disease,
GSE168741_595_BILs_5GEX,0.0,0.0440499671268902,0.0,0.0650887573964497,0.89086127547666,0.0,0.0,Non-malignant disease,
GSE153892_Sample_02_healthy,0.0,0.06779661016949153,0.0,0.711864406779661,0.22033898305084745,0.0,0.0,Cancer_AdjNorm,PRC
GSE165045_BL1,0.2361111111111111,0.3055555555555556,0.0,0.4027777777777778,0.05555555555555555,0.0,0.0,Non-malignant disease,
GSE128066_SC124,0.16923076923076924,0.8153846153846154,0.0,0.0,0.015384615384615385,0.0,0.0,Control,
GSE144469_CT5-CD3,0.8245614035087719,0.0,0.05263157894736842,0.0,0.12280701754385964,0.0,0.0,Control,
GSE145927_Bx39D,0.5545977011494253,0.0,0.05172413793103448,0.0,0.3936781609195402,0.0,0.0,Non-malignant disease,
GSE140393_441_Sample19619_11_9_2018,0.0,0.0,0.0,0.0,0.9977477477477478,0.0022522522522522522,0.0,Non-malignant disease,
GSE159677_02dat20190620tisCARconDIS,0.1664779161947905,0.39184597961494905,0.08154020385050963,0.0056625141562853904,0.22310305775764439,0.0,0.13137032842582105,Non-malignant disease,
GSE180878_RM_C,0.13924050632911392,0.7721518987341772,0.0,0.0,0.08860759493670886,0.0,0.0,Control,
GSE181919_C30,0.0,0.8636363636363636,0.125,0.0,0.0,0.0,0.011363636363636364,Cancer_Tumor,HNSCC
GSE161267_Pulp1,0.8473895582329317,0.012048192771084338,0.0,0.0,0.14056224899598393,0.0,0.0,Control,
GSE129845_158,0.49019607843137253,0.39215686274509803,0.0392156862745098,0.0392156862745098,0.0392156862745098,0.0,0.0,Non-malignant disease,
GSE178481_ID_BM9-P-N,0.3221476510067114,0.5100671140939598,0.0,0.0,0.16778523489932887,0.0,0.0,Cancer_AdjNorm,RCC
GSE145927_Bx45D,0.7277486910994765,0.0,0.05235602094240838,0.0,0.2198952879581152,0.0,0.0,Non-malignant disease,
GSE136103_cirrhotic3_cd45plus_3,0.4896551724137931,0.0,0.0,0.0,0.503448275862069,0.006896551724137931,0.0,Non-malignant disease,
GSE180544_MSG15,0.4406779661016949,0.0,0.0,0.0,0.559322033898305,0.0,0.0,Control,
GSE169471_SC161,0.02605570530098832,0.04851752021563342,0.017969451931716084,0.0,0.0,0.9074573225516622,0.0,Non-malignant disease,
GSE178481_RCC-PR9-N,0.27365728900255754,0.4859335038363171,0.0,0.03836317135549872,0.2020460358056266,0.0,0.0,Cancer_AdjNorm,RCC
GSE183974_NGS19-J264_Dim_LBA-Hum10,0.0,0.0,0.009673852957435046,0.0,0.0,0.9419568822553898,0.04836926478717524,Control,
GSE161267_Pulp4,0.9685863874345549,0.0,0.0,0.0,0.031413612565445025,0.0,0.0,Control,
GSE167232_115492_H2KGMBGXF_NI_mRNA_TCTTAAAG,0.0,0.0,0.0,0.0,0.0,1.0,0.0,Control,
GSE129845_run231_187,0.0,0.8769230769230769,0.06153846153846154,0.0,0.06153846153846154,0.0,0.0,Non-malignant disease,
GSE136103_cirrhotic3_cd45-_4,0.6475095785440613,0.0,0.0,0.0,0.3486590038314176,0.0038314176245210726,0.0,Non-malignant disease,
GSE136103_healthy1_cd45plus_2,1.0,0.0,0.0,0.0,0.0,0.0,0.0,Control,
GSE176417_Sc_skin2,0.4469026548672566,0.42035398230088494,0.0,0.0,0.0,0.017699115044247787,0.11504424778761062,Control,
GSE176417_Sc_skin1,0.13636363636363635,0.8333333333333334,0.0,0.0,0.0,0.030303030303030304,0.0,Control,
GSE132771_N1W,0.09655638082376772,0.02363268062120189,0.0,0.0,0.0,0.861580013504389,0.01823092505064146,Control,
GSE168933_HEALTHY1_LIB037231,0.9090909090909091,0.05454545454545454,0.0,0.0,0.03636363636363636,0.0,0.0,Control,
GSE182381_KC42_1_placenta,0.8807947019867549,0.11920529801324503,0.0,0.0,0.0,0.0,0.0,Control,
GSE155468_10x_RPP_Con_4,0.4911504424778761,0.2942477876106195,0.014380530973451327,0.00995575221238938,0.1902654867256637,0.0,0.0,Control,
GSE181919_LN38,0.07471264367816093,0.1896551724137931,0.5344827586206896,0.0,0.13793103448275862,0.011494252873563218,0.05172413793103448,Cancer_Metastasis,HNSCC
GSE176417_Sc_W1,0.30927835051546393,0.27319587628865977,0.030927835051546393,0.211340206185567,0.0,0.0,0.17525773195876287,Non-malignant disease,
GSE178481_RCC-PR2-T,0.040214477211796246,0.5683646112600537,0.0,0.0,0.3163538873994638,0.07506702412868632,0.0,Cancer_Tumor,RCC
GSE180544_MSG18,0.589041095890411,0.0273972602739726,0.0,0.0,0.3835616438356164,0.0,0.0,Control,
GSE181957_SC212,1.0,0.0,0.0,0.0,0.0,0.0,0.0,Non-malignant disease,
GSE178481_RCC-PR9-T2,0.0,0.985941893158388,0.0,0.0,0.014058106841611996,0.0,0.0,Cancer_Tumor,RCC
GSE136103_healthy1_cd45-A_1,0.9568345323741008,0.04316546762589928,0.0,0.0,0.0,0.0,0.0,Control,
GSE144469_C1-CD45,0.0,0.14473684210526316,0.8552631578947368,0.0,0.0,0.0,0.0,Non-malignant disease,
GSE181919_C7,0.0,0.723404255319149,0.05319148936170213,0.0,0.0,0.0,0.22340425531914893,Cancer_Tumor,HNSCC
GSE146123_human_molar_healthy_2,0.8117647058823529,0.07647058823529412,0.0,0.0,0.11176470588235295,0.0,0.0,Control,
GSE181316_scar_2_scRNA,0.24475524475524477,0.6993006993006993,0.0,0.006993006993006993,0.04895104895104895,0.0,0.0,Non-malignant disease,
GSE202374_RS-03378691_P14_RS-03377710,0.06201550387596899,0.09302325581395349,0.29069767441860467,0.0,0.437984496124031,0.03875968992248062,0.07751937984496124,Cancer_Tumor,RCC
GSE167232_111946_HNYVHBGXC_1,0.0,0.0,0.0,0.0,0.0032826537664132687,0.9967173462335868,0.0,Control,
GSE180928_GO20,0.0,0.0,0.0,0.0,1.0,0.0,0.0,Non-malignant disease,
GSE165045_BL8,0.1619496855345912,0.0,0.0,0.0,0.6926100628930818,0.0,0.14544025157232704,Control,
GSE164241_BM150,0.9836065573770492,0.0,0.0,0.0,0.0,0.01639344262295082,0.0,Control,
GSE181316_keloid_1_scRNA,0.9638009049773756,0.01809954751131222,0.0,0.0,0.0,0.0,0.01809954751131222,Non-malignant disease,
GSE173303_65-5GE,0.0,0.0,1.0,0.0,0.0,0.0,0.0,Non-malignant disease,
GSE157376_IPF3_Epcam_N,0.0,0.0,0.0,0.0,0.0,1.0,0.0,Non-malignant disease,
GSE182381_KC40_1_placenta,0.375,0.5416666666666666,0.08333333333333333,0.0,0.0,0.0,0.0,Control,
GSE159913_Kidney_Tumor_Myl,0.0,0.3833406018316616,0.0,0.5582206716092455,0.05843872655909289,0.0,0.0,Cancer_Tumor,RCC
GSE155512_RPE006,0.3822525597269625,0.015358361774744027,0.0,0.0,0.5853242320819113,0.0,0.017064846416382253,Non-malignant disease,
GSE164092_P13104_11003,0.25301204819277107,0.0,0.0,0.03614457831325301,0.6987951807228916,0.012048192771084338,0.0,Control,
GSE180928_GO19,0.059574468085106386,0.0,0.0,0.0,0.9404255319148936,0.0,0.0,Control,
GSE168933_NASH1_LIB037227,0.9230769230769231,0.0,0.0,0.0,0.07692307692307693,0.0,0.0,Non-malignant disease,
GSE166992_IVAR2_5D_CKDL200155936-1a-SI_GA_B2_H5NG5DSXY,0.0,0.0,0.0,0.0,0.0,1.0,0.0,Control,
GSE129845_run231_180,0.4827586206896552,0.20689655172413793,0.08620689655172414,0.0,0.22413793103448276,0.0,0.0,Non-malignant disease,
GSE129845_128,0.0,0.6470588235294118,0.25,0.10294117647058823,0.0,0.0,0.0,Non-malignant disease,
GSE166992_IVAR3_5D_CKDL200155937-1a-SI_GA_C2_H5NG5DSXY,0.0,0.0,0.0,0.0,0.0,1.0,0.0,Non-malignant disease,
GSE180928_GO012,0.0,0.0,0.0,0.0,1.0,0.0,0.0,Non-malignant disease,
GSE168933_HEALTHY2_LIB037238,0.9710144927536232,0.0,0.0,0.0,0.028985507246376812,0.0,0.0,Control,
GSE136103_healthy4_cd45-_4,0.9755826859045506,0.0,0.021087680355160933,0.0,0.003329633740288568,0.0,0.0,Control,
GSE161153_P13104_7006,0.7142857142857143,0.0,0.0,0.0,0.2857142857142857,0.0,0.0,Non-malignant disease,
GSE164241_GM148,0.9710144927536232,0.0,0.0,0.0,0.028985507246376812,0.0,0.0,Control,
GSE178481_RCC-PR4-T,0.040697674418604654,0.31561461794019935,0.03322259136212625,0.27159468438538203,0.3388704318936877,0.0,0.0,Cancer_Tumor,RCC
GSE174332_191113_FTLD_202_snRNA-D3,0.0,0.0,0.0,0.0,1.0,0.0,0.0,Non-malignant disease,
GSE174401_fq9_MB-12,0.518796992481203,0.09022556390977443,0.12030075187969924,0.0,0.19548872180451127,0.03759398496240601,0.03759398496240601,Cancer_Metastasis,MEL
GSE171381_CNTRL_3__decidua__HCR,0.09032258064516129,0.8870967741935484,0.01935483870967742,0.0,0.0,0.0032258064516129032,0.0,Control,
GSE167494_D13,0.020512820512820513,0.0,0.0,0.0,0.9794871794871794,0.0,0.0,Non-malignant disease,
GSE145370_R3A5,0.2148203592814371,0.28967065868263475,0.03592814371257485,0.17440119760479042,0.0561377245508982,0.008982035928143712,0.22005988023952097,Cancer_Tumor,ESCA
GSE157277_HD201614_HHT,0.0,0.0,0.0,0.0,1.0,0.0,0.0,Control,
GSE141578_CSF21,0.0,0.0,0.0,0.0,1.0,0.0,0.0,Non-malignant disease,
GSE133028_29_CSF_uns_5pGEX,0.0,0.0,0.0,0.0,1.0,0.0,0.0,Non-malignant disease,
GSE159677_01dat20190515tisCARconHEL,0.5225225225225225,0.08108108108108109,0.0,0.0,0.3963963963963964,0.0,0.0,Non-malignant disease,
GSE202374_RS-03378686_C23_RS-03377705,0.11076923076923077,0.015384615384615385,0.041025641025641026,0.0,0.8328205128205128,0.0,0.0,Cancer_Tumor,RCC
GSE141578_CSF30,0.0,0.0,0.0,0.0,1.0,0.0,0.0,Non-malignant disease,
GSE175817_D407A,0.12698412698412698,0.5873015873015873,0.06349206349206349,0.015873015873015872,0.015873015873015872,0.0,0.19047619047619047,Non-malignant disease,
GSE136103_healthy3_cd45-A,0.9796839729119639,0.0,0.0,0.0,0.020316027088036117,0.0,0.0,Control,
GSE155468_10x_RPP_TAA_3,0.5731108930323847,0.1619234543670265,0.010794896957801767,0.0,0.23061825318940138,0.001962708537782139,0.021589793915603533,Non-malignant disease,
GSE136103_healthy4_cd45-_1,0.9479956663055255,0.023835319609967497,0.0,0.0,0.028169014084507043,0.0,0.0,Control,
GSE183852_TWCM-H3,0.5074349442379182,0.4516728624535316,0.0,0.0,0.040892193308550186,0.0,0.0,Non-malignant disease,
GSE153834_COHP_34150_1_UN_Whole_C1_XCSCR_L27414_HVGW2DSXX_CAAGCTCC,0.23478260869565218,0.0,0.0,0.0782608695652174,0.22608695652173913,0.0,0.4608695652173913,Control,
GSE133028_32_CSF_uns_5pIGSEQ,0.0,0.0,0.0,0.0,1.0,0.0,0.0,Control,
GSE158723_NGS18-G346-UCL-NP2-6000cells,0.9417040358744395,0.0,0.0,0.0,0.0515695067264574,0.006726457399103139,0.0,Control,
GSE169657_h41AP-GEX,0.07211538461538461,0.30288461538461536,0.4326923076923077,0.0,0.014423076923076924,0.038461538461538464,0.13942307692307693,Cancer_Tumor,BRCA
GSE183974_NGS19-J141_Dim_LBA-Hum7,0.0,0.0,0.0,0.0,0.0,0.9789596727060199,0.02104032729398013,Control,
GSE129845_190,0.5,0.43902439024390244,0.0,0.0,0.06097560975609756,0.0,0.0,Non-malignant disease,
GSE162122_Myometrium-55_12640_GEXL,0.6666666666666666,0.0625,0.0,0.2013888888888889,0.06944444444444445,0.0,0.0,Control,
GSE145927_Bx39C,0.6666666666666666,0.0,0.09343434343434344,0.0,0.2398989898989899,0.0,0.0,Non-malignant disease,
GSE180928_GO005,0.0,0.0,0.0,0.0,1.0,0.0,0.0,Control,
GSE178481_RCC-PR4-N,0.31,0.36,0.0,0.0,0.33,0.0,0.0,Cancer_AdjNorm,RCC
GSE144469_C5-CD45,0.0,0.7053571428571429,0.29464285714285715,0.0,0.0,0.0,0.0,Non-malignant disease,
GSE181957_SC224,0.9859154929577465,0.0,0.0,0.0,0.0,0.014084507042253521,0.0,Non-malignant disease,
GSE169062_15494X5,0.0,0.0,0.0,0.0,1.0,0.0,0.0,Non-malignant disease,
GSE155468_10x_RPP_TAA_4,0.36244800950683304,0.3155080213903743,0.0243612596553773,0.0,0.2976827094474153,0.0,0.0,Non-malignant disease,
GSE184950_A15,0.0070921985815602835,0.0,0.0,0.0,0.9929078014184397,0.0,0.0,Non-malignant disease,
GSE173252_dd1C,0.9458874458874459,0.05411255411255411,0.0,0.0,0.0,0.0,0.0,Non-malignant disease,
GSE153807_Nuc-RM102-2,0.0,0.0,0.0,0.0,1.0,0.0,0.0,Non-malignant disease,
GSE155512_RPE005,0.5665961945031712,0.02854122621564482,0.03488372093023256,0.0,0.3372093023255814,0.009513742071881607,0.023255813953488372,Non-malignant disease,
GSE184950_C26,0.0,0.0,0.0,0.0,1.0,0.0,0.0,Non-malignant disease,
GSE176417_Sc_W3,0.8337825696316262,0.02336028751123091,0.03504043126684636,0.0646900269541779,0.009883198562443846,0.0,0.03324348607367475,Non-malignant disease,
GSE171381_COVID_5__decidua__HHT,0.0,0.3755656108597285,0.5248868778280543,0.0,0.0,0.004524886877828055,0.09502262443438914,Non-malignant disease,
GSE169147_SAR2_HHT,0.09803921568627451,0.11274509803921569,0.28921568627450983,0.004901960784313725,0.0,0.024509803921568627,0.47058823529411764,Non-malignant disease,
GSE140393_172_Epilepsy_specimen_14431,0.01487778958554729,0.011158342189160468,0.0,0.0,0.9739638682252922,0.0,0.0,Non-malignant disease,
GSE175386_scRNAseq_9,1.0,0.0,0.0,0.0,0.0,0.0,0.0,Control,
GSE155850_HSEx17Myeloid,0.0,0.5308056872037915,0.20853080568720378,0.25829383886255924,0.0,0.002369668246445498,0.0,Non-malignant disease,
GSE164690_HN01_CD45p,0.002564102564102564,0.07435897435897436,0.9,0.0,0.0,0.0,0.023076923076923078,Cancer_Tumor,HNSCC
GSE174332_191113_FTLD_204_snRNA-D4,0.0,0.0,0.0,0.0,1.0,0.0,0.0,Non-malignant disease,
GSE182208_SC_NS-4,0.6597938144329897,0.17525773195876287,0.0,0.041237113402061855,0.1134020618556701,0.010309278350515464,0.0,Non-malignant disease,
GSE169657_h65AP-GEX,0.1889763779527559,0.0,0.6771653543307087,0.0,0.007874015748031496,0.07874015748031496,0.047244094488188976,Cancer_Tumor,BRCA
GSE162122_Myometrium-55_11564_GEXL,0.3584905660377358,0.0,0.0,0.0,0.6415094339622641,0.0,0.0,Control,
GSE181919_C6,0.016129032258064516,0.5080645161290323,0.0,0.0,0.0,0.0,0.47580645161290325,Cancer_Tumor,HNSCC
GSE156776_A04,0.5827814569536424,0.41721854304635764,0.0,0.0,0.0,0.0,0.0,Non-malignant disease,
GSE184950_A31,0.0,0.0,0.0,0.0,1.0,0.0,0.0,Non-malignant disease,
GSE157783_L18055_1_C3,0.0,0.0,0.0,0.0,1.0,0.0,0.0,Control,
GSE181919_C26,0.0,0.6919060052219321,0.2506527415143603,0.0,0.0,0.0,0.057441253263707574,Cancer_Tumor,HNSCC
GSE131778_rca1-1,0.31088082901554404,0.025906735751295335,0.06217616580310881,0.0,0.6010362694300518,0.0,0.0,Non-malignant disease,
GSE136103_healthy2_cd45-_2,0.39215686274509803,0.23529411764705882,0.0,0.0,0.37254901960784315,0.0,0.0,Control,
GSE178481_RCC-PR3-T2,0.06030969845150774,0.7995110024449877,0.0,0.0,0.1401792991035045,0.0,0.0,Cancer_Tumor,RCC
GSE180878_RM_B,0.0,0.7758620689655172,0.0,0.0,0.22413793103448276,0.0,0.0,Control,
GSE129845_run230_180,0.23232323232323232,0.6161616161616161,0.09090909090909091,0.0,0.06060606060606061,0.0,0.0,Non-malignant disease,
GSE167118_Bac17L_CD3neg_GEX,0.0,0.0,0.00931899641577061,0.0,0.0,0.4731182795698925,0.5175627240143369,Non-malignant disease,
GSE143704_Sample_87380_HH3NGBGX9_hu_120518,1.0,0.0,0.0,0.0,0.0,0.0,0.0,Control,
GSE174401_CSF-K,0.0,0.0,1.0,0.0,0.0,0.0,0.0,Cancer_Metastasis,MEL
GSE133028_3_CSF_uns_5pGEX,0.0,0.0,0.0,0.0,1.0,0.0,0.0,Control,
GSE155468_10x_RPP_TAA_8,0.25163636363636366,0.38472727272727275,0.013818181818181818,0.02690909090909091,0.32145454545454544,0.0014545454545454545,0.0,Non-malignant disease,
GSE167232_115492_H2KGMBGXF_NI_mRNA_CGAGGCTC,0.0,0.0,0.0,0.0,0.0,1.0,0.0,Control,
GSE147979_Retina74,0.9253731343283582,0.01990049751243781,0.0,0.0,0.05472636815920398,0.0,0.0,Control,
GSE131778_rca3-1,0.5989159891598916,0.0,0.0,0.0,0.4010840108401084,0.0,0.0,Non-malignant disease,
GSE147528_EC2821,0.0,0.0,0.0,0.0,1.0,0.0,0.0,Non-malignant disease,
GSE141578_CSF7,0.0,0.0,0.0,0.0,1.0,0.0,0.0,Non-malignant disease,
GSE153534_g131_mfs_root,0.3684210526315789,0.03759398496240601,0.0,0.0,0.5939849624060151,0.0,0.0,Non-malignant disease,
GSE179159_Fresh_1667,0.5173010380622838,0.15397923875432526,0.029411764705882353,0.0,0.19550173010380623,0.00865051903114187,0.09515570934256055,Non-malignant disease,
GSE180928_GO008,0.0,0.0,0.0,0.0,1.0,0.0,0.0,Non-malignant disease,
GSE165045_BL5,0.3175355450236967,0.5734597156398105,0.0,0.02843601895734597,0.07582938388625593,0.004739336492890996,0.0,Non-malignant disease,
GSE156905_Human_Colon_5035,0.6428571428571429,0.0,0.0,0.0,0.35714285714285715,0.0,0.0,Non-malignant disease,
GSE183974_NGS19-J028_Dim_LBA-Hum5,0.0,0.0,0.0,0.0,0.0,0.9178595773687799,0.08214042263122018,Control,
GSE165045_BL3,0.13131313131313133,0.4292929292929293,0.0,0.30303030303030304,0.13636363636363635,0.0,0.0,Non-malignant disease,
GSE167297_TN1904R2479--GATGCCAA,0.11428571428571428,0.5857142857142857,0.05714285714285714,0.0,0.0,0.02857142857142857,0.21428571428571427,Cancer_Tumor,GC
GSE164241_BM156,0.5,0.0,0.0,0.0,0.5,0.0,0.0,Control,
GSE133028_2_CSF_uns_5pGEX,0.0,0.0,0.0,0.0,0.984375,0.015625,0.0,Control,
GSE184950_A18,0.0,0.0,0.0,0.0,1.0,0.0,0.0,Non-malignant disease,
GSE168933_Healthy2_POOL_20190312_healthy_2,0.9,0.0,0.0,0.0,0.1,0.0,0.0,Control,
GSE136103_healthy2_cd45plus_1,0.8262411347517731,0.031914893617021274,0.0,0.0,0.14184397163120568,0.0,0.0,Control,
GSE178481_RCC-PR5-N,0.11574074074074074,0.35185185185185186,0.0,0.5324074074074074,0.0,0.0,0.0,Cancer_AdjNorm,RCC
GSE158723_NGS18-G345-UCL-P40-6000cells,0.9846153846153847,0.0,0.0,0.0,0.0,0.015384615384615385,0.0,Control,
GSE169147_SAR3_HHT,0.4339622641509434,0.25,0.16981132075471697,0.0,0.009433962264150943,0.0,0.13679245283018868,Non-malignant disease,
GSE178481_RCC-PR3-N,0.4956772334293948,0.0893371757925072,0.0,0.005763688760806916,0.4092219020172911,0.0,0.0,Cancer_AdjNorm,RCC
GSE167297_TN1904R2479--AGGTATTG,0.04032258064516129,0.7096774193548387,0.10483870967741936,0.0,0.0,0.0,0.14516129032258066,Cancer_Tumor,GC
GSE164241_PD170,0.18666666666666668,0.6,0.12,0.0,0.0,0.013333333333333334,0.08,Non-malignant disease,
GSE145927_Bx39A,0.6138107416879796,0.0,0.13554987212276215,0.0,0.2506393861892583,0.0,0.0,Non-malignant disease,
GSE133028_18_CSF_uns_3pGEX,0.0,0.0,0.0,0.0,1.0,0.0,0.0,Non-malignant disease,
GSE156776_D1,0.5777777777777777,0.39444444444444443,0.0,0.0,0.027777777777777776,0.0,0.0,Control,
GSE184950_A29,0.0,0.0,0.0,0.0,1.0,0.0,0.0,Non-malignant disease,
GSE147979_Sclera75,0.0,0.06097560975609756,0.0,0.9390243902439024,0.0,0.0,0.0,Control,
GSE173252_sf2,0.9453125,0.0,0.0,0.0,0.03125,0.0,0.0234375,Control,
GSE184950_B9,0.06306306306306306,0.0,0.0,0.0,0.9369369369369369,0.0,0.0,Control,
GSE178481_SCG_RCC-BM2-P-N,0.39106145251396646,0.2122905027932961,0.0,0.13966480446927373,0.2569832402234637,0.0,0.0,Cancer_AdjNorm,RCC
GSE168933_Healthy1_POOL_20190312_healthy_1,0.7936507936507936,0.0582010582010582,0.0,0.0,0.14814814814814814,0.0,0.0,Control,
GSE181919_C38,0.043689320388349516,0.14563106796116504,0.5097087378640777,0.0,0.05339805825242718,0.019417475728155338,0.22815533980582525,Cancer_Tumor,HNSCC
GSE157783_L18056_1_IPD3,0.0,0.0,0.0,0.0,1.0,0.0,0.0,Non-malignant disease,
GSE153892_Sample_01_tumor,0.0,0.7195767195767195,0.0,0.0,0.25925925925925924,0.0,0.021164021164021163,Cancer_Tumor,PRC
GSE202374_RS-03378689_P6_RS-03377708,0.0,0.5,0.132,0.0,0.364,0.004,0.0,Cancer_Tumor,RCC
GSE156905_Human_Colon_5054,0.5081967213114754,0.0,0.0,0.0,0.4918032786885246,0.0,0.0,Non-malignant disease,
GSE183974_NGS19-J142_Dim_LBA-Hum8,0.0,0.0,0.0022950135614437724,0.0,0.005633215105361986,0.9920717713331942,0.0,Control,
GSE145370_S159B5,0.0,0.6648648648648648,0.032432432432432434,0.0,0.3027027027027027,0.0,0.0,Cancer_AdjNorm,ESCA
GSE163633_Tum020_HLADR,0.0,0.14906832298136646,0.8198757763975155,0.031055900621118012,0.0,0.0,0.0,Cancer_Tumor,HNSCC
GSE136103_cirrhotic3_cd45-_2,0.6654275092936803,0.01486988847583643,0.0,0.0,0.31970260223048325,0.0,0.0,Non-malignant disease,
GSE181957_SC247,0.9272727272727272,0.05454545454545454,0.0,0.0,0.01818181818181818,0.0,0.0,Non-malignant disease,
GSE173252_dd1D,1.0,0.0,0.0,0.0,0.0,0.0,0.0,Non-malignant disease,
GSE155468_10x_RPP_ATT_1,0.05357142857142857,0.5,0.017857142857142856,0.0,0.4017857142857143,0.026785714285714284,0.0,Non-malignant disease,
GSE150674_PE,0.23333333333333334,0.7,0.0,0.0,0.03333333333333333,0.03333333333333333,0.0,Non-malignant disease,
GSE178481_ID_BM9-P-T,0.04644808743169399,0.48360655737704916,0.03551912568306011,0.3087431693989071,0.12568306010928962,0.0,0.0,Cancer_Tumor,RCC
GSE180678_IschemicTissue,0.7169811320754716,0.09433962264150944,0.0,0.0,0.18867924528301888,0.0,0.0,Non-malignant disease,
GSE156776_H1,0.7093023255813954,0.26744186046511625,0.0,0.0,0.011627906976744186,0.011627906976744186,0.0,Control,
GSE158723_NGS18-G696_UCL-NPF10000,0.8735177865612648,0.039525691699604744,0.0,0.0,0.06324110671936758,0.003952569169960474,0.019762845849802372,Non-malignant disease,
GSE174332_191113_FTLD_209_snRNA-D6,0.0,0.0,0.0,0.0,1.0,0.0,0.0,Non-malignant disease,
GSE158924_scHealthy1_HHT,0.8805970149253731,0.014925373134328358,0.0,0.08955223880597014,0.014925373134328358,0.0,0.0,Control,
GSE202374_RS-03378692_P15_RS-03377711,0.06046511627906977,0.21627906976744185,0.018604651162790697,0.0,0.6488372093023256,0.010465116279069767,0.04534883720930233,Cancer_Tumor,RCC
GSE164015_ACE-044-DIL-Epi,0.0,0.0,0.32098765432098764,0.0,0.0,0.5185185185185185,0.16049382716049382,Non-malignant disease,
GSE136103_healthy3_cd45-B,0.9514563106796117,0.0,0.0,0.0,0.0,0.04854368932038835,0.0,Control,
GSE168933_HEALTHY1_LIB037237,1.0,0.0,0.0,0.0,0.0,0.0,0.0,Control,
GSE178481_RCC-PR9-T,0.0,0.9831838565022422,0.0,0.0,0.006726457399103139,0.010089686098654708,0.0,Cancer_Tumor,RCC
GSE167490_D5,0.0,0.0,0.19047619047619047,0.0,0.8095238095238095,0.0,0.0,Control,
GSE132802_SKIN_HV3,0.4794520547945205,0.4794520547945205,0.0,0.0410958904109589,0.0,0.0,0.0,Control,
GSE164690_HN06_CD45p,0.0,0.046153846153846156,0.7384615384615385,0.0,0.0,0.0,0.2153846153846154,Cancer_Tumor,HNSCC
GSE184950_p4,0.03,0.0,0.0,0.0,0.97,0.0,0.0,Control,
GSE121380_HB3-1,0.3611111111111111,0.3194444444444444,0.125,0.0,0.19444444444444445,0.0,0.0,Non-malignant disease,
GSE183974_NGS19-K360_Dim_LBA-Hum12,0.0,0.0,0.0,0.0,0.0,0.8228279386712095,0.17717206132879046,Non-malignant disease,
GSE134577_CSF2,0.0,0.0,0.0,0.0,1.0,0.0,0.0,Non-malignant disease,
GSE136103_healthy1_cd45-A_4,0.9375,0.0625,0.0,0.0,0.0,0.0,0.0,Control,
GSE164241_GM238,0.18421052631578946,0.6929824561403509,0.06140350877192982,0.0,0.06140350877192982,0.0,0.0,Control,
GSE159677_01dat20190620tisCARconHEA,0.19318181818181818,0.18181818181818182,0.17045454545454544,0.0,0.45454545454545453,0.0,0.0,Non-malignant disease,
GSE178481_SCG_RCC-BM2-P-T2,0.0,0.056910569105691054,0.04878048780487805,0.11265969802555169,0.7793263646922184,0.0023228803716608595,0.0,Cancer_Tumor,RCC
GSE174332_201019_ALS_108_snRNA-B6,0.0,0.0,0.0,0.0,1.0,0.0,0.0,Non-malignant disease,
GSE156905_Human_Colon_4701,0.8798283261802575,0.0,0.0,0.0,0.12017167381974249,0.0,0.0,Cancer_AdjNorm,CRC
GSE136103_healthy3_cd45plus,0.6451612903225806,0.05806451612903226,0.0,0.0,0.2967741935483871,0.0,0.0,Control,
GSE173303_A40-5GE,0.0,0.0,0.898876404494382,0.06741573033707865,0.0,0.02247191011235955,0.011235955056179775,Non-malignant disease,
GSE140393_476_Lateral_epilepsy,0.0,0.0,0.0,0.0,1.0,0.0,0.0,Non-malignant disease,
GSE155468_10x_Con_9,0.32072829131652664,0.32072829131652664,0.025210084033613446,0.06582633053221289,0.23249299719887956,0.004201680672268907,0.03081232492997199,Control,
GSE184111_U1,0.6439024390243903,0.03902439024390244,0.024390243902439025,0.0,0.2926829268292683,0.0,0.0,Control,
GSE157376_Normal1_Epcam_N,0.0,0.0,0.0,0.0,0.0,0.9696969696969697,0.030303030303030304,Control,
GSE168933_HEALTHY2_LIB037232,1.0,0.0,0.0,0.0,0.0,0.0,0.0,Control,
GSE167118_Sar01L_CD3neg_GEX,0.0,0.04560810810810811,0.0,0.019707207207207207,0.0,0.010135135135135136,0.9245495495495496,Non-malignant disease,
GSE154778_T9,0.14492753623188406,0.4492753623188406,0.01932367149758454,0.01932367149758454,0.0,0.3140096618357488,0.05314009661835749,Cancer_Tumor,PC
GSE180928_GO29,0.0,0.0,0.0,0.0,1.0,0.0,0.0,Non-malignant disease,
GSE140182_18_00035_LI_SING,0.0,0.0,0.13106796116504854,0.0,0.043689320388349516,0.8252427184466019,0.0,Cancer_Metastasis,GC
GSE136103_cirrhotic3_cd45plus_4,0.44785276073619634,0.0,0.0,0.0,0.5460122699386503,0.006134969325153374,0.0,Non-malignant disease,
GSE133028_24_CSF_uns_5pGEX,0.0,0.0,0.0,0.0,1.0,0.0,0.0,Non-malignant disease,
GSE184950_C1,0.0,0.0,0.0,0.0,1.0,0.0,0.0,Control,
GSE155683_G170019301283P_Adult_Cornea,0.07894736842105263,0.30701754385964913,0.0,0.5877192982456141,0.02631578947368421,0.0,0.0,Control,
GSE181919_N9_1,0.5194805194805194,0.4155844155844156,0.0,0.06493506493506493,0.0,0.0,0.0,Cancer_AdjNorm,HNSCC
GSE129845_209,0.6756756756756757,0.08108108108108109,0.0,0.0,0.24324324324324326,0.0,0.0,Non-malignant disease,
GSE180928_GO007,0.03333333333333333,0.0,0.0,0.0,0.9666666666666667,0.0,0.0,Control,
GSE147979_IrisPE76,0.03076923076923077,0.0,0.0,0.16923076923076924,0.7846153846153846,0.015384615384615385,0.0,Control,
GSE161267_Pulp3,0.9042553191489362,0.02127659574468085,0.0,0.0,0.07446808510638298,0.0,0.0,Control,
GSE180928_GO003,0.07575757575757576,0.0,0.0,0.0,0.9242424242424242,0.0,0.0,Non-malignant disease,
GSE143704_Sample_84102_HMYWJBGX7_hu_101018,0.71875,0.234375,0.0,0.0,0.046875,0.0,0.0,Control,
GSE172225_192567SKL_GEX_HHT,0.2013793103448276,0.6358620689655172,0.0,0.16275862068965516,0.0,0.0,0.0,Non-malignant disease,
GSE136103_healthy1_cd45plus_3,1.0,0.0,0.0,0.0,0.0,0.0,0.0,Control,
GSE136103_cirrhotic2_cd45-_4,0.777511961722488,0.08851674641148326,0.023923444976076555,0.0,0.11004784688995216,0.0,0.0,Non-malignant disease,
GSE167494_D7,0.0,0.0,0.0,0.0,1.0,0.0,0.0,Non-malignant disease,
GSE136103_cirrhotic2_cd45-_3,0.7931873479318735,0.06569343065693431,0.0,0.0,0.1411192214111922,0.0,0.0,Non-malignant disease,
GSE174332_191114_PN_308_snRNA-E12,0.0,0.0,0.0,0.0,1.0,0.0,0.0,Control,
GSE179159_Fresh_DTAN_4047,0.09183673469387756,0.0,0.0,0.0,0.1836734693877551,0.46938775510204084,0.25510204081632654,Non-malignant disease,
2022_Hwang_NatGenet_PDAC|T19_CRTl,0.38095238095238093,0.0,0.0,0.0,0.6190476190476191,0.0,0.0,Cancer_Tumor,PC
2023_Kong_Immunity_CD|N128346_L1,0.7560975609756098,0.0,0.21138211382113822,0.0,0.024390243902439025,0.008130081300813009,0.0,Non-malignant disease,
2021_Pelka_Cell_CRC|C130_TB_1_1_1_c1_v2,0.09333333333333334,0.013333333333333334,0.6,0.0,0.0,0.013333333333333334,0.28,Cancer_Tumor,CRC
2023_Kumar_Nature_Breast|hbca_c25,0.7595561035758323,0.15906288532675708,0.0,0.0,0.0,0.0012330456226880395,0.08014796547472257,Control,
ROSMAP|201014-B59-A_NYGC_S3,0.0,0.0,0.0,0.0,1.0,0.0,0.0,Control,
SEAAD|NW_TX0162-2,0.032520325203252036,0.0,0.0,0.0,0.967479674796748,0.0,0.0,Non-malignant disease,
Evan2019|SN2_5534_b,0.0,0.0,0.0,0.0,1.0,0.0,0.0,Non-malignant disease,
2023_Hirz_NatComm_Prostate|GSM5494379_SCG-PCA22-T-HG,0.03773584905660377,0.0440251572327044,0.0,0.37735849056603776,0.5408805031446541,0.0,0.0,Cancer_Tumor,PRC
BICCN|10X269-1_S01,0.0,0.0,0.0,0.0,1.0,0.0,0.0,Control,
ROSMAP|200915-B53-B_NYGC_S1,0.007518796992481203,0.0,0.0,0.0,0.9924812030075187,0.0,0.0,Control,
2022_Reichart_Science_Heart|BO_H26_S00_premrna,0.9765625,0.0,0.0,0.0,0.01953125,0.0,0.00390625,Non-malignant disease,
BICCN|10X387-2_S2,0.0,0.0,0.0,0.0,1.0,0.0,0.0,Control,
2023_Kumar_Nature_Breast|hbca_c165,0.14678899082568808,0.44954128440366975,0.0,0.0,0.3669724770642202,0.01834862385321101,0.01834862385321101,Cancer_Tumor,BRCA
BICCN|10X176-7_S28,0.0,0.0,0.0,0.0,1.0,0.0,0.0,Control,
SEAAD|NW_TX0104-1,0.0,0.0,0.0,0.0,1.0,0.0,0.0,Control,
BICCN|10X218-4_S25,0.0,0.0,0.0,0.0,1.0,0.0,0.0,Control,
2022_Madissoon_NatGenet_Lung|WSSS_A_LNG8620062,0.040100250626566414,0.020050125313283207,0.007518796992481203,0.0,0.007518796992481203,0.9172932330827067,0.007518796992481203,Control,
SEAAD|NW_TX0164-7,0.013605442176870748,0.0,0.0,0.0,0.9863945578231292,0.0,0.0,Non-malignant disease,
2020_Adams_SciAdv_IPF|133C-a,0.0,0.5508064516129032,0.0,0.0,0.0,0.3987903225806452,0.05040322580645161,Control,
2020_Adams_SciAdv_IPF|022C-a,0.0,0.30434782608695654,0.0,0.0,0.0,0.6956521739130435,0.0,Control,
2022_Dominguez-Conde_Science_CellTypist|CZINY-0049,0.09615384615384616,0.3269230769230769,0.0,0.057692307692307696,0.0,0.38461538461538464,0.1346153846153846,Control,
2021_Pelka_Cell_CRC|C110_T_1_1_0_c1_v2,0.0,0.06818181818181818,0.6212121212121212,0.0,0.007575757575757576,0.030303030303030304,0.2727272727272727,Cancer_Tumor,CRC
BICCN|10X191-7_S9,0.0,0.0,0.0,0.0,1.0,0.0,0.0,Control,
2022_Madissoon_NatGenet_Lung|WSSS8015045,0.007772649987855235,0.0111731843575419,0.0012144765606023804,0.0,0.003400534369686665,0.9703667719213019,0.006072382803011902,Control,
SEAAD|NW_TX0130-1,0.0,0.0,0.0,0.0,1.0,0.0,0.0,Non-malignant disease,
2020_Litvinukova_Nature_Heart|HCAHeartST13146207,0.7844311377245509,0.11976047904191617,0.020958083832335328,0.0,0.0,0.0,0.0748502994011976,Control,
2023_Kumar_Nature_Breast|hbca_c12,0.6145833333333334,0.0,0.0,0.0,0.3854166666666667,0.0,0.0,Cancer_AdjNorm,BRCA
BICCN|10X205-4_S9,0.039473684210526314,0.0,0.0,0.0,0.9605263157894737,0.0,0.0,Control,
2022_TabulaSapiens_Science_TabulaSapiens|TSP14_Vasculature_CoronaryArteries_10X,0.7742899850523169,0.12556053811659193,0.0,0.0,0.0,0.0,0.10014947683109118,Control,
2021_Szabo_Immunity_COVID19|COV026_respiratory_airway_8days,0.0,0.09333333333333334,0.0,0.0,0.022222222222222223,0.13777777777777778,0.7466666666666667,Non-malignant disease,
2022_Reichart_Science_Heart|BO_H28_RV0_premrna,0.9724517906336089,0.0,0.0,0.0,0.027548209366391185,0.0,0.0,Non-malignant disease,
SEAAD|NW_TX0123-7,0.016260162601626018,0.0,0.0,0.0,0.983739837398374,0.0,0.0,Non-malignant disease,
ROSMAP|200915-B53-A_NYGC_S1,0.01282051282051282,0.0,0.0,0.0,0.9871794871794872,0.0,0.0,Control,
2023_Kumar_Nature_Breast|hbca_c47,0.41975308641975306,0.0,0.0,0.0,0.5349794238683128,0.00411522633744856,0.0411522633744856,Cancer_Tumor,BRCA
BICCN|10X362-1_S12,0.03418803418803419,0.0,0.0,0.0,0.9658119658119658,0.0,0.0,Control,
2021_Garcia-Alonso_NatGenet_Endometrial|4861STDY7387181,0.27692307692307694,0.13846153846153847,0.0,0.0,0.5846153846153846,0.0,0.0,Control,
ROSMAP|200806-B44-B_NYGC_S2,0.014925373134328358,0.0,0.0,0.0,0.9850746268656716,0.0,0.0,Control,
2021_Pelka_Cell_CRC|C130_TA_1_1_1_c1_v2,0.078125,0.0625,0.390625,0.0,0.0,0.015625,0.453125,Cancer_Tumor,CRC
2022_Kumar_CancerDis_Gastric|GSM5573504_sample39,0.3257328990228013,0.5179153094462541,0.0,0.0,0.0,0.0,0.1563517915309446,Cancer_Tumor,GC
2022_Reichart_Science_Heart|BS_DP2_RV0_premrna,0.9730941704035875,0.0,0.0,0.0,0.026905829596412557,0.0,0.0,Non-malignant disease,
ROSMAP|200311-B19-A_NYGC_S4,0.06132075471698113,0.0,0.0,0.0,0.9386792452830188,0.0,0.0,Control,
2020_Drokhlyansky_Cell_EntericNerve|H10_S54,0.9,0.0,0.0,0.0,0.1,0.0,0.0,Cancer_AdjNorm,CRC
SEAAD|NW_TX0159-3,0.022123893805309734,0.0,0.0,0.0,0.9778761061946902,0.0,0.0,Control,
2023_Wang_SciAdv_CRC|s0115_Liver_Metastasis,0.0,0.8645833333333334,0.0,0.03125,0.03125,0.03125,0.041666666666666664,Cancer_Metastasis,CRC
2022_Reichart_Science_Heart|BO_H24_RV0_premrna,0.975609756097561,0.0,0.0,0.0,0.02032520325203252,0.0,0.0040650406504065045,Non-malignant disease,
ROSMAP|201021-B60-B_NYGC_S1,0.015267175572519083,0.0,0.0,0.0,0.9847328244274809,0.0,0.0,Control,
2023_Hirz_NatComm_Prostate|GSM5494366_SCG-PCA12-N-LG,0.0955223880597015,0.41492537313432837,0.0,0.0,0.48955223880597015,0.0,0.0,Cancer_AdjNorm,PRC
2021_Pelka_Cell_CRC|C165_T_0_0_0_c1_v3,0.14666666666666667,0.02666666666666667,0.02666666666666667,0.0,0.06,0.0,0.74,Cancer_Tumor,CRC
BICCN|10X389-7_S10,0.02314445331205108,0.0,0.0,0.0,0.9768555466879489,0.0,0.0,Control,
ROSMAP|200715-B35-B_NYGC_S4,0.0,0.0,0.0,0.0,1.0,0.0,0.0,Control,
2020_Litvinukova_Nature_Heart|HCAHeartST10773168,0.9783728115345005,0.015447991761071062,0.0,0.0,0.0,0.0,0.006179196704428424,Control,
Xie2021|R2_TP,0.0,0.0,0.0,0.0,1.0,0.0,0.0,Control,
BICCN|10X349-5_S01,0.0,0.0,0.0,0.0,1.0,0.0,0.0,Control,
2020_Litvinukova_Nature_Heart|HCAHeart7833854,0.9090909090909091,0.0,0.0,0.0,0.09090909090909091,0.0,0.0,Control,
BICCN|10X349-3_S01,0.0,0.0,0.0,0.0,1.0,0.0,0.0,Control,
2023_Kumar_Nature_Breast|hbca_c29,0.8876941457586619,0.0,0.0,0.0,0.09199522102747909,0.0,0.02031063321385902,Cancer_Tumor,BRCA
ROSMAP|201007-B57-B_NYGC_S2,0.0,0.0,0.0,0.0,1.0,0.0,0.0,Control,
2023_Wang_SciAdv_CRC|s0813_Colon_Tumor,0.045454545454545456,0.7719568567026194,0.030816640986132512,0.030046224961479198,0.0,0.031587057010785825,0.0901386748844376,Cancer_Tumor,CRC
BICCN|10X192-2_S55,0.018867924528301886,0.0,0.0,0.0,0.9811320754716981,0.0,0.0,Control,
2023_Kumar_Nature_Breast|hbca_c04,0.3248730964467005,0.0,0.0,0.0,0.6370558375634517,0.0025380710659898475,0.03553299492385787,Cancer_Tumor,BRCA
2022_Emont_Nature_WAT|Hs_SAT_12-1,0.8096885813148789,0.0,0.0,0.0,0.01730103806228374,0.0,0.17301038062283736,Control,
2022_Reichart_Science_Heart|BO_H31_LV0_premrna,0.9625,0.0,0.0,0.0,0.0375,0.0,0.0,Non-malignant disease,
BICCN|10X349-8_S01,0.06779661016949153,0.0,0.0,0.0,0.9322033898305084,0.0,0.0,Control,
2022_Reichart_Science_Heart|BO_H34_LVW_premrna,1.0,0.0,0.0,0.0,0.0,0.0,0.0,Non-malignant disease,
SEAAD|NW_TX0155-8,0.0,0.0,0.0,0.0,1.0,0.0,0.0,Non-malignant disease,
BICCN|10X176-6_S01,0.04146100691016782,0.0,0.0,0.0,0.9585389930898321,0.0,0.0,Control,
ROSMAP|201028-B62-B_NYGC_S4,0.02,0.0,0.0,0.0,0.98,0.0,0.0,Control,
BICCN|10X249-5_S01,0.02857142857142857,0.0,0.0,0.0,0.9714285714285714,0.0,0.0,Control,
BICCN|10X392-3_S23,0.0,0.0,0.0,0.0,1.0,0.0,0.0,Control,
2021_Cheng_Cell_Myeloid|ESCA-P20181123-T,0.04132231404958678,0.7024793388429752,0.256198347107438,0.0,0.0,0.0,0.0,Cancer_Tumor,ESCA
2020_Adams_SciAdv_IPF|226C-b,0.0,0.8285472972972973,0.0,0.0,0.0,0.17145270270270271,0.0,Control,
Ramos2022|31G,0.0,0.0,0.0,0.0,1.0,0.0,0.0,Control,
2022_Kumar_CancerDis_Gastric|GSM5573488_sample23,0.2875,0.675,0.0,0.0375,0.0,0.0,0.0,Cancer_AdjNorm,GC
2021_Zheng_Science_TIL|THCA_P20190612_T,0.0,0.0,0.0,0.0,1.0,0.0,0.0,Cancer_Tumor,THCA
SEAAD|NW_TX0122-10,0.0,0.0,0.0,0.0,1.0,0.0,0.0,Non-malignant disease,
2022_Guilliams_Cell_Liver|CS81,0.8828828828828829,0.0,0.0,0.0,0.11711711711711711,0.0,0.0,Non-malignant disease,
2023_Kumar_Nature_Breast|hbca_n21,0.8013245033112583,0.0,0.0,0.0,0.1986754966887417,0.0,0.0,Control,
BICCN|10X358-2_S01,0.0,0.0,0.0,0.0,1.0,0.0,0.0,Control,
BICCN|10X388-6_S2,0.02702702702702703,0.0,0.0,0.0,0.972972972972973,0.0,0.0,Control,
2020_Litvinukova_Nature_Heart|HCAHeart7880862,0.9634146341463414,0.0,0.0,0.0,0.036585365853658534,0.0,0.0,Control,
2022_Reichart_Science_Heart|BO_H33_LV0_premrna,0.9494047619047619,0.0,0.0,0.0,0.050595238095238096,0.0,0.0,Non-malignant disease,
BICCN|10X237-1_S14,0.009259259259259259,0.0,0.0,0.0,0.9907407407407407,0.0,0.0,Control,
BICCN|10X387-7_S4,0.0,0.0,0.0,0.0,1.0,0.0,0.0,Control,
ROSMAP|200930-B55-B_NYGC_S4,0.022222222222222223,0.0,0.0,0.0,0.9777777777777777,0.0,0.0,Control,
Evan2019|LC5534_b,0.0,0.0,0.0,0.0,1.0,0.0,0.0,Non-malignant disease,
2021_Zheng_Science_TIL|ESCA_P20181123_T,0.0,0.7627118644067796,0.2288135593220339,0.0,0.0,0.0,0.00847457627118644,Cancer_Tumor,ESCA
2021_Cheng_Cell_Myeloid|THCA-P20190118-T,0.0,0.9448946515397083,0.0,0.0,0.055105348460291734,0.0,0.0,Cancer_Tumor,THCA
BICCN|10X378-4_S4,0.02857142857142857,0.0,0.0,0.0,0.9714285714285714,0.0,0.0,Control,
2021_Cheng_Cell_Myeloid|RC-P20181224-T,0.3055555555555556,0.020833333333333332,0.0,0.0,0.6736111111111112,0.0,0.0,Cancer_Tumor,RCC
2023_Kumar_Nature_Breast|hbca_c109,0.2571428571428571,0.16857142857142857,0.0,0.0,0.5742857142857143,0.0,0.0,Control,
2021_Cheng_Cell_Myeloid|RC-P20190919-N,0.1906474820143885,0.12949640287769784,0.0,0.5197841726618705,0.16007194244604317,0.0,0.0,Cancer_AdjNorm,RCC
2022_Gur_Cell_Sceleroderma|GSM5837506_AB8045,0.9074074074074074,0.05555555555555555,0.0,0.0,0.037037037037037035,0.0,0.0,Non-malignant disease,
BICCN|10X174-4_S4,0.0,0.0,0.0,0.0,1.0,0.0,0.0,Control,
2023_Kumar_Nature_Breast|hbca_c62,0.8315789473684211,0.015789473684210527,0.0,0.015789473684210527,0.1368421052631579,0.0,0.0,Control,
2022_Reichart_Science_Heart|IC_H04_LV0_premrna,0.9807692307692307,0.009615384615384616,0.0,0.0,0.009615384615384616,0.0,0.0,Non-malignant disease,
BICCN|HSB106_3_S1,0.10256410256410256,0.0,0.0,0.0,0.8974358974358975,0.0,0.0,Control,
BICCN|10X249-8_S01,0.03333333333333333,0.0,0.0,0.0,0.95,0.0,0.016666666666666666,Control,
ROSMAP|200316-B24-B_NYGC_S3,0.22972972972972974,0.0,0.0,0.0,0.7702702702702703,0.0,0.0,Control,
2023_Kong_Immunity_CD|N105598_L2,0.676923076923077,0.1076923076923077,0.0,0.0,0.2076923076923077,0.007692307692307693,0.0,Non-malignant disease,
2023_Kumar_Nature_Breast|hbca_c166,0.16517857142857142,0.36160714285714285,0.0,0.0,0.4419642857142857,0.0,0.03125,Control,
2022_Madissoon_NatGenet_Lung|WSSS8062680,0.045454545454545456,0.30303030303030304,0.0,0.0,0.2878787878787879,0.36363636363636365,0.0,Control,
ROSMAP|200825-B48-B_NYGC_S1,0.007042253521126761,0.0,0.0,0.0,0.9929577464788732,0.0,0.0,Control,
2022_Dominguez-Conde_Science_CellTypist|CZINY-0108,0.0,0.02586206896551724,0.0,0.0,0.0,0.9353448275862069,0.03879310344827586,Control,
SEAAD|NW_TX0122-9,0.0,0.0,0.0,0.0,1.0,0.0,0.0,Control,
2020_Habermann_SciAdv_Lung-COVID19|GSM5226581_L01cov,0.3783783783783784,0.0,0.0,0.0,0.013513513513513514,0.5945945945945946,0.013513513513513514,Non-malignant disease,
2023_Kumar_Nature_Breast|hbca_c118,0.11926605504587157,0.39908256880733944,0.0,0.0,0.481651376146789,0.0,0.0,Control,
2021_Pal_EMBO_Breast|GSM4909309_ER-MH0043-T,0.0,0.006756756756756757,0.7927927927927928,0.0,0.13963963963963963,0.024774774774774775,0.036036036036036036,Cancer_Tumor,BRCA
2023_Monavarfeshani_PNAS_Eye|Hu220OSmRPE,0.9910141206675225,0.0,0.0,0.0,0.008985879332477536,0.0,0.0,Control,
2023_Kumar_Nature_Breast|hbca_c93,0.7560975609756098,0.0,0.0,0.0,0.24390243902439024,0.0,0.0,Control,
BICCN|10X391-7_S25,0.02956989247311828,0.0,0.0,0.0,0.9704301075268817,0.0,0.0,Control,
2020_Adams_SciAdv_IPF|225I-b,0.0,0.14680648236415633,0.0,0.0,0.0,0.7006673021925643,0.15252621544327932,Non-malignant disease,
2021_Zheng_Science_TIL|PAAD_P20181121_T,0.030303030303030304,0.8888888888888888,0.0,0.0,0.0,0.04040404040404041,0.04040404040404041,Cancer_Tumor,PC
2023_Kumar_Nature_Breast|hbca_c100,0.0,0.697986577181208,0.0,0.12080536912751678,0.18120805369127516,0.0,0.0,Control,
2021_Szabo_Immunity_COVID19|COV026_respiratory_airway_6days,0.0,0.21014492753623187,0.021739130434782608,0.0,0.0,0.17391304347826086,0.5942028985507246,Non-malignant disease,
ROSMAP|200810-B46-A_NYGC_S1,0.0,0.0,0.0,0.0,1.0,0.0,0.0,Control,
2021_Chan_CancerCell_SCLC|RU1134_Sort-Freeze,0.0,0.9682539682539683,0.031746031746031744,0.0,0.0,0.0,0.0,Cancer_Tumor,NSCLC
2022_Guilliams_Cell_Liver|CS166,0.9411764705882353,0.0,0.0,0.0,0.058823529411764705,0.0,0.0,Non-malignant disease,
BICCN|10X350-7_S01,0.0,0.0,0.0,0.0,1.0,0.0,0.0,Control,
ROSMAP|200715-B35-A_NYGC_S1,0.02702702702702703,0.0,0.0,0.0,0.9594594594594594,0.013513513513513514,0.0,Control,
2023_Kong_Immunity_CD|N134764_E,0.8615384615384616,0.05641025641025641,0.005128205128205128,0.0,0.07692307692307693,0.0,0.0,Non-malignant disease,
2020_Adams_SciAdv_IPF|207CO,0.0,0.44803695150115475,0.0,0.0,0.0,0.5519630484988453,0.0,Non-malignant disease,
2020_Adams_SciAdv_IPF|157I-b,0.04559915164369035,0.13149522799575822,0.0,0.0,0.0,0.3870625662778367,0.43584305408271473,Non-malignant disease,
2022_Reichart_Science_Heart|IC_H04_RV0_premrna,0.9871794871794872,0.0,0.0,0.0,0.01282051282051282,0.0,0.0,Non-malignant disease,
2023_Kong_Immunity_CD|I104689_N1,0.125,0.14743589743589744,0.5865384615384616,0.0,0.14102564102564102,0.0,0.0,Non-malignant disease,
ROSMAP|200916-B54-B_NYGC_S3,0.0,0.0,0.0,0.0,1.0,0.0,0.0,Control,
SEAAD|NW_TX0166-1,0.0,0.0,0.0,0.0,1.0,0.0,0.0,Non-malignant disease,
2021_Cheng_Cell_Myeloid|THCA-P20190125-N,0.17307692307692307,0.6538461538461539,0.0,0.057692307692307696,0.11538461538461539,0.0,0.0,Cancer_AdjNorm,THCA
2022_Dominguez-Conde_Science_CellTypist|Pan_T7991591,0.8,0.02857142857142857,0.05714285714285714,0.0,0.0,0.11428571428571428,0.0,Control,
BICCN|10X174-5_S7,0.05357142857142857,0.0,0.0,0.0,0.9464285714285714,0.0,0.0,Control,
BICCN|10X387-3_S21,0.0,0.0,0.0,0.0,1.0,0.0,0.0,Control,
2021_Pelka_Cell_CRC|C157_N_0_0_0_c1_v3,0.9038461538461539,0.0,0.038461538461538464,0.0,0.057692307692307696,0.0,0.0,Control,
ROSMAP|200916-B54-A_NYGC_S2,0.033112582781456956,0.0,0.0,0.0,0.9668874172185431,0.0,0.0,Control,
SEAAD|NW_TX0178-2,0.017857142857142856,0.0,0.0,0.0,0.9821428571428571,0.0,0.0,Non-malignant disease,
SEAAD|NW_TX0127-3,0.0,0.0,0.0,0.0,1.0,0.0,0.0,Non-malignant disease,
ROSMAP|200708-B31-B_NYGC_S2,0.0,0.0,0.0,0.0,1.0,0.0,0.0,Control,
BICCN|10X359-2_S01,0.0,0.0,0.0,0.0,1.0,0.0,0.0,Control,
2021_Zheng_Science_TIL|THCA_P20190125_N,0.15384615384615385,0.6153846153846154,0.0,0.038461538461538464,0.19230769230769232,0.0,0.0,Cancer_AdjNorm,THCA
2022_Kumar_CancerDis_Gastric|GSM5573499_sample34,0.0989010989010989,0.608058608058608,0.054945054945054944,0.0,0.0,0.0,0.23809523809523808,Cancer_Tumor,GC
2020_Litvinukova_Nature_Heart|HCAHeart7833855,0.9074074074074074,0.0,0.0,0.0,0.09259259259259259,0.0,0.0,Control,
ROSMAP|200810-B45-A_NYGC_S4,0.0,0.0,0.0,0.0,1.0,0.0,0.0,Control,
2023_Hirz_NatComm_Prostate|GSM5494352_SCG-PCA4-T-HG,0.09740259740259741,0.7272727272727273,0.0,0.07142857142857142,0.1038961038961039,0.0,0.0,Cancer_Tumor,PRC
2022_Dominguez-Conde_Science_CellTypist|CZINY-0110,0.0,0.008670520231213872,0.0,0.0,0.0,0.9667630057803468,0.024566473988439308,Control,
2023_Kumar_Nature_Breast|hbca_n18,0.5949820788530465,0.0,0.0,0.0,0.4050179211469534,0.0,0.0,Control,
2021_Cheng_Cell_Myeloid|ESCA-P20190916-N,0.4430769230769231,0.5076923076923077,0.0,0.0,0.04923076923076923,0.0,0.0,Cancer_AdjNorm,ESCA
2023_Wang_SciAdv_CRC|s1231_Liver_Metastasis,0.016339869281045753,0.9150326797385621,0.0,0.0,0.05555555555555555,0.0,0.013071895424836602,Cancer_Metastasis,CRC
2023_Kumar_Nature_Breast|hbca_n24,0.10344827586206896,0.0,0.0,0.0,0.896551724137931,0.0,0.0,Control,
2020_Adams_SciAdv_IPF|153CO-b,0.0,0.1337748344370861,0.0,0.0,0.0,0.866225165562914,0.0,Non-malignant disease,
2023_Kumar_Nature_Breast|hbca_c72,0.4575645756457565,0.14760147601476015,0.0,0.007380073800738007,0.35424354243542433,0.0,0.033210332103321034,Control,
2021_Pelka_Cell_CRC|C165_T_0_0_1_c1_v3,0.12643678160919541,0.14367816091954022,0.0,0.0,0.05172413793103448,0.0,0.6781609195402298,Cancer_Tumor,CRC
SEAAD|NW_TX0166-7,0.0,0.0,0.0,0.0,1.0,0.0,0.0,Non-malignant disease,
SEAAD|NW_TX0153-1,0.023809523809523808,0.0,0.0,0.0,0.9761904761904762,0.0,0.0,Control,
2022_Reichart_Science_Heart|BO_H24_LV0_premrna,0.9195121951219513,0.0,0.0,0.0,0.08048780487804878,0.0,0.0,Non-malignant disease,
Evan2019|SN5828_c,0.0,0.0,0.0,0.0,1.0,0.0,0.0,Control,
BICCN|10X393-1_S61,0.0,0.0,0.0,0.0,1.0,0.0,0.0,Control,
SEAAD|NW_TX0141-3,0.0,0.0,0.0,0.0,1.0,0.0,0.0,Non-malignant disease,
Evan2019|SN5862_b,0.0,0.0,0.0,0.0,1.0,0.0,0.0,Non-malignant disease,
ROSMAP|200310-B18-A_NYGC_S2,0.04918032786885246,0.0,0.0,0.0,0.9508196721311475,0.0,0.0,Control,
ROSMAP|200714-B34-A_NYGC_S1,0.08333333333333333,0.0,0.0,0.0,0.9166666666666666,0.0,0.0,Control,
BICCN|10X182-4_S20,0.019230769230769232,0.0,0.0,0.0,0.9807692307692307,0.0,0.0,Control,
2023_Fonseca_NatGenet_Endometriosis|sample8,0.02127659574468085,0.40425531914893614,0.0,0.06382978723404255,0.5,0.010638297872340425,0.0,Control,
2022_Reichart_Science_Heart|BO_H67_S00_premrna,0.9,0.016666666666666666,0.0,0.0,0.08333333333333333,0.0,0.0,Control,
BICCN|10X265-6_S01,0.014084507042253521,0.0,0.0,0.0,0.9859154929577465,0.0,0.0,Control,
2021_Pelka_Cell_CRC|C171_TA_1_1_1_c1_v3,0.3387096774193548,0.0,0.6290322580645161,0.0,0.0,0.0,0.03225806451612903,Cancer_Tumor,CRC
BICCN|10X349-6_S01,0.012987012987012988,0.0,0.0,0.0,0.987012987012987,0.0,0.0,Control,
2020_Litvinukova_Nature_Heart|HCAHeartST13146208,0.7018181818181818,0.1890909090909091,0.01818181818181818,0.0,0.0,0.0,0.09090909090909091,Control,
BICCN|10X354-4_S01,0.0,0.0,0.0,0.0,1.0,0.0,0.0,Control,
2021_Wu_NatGenet_Breast|CID3838,0.03125,0.1875,0.48125,0.275,0.0,0.00625,0.01875,Cancer_Tumor,BRCA
2023_Monavarfeshani_PNAS_Eye|Hu221OSON,0.0,0.0,0.0,0.0,1.0,0.0,0.0,Control,
SEAAD|NW_TX0129-8,0.006825938566552901,0.0,0.0,0.0,0.9931740614334471,0.0,0.0,Non-malignant disease,
2023_Kumar_Nature_Breast|hbca_c71,0.33624454148471616,0.1965065502183406,0.0,0.03056768558951965,0.4366812227074236,0.0,0.0,Control,
2021_Zheng_Science_TIL|ESCA_P20181123_N,0.34782608695652173,0.6304347826086957,0.0,0.0,0.021739130434782608,0.0,0.0,Cancer_AdjNorm,ESCA
2023_Kong_Immunity_CD|N165697_L2,0.835820895522388,0.0,0.0,0.0,0.15671641791044777,0.007462686567164179,0.0,Non-malignant disease,
BICCN|10X175-6_S10,0.05747126436781609,0.0,0.0,0.0,0.9425287356321839,0.0,0.0,Control,
2021_Zheng_Science_TIL|KIDNEY_P20181224_N,0.8395061728395061,0.08796296296296297,0.006172839506172839,0.0,0.06635802469135803,0.0,0.0,Cancer_AdjNorm,RCC
2021_Ren_Cell_COVID|S-S005-2,0.012578616352201259,0.42138364779874216,0.0,0.0,0.0,0.018867924528301886,0.5471698113207547,Non-malignant disease,
Morabito2021|Sample_100,0.06382978723404255,0.0,0.0,0.0,0.9361702127659575,0.0,0.0,Control,
2022_Guilliams_Cell_Liver|CS170,1.0,0.0,0.0,0.0,0.0,0.0,0.0,Non-malignant disease,
2022_Kumar_CancerDis_Gastric|GSM5573505_sample40,0.21518987341772153,0.5189873417721519,0.05063291139240506,0.012658227848101266,0.0,0.0,0.20253164556962025,Cancer_Tumor,GC
BICCN|10X222-8_S01,0.004437869822485207,0.0,0.0,0.0,0.9955621301775148,0.0,0.0,Control,
Evan2019|LC5840_a,0.0,0.0,0.0,0.0,1.0,0.0,0.0,Non-malignant disease,
BICCN|10X221-7_S01,0.041501976284584984,0.0,0.0,0.0,0.958498023715415,0.0,0.0,Control,
BICCN|10X182-5_S21,0.0,0.0,0.0,0.0,1.0,0.0,0.0,Control,
BICCN|10X229-1_S7,0.0,0.0,0.0,0.0,1.0,0.0,0.0,Control,
2023_Kumar_Nature_Breast|hbca_c02,0.38439306358381503,0.0,0.0,0.0,0.41040462427745666,0.008670520231213872,0.19653179190751446,Cancer_Tumor,BRCA
2023_Fonseca_NatGenet_Endometriosis|sample31,0.0,0.5052631578947369,0.0,0.32105263157894737,0.1368421052631579,0.0,0.03684210526315789,Control,
BICCN|10X362-1_S9,0.008,0.0,0.0,0.0,0.992,0.0,0.0,Control,
2021_Pelka_Cell_CRC|C112_T_0_1_1_c1_v2,0.0,0.021739130434782608,0.33152173913043476,0.0,0.16847826086956522,0.043478260869565216,0.43478260869565216,Cancer_Tumor,CRC
2023_Kong_Immunity_CD|N148824_L1,0.9080459770114943,0.0,0.011494252873563218,0.0,0.08045977011494253,0.0,0.0,Non-malignant disease,
SEAAD|NW_TX0156-1,0.0,0.0,0.0,0.0,1.0,0.0,0.0,Control,
2022_Reichart_Science_Heart|IC_H03_LV0_premrna,0.9196428571428571,0.0,0.0,0.0,0.08035714285714286,0.0,0.0,Non-malignant disease,
SEAAD|NW_TX0160-5,0.0,0.0,0.0,0.0,1.0,0.0,0.0,Control,
BICCN|10X240-8_S5,0.014925373134328358,0.0,0.0,0.0,0.9850746268656716,0.0,0.0,Control,
2023_Kumar_Nature_Breast|hbca_c156,0.39952153110047844,0.11722488038277512,0.0,0.04784688995215311,0.4354066985645933,0.0,0.0,Cancer_Tumor,BRCA
BICCN|10X190-4_S30,0.0,0.0,0.0,0.0,1.0,0.0,0.0,Control,
ROSMAP|200715-B35-B_NYGC_S3,0.0,0.0,0.0,0.0,1.0,0.0,0.0,Control,
BICCN|10X390-8_S18,0.0,0.0,0.0,0.0,1.0,0.0,0.0,Control,
SEAAD|NW_TX0118-10,0.0,0.0,0.0,0.0,1.0,0.0,0.0,Control,
2021_Zheng_Science_TIL|KIDNEY_P20190919_T,0.3200836820083682,0.058577405857740586,0.2384937238493724,0.02301255230125523,0.3200836820083682,0.0,0.0397489539748954,Cancer_Tumor,RCC
2022_Emont_Nature_WAT|Hs_OAT_253-1,0.93,0.0,0.0,0.0,0.01,0.0,0.06,Control,
2020_Adams_SciAdv_IPF|192C-a,0.0,0.5796178343949044,0.0,0.0,0.0,0.31634819532908703,0.1040339702760085,Control,
2021_Cheng_Cell_Myeloid|PACA-P20190909-T,0.3540983606557377,0.36065573770491804,0.0,0.0,0.2098360655737705,0.07540983606557378,0.0,Cancer_Tumor,PC
2020_Habermann_SciAdv_Lung-COVID19|GSM5226577_C54ctr,0.680365296803653,0.0,0.0182648401826484,0.0,0.0365296803652968,0.2602739726027397,0.0045662100456621,Control,
ROSMAP|191122-B6-R6622577-alone_Broad_S2,0.0,0.0,0.0,0.0,1.0,0.0,0.0,Control,
2022_Guilliams_Cell_Liver|CS171,1.0,0.0,0.0,0.0,0.0,0.0,0.0,Non-malignant disease,
BICCN|10X264-6_S01,0.04054054054054054,0.0,0.0,0.0,0.9594594594594594,0.0,0.0,Control,
2022_Dominguez-Conde_Science_CellTypist|CZINY-0109,0.0,0.018561484918793503,0.0,0.0,0.0,0.9419953596287703,0.03944315545243619,Control,
2023_Hirz_NatComm_Prostate|GSM5494344_HP3,0.23170731707317074,0.4146341463414634,0.0,0.024390243902439025,0.32926829268292684,0.0,0.0,Control,
2023_Fonseca_NatGenet_Endometriosis|sample17,0.21153846153846154,0.75,0.0,0.0,0.0,0.038461538461538464,0.0,Non-malignant disease,
BICCN|10X221-6_S01,0.041474654377880185,0.0,0.0,0.0,0.9585253456221198,0.0,0.0,Control,
2022_Madissoon_NatGenet_Lung|5841STDY7991475,0.046840958605664486,0.008714596949891068,0.017429193899782137,0.0,0.002178649237472767,0.9084967320261438,0.016339869281045753,Control,
2023_Kumar_Nature_Breast|hbca_c67,0.3136094674556213,0.0,0.0,0.09171597633136094,0.5946745562130178,0.0,0.0,Control,
Evan2019|LC5699_d,0.0,0.0,0.0,0.0,1.0,0.0,0.0,Non-malignant disease,
BICCN|10X243-7_S20,0.07462686567164178,0.0,0.0,0.0,0.9253731343283582,0.0,0.0,Control,
2021_Pelka_Cell_CRC|C153_T_1_1_1_c1_v2,0.13761467889908258,0.045871559633027525,0.22018348623853212,0.0,0.3119266055045872,0.03669724770642202,0.24770642201834864,Cancer_Tumor,CRC
SEAAD|NW_TX0155-5,0.0106951871657754,0.0,0.0,0.0,0.9893048128342246,0.0,0.0,Control,
SEAAD|NW_TX0155-2,0.0,0.0,0.0,0.0,1.0,0.0,0.0,Control,
BICCN|10X240-7_S4,0.0,0.0,0.0,0.0,1.0,0.0,0.0,Control,
2023_Kumar_Nature_Breast|hbca_c142,0.08391608391608392,0.7902097902097902,0.0,0.0,0.1258741258741259,0.0,0.0,Control,
ROSMAP|200909-B51-B_NYGC_S2,0.0,0.0,0.0,0.0,1.0,0.0,0.0,Control,
2021_Melms_Nature_Lung-COVID19|L16cov,0.8505747126436781,0.0,0.022988505747126436,0.0,0.08045977011494253,0.034482758620689655,0.011494252873563218,Non-malignant disease,
SEAAD|NW_TX0132-8,0.0313588850174216,0.0,0.0,0.0,0.9686411149825784,0.0,0.0,Control,
ROSMAP|200313-B23-A_NYGC_S3,0.01675977653631285,0.0,0.0,0.0,0.9832402234636871,0.0,0.0,Control,
BICCN|10X390-2_S3,0.0125,0.0,0.0,0.0,0.9875,0.0,0.0,Control,
Herring2022|RL2131,0.0,0.0,0.0,0.0,1.0,0.0,0.0,Control,
ROSMAP|200722-B38-A_NYGC_S4,0.0,0.0,0.0,0.0,1.0,0.0,0.0,Control,
2022_Reichart_Science_Heart|BO_H07_LV0_premrna,0.9960629921259843,0.0,0.0,0.0,0.003937007874015748,0.0,0.0,Non-malignant disease,
2023_Kumar_Nature_Breast|hbca_c161,0.390625,0.171875,0.0,0.125,0.3125,0.0,0.0,Cancer_Tumor,BRCA
2023_Hickey_Nature_Intestine|B010-A-101,0.9342105263157895,0.06578947368421052,0.0,0.0,0.0,0.0,0.0,Control,
BICCN|10X392-3_S3,0.0,0.0,0.0,0.0,1.0,0.0,0.0,Control,
2022_Emont_Nature_WAT|Hs_OAT_01-1,0.9882629107981221,0.0,0.0,0.0,0.003129890453834116,0.0,0.008607198748043818,Control,
2023_Kong_Immunity_CD|N128400_L,0.45794392523364486,0.2897196261682243,0.0,0.22429906542056074,0.028037383177570093,0.0,0.0,Non-malignant disease,
2023_Kumar_Nature_Breast|hbca_c115,0.3868312757201646,0.06172839506172839,0.0,0.0,0.5267489711934157,0.0,0.024691358024691357,Control,
ROSMAP|200713-B33-B_NYGC_S2,0.02531645569620253,0.0,0.0,0.0,0.9746835443037974,0.0,0.0,Control,
2020_Drokhlyansky_Cell_EntericNerve|Pool_S56,0.9854227405247813,0.0,0.0,0.0,0.014577259475218658,0.0,0.0,Cancer_AdjNorm,CRC
2021_Stephenson_NatMed_COVID19|MH9143371,0.0,0.0,1.0,0.0,0.0,0.0,0.0,Non-malignant disease,
2020_Adams_SciAdv_IPF|145I-a,0.0,0.08900876601483479,0.0,0.0,0.0,0.8401888064733648,0.07080242751180041,Non-malignant disease,
2023_Kong_Immunity_CD|H101694_L,0.8775510204081632,0.0,0.08163265306122448,0.0,0.04081632653061224,0.0,0.0,Control,
BICCN|10X392-5_S5,0.05970149253731343,0.0,0.0,0.0,0.9253731343283582,0.014925373134328358,0.0,Control,
ROSMAP|201207-B63-B_NYGC_S4,0.01639344262295082,0.0,0.0,0.0,0.9836065573770492,0.0,0.0,Control,
BICCN|10X276-6_S01,0.0,0.0,0.0,0.0,1.0,0.0,0.0,Control,
2020_Adams_SciAdv_IPF|253C,0.0,0.20930232558139536,0.0,0.0,0.0,0.7906976744186046,0.0,Control,
2020_Litvinukova_Nature_Heart|HCAHeartST13146205,0.7580645161290323,0.1774193548387097,0.0,0.0,0.06451612903225806,0.0,0.0,Control,
BICCN|10X243-2_S15,0.0,0.0,0.0,0.0,1.0,0.0,0.0,Control,
ROSMAP|201007-B57-A_NYGC_S4,0.01818181818181818,0.0,0.0,0.0,0.9818181818181818,0.0,0.0,Control,
2022_Emont_Nature_WAT|Hs_OAT_10-1,0.9539078156312625,0.0,0.004008016032064128,0.0,0.04208416833667335,0.0,0.0,Control,
BICCN|10X203-8_S22,0.0,0.0,0.0,0.0,1.0,0.0,0.0,Control,
2022_Guilliams_Cell_Liver|CS126,0.9320672023374726,0.005843681519357195,0.0,0.0,0.0620891161431702,0.0,0.0,Non-malignant disease,
2023_Hirz_NatComm_Prostate|GSM5494381_SCG-PCA24-N-Rocky,0.04,0.736,0.0,0.096,0.128,0.0,0.0,Cancer_AdjNorm,PRC
ROSMAP|200311-B19-B_NYGC_S1,0.09655172413793103,0.0,0.0,0.0,0.903448275862069,0.0,0.0,Control,
BICCN|10X319-1_S01,0.0,0.0,0.0,0.0,1.0,0.0,0.0,Control,
BICCN|10X230-7_S01,0.014380530973451327,0.0,0.0,0.0,0.9856194690265486,0.0,0.0,Control,
ROSMAP|200702-B29-B_NYGC_S3,0.0,0.0,0.0,0.0,1.0,0.0,0.0,Control,
2020_Adams_SciAdv_IPF|053I,0.00823045267489712,0.10082304526748971,0.0,0.0,0.0,0.7345679012345679,0.15637860082304528,Non-malignant disease,
2023_Hickey_Nature_Intestine|B011-A-001,0.9852941176470589,0.0,0.0,0.0,0.014705882352941176,0.0,0.0,Control,
BICCN|10X206-4_S17,0.0,0.0,0.0,0.0,1.0,0.0,0.0,Control,
BICCN|10X219-5_S01,0.39080459770114945,0.0,0.0,0.0,0.6091954022988506,0.0,0.0,Control,
2022_Gur_Cell_Sceleroderma|GSM5837369_AB7493,0.8131868131868132,0.15384615384615385,0.02197802197802198,0.0,0.01098901098901099,0.0,0.0,Non-malignant disease,
BICCN|10X376-5_S15,0.0,0.0,0.0,0.0,1.0,0.0,0.0,Control,
2022_Reichart_Science_Heart|BO_H80_LV0_premrna,0.9851973684210527,0.0,0.0,0.0,0.014802631578947368,0.0,0.0,Non-malignant disease,
2023_Kumar_Nature_Breast|hbca_c75,0.36129032258064514,0.16774193548387098,0.0,0.0,0.47096774193548385,0.0,0.0,Control,
ROSMAP|190409-B5-B_Broad_S3,0.02663934426229508,0.0,0.0,0.0,0.9733606557377049,0.0,0.0,Control,
2021_Szabo_Immunity_COVID19|COV022_respiratory_airway_2days,0.0,0.14046579330422126,0.040756914119359534,0.10189228529839883,0.00727802037845706,0.049490538573508006,0.6601164483260553,Non-malignant disease,
2022_Dominguez-Conde_Science_CellTypist|CZINY-0101,0.0,0.028875379939209727,0.0,0.0,0.0,0.925531914893617,0.04559270516717325,Control,
2022_Guilliams_Cell_Liver|CS85,0.6578947368421053,0.0,0.0,0.0,0.34210526315789475,0.0,0.0,Cancer_Metastasis,CRC
SEAAD|NW_TX0033-5,0.0,0.0,0.0,0.0,1.0,0.0,0.0,Control,
ROSMAP|201022-B61-B_NYGC_S2,0.0,0.0,0.0,0.0,1.0,0.0,0.0,Control,
2020_Adams_SciAdv_IPF|137C-b,0.0,0.3651685393258427,0.0,0.0,0.0,0.6348314606741573,0.0,Control,
ROSMAP|200317-B27-B_NYGC_S3,0.01652892561983471,0.0,0.0,0.0,0.9834710743801653,0.0,0.0,Control,
2023_Kong_Immunity_CD|H197396_N4,0.8223684210526315,0.07894736842105263,0.0,0.0,0.08881578947368421,0.009868421052631578,0.0,Control,
2023_Monavarfeshani_PNAS_Eye|Pt11ONH,0.02766798418972332,0.0,0.0,0.0,0.9723320158102767,0.0,0.0,Control,
2020_Litvinukova_Nature_Heart|HCAHeartST10773167,0.9560439560439561,0.0015698587127158557,0.0,0.0,0.02511773940345369,0.0,0.01726844583987441,Control,
Sarah2019|MS121_A3,0.0,0.0,0.0,0.0,1.0,0.0,0.0,Non-malignant disease,
BICCN|10X220-8_S01,0.02531645569620253,0.0,0.0,0.0,0.9746835443037974,0.0,0.0,Control,
Herring2022|RL2130,0.0,0.0,0.0,0.0,1.0,0.0,0.0,Control,
2022_Reichart_Science_Heart|BO_H27_S00_premrna,0.9743589743589743,0.0,0.0,0.0,0.02564102564102564,0.0,0.0,Non-malignant disease,
2021_Pelka_Cell_CRC|C158_T_1_1_0_c1_v3,0.22857142857142856,0.05714285714285714,0.05714285714285714,0.0,0.014285714285714285,0.0,0.6428571428571429,Cancer_Tumor,CRC
2021_Cheng_Cell_Myeloid|UCEC-P20190910-N,0.004629629629629629,0.9074074074074074,0.0,0.037037037037037035,0.05092592592592592,0.0,0.0,Cancer_AdjNorm,EC
BICCN|10X384-3_S1,0.0,0.0,0.0,0.0,1.0,0.0,0.0,Control,
2020_Adams_SciAdv_IPF|052CO-a,0.08163265306122448,0.08673469387755102,0.0,0.0,0.0,0.8316326530612245,0.0,Non-malignant disease,
2022_Guilliams_Cell_Liver|CS83,1.0,0.0,0.0,0.0,0.0,0.0,0.0,Non-malignant disease,
2022_Gur_Cell_Sceleroderma|GSM5837423_AB7762,0.7894736842105263,0.21052631578947367,0.0,0.0,0.0,0.0,0.0,Non-malignant disease,
2021_Ren_Cell_COVID|S-M076-1,0.0,0.0,0.7283950617283951,0.0,0.08641975308641975,0.18518518518518517,0.0,Non-malignant disease,
2021_Melms_Nature_Lung-COVID19|C54ctr,0.680365296803653,0.0,0.0182648401826484,0.0,0.0365296803652968,0.2602739726027397,0.0045662100456621,Control,
ROSMAP|200908-B50-B_Broad_S16,0.05,0.0,0.0,0.0,0.95,0.0,0.0,Control,
BICCN|10X349-7_S01,0.0,0.0,0.0,0.0,1.0,0.0,0.0,Control,
BICCN|10X359-8_S01,0.04564315352697095,0.0,0.0,0.0,0.9543568464730291,0.0,0.0,Control,
2022_Reichart_Science_Heart|BO_H12_S00_premrna,1.0,0.0,0.0,0.0,0.0,0.0,0.0,Non-malignant disease,
2023_Kong_Immunity_CD|N124246_L,0.6339869281045751,0.3104575163398693,0.0,0.05555555555555555,0.0,0.0,0.0,Non-malignant disease,
BICCN|10X386-5_S16,0.0,0.0,0.0,0.0,1.0,0.0,0.0,Control,
2020_Habermann_SciAdv_Lung-COVID19|GSM5226591_L11cov,0.27729257641921395,0.010917030567685589,0.0,0.0,0.004366812227074236,0.0,0.7074235807860262,Non-malignant disease,
2023_Hirz_NatComm_Prostate|GSM5494378_SCG-PCA22-N-HG,0.0703125,0.0703125,0.0,0.24609375,0.61328125,0.0,0.0,Cancer_AdjNorm,PRC
ROSMAP|200715-B35-A_NYGC_S3,0.024,0.0,0.0,0.0,0.976,0.0,0.0,Control,
SEAAD|NW_TX0127-4,0.01834862385321101,0.0,0.0,0.0,0.981651376146789,0.0,0.0,Non-malignant disease,
2023_Kumar_Nature_Breast|hbca_c90,0.21176470588235294,0.4,0.0,0.0,0.36470588235294116,0.0,0.023529411764705882,Control,
2021_Yoshida_Nature_COVID|GSM5134114,0.0,0.0,0.22413793103448276,0.0,0.0,0.14942528735632185,0.6264367816091954,Non-malignant disease,
2023_Kumar_Nature_Breast|hbca_c48,0.37037037037037035,0.49382716049382713,0.0,0.07407407407407407,0.06172839506172839,0.0,0.0,Cancer_Tumor,BRCA
SEAAD|NW_TX0155-1,0.0,0.0,0.027522935779816515,0.0,0.9724770642201835,0.0,0.0,Non-malignant disease,
BICCN|10X357-2_S01,0.014492753623188406,0.0,0.0,0.0,0.9855072463768116,0.0,0.0,Control,
BICCN|10X270-3_S01,0.0,0.0,0.0,0.0,1.0,0.0,0.0,Control,
2022_Reichart_Science_Heart|BO_H01_RV0_premrna,0.8944444444444445,0.0,0.0,0.0,0.10555555555555556,0.0,0.0,Non-malignant disease,
2023_Kumar_Nature_Breast|hbca_c113,0.16666666666666666,0.11764705882352941,0.0,0.0,0.7156862745098039,0.0,0.0,Control,
BICCN|10X205-3_S8,0.02857142857142857,0.0,0.0,0.0,0.9714285714285714,0.0,0.0,Control,
BICCN|10X378-3_S3,0.06153846153846154,0.0,0.0,0.0,0.9384615384615385,0.0,0.0,Control,
SEAAD|NW_TX0123-6,0.0,0.0,0.0,0.0,1.0,0.0,0.0,Control,
2021_Cheng_Cell_Myeloid|RC-P20181224-N,0.7853260869565217,0.08559782608695653,0.0,0.016304347826086956,0.11277173913043478,0.0,0.0,Cancer_AdjNorm,RCC
SEAAD|NW_TX0154-8,0.0,0.0,0.0,0.0,1.0,0.0,0.0,Control,
2021_Zheng_Science_TIL|ESCA_P20190410_N,0.11290322580645161,0.7580645161290323,0.0,0.0,0.12903225806451613,0.0,0.0,Cancer_AdjNorm,ESCA
2020_Litvinukova_Nature_Heart|HCAHeart8102861,0.7046263345195729,0.1387900355871886,0.0,0.046263345195729534,0.042704626334519574,0.0,0.06761565836298933,Control,
2020_Litvinukova_Nature_Heart|HCAHeartST13180618,1.0,0.0,0.0,0.0,0.0,0.0,0.0,Control,
BICCN|10X375-8_S10,0.03409090909090909,0.0,0.0,0.0,0.9659090909090909,0.0,0.0,Control,
2023_Wang_SciAdv_CRC|s1125_Liver_AdjNorm,0.078125,0.8125,0.03125,0.0,0.078125,0.0,0.0,Cancer_AdjNorm,CRC
BICCN|10X224-1_S01,0.0,0.0,0.0,0.0,1.0,0.0,0.0,Control,
2021_Chan_CancerCell_SCLC|RU681,0.3055555555555556,0.4027777777777778,0.0,0.0,0.1527777777777778,0.1388888888888889,0.0,Cancer_Metastasis,NSCLC
SEAAD|NW_TX0127-9,0.0,0.0,0.0,0.0,1.0,0.0,0.0,Control,
2022_Reichart_Science_Heart|BO_H64_LV0_premrna,0.9911504424778761,0.0,0.0,0.0,0.008849557522123894,0.0,0.0,Non-malignant disease,
SEAAD|NW_TX0155-3,0.0,0.0,0.0,0.0,1.0,0.0,0.0,Control,
SEAAD|NW_TX0133-1,0.0,0.0,0.0,0.0,1.0,0.0,0.0,Non-malignant disease,
BICCN|10X264-3_S01,0.06493506493506493,0.0,0.0,0.0,0.935064935064935,0.0,0.0,Control,
2020_Habermann_SciAdv_Lung-COVID19|GSM5226589_L09cov,0.8618421052631579,0.0,0.0,0.0,0.046052631578947366,0.07236842105263158,0.019736842105263157,Non-malignant disease,
2022_Reichart_Science_Heart|BO_H39_LVW_premrna,1.0,0.0,0.0,0.0,0.0,0.0,0.0,Non-malignant disease,
2020_Adams_SciAdv_IPF|184CO-b,0.049910873440285206,0.38859180035650626,0.0,0.0,0.0,0.5614973262032086,0.0,Non-malignant disease,
SEAAD|NW_TX0024-8,0.0,0.0,0.0,0.0,1.0,0.0,0.0,Control,
BICCN|10X350-4_S01,0.14107883817427386,0.0,0.0,0.0,0.8589211618257261,0.0,0.0,Control,
2022_Madissoon_NatGenet_Lung|WTDAtest7732265,0.3203463203463203,0.0,0.05627705627705628,0.0,0.11688311688311688,0.4675324675324675,0.03896103896103896,Control,
ROSMAP|200908-B50-B_NYGC_S3,0.0,0.0,0.0,0.0,1.0,0.0,0.0,Control,
2021_Zheng_Science_TIL|PAAD_P20190515_N,0.42857142857142855,0.42857142857142855,0.0,0.0,0.14285714285714285,0.0,0.0,Cancer_AdjNorm,PC
2022_Gur_Cell_Sceleroderma|GSM5837507_AB8046,0.9230769230769231,0.0,0.0,0.0,0.06153846153846154,0.015384615384615385,0.0,Non-malignant disease,
2023_Kong_Immunity_CD|N166301_N1,0.8875502008032129,0.0,0.0,0.0,0.11244979919678715,0.0,0.0,Non-malignant disease,
SEAAD|NW_TX0159-9,0.0,0.0,0.0,0.0,1.0,0.0,0.0,Control,
2020_Litvinukova_Nature_Heart|HCAHeart7833852,0.6619718309859155,0.0,0.0,0.0,0.3380281690140845,0.0,0.0,Control,
2022_Madissoon_NatGenet_Lung|WSSS_A_LNG8757929,0.7627118644067796,0.01694915254237288,0.0,0.01694915254237288,0.2033898305084746,0.0,0.0,Control,
Evan2019|SN6063_a,0.0,0.0,0.0,0.0,1.0,0.0,0.0,Non-malignant disease,
Evan2019|SN5840_a,0.0,0.0,0.0,0.0,1.0,0.0,0.0,Non-malignant disease,
2021_Elmentaite_Nature_Intestine|Human_colon_16S8000513,0.8333333333333334,0.0,0.0,0.0,0.16666666666666666,0.0,0.0,Control,
ROSMAP|200701-B28-A_NYGC_S2,0.0,0.0,0.0,0.0,1.0,0.0,0.0,Control,
BICCN|10X350-3_S01,0.11507936507936507,0.0,0.0,0.0,0.8849206349206349,0.0,0.0,Control,
SEAAD|NW_TX0130-7,0.0,0.0,0.0,0.0,1.0,0.0,0.0,Non-malignant disease,
2022_Gur_Cell_Sceleroderma|GSM5837420_AB7759,0.974025974025974,0.012987012987012988,0.0,0.0,0.012987012987012988,0.0,0.0,Non-malignant disease,
BICCN|10X362-3_S11,0.027777777777777776,0.0,0.0,0.0,0.9722222222222222,0.0,0.0,Control,
ROSMAP|201207-B63-A_NYGC_S4,0.008771929824561403,0.0,0.0,0.0,0.9912280701754386,0.0,0.0,Control,
BICCN|10X391-6_S24,0.03773584905660377,0.0,0.0,0.0,0.9622641509433962,0.0,0.0,Control,
ROSMAP|201207-B63-A_Broad_S1,0.0125,0.0,0.0,0.0,0.9875,0.0,0.0,Control,
Morabito2021|Sample_17,0.0,0.0,0.0,0.0,1.0,0.0,0.0,Non-malignant disease,
2020_Adams_SciAdv_IPF|192CO,0.0,0.04804270462633452,0.0,0.0,0.0,0.9519572953736655,0.0,Non-malignant disease,
2022_Reichart_Science_Heart|BO_H06_RV0_premrna,0.954337899543379,0.0,0.0,0.0,0.045662100456621,0.0,0.0,Non-malignant disease,
ROSMAP|200701-B28-B_NYGC_S3,0.03225806451612903,0.0,0.0,0.0,0.967741935483871,0.0,0.0,Control,
2022_Emont_Nature_WAT|Hs_OAT_12-1,0.9719051799824407,0.0,0.0,0.0,0.028094820017559263,0.0,0.0,Control,
2022_Madissoon_NatGenet_Lung|WSSS_A_LNG8620063,0.030612244897959183,0.10204081632653061,0.0,0.0,0.07142857142857142,0.7448979591836735,0.05102040816326531,Control,
2022_Reichart_Science_Heart|BS_DP2_S00_premrna,0.9553072625698324,0.0,0.0,0.0,0.0446927374301676,0.0,0.0,Non-malignant disease,
SEAAD|NW_TX0135-5,0.0,0.0,0.0,0.0,1.0,0.0,0.0,Non-malignant disease,
2023_Kumar_Nature_Breast|hbca_c45,0.0,0.0,0.07317073170731707,0.0,0.0,0.06097560975609756,0.8658536585365854,Cancer_Tumor,BRCA
Herring2022|RL2109,0.0,0.0,0.0,0.0,1.0,0.0,0.0,Control,
BICCN|10X357-3_S01,0.03488372093023256,0.0,0.0,0.0,0.9651162790697675,0.0,0.0,Control,
2020_Adams_SciAdv_IPF|221I-a,0.011031797534068787,0.07527579493835172,0.0,0.0,0.0,0.4471122647631408,0.46658014276443865,Non-malignant disease,
BICCN|10X376-2_S12,0.05,0.0,0.0,0.0,0.95,0.0,0.0,Control,
2022_vanZyl_PNAS_Eye|Hu235OSTM,0.1527777777777778,0.0,0.0,0.0,0.8472222222222222,0.0,0.0,Control,
ROSMAP|191122-B6-R7090624-alone_Broad_S5,0.03636363636363636,0.0,0.0,0.0,0.9636363636363636,0.0,0.0,Control,
2022_Gur_Cell_Sceleroderma|GSM5837374_AB7498,0.9054054054054054,0.04054054054054054,0.0,0.0,0.05405405405405406,0.0,0.0,Non-malignant disease,
2022_TabulaSapiens_Science_TabulaSapiens|TSP6_Trachea_nan_10X,0.29120879120879123,0.46153846153846156,0.0,0.0,0.016483516483516484,0.14285714285714285,0.08791208791208792,Control,
2022_Dominguez-Conde_Science_CellTypist|CZINY-0112,0.0,0.01221001221001221,0.0,0.0,0.0,0.9621489621489622,0.02564102564102564,Control,
2022_Gur_Cell_Sceleroderma|GSM5837601_AB8763,0.984375,0.0,0.0,0.0,0.0,0.015625,0.0,Control,
ROSMAP|200702-B29-B_NYGC_S4,0.015503875968992248,0.0,0.0,0.0,0.9844961240310077,0.0,0.0,Control,
2021_Zheng_Science_TIL|THCA_P20190125_T,0.031746031746031744,0.6031746031746031,0.19047619047619047,0.0,0.05555555555555555,0.015873015873015872,0.10317460317460317,Cancer_Tumor,THCA
BICCN|10X377-6_S24,0.0,0.0,0.0,0.0,1.0,0.0,0.0,Control,
BICCN|10X219-6_S01,0.44,0.0,0.0,0.0,0.56,0.0,0.0,Control,
ROSMAP|201002-B56-A_NYGC_S4,0.05952380952380952,0.0,0.0,0.0,0.9404761904761905,0.0,0.0,Control,
2022_Reichart_Science_Heart|BO_H25_S00_premrna,0.9821428571428571,0.0,0.0,0.0,0.017857142857142856,0.0,0.0,Non-malignant disease,
2022_Reichart_Science_Heart|ED_DT4_LV0_premrna,0.9645608628659477,0.0,0.0,0.0,0.03543913713405239,0.0,0.0,Non-malignant disease,
2022_Zhou_NatGenet_PDAC|HT185B1-S1H2A2K1G1Z1_1B1,0.0,0.0,0.0,0.5616438356164384,0.3561643835616438,0.02054794520547945,0.06164383561643835,Cancer_Tumor,PC
2020_Habermann_SciAdv_Lung-COVID19|GSM5226584_L04covaddon,0.41935483870967744,0.07661290322580645,0.5,0.0,0.0,0.0,0.004032258064516129,Non-malignant disease,
Morabito2021|Sample_27,0.012658227848101266,0.0,0.0,0.0,0.9873417721518988,0.0,0.0,Non-malignant disease,
2023_Kumar_Nature_Breast|hbca_c131,0.19642857142857142,0.4642857142857143,0.0,0.0,0.3392857142857143,0.0,0.0,Control,
BICCN|10X230-1_S01,0.011943539630836048,0.0,0.0,0.0,0.988056460369164,0.0,0.0,Control,
2021_Cheng_Cell_Myeloid|OV-P20190304-N,0.05084745762711865,0.8135593220338984,0.05084745762711865,0.01694915254237288,0.0,0.06779661016949153,0.0,Cancer_AdjNorm,OV-FTC
2022_Kumar_CancerDis_Gastric|GSM5573485_sample20,0.22330097087378642,0.1262135922330097,0.024271844660194174,0.07281553398058252,0.5533980582524272,0.0,0.0,Cancer_Metastasis,GC
2022_Madissoon_NatGenet_Lung|WTDAtest7732268,0.23134328358208955,0.0,0.0,0.0,0.208955223880597,0.5447761194029851,0.014925373134328358,Control,
2022_Dominguez-Conde_Science_CellTypist|CZI-IA10466282+CZI-IA10466378,0.9666666666666667,0.0,0.0,0.0,0.016666666666666666,0.016666666666666666,0.0,Control,
2021_Chan_CancerCell_SCLC|RU666_brain,0.136986301369863,0.5205479452054794,0.0,0.0,0.2054794520547945,0.0821917808219178,0.0547945205479452,Cancer_Metastasis,NSCLC
2023_Kong_Immunity_CD|N148519_L1,0.6197183098591549,0.0,0.323943661971831,0.0,0.056338028169014086,0.0,0.0,Non-malignant disease,
BICCN|10X384-1_S24,0.0,0.0,0.0,0.0,1.0,0.0,0.0,Control,
2022_Zhou_NatGenet_PDAC|HT259P1-S1H1Fc2A2_1N1Bmn1_1,0.23976608187134502,0.0,0.0,0.0,0.7573099415204678,0.0029239766081871343,0.0,Cancer_Tumor,PC
2023_Monavarfeshani_PNAS_Eye|Hu235OSmRPE,0.9722991689750693,0.0,0.0,0.0,0.027700831024930747,0.0,0.0,Control,
BICCN|10X190-3_S29,0.0,0.0,0.0,0.0,0.9836065573770492,0.01639344262295082,0.0,Control,
BICCN|HSB189_3_S1,0.10204081632653061,0.0,0.0,0.0,0.8979591836734694,0.0,0.0,Control,
2023_Kong_Immunity_CD|N130064_N4,0.6808510638297872,0.16312056737588654,0.0,0.0,0.15602836879432624,0.0,0.0,Non-malignant disease,
BICCN|10X206-1_S14,0.0,0.0,0.0,0.0,1.0,0.0,0.0,Control,
2022_Madissoon_NatGenet_Lung|HCA_A_LNG9387717,0.7241379310344828,0.011494252873563218,0.022988505747126436,0.0,0.19540229885057472,0.034482758620689655,0.011494252873563218,Control,
2020_Adams_SciAdv_IPF|092C,0.0,0.042352941176470586,0.0,0.0,0.001568627450980392,0.9513725490196079,0.004705882352941176,Control,
2022_Reichart_Science_Heart|BO_H27_RV0_premrna,0.9971830985915493,0.0,0.0,0.0,0.0028169014084507044,0.0,0.0,Non-malignant disease,
2023_Hirz_NatComm_Prostate|GSM5494356_SCG-PCA6-T-HG,0.21818181818181817,0.4909090909090909,0.0,0.0,0.2909090909090909,0.0,0.0,Cancer_Tumor,PRC
ROSMAP|200915-B53-A_NYGC_S3,0.0,0.0,0.0,0.0,1.0,0.0,0.0,Control,
2021_Pal_EMBO_Breast|GSM4909302_ER-MH0025,0.05555555555555555,0.0,0.0,0.0,0.8589743589743589,0.021367521367521368,0.0641025641025641,Cancer_Tumor,BRCA
SEAAD|NW_TX0159-4,0.02631578947368421,0.0,0.0,0.0,0.9736842105263158,0.0,0.0,Control,
ROSMAP|190403-B4-A_Broad_S1,0.0,0.0,0.0,0.0,1.0,0.0,0.0,Control,
2023_Kong_Immunity_CD|N107306_L2,0.7272727272727273,0.06363636363636363,0.10909090909090909,0.0,0.09090909090909091,0.00909090909090909,0.0,Non-malignant disease,
ROSMAP|200722-B38-A_NYGC_S2,0.0,0.0,0.0,0.0,1.0,0.0,0.0,Control,
2022_Reichart_Science_Heart|BO_H22_S00_premrna,0.9867986798679867,0.006600660066006601,0.0,0.0,0.006600660066006601,0.0,0.0,Non-malignant disease,
ROSMAP|200909-B51-A_NYGC_S2,0.0,0.0,0.0,0.0,1.0,0.0,0.0,Control,
BICCN|10X350-5_S01,0.022988505747126436,0.0,0.0,0.0,0.9770114942528736,0.0,0.0,Control,
2023_Kong_Immunity_CD|N109389_L1,0.8661971830985915,0.07746478873239436,0.0,0.0,0.056338028169014086,0.0,0.0,Non-malignant disease,
2022_Madissoon_NatGenet_Lung|WSSS_A_LNG8620061,0.019736842105263157,0.013157894736842105,0.006578947368421052,0.0,0.006578947368421052,0.9539473684210527,0.0,Control,
2020_Litvinukova_Nature_Heart|HCAHeart7702877,1.0,0.0,0.0,0.0,0.0,0.0,0.0,Control,
2020_Adams_SciAdv_IPF|194CO-a,0.0,0.08080808080808081,0.04040404040404041,0.0,0.004329004329004329,0.8744588744588745,0.0,Non-malignant disease,
BICCN|10X319-2_S01,0.0,0.0,0.0,0.0,1.0,0.0,0.0,Control,
BICCN|10X194-8_S1,0.01301775147928994,0.0,0.0,0.0,0.98698224852071,0.0,0.0,Control,
BICCN|10X392-6_S8,0.02702702702702703,0.0,0.0,0.0,0.972972972972973,0.0,0.0,Control,
BICCN|10X241-2_S7,0.02564102564102564,0.0,0.0,0.0,0.9743589743589743,0.0,0.0,Control,
Evan2019|SN5893_c,0.0,0.0,0.0,0.0,1.0,0.0,0.0,Non-malignant disease,
ROSMAP|200313-B23-B_NYGC_S3,0.017094017094017096,0.0,0.0,0.0,0.9743589743589743,0.008547008547008548,0.0,Control,
BICCN|10X357-1_S01,0.0,0.0,0.0,0.0,1.0,0.0,0.0,Control,
2021_Zheng_Science_TIL|UCEC_P20181122_N,0.010309278350515464,0.8711340206185567,0.0,0.11855670103092783,0.0,0.0,0.0,Cancer_AdjNorm,EC
2023_Lake_Nature_Kidney|KC79,0.9081632653061225,0.0,0.0,0.0,0.09183673469387756,0.0,0.0,Control,
2022_TabulaSapiens_Science_TabulaSapiens|TSP10_Fat_MAT_10X,0.9473684210526315,0.05263157894736842,0.0,0.0,0.0,0.0,0.0,Control,
2023_Hirz_NatComm_Prostate|GSM5494368_SCG-PCA15-T-HG,0.12607099143206854,0.0,0.0,0.1799265605875153,0.6940024479804161,0.0,0.0,Cancer_Tumor,PRC
ROSMAP|201007-B58-A_NYGC_S4,0.0136986301369863,0.0,0.0,0.0,0.9863013698630136,0.0,0.0,Control,
2020_Adams_SciAdv_IPF|225I-a,0.014543630892678034,0.14493480441323972,0.0,0.0,0.0,0.6825476429287863,0.1579739217652959,Non-malignant disease,
BICCN|10X387-3_S9,0.0,0.0,0.0,0.0,1.0,0.0,0.0,Control,
2022_Emont_Nature_WAT|Hs_OAT_256-1,0.9557522123893806,0.0,0.0,0.0,0.04424778761061947,0.0,0.0,Control,
2023_Kong_Immunity_CD|N176196_L2,0.6312056737588653,0.0,0.2765957446808511,0.0,0.09219858156028368,0.0,0.0,Non-malignant disease,
2021_Zheng_Science_TIL|THCA_P20190118_T,0.0,0.925686591276252,0.0,0.0,0.07431340872374798,0.0,0.0,Cancer_Tumor,THCA
BICCN|10X221-4_S01,0.0,0.0,0.0,0.0,1.0,0.0,0.0,Control,
BICCN|10X375-3_S5,0.0,0.0,0.0,0.0,1.0,0.0,0.0,Control,
2022_Emont_Nature_WAT|Hs_SAT_10-1,0.9545454545454546,0.0,0.0,0.0,0.0,0.0,0.045454545454545456,Control,
2020_Adams_SciAdv_IPF|177I,0.018149466192170817,0.025266903914590747,0.0,0.0,0.003914590747330961,0.8928825622775801,0.0597864768683274,Non-malignant disease,
Zhang2022|HSDG148PD,0.0,0.0,0.0,0.0,1.0,0.0,0.0,Non-malignant disease,
ROSMAP|201002-B56-A_NYGC_S2,0.0,0.0,0.0,0.0,1.0,0.0,0.0,Control,
2023_Kong_Immunity_CD|H158108_N1,0.9606299212598425,0.0,0.0,0.0,0.03937007874015748,0.0,0.0,Control,
2020_Adams_SciAdv_IPF|040I,0.16037735849056603,0.37735849056603776,0.0,0.0,0.0,0.27358490566037735,0.18867924528301888,Non-malignant disease,
BICCN|10X360-5_S01,0.0,0.0,0.0,0.0,1.0,0.0,0.0,Control,
2023_Kong_Immunity_CD|N107306_L1,0.6283185840707964,0.22123893805309736,0.13274336283185842,0.0,0.008849557522123894,0.008849557522123894,0.0,Non-malignant disease,
ROSMAP|201002-B56-B_NYGC_S4,0.0335195530726257,0.0,0.0,0.0,0.9664804469273743,0.0,0.0,Control,
2022_Dominguez-Conde_Science_CellTypist|Pan_T7935497,0.6081081081081081,0.08108108108108109,0.0,0.0,0.0,0.3108108108108108,0.0,Control,
SEAAD|NW_TX0033-1,0.0,0.0,0.0,0.0,1.0,0.0,0.0,Control,
2022_Guilliams_Cell_Liver|CS33,0.4095238095238095,0.0,0.0,0.0,0.5476190476190477,0.0,0.04285714285714286,Cancer_Metastasis,CRC
2022_Reichart_Science_Heart|BO_H80_RV0_premrna,0.8814589665653495,0.0,0.0,0.0,0.11854103343465046,0.0,0.0,Non-malignant disease,
ROSMAP|200909-B51-A_NYGC_S1,0.0,0.0,0.0,0.0,0.9883720930232558,0.011627906976744186,0.0,Control,
2022_Dominguez-Conde_Science_CellTypist|Pan_T7935492,0.0,0.5024201355275896,0.02032913843175218,0.0,0.0,0.2700871248789932,0.20716360116166505,Control,
Herring2022|RL2128,0.013089005235602094,0.0,0.0,0.0,0.9869109947643979,0.0,0.0,Control,
2023_Kong_Immunity_CD|N158891_L2,0.704,0.0,0.184,0.0,0.112,0.0,0.0,Non-malignant disease,
2022_TabulaSapiens_Science_TabulaSapiens|TSP2_Muscle_diaphragm_10X,0.2535211267605634,0.38028169014084506,0.0,0.22535211267605634,0.0,0.0,0.14084507042253522,Control,
SEAAD|NW_TX0117-7,0.01984126984126984,0.0,0.0,0.0,0.9801587301587301,0.0,0.0,Non-malignant disease,
BICCN|10X390-7_S17,0.0625,0.0,0.0,0.0,0.9375,0.0,0.0,Control,
SEAAD|NW_TX0135-3,0.015625,0.0,0.0,0.0,0.984375,0.0,0.0,Non-malignant disease,
2022_Madissoon_NatGenet_Lung|WSSS_A_LNG8757928,0.5466666666666666,0.013333333333333334,0.0,0.0,0.44,0.0,0.0,Control,
2020_Adams_SciAdv_IPF|208C,0.0166358595194085,0.6432532347504621,0.0,0.0,0.0,0.34011090573012936,0.0,Control,
2022_Guilliams_Cell_Liver|CS112,0.9372549019607843,0.0,0.0,0.0,0.06274509803921569,0.0,0.0,Non-malignant disease,
BICCN|10X384-2_S25,0.0,0.0,0.0,0.0,1.0,0.0,0.0,Control,
2023_Wang_SciAdv_CRC|s0920_Liver_Metastasis,0.0,0.9301075268817204,0.053763440860215055,0.010752688172043012,0.0,0.0,0.005376344086021506,Cancer_Metastasis,CRC
2022_Reichart_Science_Heart|BO_H09_S00_premrna,0.9958620689655172,0.0,0.0,0.0,0.004137931034482759,0.0,0.0,Non-malignant disease,
2023_Kumar_Nature_Breast|hbca_c111,0.2619047619047619,0.3129251700680272,0.0,0.0,0.42517006802721086,0.0,0.0,Control,
2022_Reichart_Science_Heart|BO_H51_S00_premrna,0.9882352941176471,0.011764705882352941,0.0,0.0,0.0,0.0,0.0,Control,
SEAAD|NW_TX0126-2,0.0,0.0,0.0,0.0,1.0,0.0,0.0,Non-malignant disease,
SEAAD|NW_TX0127-1,0.0,0.0,0.0,0.0,1.0,0.0,0.0,Non-malignant disease,
2021_Melms_Nature_Lung-COVID19|C56ctr,0.29292929292929293,0.010101010101010102,0.0,0.0,0.5757575757575758,0.0707070707070707,0.050505050505050504,Control,
2023_Kumar_Nature_Breast|hbca_c74,0.44485294117647056,0.07352941176470588,0.0,0.0,0.48161764705882354,0.0,0.0,Control,
ROSMAP|201028-B62-B_NYGC_S1,0.036458333333333336,0.0,0.0,0.0,0.9635416666666666,0.0,0.0,Control,
2021_Cheng_Cell_Myeloid|UCEC-P20190305-T,0.014184397163120567,0.75177304964539,0.05673758865248227,0.028368794326241134,0.14893617021276595,0.0,0.0,Cancer_Tumor,EC
SEAAD|NW_TX0130-9,0.046875,0.0,0.0,0.0,0.953125,0.0,0.0,Control,
2022_Emont_Nature_WAT|Hs_SAT_01-1,0.8464788732394366,0.0,0.0,0.0,0.0,0.0,0.15352112676056337,Control,
2023_Hirz_NatComm_Prostate|GSM5494377_SCG-PCA20-T-LG,0.08395061728395062,0.1037037037037037,0.0,0.345679012345679,0.4666666666666667,0.0,0.0,Cancer_Tumor,PRC
BICCN|10X418-1_S6,0.03125,0.0,0.0,0.0,0.96875,0.0,0.0,Control,
2020_Adams_SciAdv_IPF|025I,0.011620795107033639,0.04036697247706422,0.0,0.0,0.0,0.9162079510703364,0.031804281345565746,Non-malignant disease,
SEAAD|NW_TX0160-2,0.0,0.0,0.0,0.0,1.0,0.0,0.0,Control,
2021_Zheng_Science_TIL|THCA_P20190122_T,0.11764705882352941,0.7450980392156863,0.058823529411764705,0.0,0.0784313725490196,0.0,0.0,Cancer_Tumor,THCA
2020_Habermann_SciAdv_Lung-COVID19|GSM5226580_C57ctr,0.19047619047619047,0.0,0.0,0.0,0.021645021645021644,0.7878787878787878,0.0,Control,
SEAAD|NW_TX0133-2,0.014814814814814815,0.0,0.0,0.0,0.9851851851851852,0.0,0.0,Non-malignant disease,
2022_Reichart_Science_Heart|BO_H15_S00_premrna,0.9754299754299754,0.0,0.0,0.0,0.02457002457002457,0.0,0.0,Non-malignant disease,
SEAAD|NW_TX0024-13,0.04950495049504951,0.0,0.0,0.0,0.9504950495049505,0.0,0.0,Control,
2023_Kumar_Nature_Breast|hbca_c13,0.6494845360824743,0.010309278350515464,0.0,0.0,0.18556701030927836,0.0,0.15463917525773196,Cancer_AdjNorm,BRCA
BICCN|10X391-1_S5,0.015945330296127564,0.0,0.0,0.0,0.9840546697038725,0.0,0.0,Control,
2023_Kong_Immunity_CD|I191305_L2,0.07142857142857142,0.09740259740259741,0.8246753246753247,0.0,0.006493506493506494,0.0,0.0,Non-malignant disease,
2020_Drokhlyansky_Cell_EntericNerve|H12_S58,0.9845626072041166,0.0,0.0,0.0,0.015437392795883362,0.0,0.0,Cancer_AdjNorm,CRC
2021_Pelka_Cell_CRC|C160_T_1_1_0_c1_v3,0.16666666666666666,0.175,0.2,0.0,0.0,0.008333333333333333,0.45,Cancer_Tumor,CRC
SEAAD|NW_TX0132-7,0.04377104377104377,0.0,0.0,0.0,0.9562289562289562,0.0,0.0,Non-malignant disease,
2020_Adams_SciAdv_IPF|002C,0.03314917127071823,0.5138121546961326,0.0,0.0,0.027624309392265192,0.3701657458563536,0.055248618784530384,Control,
ROSMAP|200713-B33-B_NYGC_S1,0.05319148936170213,0.0,0.0,0.0,0.9468085106382979,0.0,0.0,Control,
2020_Adams_SciAdv_IPF|388C,0.023872679045092837,0.046419098143236075,0.0,0.0,0.0,0.9297082228116711,0.0,Control,
2023_Kong_Immunity_CD|N125985_L2,0.4470588235294118,0.5058823529411764,0.047058823529411764,0.0,0.0,0.0,0.0,Non-malignant disease,
2023_Fonseca_NatGenet_Endometriosis|sample11,0.0,0.9384615384615385,0.0,0.0,0.0,0.06153846153846154,0.0,Non-malignant disease,
2021_Chan_CancerCell_SCLC|RU675_T,0.0413625304136253,0.08029197080291971,0.019464720194647202,0.072992700729927,0.09975669099756691,0.5766423357664233,0.10948905109489052,Cancer_Tumor,NSCLC
BICCN|10X354-6_S01,0.031746031746031744,0.0,0.0,0.0,0.9682539682539683,0.0,0.0,Control,
2023_Kumar_Nature_Breast|hbca_c150,0.15671641791044777,0.44776119402985076,0.0,0.06716417910447761,0.3283582089552239,0.0,0.0,Control,
BICCN|10X229-5_S11,0.0,0.0,0.0,0.0,1.0,0.0,0.0,Control,
ROSMAP|201014-B59-A_NYGC_S4,0.0,0.0,0.0,0.0,1.0,0.0,0.0,Control,
2021_Pal_EMBO_Breast|GSM4909266_N-MH0169-Total,0.3384615384615385,0.2717948717948718,0.0,0.36923076923076925,0.010256410256410256,0.0,0.010256410256410256,Control,
BICCN|10X329-4_S01,0.0,0.0,0.0,0.0,1.0,0.0,0.0,Control,
2020_Adams_SciAdv_IPF|218C-a,0.0,0.59375,0.0,0.0,0.0,0.2708333333333333,0.13541666666666666,Control,
BICCN|10X377-4_S22,0.0,0.0,0.0,0.0,1.0,0.0,0.0,Control,
2022_TabulaSapiens_Science_TabulaSapiens|TSP14_Lymph_Node_nan_10X,0.15894039735099338,0.0,0.0,0.0,0.010596026490066225,0.018543046357615896,0.8119205298013245,Control,
2022_Reichart_Science_Heart|IC_H01_LV0_premrna,0.9593908629441624,0.0,0.0,0.0,0.04060913705583756,0.0,0.0,Non-malignant disease,
2021_Zheng_Science_TIL|PAAD_P20190306_T,0.1791044776119403,0.04477611940298507,0.03731343283582089,0.582089552238806,0.0,0.1417910447761194,0.014925373134328358,Cancer_Tumor,PC
2023_Kumar_Nature_Breast|hbca_c122,0.22535211267605634,0.4225352112676056,0.0,0.0,0.352112676056338,0.0,0.0,Control,
2023_Hirz_NatComm_Prostate|GSM5494357_SCG-PCA6-N-HG,0.16666666666666666,0.38333333333333336,0.0,0.0,0.45,0.0,0.0,Cancer_AdjNorm,PRC
BICCN|10X392-2_S59,0.015748031496062992,0.0,0.0,0.0,0.984251968503937,0.0,0.0,Control,
BICCN|10X217-6_S20,0.0,0.0,0.0,0.0,1.0,0.0,0.0,Control,
BICCN|10X265-7_S01,0.016666666666666666,0.0,0.0,0.0,0.9833333333333333,0.0,0.0,Control,
BICCN|10X375-3_S15,0.0,0.0,0.0,0.0,1.0,0.0,0.0,Control,
Evan2019|LC5534_a,0.0,0.0,0.0,0.0,1.0,0.0,0.0,Non-malignant disease,
ROSMAP|200227-B12-A_NYGC_S4,0.03389830508474576,0.0,0.0,0.0,0.9661016949152542,0.0,0.0,Control,
2020_Litvinukova_Nature_Heart|HCAHeartST13146204,0.9830508474576272,0.01694915254237288,0.0,0.0,0.0,0.0,0.0,Control,
2021_Pal_EMBO_Breast|GSM4909282_TN-MH0135,0.07407407407407407,0.18518518518518517,0.08641975308641975,0.0,0.012345679012345678,0.0,0.6419753086419753,Cancer_Tumor,BRCA
2022_Madissoon_NatGenet_Lung|HCATisStab7732261,0.07865168539325842,0.10112359550561797,0.0,0.0,0.0449438202247191,0.7640449438202247,0.011235955056179775,Control,
2021_Wu_NatGenet_Breast|CID4471,0.34810126582278483,0.06329113924050633,0.02531645569620253,0.0,0.5379746835443038,0.0,0.02531645569620253,Cancer_Tumor,BRCA
BICCN|10X241-6_S11,0.0,0.0,0.0,0.0,1.0,0.0,0.0,Control,
BICCN|10X319-7_S01,0.015604681404421327,0.0,0.0,0.0,0.9843953185955787,0.0,0.0,Control,
2022_Guilliams_Cell_Liver|CS41,0.7708108108108108,0.20540540540540542,0.0,0.0,0.023783783783783784,0.0,0.0,Cancer_Metastasis,CRC
BICCN|10X190-7_S1,0.0,0.0,0.0,0.0,1.0,0.0,0.0,Control,
2023_Kumar_Nature_Breast|hbca_c57,0.3574468085106383,0.1702127659574468,0.0,0.0,0.451063829787234,0.0,0.02127659574468085,Control,
2020_Litvinukova_Nature_Heart|HCAHeartST13180619,1.0,0.0,0.0,0.0,0.0,0.0,0.0,Control,
ROSMAP|200305-B15-B_NYGC_S1,0.0,0.0,0.0,0.0,1.0,0.0,0.0,Control,
2022_Reichart_Science_Heart|BO_H34_S00_premrna,0.964824120603015,0.0,0.0,0.0,0.035175879396984924,0.0,0.0,Non-malignant disease,
SEAAD|NW_TX0087-6,0.0,0.0,0.0,0.0,1.0,0.0,0.0,Control,
2020_Litvinukova_Nature_Heart|HCAHeart7850548,0.5844155844155844,0.4155844155844156,0.0,0.0,0.0,0.0,0.0,Control,
BICCN|10X222-1_S01,0.0,0.0,0.0,0.0,1.0,0.0,0.0,Control,
2020_Adams_SciAdv_IPF|212I-a,0.014587892049598834,0.4208606856309263,0.0,0.0,0.0,0.35667396061269147,0.20787746170678337,Non-malignant disease,
Evan2019|LC5699_c,0.00980392156862745,0.0,0.0,0.0,0.9901960784313726,0.0,0.0,Non-malignant disease,
2023_Kong_Immunity_CD|I130084_E,0.0,0.18032786885245902,0.7704918032786885,0.0,0.0,0.04918032786885246,0.0,Non-malignant disease,
BICCN|10X182-4_S46,0.018691588785046728,0.0,0.0,0.0,0.9813084112149533,0.0,0.0,Control,
2022_vanZyl_PNAS_Eye|Hu220OSTM,0.176,0.0,0.0,0.0,0.824,0.0,0.0,Control,
ROSMAP|200708-B31-B_NYGC_S1,0.0,0.0,0.0,0.0,1.0,0.0,0.0,Control,
2020_Litvinukova_Nature_Heart|HCAHeartST10773166,0.9859154929577465,0.006036217303822937,0.0,0.0,0.008048289738430584,0.0,0.0,Control,
ROSMAP|191217-B8-A_Broad_S1,0.0,0.0,0.0,0.0,1.0,0.0,0.0,Control,
2022_Madissoon_NatGenet_Lung|WSSS_A_LNG8620059,0.013908205841446454,0.004172461752433936,0.0,0.0,0.005563282336578581,0.9568845618915159,0.019471488178025034,Control,
2021_Chan_CancerCell_SCLC|RU1061,0.2463768115942029,0.2608695652173913,0.014492753623188406,0.11594202898550725,0.0,0.08695652173913043,0.2753623188405797,Cancer_Tumor,NSCLC
BICCN|10X173-3_S16,0.0,0.0,0.0,0.0,1.0,0.0,0.0,Control,
2022_Reichart_Science_Heart|BO_H33_RV0_premrna,0.9887640449438202,0.0,0.0,0.0,0.011235955056179775,0.0,0.0,Non-malignant disease,
BICCN|10X190-5_S31,0.0,0.0,0.0,0.0,1.0,0.0,0.0,Control,
2023_Kumar_Nature_Breast|hbca_c08,0.8533653846153846,0.014423076923076924,0.0,0.0,0.0673076923076923,0.0,0.06490384615384616,Cancer_Tumor,BRCA
2023_Kumar_Nature_Breast|hbca_c21,0.0,0.4927536231884058,0.0,0.11594202898550725,0.391304347826087,0.0,0.0,Control,
2020_Litvinukova_Nature_Heart|HCAHeart7844004,0.6767241379310345,0.0,0.0,0.0,0.1939655172413793,0.008620689655172414,0.1206896551724138,Control,
2022_Reichart_Science_Heart|BO_H14_RV0_premrna,0.9977973568281938,0.0,0.0,0.0,0.0022026431718061676,0.0,0.0,Non-malignant disease,
ROSMAP|200310-B18-A_NYGC_S3,0.028985507246376812,0.0,0.0,0.0,0.9710144927536232,0.0,0.0,Control,
SEAAD|NW_TX0141-4,0.0,0.0,0.0,0.0,1.0,0.0,0.0,Non-malignant disease,
2023_Kumar_Nature_Breast|hbca_c68,0.43564356435643564,0.15181518151815182,0.0,0.0,0.40924092409240925,0.0,0.0033003300330033004,Control,
ROSMAP|200804-B42-A_NYGC_S3,0.03870967741935484,0.0,0.0,0.0,0.9612903225806452,0.0,0.0,Control,
2021_Chan_CancerCell_SCLC|RU1145,0.0,0.2777777777777778,0.6296296296296297,0.0,0.0,0.09259259259259259,0.0,Cancer_Tumor,SCLC
2023_Kumar_Nature_Breast|hbca_n14,0.44129554655870445,0.0,0.0,0.0,0.5587044534412956,0.0,0.0,Cancer_Tumor,BRCA
SEAAD|NW_TX0104-2,0.03571428571428571,0.0,0.0,0.0,0.9642857142857143,0.0,0.0,Control,
2021_Zheng_Science_TIL|PAAD_P20181128_T,0.0,0.5309734513274337,0.0,0.0,0.36283185840707965,0.10619469026548672,0.0,Cancer_Tumor,PC
BICCN|10X419-2_S14,0.0,0.0,0.0,0.0,1.0,0.0,0.0,Control,
BICCN|10X359-4_S01,0.0,0.0,0.0,0.0,1.0,0.0,0.0,Control,
2022_Hwang_NatGenet_PDAC|U15_Untreated,0.0392156862745098,0.0196078431372549,0.0,0.0,0.9411764705882353,0.0,0.0,Cancer_Tumor,PC
2023_Kumar_Nature_Breast|hbca_c162,0.11965811965811966,0.18803418803418803,0.0,0.08547008547008547,0.6068376068376068,0.0,0.0,Control,
2023_Wang_SciAdv_CRC|s1231_Liver_AdjNorm,0.2153846153846154,0.6615384615384615,0.0,0.07692307692307693,0.046153846153846156,0.0,0.0,Cancer_AdjNorm,CRC
BICCN|HSB106_2_S1,0.07407407407407407,0.0,0.0,0.0,0.9259259259259259,0.0,0.0,Control,
SEAAD|NW_TX0125-9,0.2631578947368421,0.0,0.0,0.0,0.7368421052631579,0.0,0.0,Non-malignant disease,
Herring2022|RL2125,0.036036036036036036,0.0,0.0,0.0,0.963963963963964,0.0,0.0,Control,
SEAAD|NW_TX0029-14,0.05555555555555555,0.0,0.0,0.0,0.9444444444444444,0.0,0.0,Control,
2022_Kumar_CancerDis_Gastric|GSM5573477_sample12,0.09615384615384616,0.5,0.0,0.11538461538461539,0.2692307692307692,0.019230769230769232,0.0,Cancer_AdjNorm,GC
2020_Litvinukova_Nature_Heart|HCAHeart7888928,0.968421052631579,0.0,0.010526315789473684,0.0,0.021052631578947368,0.0,0.0,Control,
BICCN|10X350-8_S01,0.03773584905660377,0.0,0.0,0.0,0.9622641509433962,0.0,0.0,Control,
2022_Madissoon_NatGenet_Lung|WSSS8123927,0.33980582524271846,0.1553398058252427,0.02912621359223301,0.038834951456310676,0.038834951456310676,0.3883495145631068,0.009708737864077669,Control,
Astrid2020|2018-135,0.0,0.0,0.0,0.0,1.0,0.0,0.0,Non-malignant disease,
2021_Melms_Nature_Lung-COVID19|L21cov,0.38461538461538464,0.02197802197802198,0.0,0.02197802197802198,0.02197802197802198,0.5274725274725275,0.02197802197802198,Non-malignant disease,
SEAAD|NW_TX0128-1,0.018691588785046728,0.0,0.0,0.0,0.9813084112149533,0.0,0.0,Control,
ROSMAP|200804-B42-A_NYGC_S2,0.047619047619047616,0.0,0.0,0.0,0.9523809523809523,0.0,0.0,Control,
2022_Emont_Nature_WAT|Hs_SAT_266-1,1.0,0.0,0.0,0.0,0.0,0.0,0.0,Control,
2023_Kumar_Nature_Breast|hbca_c17,0.07407407407407407,0.6851851851851852,0.0,0.018518518518518517,0.2222222222222222,0.0,0.0,Control,
Zhang2022|hsDG99HC,0.04926108374384237,0.0,0.0,0.0,0.9507389162561576,0.0,0.0,Control,
2023_Kumar_Nature_Breast|hbca_c51,0.0,0.0,0.0,0.0684931506849315,0.0273972602739726,0.0136986301369863,0.8904109589041096,Control,
ROSMAP|200714-B34-A_NYGC_S3,0.04411764705882353,0.0,0.0,0.0,0.9558823529411765,0.0,0.0,Control,
2022_vanZyl_PNAS_Eye|Hu216OSTMS1,0.26506024096385544,0.0,0.0,0.0,0.7349397590361446,0.0,0.0,Control,
2023_Kumar_Nature_Breast|hbca_c106,0.16149068322981366,0.20496894409937888,0.0,0.0,0.6335403726708074,0.0,0.0,Control,
2023_Kumar_Nature_Breast|hbca_n01,0.5448275862068965,0.0,0.0,0.0,0.4241379310344828,0.006896551724137931,0.02413793103448276,Cancer_Tumor,BRCA
2023_Kumar_Nature_Breast|hbca_c40,0.8631090487238979,0.08120649651972157,0.0,0.0,0.0,0.0,0.05568445475638051,Cancer_Tumor,BRCA
SEAAD|NW_TX0160-1,0.0,0.0,0.0,0.0,1.0,0.0,0.0,Control,
Evan2019|SN5893_a,0.0,0.0,0.0,0.0,1.0,0.0,0.0,Non-malignant disease,
2023_Kumar_Nature_Breast|hbca_c102,0.12994350282485875,0.10734463276836158,0.0,0.0,0.7627118644067796,0.0,0.0,Control,
2021_Pal_EMBO_Breast|GSM4909283_TN-SH0106,0.13333333333333333,0.5142857142857142,0.11428571428571428,0.18095238095238095,0.0,0.01904761904761905,0.0380952380952381,Cancer_Tumor,BRCA
2020_Litvinukova_Nature_Heart|HCAHeart7829977,0.8369565217391305,0.0,0.0,0.0,0.16304347826086957,0.0,0.0,Control,
2020_Adams_SciAdv_IPF|041I-b,0.04779411764705882,0.31029411764705883,0.0,0.0,0.003676470588235294,0.22720588235294117,0.41102941176470587,Non-malignant disease,
2022_Gur_Cell_Sceleroderma|GSM5837157_AB13824,0.9230769230769231,0.015384615384615385,0.0,0.0,0.03076923076923077,0.03076923076923077,0.0,Non-malignant disease,
2023_Fonseca_NatGenet_Endometriosis|sample21,0.21195652173913043,0.6630434782608695,0.0,0.016304347826086956,0.09782608695652174,0.010869565217391304,0.0,Non-malignant disease,
BICCN|10X182-7_S23,0.08928571428571429,0.0,0.0,0.0,0.9107142857142857,0.0,0.0,Control,
Morabito2021|Sample_46,0.030534351145038167,0.0,0.0,0.0,0.9694656488549618,0.0,0.0,Non-malignant disease,
BICCN|10X206-3_S5,0.0,0.0,0.0,0.0,1.0,0.0,0.0,Control,
2023_Hickey_Nature_Intestine|B010-A-401,0.8805970149253731,0.11940298507462686,0.0,0.0,0.0,0.0,0.0,Control,
2022_Kumar_CancerDis_Gastric|GSM5573473_sample8,0.044642857142857144,0.3705357142857143,0.0,0.03571428571428571,0.48660714285714285,0.044642857142857144,0.017857142857142856,Cancer_Tumor,GC
BICCN|10X362-2_S13,0.01293103448275862,0.0,0.0,0.0,0.9827586206896551,0.004310344827586207,0.0,Control,
2021_Pal_EMBO_Breast|GSM4909291_HER2-MH0031,0.21296296296296297,0.4876543209876543,0.040123456790123455,0.0,0.07716049382716049,0.009259259259259259,0.1728395061728395,Cancer_Tumor,BRCA
2020_Adams_SciAdv_IPF|23CO,0.03199174406604747,0.018575851393188854,0.0,0.0,0.0,0.9494324045407637,0.0,Non-malignant disease,
2023_Kumar_Nature_Breast|hbca_n06,0.8192955589586524,0.0,0.0,0.0,0.018376722817764167,0.0,0.16232771822358347,Control,
SEAAD|NW_TX0151-11,0.02358490566037736,0.0,0.0,0.0,0.9764150943396226,0.0,0.0,Control,
2020_Habermann_SciAdv_Lung-COVID19|GSM5226595_L16cov,0.8505747126436781,0.0,0.022988505747126436,0.0,0.06896551724137931,0.034482758620689655,0.022988505747126436,Non-malignant disease,
BICCN|10X359-3_S01,0.023529411764705882,0.0,0.0,0.0,0.9764705882352941,0.0,0.0,Control,
BICCN|10X191-4_S6,0.0,0.0,0.0,0.0,1.0,0.0,0.0,Control,
BICCN|10X249-4_S01,0.09836065573770492,0.0,0.0,0.0,0.9016393442622951,0.0,0.0,Control,
2023_Kumar_Nature_Breast|hbca_c91,0.07246376811594203,0.2898550724637681,0.0,0.0,0.6376811594202898,0.0,0.0,Control,
BICCN|10X376-6_S16,0.014285714285714285,0.0,0.0,0.0,0.9857142857142858,0.0,0.0,Control,
BICCN|10X222-4_S01,0.0,0.0,0.0,0.0,1.0,0.0,0.0,Control,
2023_Kong_Immunity_CD|N127643_L,0.14864864864864866,0.7972972972972973,0.02702702702702703,0.0,0.013513513513513514,0.013513513513513514,0.0,Non-malignant disease,
2023_Kumar_Nature_Breast|hbca_c134,0.1488095238095238,0.34523809523809523,0.0,0.0,0.5059523809523809,0.0,0.0,Control,
ROSMAP|200810-B46-B_NYGC_S1,0.0,0.0,0.0,0.0,1.0,0.0,0.0,Control,
2022_Reichart_Science_Heart|BO_H51_LV0_premrna,1.0,0.0,0.0,0.0,0.0,0.0,0.0,Control,
2023_Kumar_Nature_Breast|hbca_c143,0.022222222222222223,0.4444444444444444,0.0,0.0,0.5333333333333333,0.0,0.0,Control,
2022_Dominguez-Conde_Science_CellTypist|Pan_T7980364,0.9537037037037037,0.0,0.0,0.0,0.046296296296296294,0.0,0.0,Control,
2022_Kumar_CancerDis_Gastric|GSM5573482_sample17,0.0936205468102734,0.7009113504556752,0.027340513670256836,0.10107705053852527,0.045567522783761395,0.01739850869925435,0.014084507042253521,Cancer_Tumor,GC
2021_Cheng_Cell_Myeloid|OV-P20190304-T,0.0,0.6694214876033058,0.049586776859504134,0.17355371900826447,0.0743801652892562,0.03305785123966942,0.0,Cancer_Tumor,OV-FTC
ROSMAP|200806-B44-B_NYGC_S4,0.0,0.0,0.0,0.0,1.0,0.0,0.0,Control,
2021_Ren_Cell_COVID|S-S087-1,0.0,0.008823529411764706,0.9147058823529411,0.03235294117647059,0.0,0.0,0.04411764705882353,Non-malignant disease,
BICCN|10X190-8_S2,0.0,0.0,0.0,0.0,1.0,0.0,0.0,Control,
2023_Kumar_Nature_Breast|hbca_c07,0.5185185185185185,0.0,0.0,0.0,0.3765432098765432,0.006172839506172839,0.09876543209876543,Cancer_Tumor,BRCA
ROSMAP|200714-B34-A_NYGC_S2,0.0,0.0,0.0,0.0,1.0,0.0,0.0,Control,
2023_Kumar_Nature_Breast|hbca_c31,0.6666666666666666,0.07157464212678936,0.023517382413087935,0.05930470347648262,0.0,0.0081799591002045,0.17075664621676892,Control,
BICCN|10X361-6_S01,0.0,0.0,0.0,0.0,1.0,0.0,0.0,Control,
BICCN|10X277-1_S01,0.019230769230769232,0.0,0.0,0.0,0.9807692307692307,0.0,0.0,Control,
BICCN|10X190-6_S32,0.0,0.0,0.0,0.0,1.0,0.0,0.0,Control,
Morabito2021|Sample_43,0.0,0.0,0.0,0.0,1.0,0.0,0.0,Non-malignant disease,
2023_Kumar_Nature_Breast|hbca_c99,0.4260355029585799,0.3609467455621302,0.0,0.0,0.1242603550295858,0.0,0.08875739644970414,Control,
BICCN|10X355-4_S01,0.0,0.0,0.0,0.0,1.0,0.0,0.0,Control,
2022_Emont_Nature_WAT|Hs_SAT_SVF_242-2A-1,0.0,0.0,0.0,0.0,0.07547169811320754,0.0,0.9245283018867925,Control,
ROSMAP|200916-B54-A_NYGC_S4,0.0,0.0,0.0,0.0,1.0,0.0,0.0,Control,
BICCN|10X276-8_S01,0.0,0.0,0.0,0.0,1.0,0.0,0.0,Control,
2021_Pelka_Cell_CRC|C170_T_0_0_1_c1_v3,0.03951367781155015,0.10182370820668693,0.11854103343465046,0.0,0.0,0.0121580547112462,0.7279635258358662,Cancer_Tumor,CRC
SEAAD|NW_TX0127-7,0.03180212014134275,0.0,0.0,0.0,0.9681978798586572,0.0,0.0,Control,
BICCN|10X357-4_S01,0.0,0.0,0.0,0.0,1.0,0.0,0.0,Control,
2023_Kumar_Nature_Breast|hbca_c35,0.53125,0.00625,0.0,0.0,0.26875,0.04375,0.15,Cancer_Tumor,BRCA
BICCN|10X277-5_S01,0.0,0.0,0.0,0.0,1.0,0.0,0.0,Control,
2020_Adams_SciAdv_IPF|49I-b,0.041401273885350316,0.16560509554140126,0.0,0.0,0.0,0.6656050955414012,0.12738853503184713,Non-malignant disease,
2022_TabulaSapiens_Science_TabulaSapiens|TSP2_Lung_proxmedialdistal_10X,0.09179134654266073,0.0,0.017387788111605337,0.0,0.022644561261625555,0.7682976142337242,0.09987868985038414,Control,
BICCN|10X330-5_S01,0.0,0.0,0.0,0.0,1.0,0.0,0.0,Control,
BICCN|10X356-1_S01,0.0,0.0,0.0,0.0,1.0,0.0,0.0,Control,
ROSMAP|201028-B62-A_NYGC_S1,0.006493506493506494,0.0,0.0,0.0,0.9935064935064936,0.0,0.0,Control,
2023_Kumar_Nature_Breast|hbca_c70,0.5472312703583062,0.09446254071661238,0.0,0.016286644951140065,0.30618892508143325,0.0,0.035830618892508145,Control,
2020_Adams_SciAdv_IPF|153CO-a,0.0,0.14344262295081966,0.0,0.0,0.0,0.8565573770491803,0.0,Non-malignant disease,
2021_Zheng_Science_TIL|UCEC_P20190910_N,0.03896103896103896,0.8268398268398268,0.0,0.025974025974025976,0.10822510822510822,0.0,0.0,Cancer_AdjNorm,EC
BICCN|10X376-1_S11,0.01639344262295082,0.0,0.0,0.0,0.9836065573770492,0.0,0.0,Control,
2021_Yoshida_Nature_COVID|GSM5134113,0.0,0.0,0.27058823529411763,0.0,0.0,0.15294117647058825,0.5764705882352941,Non-malignant disease,
2021_Melms_Nature_Lung-COVID19|L03cov,0.14834205933682373,0.010471204188481676,0.17801047120418848,0.0,0.0034904013961605585,0.006980802792321117,0.6527050610820244,Non-malignant disease,
2021_Cheng_Cell_Myeloid|RC-P20190925-T,0.025,0.8125,0.0,0.0,0.1625,0.0,0.0,Cancer_Tumor,RCC
2022_Reichart_Science_Heart|BO_H41_RV0_premrna,0.9873417721518988,0.0,0.0,0.0,0.012658227848101266,0.0,0.0,Non-malignant disease,
2023_Monavarfeshani_PNAS_Eye|Hu218ODMacularRPE,0.9376854599406528,0.0,0.0,0.0,0.06231454005934718,0.0,0.0,Control,
2023_Monavarfeshani_PNAS_Eye|HuPt14ODON,0.0,0.0,0.0,0.0,1.0,0.0,0.0,Control,
SEAAD|NW_TX0133-8,0.0,0.0,0.0,0.0,1.0,0.0,0.0,Control,
2022_Reichart_Science_Heart|BO_H17_LV0_premrna,0.9610091743119266,0.0,0.0,0.0,0.0389908256880734,0.0,0.0,Non-malignant disease,
2022_Kumar_CancerDis_Gastric|GSM5573476_sample11,0.05785123966942149,0.71900826446281,0.0,0.0,0.2231404958677686,0.0,0.0,Cancer_AdjNorm,GC
2020_Adams_SciAdv_IPF|192CO-b,0.0,0.07391304347826087,0.0,0.0,0.0,0.9260869565217391,0.0,Non-malignant disease,
BICCN|10X176-2_S01,0.019230769230769232,0.0,0.0,0.0,0.9807692307692307,0.0,0.0,Control,
ROSMAP|200317-B26-B_NYGC_S4,0.04950495049504951,0.0,0.0,0.0,0.9504950495049505,0.0,0.0,Control,
2020_Adams_SciAdv_IPF|137C-a,0.0,0.2495274102079395,0.0,0.0,0.0,0.7504725897920604,0.0,Control,
2023_Hirz_NatComm_Prostate|GSM5494351_SCG-PCA3-N-LG,0.5891472868217055,0.11627906976744186,0.0,0.0,0.29457364341085274,0.0,0.0,Cancer_AdjNorm,PRC
BICCN|10X360-4_S01,0.03636363636363636,0.0,0.0,0.0,0.9636363636363636,0.0,0.0,Control,
2022_TabulaSapiens_Science_TabulaSapiens|TSP2_Vasculature_Aorta_10X,0.8515625,0.08359375,0.00859375,0.0,0.0,0.0,0.05625,Control,
2020_Habermann_SciAdv_Lung-COVID19|GSM5226582_L03cov,0.1518324607329843,0.019197207678883072,0.15881326352530542,0.0,0.008726003490401396,0.0,0.6614310645724258,Non-malignant disease,
2020_Litvinukova_Nature_Heart|HCAHeart7836683,0.9375,0.0,0.0,0.0,0.0625,0.0,0.0,Control,
2023_Kumar_Nature_Breast|hbca_n22,0.8165467625899281,0.0,0.0,0.0,0.18345323741007194,0.0,0.0,Control,
2023_Kumar_Nature_Breast|hbca_c137,0.087248322147651,0.6778523489932886,0.0,0.0,0.2348993288590604,0.0,0.0,Control,
SEAAD|NW_TX0024-12,0.0,0.0,0.0,0.0,1.0,0.0,0.0,Control,
2023_Kong_Immunity_CD|I134300_L,0.3684210526315789,0.07017543859649122,0.543859649122807,0.0,0.017543859649122806,0.0,0.0,Non-malignant disease,
2022_Emont_Nature_WAT|Hs_SAT_SVF_239-1A-1,0.08196721311475409,0.0,0.0,0.0,0.01639344262295082,0.0,0.9016393442622951,Control,
Evan2019|SN5862_c,0.0,0.0,0.0,0.0,1.0,0.0,0.0,Non-malignant disease,
SEAAD|NW_TX0033-6,0.0,0.0,0.0,0.0,1.0,0.0,0.0,Control,
2021_Zheng_Science_TIL|OV-FTC_P20190304_T,0.0,0.6896551724137931,0.08620689655172414,0.13793103448275862,0.05172413793103448,0.034482758620689655,0.0,Cancer_Tumor,OV-FTC
2020_Litvinukova_Nature_Heart|HCAHeart7656536,0.25862068965517243,0.1206896551724138,0.0,0.0,0.08620689655172414,0.017241379310344827,0.5172413793103449,Control,
2022_Emont_Nature_WAT|Hs_SAT_SVF_239-2A-1,0.07865168539325842,0.011235955056179775,0.011235955056179775,0.0,0.011235955056179775,0.0,0.8876404494382022,Control,
2022_Reichart_Science_Heart|BO_H11_S00_premrna,0.9166666666666666,0.0,0.0,0.0,0.08333333333333333,0.0,0.0,Non-malignant disease,
2022_TabulaSapiens_Science_TabulaSapiens|TSP1_Bladder_nan_10X,0.7319915254237288,0.2605932203389831,0.0,0.0,0.007415254237288136,0.0,0.0,Control,
2022_Dominguez-Conde_Science_CellTypist|CZI-IA10471913+CZI-IA10472009,0.2,0.0,0.05,0.13333333333333333,0.06666666666666667,0.55,0.0,Control,
ROSMAP|191122-B6-R4388056-alone_Broad_S8,0.025477707006369428,0.0,0.0,0.0,0.9745222929936306,0.0,0.0,Control,
2020_Adams_SciAdv_IPF|210CO,0.0,0.42514285714285716,0.0,0.0,0.0,0.38171428571428573,0.19314285714285714,Non-malignant disease,
2022_Guilliams_Cell_Liver|CS43,0.8189216683621566,0.14343845371312308,0.0,0.0,0.03763987792472025,0.0,0.0,Cancer_Metastasis,CRC
SEAAD|NW_TX0128-3,0.02197802197802198,0.0,0.0,0.0,0.978021978021978,0.0,0.0,Control,
2022_Reichart_Science_Heart|BO_H07_S00_premrna,0.9917695473251029,0.0,0.0,0.0,0.00823045267489712,0.0,0.0,Non-malignant disease,
BICCN|10X229-2_S8,0.0,0.0,0.0,0.0,1.0,0.0,0.0,Control,
2022_vanZyl_PNAS_Eye|Hu216218IrisCS1,0.18867924528301888,0.0,0.0,0.0,0.8113207547169812,0.0,0.0,Control,
2021_Ren_Cell_COVID|S-M074-1,0.0,0.0,0.7222222222222222,0.0,0.0,0.2777777777777778,0.0,Non-malignant disease,
BICCN|10X264-7_S01,0.0,0.0,0.0,0.0,1.0,0.0,0.0,Control,
2022_Reichart_Science_Heart|BO_H31_S00_premrna,0.8421052631578947,0.0,0.0,0.0,0.15789473684210525,0.0,0.0,Non-malignant disease,
2020_Adams_SciAdv_IPF|174I-a,0.0,0.08051282051282051,0.0,0.0,0.0020512820512820513,0.7753846153846153,0.14205128205128206,Non-malignant disease,
2021_Melms_Nature_Lung-COVID19|C57ctr,0.19047619047619047,0.0,0.0,0.0,0.021645021645021644,0.7878787878787878,0.0,Control,
2022_Reichart_Science_Heart|BO_H19_RV0_premrna,0.9636363636363636,0.0,0.0,0.0,0.03636363636363636,0.0,0.0,Non-malignant disease,
2023_Kong_Immunity_CD|N176196_L1,0.49,0.0,0.43,0.0,0.02,0.06,0.0,Non-malignant disease,
2020_Adams_SciAdv_IPF|235CO,0.0,0.09168241965973535,0.0,0.0,0.0,0.9083175803402647,0.0,Non-malignant disease,
2023_Kumar_Nature_Breast|hbca_n16,0.4666666666666667,0.05714285714285714,0.0,0.0,0.47619047619047616,0.0,0.0,Control,
ROSMAP|200713-B33-B_NYGC_S4,0.023529411764705882,0.0,0.0,0.0,0.9764705882352941,0.0,0.0,Control,
2021_Zheng_Science_TIL|UCEC_P20190305_T,0.0,0.824,0.056,0.008,0.112,0.0,0.0,Cancer_Tumor,EC
ROSMAP|200312-B21-B_NYGC_S3,0.04672897196261682,0.0,0.0,0.0,0.9532710280373832,0.0,0.0,Control,
BICCN|10X241-5_S10,0.0,0.0,0.0,0.0,1.0,0.0,0.0,Control,
2021_Wu_NatGenet_Breast|CID3963,0.0,0.125,0.7633928571428571,0.08035714285714286,0.008928571428571428,0.022321428571428572,0.0,Cancer_Tumor,BRCA
2023_Kumar_Nature_Breast|hbca_c54,0.3527272727272727,0.03090909090909091,0.0,0.0,0.5345454545454545,0.025454545454545455,0.056363636363636366,Control,
2022_Kumar_CancerDis_Gastric|GSM5573491_sample26,0.42028985507246375,0.2753623188405797,0.0,0.13043478260869565,0.0,0.014492753623188406,0.15942028985507245,Cancer_Tumor,GC
2023_Hickey_Nature_Intestine|B010-A-201,1.0,0.0,0.0,0.0,0.0,0.0,0.0,Control,
2021_Zheng_Science_TIL|KIDNEY_P20181217_N,0.3488372093023256,0.1511627906976744,0.0,0.011627906976744186,0.4883720930232558,0.0,0.0,Cancer_AdjNorm,RCC
SEAAD|NW_TX0150-9,0.0,0.0,0.0,0.0,1.0,0.0,0.0,Control,
2023_Hickey_Nature_Intestine|B012-A-002,0.9911504424778761,0.008849557522123894,0.0,0.0,0.0,0.0,0.0,Control,
2023_Hirz_NatComm_Prostate|GSM5494345_HP4,0.11797752808988764,0.6235955056179775,0.0,0.0,0.25842696629213485,0.0,0.0,Control,
ROSMAP|201022-B61-A_NYGC_S1,0.07608695652173914,0.0,0.0,0.0,0.9239130434782609,0.0,0.0,Control,
2021_Pelka_Cell_CRC|C126_T_1_1_1_c1_v2,0.3287671232876712,0.0547945205479452,0.0958904109589041,0.0,0.0684931506849315,0.0547945205479452,0.3972602739726027,Cancer_Tumor,CRC
BICCN|10X249-6_S01,0.037037037037037035,0.0,0.0,0.0,0.9629629629629629,0.0,0.0,Control,
ROSMAP|200930-B55-B_NYGC_S2,0.0,0.0,0.0,0.0,1.0,0.0,0.0,Control,
ROSMAP|200806-B44-B_NYGC_S3,0.0273972602739726,0.0,0.0,0.0,0.9726027397260274,0.0,0.0,Control,
BICCN|10X393-2_S8,0.017699115044247787,0.0,0.0,0.0,0.9823008849557522,0.0,0.0,Control,
2023_Kumar_Nature_Breast|hbca_c159,0.24161073825503357,0.2348993288590604,0.0,0.1476510067114094,0.37583892617449666,0.0,0.0,Control,
SEAAD|NW_TX0127-6,0.0,0.0,0.0,0.0,1.0,0.0,0.0,Control,
2021_Cheng_Cell_Myeloid|ESCA-P20190404-T,0.0,0.018867924528301886,0.6163522012578616,0.2138364779874214,0.0,0.03773584905660377,0.11320754716981132,Cancer_Tumor,ESCA
ROSMAP|200714-B34-A_NYGC_S4,0.06666666666666667,0.0,0.0,0.0,0.9333333333333333,0.0,0.0,Control,
2022_TabulaSapiens_Science_TabulaSapiens|TSP1_Lung_nan_10X,0.004286064168503551,0.0,0.0,0.0,0.0,0.9620377173646828,0.033676218466813616,Control,
2020_Litvinukova_Nature_Heart|HCAHeartST11350195,1.0,0.0,0.0,0.0,0.0,0.0,0.0,Control,
2022_vanZyl_PNAS_Eye|Hu235CiliaryBody,0.14432989690721648,0.0,0.0,0.0,0.8556701030927835,0.0,0.0,Control,
2020_Adams_SciAdv_IPF|137C,0.0,0.12631578947368421,0.0,0.0,0.0,0.8736842105263158,0.0,Control,
2020_Habermann_SciAdv_Lung-COVID19|GSM5226583_L04cov,0.37714285714285717,0.011428571428571429,0.5771428571428572,0.0,0.03428571428571429,0.0,0.0,Non-malignant disease,
2022_Reichart_Science_Heart|BO_H03_S00_premrna,0.975609756097561,0.0,0.0,0.0,0.008130081300813009,0.0,0.016260162601626018,Non-malignant disease,
2020_Litvinukova_Nature_Heart|HCAHeart7850547,0.5990783410138248,0.06912442396313365,0.0967741935483871,0.0,0.0,0.0,0.2350230414746544,Control,
2021_Chan_CancerCell_SCLC|RU701,0.1111111111111111,0.0,0.06172839506172839,0.024691358024691357,0.3333333333333333,0.35802469135802467,0.1111111111111111,Cancer_Metastasis,NSCLC
2023_Kumar_Nature_Breast|hbca_c147,0.09259259259259259,0.5555555555555556,0.0,0.0,0.35185185185185186,0.0,0.0,Control,
2020_Adams_SciAdv_IPF|157I,0.0,0.14124293785310735,0.0,0.0,0.0,0.5028248587570622,0.3559322033898305,Non-malignant disease,
2022_TabulaSapiens_Science_TabulaSapiens|TSP14_Spleen_nan_10X,0.7512820512820513,0.24871794871794872,0.0,0.0,0.0,0.0,0.0,Control,
2022_Reichart_Science_Heart|BO_H25_LV0_premrna,0.9064327485380117,0.0,0.0,0.0,0.0935672514619883,0.0,0.0,Non-malignant disease,
2023_Monavarfeshani_PNAS_Eye|Pt13Scl,0.75,0.0,0.0,0.0,0.25,0.0,0.0,Control,
SEAAD|NW_TX0121-9,0.03424657534246575,0.0,0.0,0.0,0.9657534246575342,0.0,0.0,Control,
2021_Wu_NatGenet_Breast|CID3921,0.0,0.3673469387755102,0.45918367346938777,0.05102040816326531,0.0,0.0,0.12244897959183673,Cancer_Tumor,BRCA
Herring2022|RL2126,0.006711409395973154,0.0,0.0,0.0,0.9932885906040269,0.0,0.0,Control,
BICCN|10X203-7_S21,0.0,0.0,0.0,0.0,1.0,0.0,0.0,Control,
2023_Kumar_Nature_Breast|hbca_c128,0.046511627906976744,0.7829457364341085,0.0,0.0,0.17054263565891473,0.0,0.0,Control,
BICCN|10X218-5_S26,0.0,0.0,0.0,0.0,1.0,0.0,0.0,Control,
2023_Kumar_Nature_Breast|hbca_c124,0.05405405405405406,0.7567567567567568,0.0,0.0,0.1891891891891892,0.0,0.0,Control,
2023_Hirz_NatComm_Prostate|GSM5494371_SCG-PCA17-T-LG,0.13360881542699724,0.05096418732782369,0.0,0.06887052341597796,0.7465564738292011,0.0,0.0,Cancer_Tumor,PRC
2023_Kumar_Nature_Breast|hbca_n13,0.9423076923076923,0.0,0.0,0.0,0.057692307692307696,0.0,0.0,Cancer_Tumor,BRCA
2022_TabulaSapiens_Science_TabulaSapiens|TSP14_Liver_nan_10X,0.6712328767123288,0.2876712328767123,0.0,0.0,0.0410958904109589,0.0,0.0,Control,
2022_TabulaSapiens_Science_TabulaSapiens|TSP4_Uterus_Endometrium_10X,0.0,0.8083832335329342,0.023952095808383235,0.1437125748502994,0.0,0.0,0.023952095808383235,Control,
2021_Pal_EMBO_Breast|GSM4909301_ER-MH0042,0.06642728904847396,0.0,0.02333931777378815,0.0,0.7019748653500898,0.13644524236983843,0.0718132854578097,Cancer_Tumor,BRCA
2022_Guilliams_Cell_Liver|CS101,0.9968152866242038,0.0,0.0,0.0,0.0031847133757961785,0.0,0.0,Control,
ROSMAP|200804-B42-A_NYGC_S4,0.046153846153846156,0.0,0.0,0.0,0.9538461538461539,0.0,0.0,Control,
2023_Hickey_Nature_Intestine|B009-A-405,1.0,0.0,0.0,0.0,0.0,0.0,0.0,Control,
ROSMAP|201007-B57-A_NYGC_S1,0.0,0.0,0.017543859649122806,0.0,0.9824561403508771,0.0,0.0,Control,
2022_Reichart_Science_Heart|BO_H53_RV0_premrna,0.96875,0.0125,0.0,0.0,0.01875,0.0,0.0,Control,
2021_Zheng_Science_TIL|ESCA_P20190613_T,0.0,0.49829351535836175,0.2627986348122867,0.2354948805460751,0.0,0.0034129692832764505,0.0,Cancer_Tumor,ESCA
2022_Gur_Cell_Sceleroderma|GSM5837666_AB9115,0.9464285714285714,0.0,0.0,0.0,0.017857142857142856,0.03571428571428571,0.0,Non-malignant disease,
Evan2019|SN5534_c,0.0,0.0,0.0,0.0,1.0,0.0,0.0,Non-malignant disease,
2022_TabulaSapiens_Science_TabulaSapiens|TSP14_Fat_MAT_10X,0.8602941176470589,0.0,0.0,0.0,0.0,0.0,0.13970588235294118,Control,
BICCN|10X222-3_S01,0.0,0.0,0.0,0.0,1.0,0.0,0.0,Control,
2021_Pelka_Cell_CRC|C162_T_0_0_0_c1_v3,0.16666666666666666,0.02976190476190476,0.7142857142857143,0.0,0.0,0.0,0.08928571428571429,Cancer_Tumor,CRC
2023_Kumar_Nature_Breast|hbca_c86,0.5963855421686747,0.14457831325301204,0.0,0.0,0.2289156626506024,0.0,0.030120481927710843,Control,
BICCN|10X203-1_S01,0.0,0.0,0.0,0.0,1.0,0.0,0.0,Control,
ROSMAP|200804-B42-B_NYGC_S2,0.014018691588785047,0.0,0.0,0.0,0.985981308411215,0.0,0.0,Control,
2021_Szabo_Immunity_COVID19|COV026_respiratory_airway_3days,0.0,0.19206680584551147,0.033402922755741124,0.0,0.0,0.05010438413361169,0.7244258872651357,Non-malignant disease,
BICCN|10X193-4_S22,0.0,0.0,0.0,0.0,1.0,0.0,0.0,Control,
ROSMAP|200305-B15-B_NYGC_S4,0.0,0.0,0.0,0.0,1.0,0.0,0.0,Control,
2022_Reichart_Science_Heart|BO_H29_RV0_R2_premrna,0.9003322259136213,0.0,0.0,0.0,0.09966777408637874,0.0,0.0,Non-malignant disease,
2021_Cheng_Cell_Myeloid|RC-P20190923-T,0.009724473257698542,0.8743922204213939,0.0,0.0,0.11588330632090761,0.0,0.0,Cancer_Tumor,RCC
2022_TabulaSapiens_Science_TabulaSapiens|TSP14_Muscle_Diaphragm_10X,0.8217821782178217,0.12871287128712872,0.0,0.04950495049504951,0.0,0.0,0.0,Control,
2023_Kumar_Nature_Breast|hbca_c121,0.2,0.4444444444444444,0.0,0.0,0.3388888888888889,0.0,0.016666666666666666,Control,
2022_Madissoon_NatGenet_Lung|HCATisStab7732264,0.2692307692307692,0.08974358974358974,0.0,0.01282051282051282,0.038461538461538464,0.5897435897435898,0.0,Control,
BICCN|10X360-7_S01,0.0,0.0,0.0,0.0,1.0,0.0,0.0,Control,
2023_Monavarfeshani_PNAS_Eye|Hu088716OSONHallnuc,0.15254237288135594,0.0,0.0,0.0,0.847457627118644,0.0,0.0,Control,
2023_Kumar_Nature_Breast|hbca_c141,0.15517241379310345,0.7844827586206896,0.0,0.0,0.0603448275862069,0.0,0.0,Control,
2023_Hickey_Nature_Intestine|B010-A-301,0.9466666666666667,0.05333333333333334,0.0,0.0,0.0,0.0,0.0,Control,
ROSMAP|200804-B42-B_NYGC_S3,0.0,0.0,0.0,0.0,1.0,0.0,0.0,Control,
BICCN|10X237-2_S01,0.04743083003952569,0.0,0.0,0.0,0.9525691699604744,0.0,0.0,Control,
ROSMAP|200915-B53-B_NYGC_S3,0.0,0.0,0.0,0.0,1.0,0.0,0.0,Control,
2021_Melms_Nature_Lung-COVID19|C55ctr,0.36024844720496896,0.018633540372670808,0.0,0.0,0.08695652173913043,0.5341614906832298,0.0,Control,
ROSMAP|200311-B19-A_NYGC_S3,0.0,0.0,0.0,0.0,1.0,0.0,0.0,Control,
2020_Adams_SciAdv_IPF|051I-a,0.16167120799273388,0.33060853769300635,0.0,0.0,0.0,0.01725703905540418,0.4904632152588556,Non-malignant disease,
SEAAD|NW_TX0153-2,0.0,0.0,0.0,0.0,1.0,0.0,0.0,Non-malignant disease,
2021_Pelka_Cell_CRC|C124_T_0_3_1_c1_v2,0.1752136752136752,0.2863247863247863,0.36324786324786323,0.0,0.10683760683760683,0.008547008547008548,0.05982905982905983,Cancer_Tumor,CRC
2023_Kumar_Nature_Breast|hbca_n10,0.991106719367589,0.0,0.0,0.0,0.008893280632411068,0.0,0.0,Control,
BICCN|10X393-4_S10,0.0,0.0,0.0,0.0,1.0,0.0,0.0,Control,
BICCN|10X386-2_S8,0.02214022140221402,0.0,0.0,0.0,0.977859778597786,0.0,0.0,Control,
BICCN|10X358-3_S01,0.0,0.0,0.0,0.0,1.0,0.0,0.0,Control,
ROSMAP|201024-B59-B_NYGC_S1,0.0091324200913242,0.0,0.0,0.0,0.9908675799086758,0.0,0.0,Control,
2020_Adams_SciAdv_IPF|135I-a,0.045871559633027525,0.3735255570117955,0.0,0.0,0.0,0.27916120576671033,0.30144167758846657,Non-malignant disease,
BICCN|10X221-8_S01,0.042328042328042326,0.0,0.0,0.0,0.9576719576719577,0.0,0.0,Control,
2023_Kong_Immunity_CD|I121881_L,0.4583333333333333,0.18055555555555555,0.3472222222222222,0.0,0.013888888888888888,0.0,0.0,Non-malignant disease,
ROSMAP|200227-B12-B_NYGC_S3,0.015384615384615385,0.0,0.0,0.0,0.9846153846153847,0.0,0.0,Control,
BICCN|10X230-8_S01,0.012008733624454149,0.0,0.0,0.0,0.9879912663755459,0.0,0.0,Control,
SEAAD|NW_TX0128-7,0.0,0.0,0.0,0.0,1.0,0.0,0.0,Control,
BICCN|10X221-3_S01,0.0,0.0,0.0,0.0,1.0,0.0,0.0,Control,
2021_Melms_Nature_Lung-COVID19|L13cov,0.7340823970037453,0.056179775280898875,0.0,0.0,0.003745318352059925,0.00749063670411985,0.19850187265917604,Non-malignant disease,
BICCN|10X193-7_S25,0.0,0.0,0.0,0.0,1.0,0.0,0.0,Control,
2022_Zhou_NatGenet_PDAC|HT270P1-S1H2Fc2A2N1Bmn1_1,0.3978102189781022,0.0,0.0,0.0,0.6021897810218978,0.0,0.0,Cancer_Tumor,PC
2023_Hirz_NatComm_Prostate|GSM5494348_SCG-PCA21-T-LG,0.12280701754385964,0.1783625730994152,0.0,0.32456140350877194,0.3742690058479532,0.0,0.0,Cancer_Tumor,PRC
BICCN|10X277-7_S01,0.015625,0.0,0.0,0.0,0.984375,0.0,0.0,Control,
2023_Hickey_Nature_Intestine|B010-A-501,1.0,0.0,0.0,0.0,0.0,0.0,0.0,Control,
2021_Chan_CancerCell_SCLC|RU676,0.0,0.39436619718309857,0.09859154929577464,0.4084507042253521,0.056338028169014086,0.0,0.04225352112676056,Cancer_Tumor,NSCLC
BICCN|10X391-8_S26,0.022598870056497175,0.0,0.0,0.0,0.9774011299435028,0.0,0.0,Control,
2023_Kumar_Nature_Breast|hbca_c95,0.2251655629139073,0.11920529801324503,0.0,0.013245033112582781,0.6423841059602649,0.0,0.0,Control,
2021_Cheng_Cell_Myeloid|ESCA-P20181123-N,0.3161290322580645,0.6451612903225806,0.0,0.0,0.03870967741935484,0.0,0.0,Cancer_AdjNorm,ESCA
2023_Hirz_NatComm_Prostate|GSM5494374_SCG-PCA19-N-HG,0.0,0.7682926829268293,0.0,0.024390243902439025,0.2073170731707317,0.0,0.0,Cancer_AdjNorm,PRC
2021_Zheng_Science_TIL|KIDNEY_P20190919_N,0.20754716981132076,0.14339622641509434,0.0,0.4962264150943396,0.15283018867924528,0.0,0.0,Cancer_AdjNorm,RCC
ROSMAP|200810-B45-A_NYGC_S1,0.0,0.0,0.0,0.0,1.0,0.0,0.0,Control,
2023_Fonseca_NatGenet_Endometriosis|sample16,0.5873015873015873,0.3333333333333333,0.0,0.0,0.031746031746031744,0.015873015873015872,0.031746031746031744,Non-malignant disease,
2020_Adams_SciAdv_IPF|222I-b,0.0097442143727162,0.12911084043848964,0.0,0.0,0.001218026796589525,0.4092570036540804,0.45066991473812423,Non-malignant disease,
2021_Wu_NatGenet_Breast|CID4535,0.14049586776859505,0.2892561983471074,0.5041322314049587,0.0,0.024793388429752067,0.01652892561983471,0.024793388429752067,Cancer_Tumor,BRCA
BICCN|10X192-3_S56,0.0,0.0,0.0,0.0,1.0,0.0,0.0,Control,
2023_Kumar_Nature_Breast|hbca_n08,0.6666666666666666,0.0,0.0,0.0,0.3333333333333333,0.0,0.0,Control,
BICCN|10X385-4_S11,0.0,0.0,0.0,0.0,0.9838709677419355,0.016129032258064516,0.0,Control,
BICCN|10X174-8_S22,0.017543859649122806,0.0,0.0,0.0,0.9824561403508771,0.0,0.0,Control,
BICCN|10X385-3_S8,0.020876826722338204,0.0,0.0,0.0,0.9791231732776617,0.0,0.0,Control,
2023_Kong_Immunity_CD|N130064_N1,0.7045454545454546,0.2159090909090909,0.0,0.0,0.07954545454545454,0.0,0.0,Non-malignant disease,
2022_TabulaSapiens_Science_TabulaSapiens|TSP10_Fat_SCAT_10X,0.8421052631578947,0.11894736842105263,0.0,0.014736842105263158,0.0,0.0,0.024210526315789474,Control,
2022_Hwang_NatGenet_PDAC|U8_Untreated,0.8615384615384616,0.0,0.0,0.0,0.13846153846153847,0.0,0.0,Cancer_Tumor,PC
BICCN|10X357-6_S01,0.0,0.0,0.0,0.0,1.0,0.0,0.0,Control,
2021_Ren_Cell_COVID|S-S089-1,0.0,0.0,0.988479262672811,0.01152073732718894,0.0,0.0,0.0,Non-malignant disease,
2022_Guilliams_Cell_Liver|CS42,0.7880986937590712,0.13497822931785197,0.0,0.0,0.07692307692307693,0.0,0.0,Cancer_Metastasis,CRC
ROSMAP|201021-B60-B_NYGC_S3,0.013333333333333334,0.0,0.0,0.0,0.9866666666666667,0.0,0.0,Control,
2022_Gur_Cell_Sceleroderma|GSM5837475_AB8014,0.8269230769230769,0.15384615384615385,0.0,0.0,0.019230769230769232,0.0,0.0,Non-malignant disease,
Devika2020|Sample_6_N3_2,0.0,0.0,0.0,0.0,1.0,0.0,0.0,Non-malignant disease,
2021_Pal_EMBO_Breast|GSM4909299_ER-MH0114-T3,0.007575757575757576,0.007575757575757576,0.0,0.0,0.8560606060606061,0.030303030303030304,0.09848484848484848,Cancer_Tumor,BRCA
BICCN|10X203-4_S9,0.0,0.0,0.0,0.0,1.0,0.0,0.0,Control,
2022_Reichart_Science_Heart|BO_H29_LV0_premrna,0.993006993006993,0.0,0.0,0.0,0.006993006993006993,0.0,0.0,Non-malignant disease,
2020_Adams_SciAdv_IPF|47I-b,0.0024968789013732834,0.1136079900124844,0.0,0.0,0.0,0.7215980024968789,0.16229712858926343,Non-malignant disease,
2021_Pelka_Cell_CRC|C169_T_1_1_0_c1_v3,0.0,0.045871559633027525,0.07339449541284404,0.0,0.0,0.06422018348623854,0.8165137614678899,Cancer_Tumor,CRC
2023_Kong_Immunity_CD|N154787_L2,0.7763157894736842,0.0,0.0,0.0,0.18421052631578946,0.039473684210526314,0.0,Non-malignant disease,
ROSMAP|200915-B53-A_NYGC_S4,0.078125,0.0,0.0,0.0,0.921875,0.0,0.0,Control,
2020_Litvinukova_Nature_Heart|HCAHeartST11350197,1.0,0.0,0.0,0.0,0.0,0.0,0.0,Control,
2022_Emont_Nature_WAT|Hs_SAT_254-1,0.9890975166565718,0.0,0.0,0.0,0.004845548152634767,0.0,0.0060569351907934586,Control,
2023_Kumar_Nature_Breast|hbca_c79,0.14432989690721648,0.7319587628865979,0.0,0.0,0.1134020618556701,0.0,0.010309278350515464,Control,
2022_Reichart_Science_Heart|BO_H21_LV0_premrna,1.0,0.0,0.0,0.0,0.0,0.0,0.0,Non-malignant disease,
2020_Litvinukova_Nature_Heart|HCAHeart7843999,0.525,0.0,0.0,0.0,0.3,0.0625,0.1125,Control,
BICCN|10X243-5_S18,0.07142857142857142,0.0,0.0,0.0,0.9285714285714286,0.0,0.0,Control,
2023_Kumar_Nature_Breast|hbca_c116,0.2558139534883721,0.313953488372093,0.0,0.0,0.43023255813953487,0.0,0.0,Cancer_Tumor,BRCA
ROSMAP|200810-B45-B_Broad_S6,0.0,0.0,0.0,0.0,1.0,0.0,0.0,Control,
2022_TabulaSapiens_Science_TabulaSapiens|TSP2_Bladder_nan_smartseq2,0.07692307692307693,0.8076923076923077,0.0,0.11538461538461539,0.0,0.0,0.0,Control,
BICCN|10X175-5_S24,0.06944444444444445,0.0,0.0,0.0,0.9305555555555556,0.0,0.0,Control,
Zhang2022|hsDG142PD,0.0,0.0,0.0,0.0,1.0,0.0,0.0,Non-malignant disease,
Evan2019|LC5699_a,0.0,0.0,0.0,0.0,1.0,0.0,0.0,Non-malignant disease,
2023_Kumar_Nature_Breast|hbca_n09,0.9440993788819876,0.0,0.0,0.0,0.045548654244306416,0.0,0.010351966873706004,Control,
BICCN|10X206-4_S6,0.0,0.0,0.0,0.0,1.0,0.0,0.0,Control,
Morabito2021|Sample_82,0.0,0.0,0.0,0.0,1.0,0.0,0.0,Control,
2021_Pal_EMBO_Breast|GSM4909317_ER-MH0173-T,0.1360381861575179,0.11933174224343675,0.5918854415274463,0.0,0.13365155131264916,0.0,0.01909307875894988,Cancer_Tumor,BRCA
2023_Kong_Immunity_CD|N109389_L3,0.7848101265822784,0.10126582278481013,0.06329113924050633,0.0,0.05063291139240506,0.0,0.0,Non-malignant disease,
SEAAD|NW_TX0154-7,0.0,0.0,0.0,0.0,1.0,0.0,0.0,Control,
2022_Hwang_NatGenet_PDAC|U10_Untreated,0.0,0.0,0.0,0.0,0.9473684210526315,0.0,0.05263157894736842,Cancer_Tumor,PC
2023_Kumar_Nature_Breast|hbca_c58,0.36134453781512604,0.23949579831932774,0.0,0.0,0.3907563025210084,0.008403361344537815,0.0,Control,
BICCN|10X350-6_S01,0.023529411764705882,0.0,0.0,0.0,0.9764705882352941,0.0,0.0,Control,
ROSMAP|201028-B62-A_NYGC_S2,0.03546099290780142,0.0,0.0,0.0,0.9645390070921985,0.0,0.0,Control,
BICCN|10X203-6_S5,0.0,0.0,0.0,0.0,1.0,0.0,0.0,Control,
2022_Dominguez-Conde_Science_CellTypist|CZINY-0061,0.0,0.13559322033898305,0.0,0.06779661016949153,0.01694915254237288,0.4576271186440678,0.3220338983050847,Control,
2020_Adams_SciAdv_IPF|219C-a,0.012048192771084338,0.6024096385542169,0.0,0.0,0.0,0.26506024096385544,0.12048192771084337,Control,
2023_Hickey_Nature_Intestine|B008-A-401,1.0,0.0,0.0,0.0,0.0,0.0,0.0,Control,
BICCN|10X362-4_S14,0.0,0.0,0.0,0.0,1.0,0.0,0.0,Control,
2021_Pelka_Cell_CRC|C168_T_1_1_0_c1_v3,0.06439393939393939,0.0,0.4734848484848485,0.0,0.0,0.0,0.4621212121212121,Cancer_Tumor,CRC
Morabito2021|Sample_19,0.022099447513812154,0.0,0.0,0.0,0.9779005524861878,0.0,0.0,Non-malignant disease,
2023_Kumar_Nature_Breast|hbca_n19,0.7094474153297683,0.0017825311942959,0.0,0.0,0.2887700534759358,0.0,0.0,Control,
ROSMAP|200313-B23-B_NYGC_S1,0.0,0.0,0.0,0.0,1.0,0.0,0.0,Control,
ROSMAP|201002-B56-A_NYGC_S1,0.025,0.0,0.0,0.0,0.975,0.0,0.0,Control,
2022_Emont_Nature_WAT|Hs_SAT_04-1,0.9314285714285714,0.0,0.005714285714285714,0.0,0.005714285714285714,0.0,0.05714285714285714,Control,
2023_Monavarfeshani_PNAS_Eye|Hu235OSpRPE,0.6126629422718808,0.0,0.0,0.0,0.38733705772811916,0.0,0.0,Control,
BICCN|HSB189_2_S1,0.06382978723404255,0.0,0.0,0.0,0.9361702127659575,0.0,0.0,Control,
SEAAD|NW_TX0151-5,0.0,0.0,0.0,0.0,1.0,0.0,0.0,Control,
2023_Kumar_Nature_Breast|hbca_c76,0.4098360655737705,0.05573770491803279,0.0,0.0,0.5344262295081967,0.0,0.0,Control,
2023_Kumar_Nature_Breast|hbca_n11,0.9680851063829787,0.0,0.0,0.0,0.007978723404255319,0.0,0.023936170212765957,Control,
2023_Kumar_Nature_Breast|hbca_n12,0.6236559139784946,0.0,0.0,0.0,0.3763440860215054,0.0,0.0,Control,
2021_Pelka_Cell_CRC|C123_T_1_1_0_c1_v2,0.03076923076923077,0.1,0.5923076923076923,0.0,0.06153846153846154,0.03076923076923077,0.18461538461538463,Cancer_Tumor,CRC
BICCN|10X390-4_S1,0.0,0.0,0.0,0.0,1.0,0.0,0.0,Control,
SEAAD|NW_TX0119-8,0.0,0.0,0.0,0.0,1.0,0.0,0.0,Control,
2022_Reichart_Science_Heart|BO_H84_S00_premrna,0.9526315789473684,0.0,0.0,0.0,0.04736842105263158,0.0,0.0,Non-malignant disease,
SEAAD|NW_TX0127-8,0.05263157894736842,0.0,0.0,0.0,0.9473684210526315,0.0,0.0,Control,
BICCN|10X192-3_S13,0.0,0.0,0.0,0.0,1.0,0.0,0.0,Control,
2021_Pelka_Cell_CRC|C126_T_1_1_1_c2_v2,0.3037974683544304,0.0759493670886076,0.02531645569620253,0.0,0.1518987341772152,0.012658227848101266,0.43037974683544306,Cancer_Tumor,CRC
2020_Litvinukova_Nature_Heart|HCAHeart7702873,0.927710843373494,0.0,0.0,0.0,0.07228915662650602,0.0,0.0,Control,
2021_Chan_CancerCell_SCLC|RU682_N,0.0,0.00877742946708464,0.0,0.00877742946708464,0.0,0.974294670846395,0.008150470219435737,Cancer_AdjNorm,NSCLC
BICCN|10X361-1_S01,0.03823529411764706,0.0,0.0,0.0,0.961764705882353,0.0,0.0,Control,
2023_Kumar_Nature_Breast|hbca_c60,0.5037593984962406,0.05639097744360902,0.0,0.16541353383458646,0.2744360902255639,0.0,0.0,Control,
2022_TabulaSapiens_Science_TabulaSapiens|TSP9_Pancreas_exocrine_10X,0.4594594594594595,0.0,0.002702702702702703,0.0,0.25675675675675674,0.0,0.2810810810810811,Control,
2023_Kumar_Nature_Breast|hbca_c36,0.21579961464354527,0.0,0.038535645472061654,0.0,0.0,0.0,0.7456647398843931,Cancer_Tumor,BRCA
2023_Monavarfeshani_PNAS_Eye|Pt10ONH,0.023622047244094488,0.0,0.0,0.0,0.9763779527559056,0.0,0.0,Control,
2020_Habermann_SciAdv_Lung-COVID19|GSM5226599_L21cov,0.38461538461538464,0.02197802197802198,0.0,0.02197802197802198,0.02197802197802198,0.5384615384615384,0.01098901098901099,Non-malignant disease,
2021_Cheng_Cell_Myeloid|THCA-P20190621-T,0.02631578947368421,0.7105263157894737,0.0,0.0,0.03508771929824561,0.008771929824561403,0.21929824561403508,Cancer_Tumor,THCA
2021_Cheng_Cell_Myeloid|RC-P20181217-T,0.0,0.5620915032679739,0.0,0.1111111111111111,0.32679738562091504,0.0,0.0,Cancer_Tumor,RCC
2022_Reichart_Science_Heart|BO_H03_RV0_premrna,0.995945945945946,0.0,0.0,0.0,0.004054054054054054,0.0,0.0,Non-malignant disease,
2021_Pal_EMBO_Breast|GSM4909290_HER2-PM0337,0.16548042704626334,0.02491103202846975,0.48576512455516013,0.0,0.008896797153024912,0.08185053380782918,0.23309608540925267,Cancer_Tumor,BRCA
2021_Zheng_Science_TIL|KIDNEY_P20181217_T,0.0,0.5414012738853503,0.0,0.08280254777070063,0.37579617834394907,0.0,0.0,Cancer_Tumor,RCC
2023_Kumar_Nature_Breast|hbca_c78,0.234375,0.546875,0.0,0.046875,0.140625,0.0,0.03125,Control,
2022_Reichart_Science_Heart|BO_H42_LV0_premrna,0.9939759036144579,0.0,0.0,0.0,0.006024096385542169,0.0,0.0,Non-malignant disease,
SEAAD|NW_TX0162-5,0.0,0.0,0.0,0.0,1.0,0.0,0.0,Control,
2021_Cheng_Cell_Myeloid|THCA-P20190125-T,0.031007751937984496,0.5658914728682171,0.2248062015503876,0.0,0.05426356589147287,0.015503875968992248,0.10852713178294573,Cancer_Tumor,THCA
2023_Lake_Nature_Kidney|AKI3410050,0.19318181818181818,0.03409090909090909,0.0,0.0,0.3977272727272727,0.09090909090909091,0.2840909090909091,Non-malignant disease,
2022_Dominguez-Conde_Science_CellTypist|CZINY-0056,0.016129032258064516,0.22580645161290322,0.0,0.1935483870967742,0.0,0.3870967741935484,0.1774193548387097,Control,
2020_Adams_SciAdv_IPF|396C,0.0,0.14982578397212543,0.0,0.0,0.013937282229965157,0.8327526132404182,0.003484320557491289,Control,
2023_Kumar_Nature_Breast|hbca_c105,0.16923076923076924,0.2205128205128205,0.0,0.0,0.6102564102564103,0.0,0.0,Control,
2021_Pelka_Cell_CRC|C124_T_0_3_0_c1_v2,0.23404255319148937,0.2624113475177305,0.2695035460992908,0.0,0.12056737588652482,0.0070921985815602835,0.10638297872340426,Cancer_Tumor,CRC
2022_Hwang_NatGenet_PDAC|U13_Untreated,0.03508771929824561,0.0,0.0,0.0,0.9649122807017544,0.0,0.0,Cancer_Tumor,PC
BICCN|10X360-6_S01,0.0,0.0,0.0,0.0,1.0,0.0,0.0,Control,
2023_Monavarfeshani_PNAS_Eye|Hu220OSpRPE,0.9804305283757339,0.0,0.0,0.0,0.019569471624266144,0.0,0.0,Control,
2022_Reichart_Science_Heart|BO_H10_S00_premrna,0.9950819672131147,0.0,0.0,0.0,0.001639344262295082,0.0,0.003278688524590164,Non-malignant disease,
2020_Litvinukova_Nature_Heart|HCAHeartST11350193,0.9787234042553191,0.0,0.0,0.0,0.02127659574468085,0.0,0.0,Control,
BICCN|10X389-7_S42,0.0,0.0,0.0,0.0,1.0,0.0,0.0,Control,
2022_vanZyl_PNAS_Eye|Hu2160SCSW,0.09473684210526316,0.0,0.0,0.0,0.9052631578947369,0.0,0.0,Control,
2023_Monavarfeshani_PNAS_Eye|Hu220OSON,0.0,0.0,0.0,0.0,1.0,0.0,0.0,Control,
BICCN|10X383-4_S19,0.0,0.0,0.0,0.0,1.0,0.0,0.0,Control,
BICCN|10X194-7_S32,0.021413276231263382,0.0,0.0,0.0,0.9785867237687366,0.0,0.0,Control,
2021_Wu_NatGenet_Breast|CID44991,0.04838709677419355,0.11290322580645161,0.7096774193548387,0.0,0.06451612903225806,0.0,0.06451612903225806,Cancer_Tumor,BRCA
SEAAD|NW_TX0120-7,0.0,0.0,0.0,0.0,1.0,0.0,0.0,Control,
2020_Litvinukova_Nature_Heart|HCAHeartST10773165,0.9789473684210527,0.021052631578947368,0.0,0.0,0.0,0.0,0.0,Control,
ROSMAP|200810-B45-B_NYGC_S4,0.0,0.0,0.0,0.0,1.0,0.0,0.0,Control,
2023_Hirz_NatComm_Prostate|GSM5494362_SCG-PCA10-T-LG,0.06030150753768844,0.06532663316582915,0.0,0.0,0.8743718592964824,0.0,0.0,Cancer_Tumor,PRC
BICCN|10X230-4_S4,0.019305019305019305,0.0,0.0,0.0,0.9806949806949807,0.0,0.0,Control,
BICCN|10X175-7_S01,0.026420079260237782,0.0,0.0,0.0,0.9735799207397622,0.0,0.0,Control,
SEAAD|NW_TX0032-2,0.0,0.0,0.0,0.0,1.0,0.0,0.0,Control,
2023_Kong_Immunity_CD|N128624_L,0.6,0.16923076923076924,0.23076923076923078,0.0,0.0,0.0,0.0,Non-malignant disease,
2021_Pelka_Cell_CRC|C137_T_1_1_1_c2_v2,0.0,0.047619047619047616,0.4603174603174603,0.0,0.0,0.015873015873015872,0.47619047619047616,Cancer_Tumor,CRC
2023_Hickey_Nature_Intestine|B012-A-001,0.9926470588235294,0.007352941176470588,0.0,0.0,0.0,0.0,0.0,Control,
2022_Guilliams_Cell_Liver|CS109,0.9094488188976378,0.0,0.0,0.0,0.09055118110236221,0.0,0.0,Cancer_Tumor,HCC
2020_Litvinukova_Nature_Heart|HCAHeart7829979,0.8790322580645161,0.0,0.0,0.0,0.12096774193548387,0.0,0.0,Control,
2023_Kumar_Nature_Breast|hbca_c05,0.2905405405405405,0.0,0.0,0.0,0.706081081081081,0.0033783783783783786,0.0,Cancer_Tumor,BRCA
2020_Adams_SciAdv_IPF|034C,0.0,0.5069444444444444,0.0,0.0,0.0,0.4930555555555556,0.0,Control,
2020_Litvinukova_Nature_Heart|HCAHeart7850551,0.4126984126984127,0.10582010582010581,0.09523809523809523,0.12698412698412698,0.0,0.037037037037037035,0.2222222222222222,Control,
BICCN|10X206-8_S1,0.0,0.0,0.0,0.0,1.0,0.0,0.0,Control,
2020_Litvinukova_Nature_Heart|HCAHeart7888929,0.95,0.0,0.025,0.0,0.025,0.0,0.0,Control,
2020_Drokhlyansky_Cell_EntericNerve|H13_S62,0.9922480620155039,0.0,0.0,0.0,0.007751937984496124,0.0,0.0,Cancer_AdjNorm,CRC
BICCN|10X391-1_S19,0.011185682326621925,0.0,0.0,0.0,0.9888143176733781,0.0,0.0,Control,
2023_Kumar_Nature_Breast|hbca_c98,0.2714285714285714,0.5,0.0,0.0,0.22857142857142856,0.0,0.0,Control,
SEAAD|NW_TX0166-3,0.041474654377880185,0.0,0.0,0.0,0.9585253456221198,0.0,0.0,Non-malignant disease,
BICCN|10X193-6_S4,0.0,0.0,0.0,0.0,1.0,0.0,0.0,Control,
SEAAD|NW_TX0116-5,0.0,0.0,0.0,0.0,1.0,0.0,0.0,Control,
ROSMAP|200722-B38-A_NYGC_S1,0.0,0.0,0.0,0.0,1.0,0.0,0.0,Control,
2021_Pelka_Cell_CRC|C167_T_1_1_0_c1_v3,0.0,0.0,0.9111111111111111,0.0,0.0,0.08888888888888889,0.0,Cancer_Tumor,CRC
BICCN|10X386-6_S17,0.02077922077922078,0.0,0.0,0.0,0.9792207792207792,0.0,0.0,Control,
2021_Wu_NatGenet_Breast|CID4463,0.1346153846153846,0.038461538461538464,0.07692307692307693,0.0,0.38461538461538464,0.23076923076923078,0.1346153846153846,Cancer_Tumor,BRCA
2021_Cheng_Cell_Myeloid|UCEC-P20181122-T,0.0,0.8279569892473119,0.0,0.0967741935483871,0.07526881720430108,0.0,0.0,Cancer_Tumor,EC
2022_TabulaSapiens_Science_TabulaSapiens|TSP14_Bladder_nan_10X,0.5722713864306784,0.336283185840708,0.0,0.04129793510324484,0.05014749262536873,0.0,0.0,Control,
Evan2019|SN6060_b,0.013888888888888888,0.0,0.0,0.0,0.9861111111111112,0.0,0.0,Non-malignant disease,
BICCN|10X193-5_S14,0.0,0.0,0.0,0.0,1.0,0.0,0.0,Control,
2023_Kong_Immunity_CD|N148519_L2,0.7777777777777778,0.07407407407407407,0.0,0.0,0.14814814814814814,0.0,0.0,Non-malignant disease,
2022_Reichart_Science_Heart|BO_H01_S00_premrna,0.9073170731707317,0.0,0.0,0.0,0.09268292682926829,0.0,0.0,Non-malignant disease,
2023_Hickey_Nature_Intestine|B012-A-101,0.9913793103448276,0.0,0.0,0.0,0.008620689655172414,0.0,0.0,Control,
2021_Melms_Nature_Lung-COVID19|L04cov,0.4342857142857143,0.011428571428571429,0.52,0.0,0.03428571428571429,0.0,0.0,Non-malignant disease,
ROSMAP|200810-B46-B_NYGC_S3,0.036585365853658534,0.0,0.0,0.0,0.9634146341463414,0.0,0.0,Control,
ROSMAP|200916-B54-B_NYGC_S4,0.0,0.0,0.0,0.0,1.0,0.0,0.0,Control,
BICCN|10X192-2_S12,0.0,0.0,0.0,0.0,1.0,0.0,0.0,Control,
2023_Kumar_Nature_Breast|hbca_c130,0.15503875968992248,0.29069767441860467,0.0,0.0,0.5542635658914729,0.0,0.0,Control,
2020_Adams_SciAdv_IPF|160C,0.01627906976744186,0.11686046511627907,0.0,0.0,0.0,0.8668604651162791,0.0,Control,
ROSMAP|200701-B28-B_NYGC_S2,0.02717391304347826,0.0,0.0,0.0,0.9728260869565217,0.0,0.0,Control,
ROSMAP|200805-B43-A_NYGC_S4,0.0,0.0,0.0,0.0,1.0,0.0,0.0,Control,
2021_Zheng_Science_TIL|ESCA_P20190404_T,0.0,0.06666666666666667,0.5925925925925926,0.2518518518518518,0.0,0.037037037037037035,0.05185185185185185,Cancer_Tumor,ESCA
2020_Adams_SciAdv_IPF|053I-n,0.02356902356902357,0.08080808080808081,0.0,0.0,0.0,0.8013468013468014,0.09427609427609428,Non-malignant disease,
2022_Reichart_Science_Heart|BS_DP1_S00_premrna,0.975609756097561,0.0,0.0,0.0,0.024390243902439025,0.0,0.0,Non-malignant disease,
2023_Monavarfeshani_PNAS_Eye|Hu035516OSONallnuc,0.027586206896551724,0.0,0.0,0.0,0.9724137931034482,0.0,0.0,Control,
BICCN|10X204-4_S2,0.0390625,0.0,0.0,0.0,0.9609375,0.0,0.0,Control,
2023_Kumar_Nature_Breast|hbca_c149,0.04285714285714286,0.7,0.0,0.04285714285714286,0.21428571428571427,0.0,0.0,Control,
2023_Kong_Immunity_CD|N130064_N3,0.6461538461538462,0.24102564102564103,0.0,0.0,0.11282051282051282,0.0,0.0,Non-malignant disease,
ROSMAP|191213-B7-B_Broad_S2,0.0,0.0,0.0,0.0,1.0,0.0,0.0,Control,
Zhang2022|hsDG13HC,0.009900990099009901,0.0,0.0,0.0,0.9900990099009901,0.0,0.0,Control,
2022_Madissoon_NatGenet_Lung|WSSS8015046,0.0006043513295729251,0.009266720386784852,0.000201450443190975,0.00040290088638195,0.0006043513295729251,0.9667606768734891,0.02215954875100725,Control,
2022_Madissoon_NatGenet_Lung|HCA_A_LNG9387716,0.6666666666666666,0.0,0.0,0.0,0.1111111111111111,0.2222222222222222,0.0,Control,
ROSMAP|200702-B29-A_NYGC_S1,0.0,0.0,0.0,0.0,1.0,0.0,0.0,Control,
SEAAD|NW_TX0127-5,0.07692307692307693,0.0,0.0,0.0,0.9230769230769231,0.0,0.0,Non-malignant disease,
2022_Reichart_Science_Heart|BO_H55_LV0_premrna,1.0,0.0,0.0,0.0,0.0,0.0,0.0,Control,
ROSMAP|201002-B56-B_NYGC_S3,0.0,0.0,0.0,0.0,1.0,0.0,0.0,Control,
2022_Madissoon_NatGenet_Lung|HCA_A_LNG9387718,0.8493150684931506,0.0,0.0,0.0,0.1232876712328767,0.0136986301369863,0.0136986301369863,Control,
2023_Kumar_Nature_Breast|hbca_c53,0.10633484162895927,0.013574660633484163,0.0,0.0,0.8393665158371041,0.0,0.04072398190045249,Control,
Herring2022|RL2106,0.0,0.0,0.0,0.0,1.0,0.0,0.0,Control,
2021_Pal_EMBO_Breast|GSM4909294_HER2-MH0176,0.0856269113149847,0.03058103975535168,0.38837920489296635,0.0,0.37920489296636084,0.024464831804281346,0.09174311926605505,Cancer_Tumor,BRCA
2021_Pelka_Cell_CRC|C112_T_0_1_0_c1_v2,0.09090909090909091,0.06818181818181818,0.26136363636363635,0.0,0.23863636363636365,0.011363636363636364,0.32954545454545453,Cancer_Tumor,CRC
2021_Wu_NatGenet_Breast|CID4066,0.057692307692307696,0.23076923076923078,0.09615384615384616,0.4807692307692308,0.1346153846153846,0.0,0.0,Cancer_Tumor,BRCA
2020_Litvinukova_Nature_Heart|HCAHeart9845436,0.9953703703703703,0.0,0.0,0.0,0.004629629629629629,0.0,0.0,Control,
2021_Ren_Cell_COVID|S-S086-1,0.0,0.0,0.9778761061946902,0.012272499582568042,0.0,0.009851394222741693,0.0,Non-malignant disease,
SEAAD|NW_TX0154-9,0.0,0.0,0.0,0.0,1.0,0.0,0.0,Non-malignant disease,
2020_Adams_SciAdv_IPF|439C,0.0,0.44214876033057854,0.0,0.0,0.0,0.5578512396694215,0.0,Control,
2020_Litvinukova_Nature_Heart|HCAHeart7888927,0.9176470588235294,0.0,0.0,0.0,0.08235294117647059,0.0,0.0,Control,
SEAAD|NW_TX0162-4,0.0,0.0,0.0,0.0,1.0,0.0,0.0,Control,
2023_Kumar_Nature_Breast|hbca_c66,0.3558282208588957,0.08588957055214724,0.0,0.0,0.5460122699386503,0.0,0.012269938650306749,Control,
2022_TabulaSapiens_Science_TabulaSapiens|TSP7_Lymph_Node_Supradiaphagmatic_10X,0.4666666666666667,0.37777777777777777,0.0,0.0,0.011111111111111112,0.011111111111111112,0.13333333333333333,Control,
2022_TabulaSapiens_Science_TabulaSapiens|TSP14_Thymus_nan_10X,0.8287037037037037,0.013888888888888888,0.0,0.0,0.0,0.0,0.1574074074074074,Control,
2023_Kumar_Nature_Breast|hbca_c103,0.2072072072072072,0.40540540540540543,0.0,0.0,0.38738738738738737,0.0,0.0,Control,
ROSMAP|201007-B57-B_NYGC_S1,0.05649717514124294,0.0,0.0,0.0,0.943502824858757,0.0,0.0,Control,
2023_Kumar_Nature_Breast|hbca_c64,0.5488721804511278,0.03759398496240601,0.0,0.0,0.41353383458646614,0.0,0.0,Control,
ROSMAP|191122-B6-R7641350-alone_Broad_S4,0.047619047619047616,0.0,0.0,0.0,0.9523809523809523,0.0,0.0,Control,
2021_Ren_Cell_COVID|S-S088-1,0.0,0.0,0.7708978328173375,0.0,0.0,0.04643962848297214,0.1826625386996904,Non-malignant disease,
BICCN|10X391-5_S23,0.00980392156862745,0.0,0.0,0.0,0.9901960784313726,0.0,0.0,Control,
BICCN|10X390-6_S16,0.0,0.0,0.0,0.0,1.0,0.0,0.0,Control,
SEAAD|NW_TX0125-1,0.025157232704402517,0.0,0.0,0.0,0.9748427672955975,0.0,0.0,Non-malignant disease,
2023_Hickey_Nature_Intestine|B004-A-004,0.93,0.03,0.0,0.0,0.04,0.0,0.0,Control,
2022_Madissoon_NatGenet_Lung|WSSS8123925,0.0,0.02666666666666667,0.04,0.0,0.013333333333333334,0.8533333333333334,0.06666666666666667,Control,
2023_Monavarfeshani_PNAS_Eye|Pt11PeripapillarySclera,0.06593406593406594,0.0,0.0,0.0,0.9340659340659341,0.0,0.0,Control,
2023_Kong_Immunity_CD|I130064_N1,0.8194444444444444,0.05555555555555555,0.0,0.0,0.125,0.0,0.0,Non-malignant disease,
Sarah2019|MS121_A2,0.0,0.0,0.0,0.0,1.0,0.0,0.0,Non-malignant disease,
2023_Wang_SciAdv_CRC|s0920_Colon_Tumor,0.0,0.28610354223433243,0.008174386920980926,0.6948228882833788,0.005449591280653951,0.0,0.005449591280653951,Cancer_Tumor,CRC
2022_Gur_Cell_Sceleroderma|GSM5837008_AB10157,0.8243243243243243,0.04054054054054054,0.0,0.0,0.13513513513513514,0.0,0.0,Non-malignant disease,
2023_Hickey_Nature_Intestine|B009-A-101,0.9714285714285714,0.0,0.0,0.0,0.02857142857142857,0.0,0.0,Control,
2023_Kumar_Nature_Breast|hbca_c61,0.6187845303867403,0.12154696132596685,0.0,0.0718232044198895,0.1878453038674033,0.0,0.0,Control,
ROSMAP|190403-B4-B_Broad_S1,0.0,0.0,0.0,0.0,1.0,0.0,0.0,Control,
2022_Reichart_Science_Heart|BO_H65_LV0_premrna,0.9366515837104072,0.0022624434389140274,0.0,0.0,0.06108597285067873,0.0,0.0,Non-malignant disease,
2023_Kong_Immunity_CD|I130064_N2,0.7272727272727273,0.07272727272727272,0.0,0.0,0.2,0.0,0.0,Non-malignant disease,
2023_Fonseca_NatGenet_Endometriosis|sample7,0.1927710843373494,0.3614457831325301,0.0,0.03614457831325301,0.39759036144578314,0.012048192771084338,0.0,Non-malignant disease,
BICCN|HSB106_1_S1,0.06046511627906977,0.0,0.0,0.0,0.9395348837209302,0.0,0.0,Control,
2023_Kong_Immunity_CD|I139892_L2,0.4032258064516129,0.3870967741935484,0.0,0.0,0.20967741935483872,0.0,0.0,Non-malignant disease,
SEAAD|NW_TX0104-5,0.0,0.0,0.0,0.0,1.0,0.0,0.0,Control,
ROSMAP|201007-B57-A_NYGC_S3,0.01107011070110701,0.0,0.0,0.0,0.988929889298893,0.0,0.0,Control,
2023_Kumar_Nature_Breast|hbca_c01,0.4772727272727273,0.0,0.0,0.0,0.32954545454545453,0.19318181818181818,0.0,Cancer_Tumor,BRCA
2022_Reichart_Science_Heart|BO_H22_RV0_premrna,0.9496402877697842,0.0,0.0,0.0,0.050359712230215826,0.0,0.0,Non-malignant disease,
2023_Kumar_Nature_Breast|hbca_n03,0.8253968253968254,0.0,0.0,0.0,0.1746031746031746,0.0,0.0,Cancer_Tumor,BRCA
2020_Litvinukova_Nature_Heart|HCAHeartST10773169,0.9206349206349206,0.04365079365079365,0.0,0.0,0.03571428571428571,0.0,0.0,Control,
ROSMAP|201024-B59-B_NYGC_S3,0.0,0.0,0.0,0.0,1.0,0.0,0.0,Control,
2023_Kong_Immunity_CD|I182231_L,0.0603448275862069,0.0,0.8879310344827587,0.0,0.034482758620689655,0.017241379310344827,0.0,Non-malignant disease,
2023_Kumar_Nature_Breast|hbca_c123,0.27450980392156865,0.1568627450980392,0.013071895424836602,0.013071895424836602,0.45751633986928103,0.032679738562091505,0.05228758169934641,Control,
2023_Monavarfeshani_PNAS_Eye|Hu222OSON,0.0,0.0,0.0,0.0,1.0,0.0,0.0,Control,
2022_Reichart_Science_Heart|BO_H14_S01_premrna,0.9620253164556962,0.0,0.0,0.0,0.0379746835443038,0.0,0.0,Non-malignant disease,
SEAAD|NW_TX0120-3,0.039735099337748346,0.0,0.0,0.0,0.9602649006622517,0.0,0.0,Non-malignant disease,
2023_Kong_Immunity_CD|H152638_L,0.3484848484848485,0.24242424242424243,0.4090909090909091,0.0,0.0,0.0,0.0,Control,
BICCN|10X204-6_S01,0.009345794392523364,0.0,0.0,0.0,0.9906542056074766,0.0,0.0,Control,
BICCN|10X388-7_S35,0.0,0.0,0.0,0.0,1.0,0.0,0.0,Control,
2023_Fonseca_NatGenet_Endometriosis|sample19,0.19230769230769232,0.4423076923076923,0.0,0.11538461538461539,0.19230769230769232,0.057692307692307696,0.0,Non-malignant disease,
2022_Guilliams_Cell_Liver|CS34,0.23726346433770015,0.036390101892285295,0.049490538573508006,0.0,0.6375545851528385,0.0,0.039301310043668124,Cancer_Metastasis,CRC
2022_Kumar_CancerDis_Gastric|GSM5573498_sample33,0.1794871794871795,0.5641025641025641,0.08974358974358974,0.0,0.038461538461538464,0.0,0.1282051282051282,Cancer_Tumor,GC
BICCN|10X176-4_S01,0.03153988868274583,0.0,0.0,0.0,0.9684601113172542,0.0,0.0,Control,
ROSMAP|200713-B33-B_NYGC_S3,0.03278688524590164,0.0,0.0,0.0,0.9508196721311475,0.01639344262295082,0.0,Control,
ROSMAP|200714-B34-B_NYGC_S3,0.0,0.0,0.0,0.0,1.0,0.0,0.0,Control,
BICCN|HSB189_4_S1,0.07418397626112759,0.0,0.0,0.0,0.9258160237388724,0.0,0.0,Control,
SEAAD|NW_TX0156-2,0.0,0.0,0.0,0.0,1.0,0.0,0.0,Control,
BICCN|10X393-2_S62,0.0,0.0,0.0,0.0,1.0,0.0,0.0,Control,
2022_Reichart_Science_Heart|BO_H03_LV0_premrna,0.9003436426116839,0.0,0.0,0.0,0.044673539518900345,0.0,0.054982817869415807,Non-malignant disease,
BICCN|10X376-4_S14,0.0,0.0,0.0,0.0,1.0,0.0,0.0,Control,
SEAAD|NW_TX0102-3,0.0,0.0,0.0,0.0,1.0,0.0,0.0,Control,
2020_Adams_SciAdv_IPF|209I-a,0.02604523646333105,0.3139136394790953,0.0,0.0,0.0,0.3989033584647019,0.26113776559287183,Non-malignant disease,
2022_Reichart_Science_Heart|BO_H29_S00_premrna,0.9243243243243243,0.005405405405405406,0.0,0.0,0.07027027027027027,0.0,0.0,Non-malignant disease,
ROSMAP|191122-B6-R1969233-alone_Broad_S3,0.012422360248447204,0.0,0.0,0.0,0.9875776397515528,0.0,0.0,Control,
2022_Reichart_Science_Heart|BO_H53_LV0_premrna,0.9478260869565217,0.0,0.0,0.0,0.05217391304347826,0.0,0.0,Control,
2022_Dominguez-Conde_Science_CellTypist|CZINY-0107,0.0,0.0,0.0,0.0,0.0,1.0,0.0,Control,
2023_Hirz_NatComm_Prostate|GSM5494346_HP0,0.0,0.0,0.0,0.0,0.9949494949494949,0.005050505050505051,0.0,Control,
ROSMAP|200226-B11-B_NYGC_S4,0.0,0.0,0.0,0.0,1.0,0.0,0.0,Control,
2023_Kong_Immunity_CD|N134300_L,0.8392857142857143,0.0,0.15178571428571427,0.0,0.008928571428571428,0.0,0.0,Non-malignant disease,
2022_Zhou_NatGenet_PDAC|HT056P-S1PAA1,0.21587743732590528,0.19637883008356546,0.4401114206128134,0.0,0.033426183844011144,0.004178272980501393,0.11002785515320335,Cancer_Tumor,PC
2022_Dominguez-Conde_Science_CellTypist|CZINY-0111,0.0,0.01327433628318584,0.0,0.0,0.0,0.9579646017699115,0.028761061946902654,Control,
2023_Kong_Immunity_CD|N46_LP_A,0.7189542483660131,0.20915032679738563,0.013071895424836602,0.0,0.058823529411764705,0.0,0.0,Control,
SEAAD|NW_TX0091-3,0.013605442176870748,0.0,0.0,0.0,0.9863945578231292,0.0,0.0,Non-malignant disease,
BICCN|10X348-6_S01,0.01818181818181818,0.0,0.0,0.0,0.9818181818181818,0.0,0.0,Control,
2021_Zheng_Science_TIL|ESCA_P20190916_N,0.42671009771986973,0.5179153094462541,0.0,0.0,0.05537459283387622,0.0,0.0,Cancer_AdjNorm,ESCA
2021_Pal_EMBO_Breast|GSM4909298_ER-PM0360,0.39344262295081966,0.01639344262295082,0.09836065573770492,0.0,0.3442622950819672,0.0,0.14754098360655737,Cancer_Tumor,BRCA
2021_Pelka_Cell_CRC|C111_T_0_2_1_c1_v2,0.06944444444444445,0.5138888888888888,0.05555555555555555,0.0,0.041666666666666664,0.05555555555555555,0.2638888888888889,Cancer_Tumor,CRC
2022_Hwang_NatGenet_PDAC|T13_CRT,0.9467455621301775,0.0,0.0,0.0,0.05325443786982249,0.0,0.0,Cancer_Tumor,PC
BICCN|10X194-6_S34,0.0,0.0,0.0,0.0,1.0,0.0,0.0,Control,
SEAAD|NW_TX0155-6,0.006369426751592357,0.0,0.0,0.0,0.9936305732484076,0.0,0.0,Control,
2022_Gur_Cell_Sceleroderma|GSM5837372_AB7496,0.9305555555555556,0.041666666666666664,0.0,0.0,0.027777777777777776,0.0,0.0,Control,
BICCN|10X230-5_S01,0.014167650531286895,0.0,0.0,0.0,0.9858323494687131,0.0,0.0,Control,
2023_Kong_Immunity_CD|N109389_L4,0.7961783439490446,0.10828025477707007,0.0,0.0,0.09554140127388536,0.0,0.0,Non-malignant disease,
2020_Litvinukova_Nature_Heart|HCAHeartST13168796,0.9692737430167597,0.01675977653631285,0.0,0.0,0.013966480446927373,0.0,0.0,Control,
2023_Kong_Immunity_CD|N166301_N3,0.96875,0.0,0.0,0.0,0.03125,0.0,0.0,Non-malignant disease,
2022_Zhou_NatGenet_PDAC|HT060P1-S1R1A1G1Z1_1B2_1,0.07052896725440806,0.10327455919395466,0.0,0.5969773299748111,0.17380352644836272,0.015113350125944584,0.04030226700251889,Cancer_Tumor,PC
2020_Habermann_SciAdv_Lung-COVID19|GSM5226576_C53ctr,0.8347107438016529,0.0,0.0,0.0,0.05509641873278237,0.11019283746556474,0.0,Control,
BICCN|10X362-2_S10,0.0,0.0,0.0,0.0,1.0,0.0,0.0,Control,
2022_Hwang_NatGenet_PDAC|T22_Other,0.46078431372549017,0.0,0.0,0.0,0.5392156862745098,0.0,0.0,Cancer_Tumor,PC
SEAAD|NW_TX0124-8,0.0,0.0,0.012987012987012988,0.0,0.987012987012987,0.0,0.0,Non-malignant disease,
2020_Adams_SciAdv_IPF|021I,0.03287671232876712,0.3424657534246575,0.0,0.0,0.0,0.5041095890410959,0.12054794520547946,Non-malignant disease,
ROSMAP|200908-B50-B_NYGC_S2,0.0,0.0,0.0,0.0,1.0,0.0,0.0,Control,
SEAAD|NW_TX0159-1,0.024464831804281346,0.0,0.0,0.0,0.9755351681957186,0.0,0.0,Non-malignant disease,
SEAAD|NW_TX0166-6,0.006666666666666667,0.0,0.0,0.0,0.9933333333333333,0.0,0.0,Control,
2022_Reichart_Science_Heart|BO_H36_LV0_premrna,0.9622641509433962,0.0,0.0,0.0,0.03773584905660377,0.0,0.0,Non-malignant disease,
2023_Lake_Nature_Kidney|KB3,0.7254901960784313,0.0,0.0,0.0,0.27450980392156865,0.0,0.0,Non-malignant disease,
2021_Chan_CancerCell_SCLC|RU1065C,0.016129032258064516,0.25806451612903225,0.532258064516129,0.0,0.11290322580645161,0.0,0.08064516129032258,Cancer_Metastasis,SCLC
2023_Kumar_Nature_Breast|hbca_n23,0.6293706293706294,0.0,0.0,0.0,0.3706293706293706,0.0,0.0,Control,
2021_Elmentaite_Nature_Intestine|Human_colon_16S8001907,0.7671232876712328,0.02054794520547945,0.0,0.0,0.21232876712328766,0.0,0.0,Control,
BICCN|10X176-5_S01,0.022908366533864542,0.0,0.0,0.0,0.9770916334661355,0.0,0.0,Control,
ROSMAP|200227-B12-B_NYGC_S2,0.0,0.0,0.0,0.0,1.0,0.0,0.0,Control,
BICCN|10X392-6_S6,0.028169014084507043,0.0,0.0,0.0,0.971830985915493,0.0,0.0,Control,
SEAAD|NW_TX0132-6,0.0,0.0,0.0,0.0,1.0,0.0,0.0,Non-malignant disease,
2022_Zhou_NatGenet_PDAC|HT242P1-S1H1Fc2A2N1Z1_1Bmn1,0.5,0.0,0.0,0.0,0.5,0.0,0.0,Cancer_Tumor,PC
2023_Kumar_Nature_Breast|hbca_c85,0.33070866141732286,0.1062992125984252,0.0,0.0,0.5433070866141733,0.0,0.01968503937007874,Control,
2021_Cheng_Cell_Myeloid|ESCA-P20190613-T,0.0,0.3894080996884735,0.32398753894080995,0.2834890965732087,0.0,0.003115264797507788,0.0,Cancer_Tumor,ESCA
BICCN|10X182-6_S22,0.0,0.0,0.0,0.0,1.0,0.0,0.0,Control,
Evan2019|SN2_5534_c,0.0,0.0,0.0,0.0,1.0,0.0,0.0,Non-malignant disease,
2020_Litvinukova_Nature_Heart|HCAHeartST11350194,0.9882352941176471,0.0,0.0,0.0,0.011764705882352941,0.0,0.0,Control,
2020_Adams_SciAdv_IPF|59I,0.04395604395604396,0.2692307692307692,0.0,0.0,0.0,0.4065934065934066,0.2802197802197802,Non-malignant disease,
BICCN|10X377-5_S23,0.0,0.0,0.0,0.0,1.0,0.0,0.0,Control,
ROSMAP|201022-B61-B_NYGC_S4,0.0392156862745098,0.0,0.0,0.0,0.9607843137254902,0.0,0.0,Control,
BICCN|10X388-2_S3,0.012658227848101266,0.0,0.0,0.0,0.9873417721518988,0.0,0.0,Control,
2022_Kumar_CancerDis_Gastric|GSM5573486_sample21,0.509090909090909,0.41818181818181815,0.0,0.03636363636363636,0.03636363636363636,0.0,0.0,Cancer_AdjNorm,GC
BICCN|10X353-4_S01,0.0,0.0,0.0,0.0,1.0,0.0,0.0,Control,
2022_Reichart_Science_Heart|BO_H34_RV0_premrna,0.9886039886039886,0.0,0.0,0.0,0.011396011396011397,0.0,0.0,Non-malignant disease,
BICCN|HSB340_1_S1,0.09740259740259741,0.0,0.0,0.0,0.9025974025974026,0.0,0.0,Control,
2021_Pal_EMBO_Breast|GSM4909318_ER-MH0173-LN,0.19480519480519481,0.23376623376623376,0.5454545454545454,0.0,0.025974025974025976,0.0,0.0,Cancer_Tumor,BRCA
2021_Elmentaite_Nature_Intestine|4918STDY7447825,0.9864864864864865,0.0,0.013513513513513514,0.0,0.0,0.0,0.0,Control,
2023_Kumar_Nature_Breast|hbca_c56,0.5650224215246636,0.0,0.0,0.0,0.4349775784753363,0.0,0.0,Control,
2022_Hwang_NatGenet_PDAC|U12_Untreated,0.11304347826086956,0.0,0.0,0.0,0.8869565217391304,0.0,0.0,Cancer_Tumor,PC
BICCN|10X204-5_S01,0.0,0.0,0.0,0.0,1.0,0.0,0.0,Control,
2020_Litvinukova_Nature_Heart|HCAHeart8102859,0.7266187050359713,0.12949640287769784,0.0,0.007194244604316547,0.1366906474820144,0.0,0.0,Control,
2020_Litvinukova_Nature_Heart|HCAHeartST13189997,0.976303317535545,0.023696682464454975,0.0,0.0,0.0,0.0,0.0,Control,
2023_Kumar_Nature_Breast|hbca_c09,0.4790697674418605,0.0,0.0,0.0,0.4511627906976744,0.023255813953488372,0.046511627906976744,Control,
2022_Hwang_NatGenet_PDAC|T18_CRTl,0.13333333333333333,0.0,0.0,0.0,0.8666666666666667,0.0,0.0,Cancer_Tumor,PC
BICCN|10X176-1_S01,0.029354207436399216,0.0,0.0,0.0,0.9706457925636007,0.0,0.0,Control,
SEAAD|NW_TX0114-6,0.012903225806451613,0.0,0.0,0.0,0.9870967741935484,0.0,0.0,Non-malignant disease,
BICCN|10X391-2_S20,0.01939655172413793,0.0,0.0,0.0,0.9806034482758621,0.0,0.0,Control,
SEAAD|NW_TX0128-5,0.0,0.0,0.0,0.0,1.0,0.0,0.0,Control,
2022_Dominguez-Conde_Science_CellTypist|CZINY-0052,0.04838709677419355,0.27419354838709675,0.0,0.06451612903225806,0.0,0.4838709677419355,0.12903225806451613,Control,
2022_Reichart_Science_Heart|BO_H02_LV0_premrna,0.9909604519774011,0.0,0.0,0.0,0.00903954802259887,0.0,0.0,Non-malignant disease,
SEAAD|NW_TX0129-7,0.0,0.0,0.0,0.0,1.0,0.0,0.0,Non-malignant disease,
2020_Adams_SciAdv_IPF|228I-b,0.09009009009009009,0.042042042042042045,0.0,0.13213213213213212,0.003003003003003003,0.6726726726726727,0.06006006006006006,Non-malignant disease,
Evan2019|SN5534_b,0.0,0.0,0.0,0.0,1.0,0.0,0.0,Non-malignant disease,
2022_TabulaSapiens_Science_TabulaSapiens|TSP14_Prostate_nan_10X,0.0,0.024691358024691357,0.0,0.0,0.9094650205761317,0.0,0.06584362139917696,Control,
2022_Gur_Cell_Sceleroderma|GSM5837057_AB12599,0.8289473684210527,0.09210526315789473,0.0,0.0,0.07894736842105263,0.0,0.0,Non-malignant disease,
BICCN|10X375-4_S6,0.0,0.0,0.0,0.0,1.0,0.0,0.0,Control,
BICCN|10X392-4_S4,0.0,0.0,0.0,0.0,1.0,0.0,0.0,Control,
ROSMAP|191219-B9-A_Broad_S3,0.0,0.0,0.0,0.0,1.0,0.0,0.0,Control,
2020_Habermann_SciAdv_Lung-COVID19|GSM5226586_L06cov,0.4572192513368984,0.11229946524064172,0.0,0.0,0.0053475935828877,0.0,0.42513368983957217,Non-malignant disease,
2022_Madissoon_NatGenet_Lung|WSSS8015044,0.016356877323420074,0.010408921933085501,0.0044609665427509295,0.0,0.0052044609665427505,0.5977695167286246,0.3657992565055762,Control,
2020_Habermann_SciAdv_Lung-COVID19|GSM5226588_L08cov,0.7994011976047904,0.059880239520958084,0.0,0.0,0.04491017964071856,0.008982035928143712,0.08682634730538923,Non-malignant disease,
2020_Habermann_SciAdv_Lung-COVID19|GSM5226592_L12cov,0.8947368421052632,0.020242914979757085,0.0,0.0,0.020242914979757085,0.020242914979757085,0.044534412955465584,Non-malignant disease,
BICCN|10X361-3_S01,0.0,0.0,0.0,0.0,1.0,0.0,0.0,Control,
BICCN|10X192-4_S14,0.0,0.0,0.0,0.0,1.0,0.0,0.0,Control,
2023_Kumar_Nature_Breast|hbca_c94,0.10135135135135136,0.22297297297297297,0.0,0.1891891891891892,0.4864864864864865,0.0,0.0,Control,
ROSMAP|200309-B17-B_NYGC_S1,0.035398230088495575,0.0,0.0,0.0,0.9646017699115044,0.0,0.0,Control,
Herring2022|RL2105,0.0,0.0,0.0,0.0,1.0,0.0,0.0,Control,
2022_Dominguez-Conde_Science_CellTypist|CZINY-0102,0.0,0.007331378299120235,0.0,0.0,0.0,0.9530791788856305,0.039589442815249266,Control,
2021_Zheng_Science_TIL|ESCA_P20181114_N,0.4766355140186916,0.5233644859813084,0.0,0.0,0.0,0.0,0.0,Cancer_AdjNorm,ESCA
Genevieve2021|A76_donor_4,0.018867924528301886,0.0,0.0,0.0,0.9811320754716981,0.0,0.0,Non-malignant disease,
2021_Cheng_Cell_Myeloid|THCA-P20190612-T,0.0,0.0,0.0,0.0,1.0,0.0,0.0,Cancer_Tumor,THCA
2023_Kumar_Nature_Breast|hbca_c140,0.08609271523178808,0.5364238410596026,0.0,0.0,0.37748344370860926,0.0,0.0,Control,
2022_Reichart_Science_Heart|BO_H09_LV0_premrna,0.9810964083175804,0.0,0.0,0.0,0.01890359168241966,0.0,0.0,Non-malignant disease,
2022_Reichart_Science_Heart|BO_H22_LV0_premrna,0.9463414634146341,0.0,0.0,0.0,0.05365853658536585,0.0,0.0,Non-malignant disease,
2022_Gur_Cell_Sceleroderma|GSM5836993_AB10142,0.8955223880597015,0.0,0.0,0.0,0.04477611940298507,0.05970149253731343,0.0,Non-malignant disease,
2022_vanZyl_PNAS_Eye|Hu235IrisPS1,0.38235294117647056,0.014705882352941176,0.0,0.0,0.6029411764705882,0.0,0.0,Control,
BICCN|10X377-8_S26,0.015625,0.0,0.0,0.0,0.984375,0.0,0.0,Control,
ROSMAP|201021-B60-B_NYGC_S2,0.0,0.0,0.0,0.0,1.0,0.0,0.0,Control,
2021_Pelka_Cell_CRC|C107_T_1_1_1_c1_v2,0.0,0.04285714285714286,0.7714285714285715,0.0,0.014285714285714285,0.04285714285714286,0.12857142857142856,Cancer_Tumor,CRC
BICCN|10X329-3_S01,0.0,0.0,0.0,0.0,1.0,0.0,0.0,Control,
2021_Stephenson_NatMed_COVID19|MH9143327,0.0,0.0,1.0,0.0,0.0,0.0,0.0,Non-malignant disease,
2020_Adams_SciAdv_IPF|022C-b,0.0,0.3469551282051282,0.03125,0.0,0.0,0.6217948717948718,0.0,Control,
BICCN|10X264-1_S01,0.0,0.0,0.0,0.0,1.0,0.0,0.0,Control,
2023_Kong_Immunity_CD|N105598_L1,0.6666666666666666,0.0,0.05747126436781609,0.0,0.26436781609195403,0.011494252873563218,0.0,Non-malignant disease,
2023_Kong_Immunity_CD|N168051_L2,0.8759124087591241,0.0,0.0,0.0,0.12408759124087591,0.0,0.0,Non-malignant disease,
2022_Dominguez-Conde_Science_CellTypist|CZINY-0099,0.0,0.008633093525179856,0.0,0.0,0.0,0.958273381294964,0.033093525179856115,Control,
SEAAD|NW_TX0168-3,0.027472527472527472,0.0,0.0,0.0,0.9725274725274725,0.0,0.0,Non-malignant disease,
BICCN|10X330-6_S01,0.0,0.0,0.0,0.0,1.0,0.0,0.0,Control,
BICCN|10X248-8_S01,0.011627906976744186,0.0,0.0,0.0,0.9883720930232558,0.0,0.0,Control,
2022_Emont_Nature_WAT|Hs_SAT_09-1,0.9298245614035088,0.0,0.0,0.0,0.0,0.0,0.07017543859649122,Control,
ROSMAP|200810-B45-A_Broad_S5,0.03278688524590164,0.0,0.0,0.0,0.9672131147540983,0.0,0.0,Control,
2023_Kumar_Nature_Breast|hbca_c151,0.15178571428571427,0.4017857142857143,0.0,0.0,0.44642857142857145,0.0,0.0,Control,
2023_Kong_Immunity_CD|H197396_N1,0.9152542372881356,0.06779661016949153,0.0,0.01694915254237288,0.0,0.0,0.0,Control,
ROSMAP|200810-B47-B_NYGC_S4,0.06896551724137931,0.0,0.0,0.0,0.9310344827586207,0.0,0.0,Control,
ROSMAP|200311-B19-A_NYGC_S2,0.078125,0.0,0.0,0.0,0.921875,0.0,0.0,Control,
ROSMAP|191122-B6-R9101940-alone_Broad_S1,0.0,0.0,0.0,0.0,1.0,0.0,0.0,Control,
2023_Kumar_Nature_Breast|hbca_c80,0.1950207468879668,0.07053941908713693,0.0,0.0,0.7344398340248963,0.0,0.0,Control,
SEAAD|NW_TX0117-4,0.0,0.0,0.0,0.0,1.0,0.0,0.0,Non-malignant disease,
2020_Adams_SciAdv_IPF|49I-a,0.04975124378109453,0.17412935323383086,0.0,0.0,0.001658374792703151,0.5456053067993366,0.22885572139303484,Non-malignant disease,
BICCN|10X385-1_S6,0.0,0.0,0.0,0.0,1.0,0.0,0.0,Control,
Evan2019|SN2_5534_a,0.0,0.0,0.0,0.0,1.0,0.0,0.0,Non-malignant disease,
ROSMAP|200728-B39-B_NYGC_S2,0.047619047619047616,0.0,0.0,0.0,0.9523809523809523,0.0,0.0,Control,
2022_TabulaSapiens_Science_TabulaSapiens|TSP7_Tongue_Posterior_10X,0.44047619047619047,0.5238095238095238,0.0,0.03571428571428571,0.0,0.0,0.0,Control,
BICCN|10X392-1_S1,0.026785714285714284,0.0,0.0,0.0,0.9732142857142857,0.0,0.0,Control,
2021_Szabo_Immunity_COVID19|COV022_respiratory_airway_3days,0.0,0.0,0.02564102564102564,0.08717948717948718,0.02564102564102564,0.08205128205128205,0.7794871794871795,Non-malignant disease,
BICCN|10X206-5_S18,0.0,0.0,0.0,0.0,1.0,0.0,0.0,Control,
2022_vanZyl_PNAS_Eye|Pt2CB,0.35555555555555557,0.007407407407407408,0.0,0.0,0.6370370370370371,0.0,0.0,Control,
BICCN|10X191-3_S5,0.0,0.0,0.0,0.0,0.9833333333333333,0.016666666666666666,0.0,Control,
2021_Zheng_Science_TIL|PAAD_P20190909_T,0.3251231527093596,0.3054187192118227,0.0,0.0,0.3103448275862069,0.059113300492610835,0.0,Cancer_Tumor,PC
2020_Litvinukova_Nature_Heart|HCAHeart7844002,0.6692913385826772,0.0,0.0,0.0,0.29133858267716534,0.03937007874015748,0.0,Control,
2020_Litvinukova_Nature_Heart|HCAHeart7835148,0.8910891089108911,0.0,0.0,0.0,0.10891089108910891,0.0,0.0,Control,
2023_Lake_Nature_Kidney|DKD2910006b,0.10909090909090909,0.0,0.0,0.0,0.8909090909090909,0.0,0.0,Non-malignant disease,
2020_Adams_SciAdv_IPF|219C-b,0.0,0.6741573033707865,0.0,0.0,0.0,0.20224719101123595,0.12359550561797752,Control,
BICCN|10X393-8_S14,0.03441295546558704,0.0,0.0,0.0,0.9655870445344129,0.0,0.0,Control,
BICCN|10X270-6_S01,0.0,0.0,0.0,0.0,1.0,0.0,0.0,Control,
ROSMAP|200908-B50-A_NYGC_S4,0.0,0.0,0.0,0.0,1.0,0.0,0.0,Control,
2023_Kumar_Nature_Breast|hbca_n20,0.18181818181818182,0.0,0.0,0.0,0.8114478114478114,0.0,0.006734006734006734,Control,
SEAAD|NW_TX0153-4,0.08029197080291971,0.0,0.0,0.0,0.9197080291970803,0.0,0.0,Non-malignant disease,
2020_Drokhlyansky_Cell_EntericNerve|H10_S55,0.9322033898305084,0.0,0.0,0.0,0.06779661016949153,0.0,0.0,Cancer_AdjNorm,CRC
2023_Kong_Immunity_CD|N128208_L,0.589041095890411,0.2328767123287671,0.0,0.1232876712328767,0.0547945205479452,0.0,0.0,Non-malignant disease,
2022_Madissoon_NatGenet_Lung|WSSS8015050,0.020833333333333332,0.09375,0.0,0.010416666666666666,0.0,0.3958333333333333,0.4791666666666667,Control,
2020_Habermann_SciAdv_Lung-COVID19|GSM5226578_C55ctr,0.34782608695652173,0.018633540372670808,0.0,0.0,0.09937888198757763,0.5341614906832298,0.0,Control,
2020_Adams_SciAdv_IPF|034I-a,0.06377551020408163,0.5114795918367347,0.0,0.0,0.0625,0.029336734693877552,0.33290816326530615,Non-malignant disease,
BICCN|10X236-1_S01,0.02812939521800281,0.0,0.0,0.0,0.9718706047819972,0.0,0.0,Control,
2021_Zheng_Science_TIL|KIDNEY_P20190918_N,0.5381165919282511,0.15695067264573992,0.0,0.0,0.30493273542600896,0.0,0.0,Cancer_AdjNorm,RCC
SEAAD|NW_TX0160-6,0.0,0.0,0.0,0.0,1.0,0.0,0.0,Control,
BICCN|10X387-4_S3,0.0,0.0,0.0,0.0,1.0,0.0,0.0,Control,
BICCN|10X264-8_S01,0.0784313725490196,0.0,0.0,0.0,0.9215686274509803,0.0,0.0,Control,
BICCN|10X218-6_S4,0.01694915254237288,0.0,0.0,0.0,0.9830508474576272,0.0,0.0,Control,
2022_Reichart_Science_Heart|BO_H27_LV0_premrna,1.0,0.0,0.0,0.0,0.0,0.0,0.0,Non-malignant disease,
SEAAD|NW_TX0159-2,0.02564102564102564,0.0,0.0,0.0,0.9743589743589743,0.0,0.0,Non-malignant disease,
2021_Zheng_Science_TIL|OV-FTC_P20181225_T,0.042897612302711455,0.9036827195467422,0.0,0.0,0.053419668150546336,0.0,0.0,Cancer_Tumor,OV-FTC
2022_Reichart_Science_Heart|BO_H08_S00_premrna,1.0,0.0,0.0,0.0,0.0,0.0,0.0,Non-malignant disease,
2022_Gur_Cell_Sceleroderma|GSM5837534_AB8330,0.7169811320754716,0.18867924528301888,0.0,0.0,0.09433962264150944,0.0,0.0,Non-malignant disease,
Ramos2022|20G,0.0,0.0,0.0,0.0,1.0,0.0,0.0,Control,
2023_Monavarfeshani_PNAS_Eye|Hu086916ODONHallnuc,0.03614457831325301,0.0,0.0,0.0,0.963855421686747,0.0,0.0,Control,
2021_Zheng_Science_TIL|KIDNEY_P20190925_T,0.028169014084507043,0.8450704225352113,0.0,0.0,0.1267605633802817,0.0,0.0,Cancer_Tumor,RCC
2022_TabulaSapiens_Science_TabulaSapiens|TSP2_Spleen_nan_10X,0.9532467532467532,0.046753246753246755,0.0,0.0,0.0,0.0,0.0,Control,
2021_Wu_NatGenet_Breast|CID4067,0.0,0.0,0.03278688524590164,0.4918032786885246,0.47540983606557374,0.0,0.0,Cancer_Tumor,BRCA
2021_Szabo_Immunity_COVID19|COV028_respiratory_airway_7days,0.0,0.058823529411764705,0.0,0.035650623885918005,0.0,0.024955436720142603,0.8805704099821747,Non-malignant disease,
2022_Reichart_Science_Heart|BO_H55_RV0_premrna,0.9831081081081081,0.0,0.0,0.0,0.016891891891891893,0.0,0.0,Control,
SEAAD|NW_TX0135-4,0.045454545454545456,0.0,0.0,0.0,0.9545454545454546,0.0,0.0,Control,
2023_Kumar_Nature_Breast|hbca_c164,0.102803738317757,0.29906542056074764,0.0,0.16822429906542055,0.42990654205607476,0.0,0.0,Control,
2023_Kumar_Nature_Breast|hbca_n17,0.8703374777975134,0.017761989342806393,0.0,0.0,0.11190053285968028,0.0,0.0,Control,
SEAAD|NW_TX0121-6,0.0,0.0,0.0,0.0,1.0,0.0,0.0,Control,
2023_Kumar_Nature_Breast|hbca_c97,0.22727272727272727,0.4015151515151515,0.0,0.0,0.3712121212121212,0.0,0.0,Control,
2023_Monavarfeshani_PNAS_Eye|Hu235OSONH,0.13114754098360656,0.0,0.0,0.0,0.8688524590163934,0.0,0.0,Control,
2023_Hirz_NatComm_Prostate|GSM5494343_HP2,0.0,0.3003412969283277,0.0,0.4539249146757679,0.24573378839590443,0.0,0.0,Control,
Zhang2022|hsDG101HC,0.0,0.0,0.0,0.0,1.0,0.0,0.0,Control,
ROSMAP|200714-B34-B_NYGC_S4,0.034482758620689655,0.0,0.0,0.0,0.9655172413793104,0.0,0.0,Control,
SEAAD|NW_TX0121-7,0.02,0.0,0.0,0.0,0.98,0.0,0.0,Control,
BICCN|10X204-7_S01,0.1111111111111111,0.0,0.0,0.0,0.8888888888888888,0.0,0.0,Control,
2021_Melms_Nature_Lung-COVID19|C53ctr,0.8472222222222222,0.0,0.0,0.0,0.044444444444444446,0.10833333333333334,0.0,Control,
Zhang2022|hsDG151PD,0.0,0.0,0.0,0.0,1.0,0.0,0.0,Non-malignant disease,
ROSMAP|201022-B61-B_NYGC_S1,0.0,0.0,0.0,0.0,1.0,0.0,0.0,Control,
BICCN|10X193-6_S24,0.0,0.0,0.0,0.0,1.0,0.0,0.0,Control,
2021_Szabo_Immunity_COVID19|COV022_respiratory_airway_1days,0.0,0.07092198581560284,0.0,0.0425531914893617,0.10638297872340426,0.1276595744680851,0.6524822695035462,Non-malignant disease,
2022_Reichart_Science_Heart|BO_H80_S00_premrna,0.9841269841269841,0.0,0.0,0.0,0.015873015873015872,0.0,0.0,Non-malignant disease,
ROSMAP|201207-B63-A_NYGC_S1,0.02158273381294964,0.0,0.0,0.0,0.9784172661870504,0.0,0.0,Control,
2023_Kumar_Nature_Breast|hbca_c117,0.12269938650306748,0.3374233128834356,0.0,0.0,0.5398773006134969,0.0,0.0,Cancer_Tumor,BRCA
2021_Cheng_Cell_Myeloid|PACA-P20190515-N,0.3125,0.575,0.0,0.0,0.1125,0.0,0.0,Cancer_AdjNorm,PC
2022_Reichart_Science_Heart|ED_DS3_LV0_premrna,0.9863636363636363,0.0,0.0,0.0,0.013636363636363636,0.0,0.0,Non-malignant disease,
2022_Emont_Nature_WAT|Hs_SAT_253-1,0.967032967032967,0.0,0.0,0.0,0.014652014652014652,0.0,0.018315018315018316,Control,
BICCN|10X355-5_S01,0.0,0.0,0.0,0.0,1.0,0.0,0.0,Control,
2020_Adams_SciAdv_IPF|065C,0.0,0.5280898876404494,0.0,0.0,0.0,0.47191011235955055,0.0,Control,
2023_Kong_Immunity_CD|N130064_N2,0.7592592592592593,0.1419753086419753,0.0,0.0,0.09876543209876543,0.0,0.0,Non-malignant disease,
2022_Emont_Nature_WAT|Hs_OAT_266-1,1.0,0.0,0.0,0.0,0.0,0.0,0.0,Control,
ROSMAP|191213-B7-A_Broad_S1,0.045112781954887216,0.0,0.0,0.0,0.9548872180451128,0.0,0.0,Control,
2021_Pelka_Cell_CRC|C132_T_1_1_1_c1_v2,0.0,0.08235294117647059,0.8588235294117647,0.011764705882352941,0.023529411764705882,0.0,0.023529411764705882,Cancer_Tumor,CRC
2021_Cheng_Cell_Myeloid|ESCA-P20190410-N,0.10714285714285714,0.7678571428571429,0.0,0.0,0.125,0.0,0.0,Cancer_AdjNorm,ESCA
2022_Reichart_Science_Heart|BO_H37_S00_premrna,1.0,0.0,0.0,0.0,0.0,0.0,0.0,Non-malignant disease,
BICCN|10X356-2_S01,0.024096385542168676,0.0,0.0,0.0,0.9759036144578314,0.0,0.0,Control,
BICCN|10X174-2_S6,0.0,0.0,0.0,0.0,1.0,0.0,0.0,Control,
BICCN|10X356-6_S01,0.0,0.0,0.0,0.0,1.0,0.0,0.0,Control,
2022_vanZyl_PNAS_Eye|Hu220OSCB,0.5451388888888888,0.0,0.0,0.0,0.4548611111111111,0.0,0.0,Control,
2021_Cheng_Cell_Myeloid|PACA-P20190306-T,0.16666666666666666,0.11574074074074074,0.046296296296296294,0.5231481481481481,0.0,0.09722222222222222,0.05092592592592592,Cancer_Tumor,PC
2022_Reichart_Science_Heart|BO_H09_RV0_premrna,0.9843953185955787,0.0,0.0,0.0,0.015604681404421327,0.0,0.0,Non-malignant disease,
2022_Reichart_Science_Heart|BO_H59_LV0_premrna,0.6385542168674698,0.0,0.3614457831325301,0.0,0.0,0.0,0.0,Non-malignant disease,
2023_Monavarfeshani_PNAS_Eye|Pt13Cho,0.875,0.0,0.0,0.0,0.125,0.0,0.0,Control,
2022_Reichart_Science_Heart|BO_H31_RVW_premrna,1.0,0.0,0.0,0.0,0.0,0.0,0.0,Non-malignant disease,
ROSMAP|200804-B42-A_NYGC_S1,0.023076923076923078,0.0,0.0,0.0,0.9769230769230769,0.0,0.0,Control,
Sarah2019|CO39,0.03125,0.0,0.0,0.0,0.96875,0.0,0.0,Control,
2022_Reichart_Science_Heart|BO_H12_RV0_premrna,0.9655172413793104,0.0,0.0,0.0,0.017241379310344827,0.0,0.017241379310344827,Non-malignant disease,
2022_Dominguez-Conde_Science_CellTypist|CZINY-0097,0.0,0.017488076311605722,0.0,0.0,0.0,0.9570747217806042,0.025437201907790145,Control,
ROSMAP|200916-B54-A_NYGC_S3,0.03980099502487562,0.0,0.0,0.0,0.9601990049751243,0.0,0.0,Control,
2022_Emont_Nature_WAT|Hs_SAT_SVF_239-3BC-1,0.06060606060606061,0.030303030303030304,0.0,0.0,0.045454545454545456,0.015151515151515152,0.8484848484848485,Control,
2021_Pelka_Cell_CRC|C158_T_1_1_1_c1_v3,0.22137404580152673,0.061068702290076333,0.04580152671755725,0.0,0.007633587786259542,0.0,0.6641221374045801,Cancer_Tumor,CRC
ROSMAP|200804-B42-B_NYGC_S4,0.04477611940298507,0.0,0.0,0.0,0.9552238805970149,0.0,0.0,Control,
SEAAD|NW_TX0131-1,0.0,0.0,0.0,0.0,1.0,0.0,0.0,Non-malignant disease,
ROSMAP|200810-B47-B_NYGC_S1,0.07692307692307693,0.0,0.0,0.0,0.9230769230769231,0.0,0.0,Control,
2022_vanZyl_PNAS_Eye|Hu218OSTM,0.21084337349397592,0.0,0.0,0.0,0.7891566265060241,0.0,0.0,Control,
2022_Reichart_Science_Heart|BO_H40_S00_premrna,0.9727272727272728,0.0,0.0,0.0,0.02727272727272727,0.0,0.0,Non-malignant disease,
2022_TabulaSapiens_Science_TabulaSapiens|TSP10_Skin_nan_10X,0.058823529411764705,0.49411764705882355,0.0,0.24705882352941178,0.0,0.0,0.2,Control,
2023_Fonseca_NatGenet_Endometriosis|sample29,0.21445783132530122,0.6698795180722892,0.0,0.0891566265060241,0.0,0.0,0.02650602409638554,Non-malignant disease,
2023_Hirz_NatComm_Prostate|GSM5494360_SCG-PCA9-T-LG,0.08666666666666667,0.6866666666666666,0.0,0.0,0.22666666666666666,0.0,0.0,Cancer_Tumor,PRC
2022_Reichart_Science_Heart|BS_DP2_LV0_premrna,0.9801223241590215,0.0,0.0,0.0,0.019877675840978593,0.0,0.0,Non-malignant disease,
2021_Pelka_Cell_CRC|C162_T_0_0_0_c2_v2,0.2536231884057971,0.050724637681159424,0.463768115942029,0.0,0.13043478260869565,0.0,0.10144927536231885,Cancer_Tumor,CRC
BICCN|10X248-6_S01,0.0,0.0,0.0,0.0,1.0,0.0,0.0,Control,
Evan2019|LC5893_c,0.0,0.0,0.0,0.0,1.0,0.0,0.0,Non-malignant disease,
2021_Zheng_Science_TIL|THCA_P20190621_T,0.0,0.7071428571428572,0.0,0.0,0.02142857142857143,0.014285714285714285,0.2571428571428571,Cancer_Tumor,THCA
BICCN|10X221-5_S01,0.045454545454545456,0.0,0.0,0.0,0.9545454545454546,0.0,0.0,Control,
2021_Zheng_Science_TIL|KIDNEY_P20181224_T,0.3304195804195804,0.0,0.0,0.0,0.6695804195804196,0.0,0.0,Cancer_Tumor,RCC
2020_Adams_SciAdv_IPF|228I-a,0.05466237942122187,0.0,0.0,0.26366559485530544,0.0,0.6077170418006431,0.07395498392282958,Non-malignant disease,
BICCN|10X241-1_S6,0.0,0.0,0.0,0.0,1.0,0.0,0.0,Control,
BICCN|10X217-7_S21,0.02127659574468085,0.0,0.0,0.0,0.9787234042553191,0.0,0.0,Control,
ROSMAP|200722-B38-B_NYGC_S1,0.0,0.0,0.0,0.0,1.0,0.0,0.0,Control,
BICCN|10X376-7_S17,0.0,0.0,0.0,0.0,1.0,0.0,0.0,Control,
ROSMAP|200714-B34-B_NYGC_S2,0.0,0.0,0.0,0.0,1.0,0.0,0.0,Control,
2020_Litvinukova_Nature_Heart|HCAHeartST11350196,0.9586206896551724,0.0,0.0,0.0,0.041379310344827586,0.0,0.0,Control,
BICCN|10X205-2_S7,0.0,0.0,0.0,0.0,1.0,0.0,0.0,Control,
SEAAD|NW_TX0093-10,0.028169014084507043,0.0,0.0,0.0,0.971830985915493,0.0,0.0,Non-malignant disease,
2022_Reichart_Science_Heart|BO_H10_RV0_premrna,0.959546925566343,0.0,0.0,0.0,0.040453074433656956,0.0,0.0,Non-malignant disease,
BICCN|10X319-3_S01,0.0,0.0,0.0,0.0,1.0,0.0,0.0,Control,
Xie2021|R1_TP,0.014865151836908048,0.0,0.0,0.0,0.9851348481630919,0.0,0.0,Control,
2023_Fonseca_NatGenet_Endometriosis|sample12,0.18421052631578946,0.7631578947368421,0.0,0.0,0.013157894736842105,0.02631578947368421,0.013157894736842105,Non-malignant disease,
ROSMAP|201028-B62-B_NYGC_S3,0.016216216216216217,0.0,0.0,0.0,0.9837837837837838,0.0,0.0,Control,
2022_Reichart_Science_Heart|BO_H26_LV0_premrna,0.9918918918918919,0.0,0.0,0.0,0.008108108108108109,0.0,0.0,Non-malignant disease,
2021_Pelka_Cell_CRC|C147_T_1_1_1_c1_v2,0.08849557522123894,0.13274336283185842,0.08849557522123894,0.0,0.061946902654867256,0.035398230088495575,0.5929203539823009,Cancer_Tumor,CRC
2022_Reichart_Science_Heart|BO_H19_LV0_premrna,0.9523809523809523,0.0,0.0,0.0,0.047619047619047616,0.0,0.0,Non-malignant disease,
2021_Pelka_Cell_CRC|C118_T_1_1_1_c1_v2,0.02631578947368421,0.013157894736842105,0.7368421052631579,0.0,0.013157894736842105,0.07894736842105263,0.13157894736842105,Cancer_Tumor,CRC
ROSMAP|200810-B46-B_NYGC_S4,0.06578947368421052,0.0,0.0,0.0,0.9342105263157895,0.0,0.0,Control,
BICCN|10X171-1_S01,0.025522041763341066,0.0,0.0,0.0,0.974477958236659,0.0,0.0,Control,
SEAAD|NW_TX0177-4,0.0,0.0,0.0,0.0,1.0,0.0,0.0,Non-malignant disease,
2022_Reichart_Science_Heart|BO_H35_S0N_premrna,0.9622641509433962,0.0,0.0,0.0,0.03773584905660377,0.0,0.0,Non-malignant disease,
BICCN|10X224-2_S01,0.0,0.0,0.0,0.0,1.0,0.0,0.0,Control,
2021_Cheng_Cell_Myeloid|UCEC-P20190625-T,0.0,0.7127659574468085,0.2127659574468085,0.07446808510638298,0.0,0.0,0.0,Cancer_Tumor,EC
2023_Kong_Immunity_CD|N165697_L1,0.7868852459016393,0.0,0.11475409836065574,0.0,0.09836065573770492,0.0,0.0,Non-malignant disease,
ROSMAP|201007-B58-B_NYGC_S4,0.0,0.0,0.0,0.0,1.0,0.0,0.0,Control,
2022_Gur_Cell_Sceleroderma|GSM5837377_AB7560,0.7236842105263158,0.14473684210526316,0.0,0.0,0.05263157894736842,0.02631578947368421,0.05263157894736842,Non-malignant disease,
2020_Adams_SciAdv_IPF|483C,0.0,0.09642857142857143,0.0,0.0,0.005357142857142857,0.8642857142857143,0.033928571428571426,Control,
2022_Guilliams_Cell_Liver|CS44,0.7844559585492228,0.15129533678756477,0.0,0.0,0.06424870466321243,0.0,0.0,Cancer_Metastasis,CRC
2021_Pelka_Cell_CRC|C162_T_0_0_1_c1_v3,0.24066390041493776,0.03319502074688797,0.6327800829875518,0.0,0.0,0.0,0.09336099585062241,Cancer_Tumor,CRC
2021_Wu_NatGenet_Breast|CID4513,0.7342419080068143,0.10789324247586599,0.15502555366269166,0.0,0.0,0.0,0.0028392958546280523,Cancer_Tumor,BRCA
BICCN|10X361-8_S8,0.02857142857142857,0.0,0.0,0.0,0.9714285714285714,0.0,0.0,Control,
ROSMAP|200702-B29-A_NYGC_S4,0.0,0.0,0.0,0.0,1.0,0.0,0.0,Control,
SEAAD|NW_TX0159-8,0.0,0.0,0.0,0.0,1.0,0.0,0.0,Non-malignant disease,
2023_Kong_Immunity_CD|H197396_N3,0.8116438356164384,0.14383561643835616,0.0,0.0,0.0410958904109589,0.003424657534246575,0.0,Control,
ROSMAP|200806-B44-B_NYGC_S1,0.11320754716981132,0.0,0.0,0.0,0.8867924528301887,0.0,0.0,Control,
BICCN|10X243-6_S19,0.0,0.0,0.0,0.0,1.0,0.0,0.0,Control,
2021_Cheng_Cell_Myeloid|OV-P20181225-T,0.06418642681929682,0.8904333605887162,0.0,0.0,0.045380212591986914,0.0,0.0,Cancer_Tumor,OV-FTC
2020_Adams_SciAdv_IPF|157I-a,0.03240223463687151,0.16759776536312848,0.0,0.0,0.0,0.33519553072625696,0.464804469273743,Non-malignant disease,
BICCN|10X387-4_S22,0.0,0.0,0.0,0.0,1.0,0.0,0.0,Control,
2022_Reichart_Science_Heart|BO_H02_S00_premrna,0.9927623642943305,0.0,0.0,0.0,0.007237635705669481,0.0,0.0,Non-malignant disease,
2023_Hirz_NatComm_Prostate|GSM5494359_SCG-PCA8-T-HG,0.049019607843137254,0.058823529411764705,0.0,0.47058823529411764,0.4215686274509804,0.0,0.0,Cancer_Tumor,PRC
ROSMAP|201007-B58-A_NYGC_S3,0.008064516129032258,0.0,0.0,0.0,0.9919354838709677,0.0,0.0,Control,
2023_Kumar_Nature_Breast|hbca_c119,0.19469026548672566,0.07079646017699115,0.0,0.0,0.7345132743362832,0.0,0.0,Control,
Evan2019|LC5893_a,0.0,0.0,0.0,0.0,1.0,0.0,0.0,Non-malignant disease,
2023_Kumar_Nature_Breast|hbca_c44,0.296875,0.23958333333333334,0.036458333333333336,0.010416666666666666,0.046875,0.020833333333333332,0.3489583333333333,Cancer_Tumor,BRCA
2022_Zhou_NatGenet_PDAC|HT061P1-S1PBA1A1Z1_1B2_1,0.0,0.3812154696132597,0.0,0.016574585635359115,0.17679558011049723,0.06077348066298342,0.36464088397790057,Cancer_Tumor,PC
BICCN|10X358-5_S01,0.05,0.0,0.0,0.0,0.95,0.0,0.0,Control,
SEAAD|NW_TX0126-1,0.0,0.0,0.0,0.0,1.0,0.0,0.0,Non-malignant disease,
2023_Kong_Immunity_CD|H102141_L,0.7926829268292683,0.06097560975609756,0.08536585365853659,0.0,0.06097560975609756,0.0,0.0,Control,
2020_Adams_SciAdv_IPF|081C,0.0,0.8227848101265823,0.0,0.0,0.0,0.1518987341772152,0.02531645569620253,Control,
Evan2019|LC5893_b,0.0,0.0,0.0,0.0,1.0,0.0,0.0,Non-malignant disease,
2021_Melms_Nature_Lung-COVID19|C52ctr,0.2624113475177305,0.0070921985815602835,0.0,0.0,0.028368794326241134,0.7021276595744681,0.0,Control,
2021_Ren_Cell_COVID|S-S011-1,0.0,0.0,0.0,0.0,0.014492753623188406,0.0,0.9855072463768116,Non-malignant disease,
2023_Monavarfeshani_PNAS_Eye|Hu056416OSONHallnuc,0.0,0.0,0.0,0.0,1.0,0.0,0.0,Control,
BICCN|10X219-1_S01,0.025,0.0,0.0,0.0,0.975,0.0,0.0,Control,
SEAAD|NW_TX0125-8,0.016666666666666666,0.0,0.0,0.0,0.9833333333333333,0.0,0.0,Non-malignant disease,
BICCN|10X194-6_S31,0.0,0.0,0.0,0.0,1.0,0.0,0.0,Control,
BICCN|10X362-3_S37,0.0,0.0,0.0,0.0,1.0,0.0,0.0,Control,
BICCN|10X264-2_S01,0.0,0.0,0.0,0.0,1.0,0.0,0.0,Control,
2020_Adams_SciAdv_IPF|222C,0.0,0.3837579617834395,0.0,0.0,0.0,0.6162420382165605,0.0,Control,
Xie2021|R4_TP,0.0,0.0,0.0,0.0,1.0,0.0,0.0,Control,
ROSMAP|200701-B28-B_NYGC_S1,0.003472222222222222,0.0,0.0,0.0,0.9965277777777778,0.0,0.0,Control,
2023_Fonseca_NatGenet_Endometriosis|sample38,0.05172413793103448,0.896551724137931,0.0,0.0,0.05172413793103448,0.0,0.0,Non-malignant disease,
ROSMAP|200311-B19-B_NYGC_S3,0.0,0.0,0.0,0.0,1.0,0.0,0.0,Control,
2023_Monavarfeshani_PNAS_Eye|Hu218OSpRPE,0.962707182320442,0.0,0.0,0.0,0.03729281767955801,0.0,0.0,Control,
2022_Reichart_Science_Heart|BO_H16_LV0_premrna,0.9528301886792453,0.0,0.0,0.0,0.04716981132075472,0.0,0.0,Non-malignant disease,
BICCN|10X393-7_S13,0.037527593818984545,0.0,0.0,0.0,0.9624724061810155,0.0,0.0,Control,
2023_Kong_Immunity_CD|N51_LP_B,0.6371681415929203,0.18584070796460178,0.11504424778761062,0.0,0.061946902654867256,0.0,0.0,Control,
BICCN|10X362-4_S12,0.029411764705882353,0.0,0.0,0.0,0.9705882352941176,0.0,0.0,Control,
ROSMAP|200313-B23-A_NYGC_S4,0.034013605442176874,0.0,0.0,0.0,0.9659863945578231,0.0,0.0,Control,
2020_Litvinukova_Nature_Heart|HCAHeart8287128,0.9642857142857143,0.007142857142857143,0.0,0.0,0.02857142857142857,0.0,0.0,Control,
2023_Fonseca_NatGenet_Endometriosis|sample22,0.4789473684210526,0.18947368421052632,0.0,0.031578947368421054,0.28421052631578947,0.015789473684210527,0.0,Non-malignant disease,
2022_Guilliams_Cell_Liver|CS73,0.7258064516129032,0.0,0.0,0.0,0.27419354838709675,0.0,0.0,Non-malignant disease,
2020_Adams_SciAdv_IPF|465C,0.01576872536136662,0.02102496714848883,0.0,0.0,0.0,0.9566360052562418,0.006570302233902759,Control,
2022_Gur_Cell_Sceleroderma|GSM5837445_AB7857,0.9285714285714286,0.07142857142857142,0.0,0.0,0.0,0.0,0.0,Control,
2020_Adams_SciAdv_IPF|040I-b,0.0,0.06077348066298342,0.0,0.0,0.0,0.810926949048496,0.12829957028852057,Non-malignant disease,
2021_Melms_Nature_Lung-COVID19|L22cov,0.4271186440677966,0.4576271186440678,0.013559322033898305,0.0,0.02711864406779661,0.0,0.07457627118644068,Non-malignant disease,
2022_Reichart_Science_Heart|BO_H35_RV0_premrna,0.92,0.0,0.0,0.0,0.08,0.0,0.0,Non-malignant disease,
BICCN|10X377-3_S21,0.0,0.0,0.0,0.0,1.0,0.0,0.0,Control,
2023_Lake_Nature_Kidney|DKD2910012,0.2558139534883721,0.0,0.0,0.0,0.7441860465116279,0.0,0.0,Non-malignant disease,
BICCN|10X264-4_S01,0.042105263157894736,0.0,0.0,0.0,0.9578947368421052,0.0,0.0,Control,
2022_Zhou_NatGenet_PDAC|HT061P1-S1PCA1A1Z1_1B2_1,0.0,0.28342245989304815,0.0,0.0,0.26737967914438504,0.0962566844919786,0.35294117647058826,Cancer_Tumor,PC
2021_Pelka_Cell_CRC|C111_T_0_2_0_c1_v2,0.08108108108108109,0.7162162162162162,0.02702702702702703,0.0,0.02702702702702703,0.04054054054054054,0.10810810810810811,Cancer_Tumor,CRC
2022_TabulaSapiens_Science_TabulaSapiens|TSP5_Eye_nan_10X,0.1978021978021978,0.03296703296703297,0.0,0.06593406593406594,0.7032967032967034,0.0,0.0,Control,
SEAAD|NW_TX0130-2,0.0,0.0,0.0,0.0,1.0,0.0,0.0,Control,
ROSMAP|200810-B45-A_NYGC_S2,0.0,0.0,0.0,0.0,1.0,0.0,0.0,Control,
ROSMAP|200702-B29-B_NYGC_S2,0.03597122302158273,0.0,0.0,0.0,0.9640287769784173,0.0,0.0,Control,
2022_Reichart_Science_Heart|BO_H13_LV0_premrna,0.9829931972789115,0.0,0.0,0.0,0.017006802721088437,0.0,0.0,Non-malignant disease,
2020_Adams_SciAdv_IPF|138I-a,0.0,0.1100196463654224,0.0,0.0,0.0,0.27897838899803534,0.6110019646365422,Non-malignant disease,
2022_Hwang_NatGenet_PDAC|T7_CRT,0.042682926829268296,0.0,0.0,0.0,0.9573170731707317,0.0,0.0,Cancer_Tumor,PC
Ramos2022|31C,0.0,0.0,0.0,0.0,1.0,0.0,0.0,Control,
2023_Fonseca_NatGenet_Endometriosis|sample20,0.1317365269461078,0.2694610778443114,0.0,0.0658682634730539,0.49700598802395207,0.0,0.03592814371257485,Non-malignant disease,
2020_Adams_SciAdv_IPF|022I,0.016548463356973995,0.16469661150512213,0.0,0.0,0.003940110323089046,0.7289204097714737,0.08589440504334121,Non-malignant disease,
ROSMAP|200317-B26-B_NYGC_S1,0.18421052631578946,0.0,0.0,0.0,0.8157894736842105,0.0,0.0,Control,
ROSMAP|200915-B53-B_NYGC_S4,0.0,0.0,0.0,0.0,1.0,0.0,0.0,Control,
SEAAD|NW_TX0157-4,0.0,0.0,0.0,0.0,1.0,0.0,0.0,Control,
2022_Kumar_CancerDis_Gastric|GSM5573483_sample18,0.225,0.7,0.0,0.075,0.0,0.0,0.0,Cancer_Tumor,GC
BICCN|10X270-7_S01,0.0,0.0,0.0,0.0,1.0,0.0,0.0,Control,
2021_Pelka_Cell_CRC|C171_TB_1_1_1_c1_v3,0.1917808219178082,0.0,0.6986301369863014,0.0,0.0410958904109589,0.0,0.0684931506849315,Cancer_Tumor,CRC
2020_Litvinukova_Nature_Heart|HCAHeartST13146206,1.0,0.0,0.0,0.0,0.0,0.0,0.0,Control,
2023_Kong_Immunity_CD|N174364_L2,0.7906976744186046,0.1744186046511628,0.0,0.0,0.03488372093023256,0.0,0.0,Non-malignant disease,
2023_Hirz_NatComm_Prostate|GSM5494373_SCG-PCA18-T-LG,0.13829787234042554,0.4148936170212766,0.0,0.0,0.44680851063829785,0.0,0.0,Cancer_Tumor,PRC
2023_Kong_Immunity_CD|N166301_N2,0.883177570093458,0.0,0.0,0.0,0.11682242990654206,0.0,0.0,Non-malignant disease,
2020_Habermann_SciAdv_Lung-COVID19|GSM5226585_L05cov,0.2750809061488673,0.012944983818770227,0.0,0.0,0.009708737864077669,0.003236245954692557,0.6990291262135923,Non-malignant disease,
BICCN|10X248-5_S01,0.0,0.0,0.0,0.0,1.0,0.0,0.0,Control,
BICCN|10X227-6_S19,0.0,0.0,0.0,0.0,1.0,0.0,0.0,Control,
ROSMAP|201207-B63-B_NYGC_S2,0.04878048780487805,0.0,0.0,0.0,0.9512195121951219,0.0,0.0,Control,
2020_Litvinukova_Nature_Heart|HCAHeart7702875,0.9615384615384616,0.0,0.0,0.0,0.038461538461538464,0.0,0.0,Control,
BICCN|10X385-2_S7,0.0,0.0,0.0,0.0,1.0,0.0,0.0,Control,
2022_Madissoon_NatGenet_Lung|WTDAtest8550127,0.09230769230769231,0.0,0.0,0.0,0.0,0.9076923076923077,0.0,Control,
Morabito2021|Sample_47,0.03164556962025317,0.0,0.0,0.0,0.9683544303797469,0.0,0.0,Non-malignant disease,
2020_Adams_SciAdv_IPF|193CO-a,0.030534351145038167,0.04071246819338423,0.0,0.0,0.0,0.9287531806615776,0.0,Non-malignant disease,
2023_Kong_Immunity_CD|N127693_L1,0.4819277108433735,0.10843373493975904,0.1927710843373494,0.0,0.21686746987951808,0.0,0.0,Non-malignant disease,
2022_Kumar_CancerDis_Gastric|GSM5573494_sample29,0.23333333333333334,0.5,0.0,0.0,0.1,0.0,0.16666666666666666,Cancer_AdjNorm,GC
2020_Litvinukova_Nature_Heart|HCAHeartST13146203,0.9351851851851852,0.05555555555555555,0.0,0.009259259259259259,0.0,0.0,0.0,Control,
2022_Reichart_Science_Heart|BO_H46_LV0_R2_premrna,0.9836956521739131,0.0,0.0,0.0,0.016304347826086956,0.0,0.0,Control,
2023_Kumar_Nature_Breast|hbca_c32,0.14516129032258066,0.29838709677419356,0.0,0.0,0.03225806451612903,0.016129032258064516,0.5080645161290323,Control,
2020_Habermann_SciAdv_Lung-COVID19|GSM5226579_C56ctr,0.32323232323232326,0.010101010101010102,0.0,0.0,0.5959595959595959,0.06060606060606061,0.010101010101010102,Control,
2023_Kumar_Nature_Breast|hbca_c46,0.5144927536231884,0.38405797101449274,0.0,0.0,0.057971014492753624,0.0,0.043478260869565216,Cancer_Tumor,BRCA
2022_Reichart_Science_Heart|BO_H13_S00_premrna,0.9921052631578947,0.0,0.0,0.0,0.007894736842105263,0.0,0.0,Non-malignant disease,
2020_Litvinukova_Nature_Heart|HCAHeart7850549,0.3113207547169811,0.0660377358490566,0.10377358490566038,0.44339622641509435,0.0,0.0,0.07547169811320754,Control,
2021_Garcia-Alonso_NatGenet_Endometrial|MRC_Endo8625698,0.18181818181818182,0.23636363636363636,0.0,0.0,0.32727272727272727,0.0,0.2545454545454545,Control,
Evan2019|SN5840_c,0.009287925696594427,0.0,0.0,0.0,0.9907120743034056,0.0,0.0,Non-malignant disease,
ROSMAP|200810-B45-A_NYGC_S3,0.0,0.0,0.0,0.0,1.0,0.0,0.0,Control,
2020_Adams_SciAdv_IPF|010I,0.03669724770642202,0.10244648318042814,0.0045871559633027525,0.0,0.0,0.5764525993883792,0.2798165137614679,Non-malignant disease,
2022_Emont_Nature_WAT|Hs_SAT_256-1,0.9569672131147541,0.0,0.0,0.0,0.020491803278688523,0.0,0.022540983606557378,Control,
2022_Guilliams_Cell_Liver|CS71,0.9722222222222222,0.0,0.027777777777777776,0.0,0.0,0.0,0.0,Non-malignant disease,
2021_Zheng_Science_TIL|KIDNEY_P20190923_N,0.4727272727272727,0.07272727272727272,0.0,0.09090909090909091,0.36363636363636365,0.0,0.0,Cancer_AdjNorm,RCC
2020_Adams_SciAdv_IPF|098C-a,0.0,0.09268004722550177,0.0,0.0,0.0,0.9073199527744983,0.0,Control,
2021_Pelka_Cell_CRC|C129_T_1_1_1_c1_v2,0.07462686567164178,0.0,0.23880597014925373,0.0,0.6417910447761194,0.0,0.04477611940298507,Cancer_Tumor,CRC
2022_Reichart_Science_Heart|BO_H44_LV0_premrna,0.9846153846153847,0.0,0.0,0.0,0.015384615384615385,0.0,0.0,Non-malignant disease,
2022_Dominguez-Conde_Science_CellTypist|CZINY-0106,0.0,0.017434620174346202,0.0,0.0,0.0,0.9277708592777086,0.0547945205479452,Control,
BICCN|10X384-4_S2,0.0,0.0,0.0,0.0,1.0,0.0,0.0,Control,
BICCN|10X270-8_S01,0.0,0.0,0.0,0.0,1.0,0.0,0.0,Control,
2022_Hwang_NatGenet_PDAC|T6_CRT,0.12121212121212122,0.0,0.0,0.0,0.8787878787878788,0.0,0.0,Cancer_Tumor,PC
2023_Fonseca_NatGenet_Endometriosis|sample5,0.0,0.0,0.0,0.0,0.0,0.2033898305084746,0.7966101694915254,Non-malignant disease,
Morabito2021|Sample_37,0.0,0.0,0.0,0.0,1.0,0.0,0.0,Non-malignant disease,
SEAAD|NW_TX0185-3,0.0,0.0,0.0,0.0,1.0,0.0,0.0,Control,
2020_Litvinukova_Nature_Heart|HCAHeartST10773170,0.9725274725274725,0.021062271062271064,0.0,0.0,0.00641025641025641,0.0,0.0,Control,
2023_Kumar_Nature_Breast|hbca_c110,0.2517482517482518,0.04895104895104895,0.0,0.0,0.6993006993006993,0.0,0.0,Control,
2021_Pal_EMBO_Breast|GSM4909313_ER-MH0064-T,0.0,0.0,0.0,0.0,0.9130434782608695,0.043478260869565216,0.043478260869565216,Cancer_Tumor,BRCA
2020_Habermann_SciAdv_Lung-COVID19|GSM5226596_L17cov,0.11764705882352941,0.09803921568627451,0.0,0.0,0.0392156862745098,0.0,0.7450980392156863,Non-malignant disease,
2022_Zhou_NatGenet_PDAC|TWCE-HT060P1-S1PAA1A1Z1B1,0.09090909090909091,0.1446280991735537,0.0,0.32644628099173556,0.19008264462809918,0.24793388429752067,0.0,Cancer_Tumor,PC
2021_Pal_EMBO_Breast|GSM4909295_ER-AH0319,0.19806763285024154,0.36231884057971014,0.0966183574879227,0.0,0.033816425120772944,0.0,0.30917874396135264,Cancer_Tumor,BRCA
ROSMAP|200317-B26-B_NYGC_S3,0.07407407407407407,0.0,0.0,0.0,0.9259259259259259,0.0,0.0,Control,
ROSMAP|200715-B35-A_NYGC_S4,0.009615384615384616,0.0,0.0,0.0,0.9903846153846154,0.0,0.0,Control,
2022_Guilliams_Cell_Liver|CISE08,0.06766917293233082,0.022556390977443608,0.0,0.0,0.8947368421052632,0.007518796992481203,0.007518796992481203,Cancer_Metastasis,CRC
2022_TabulaSapiens_Science_TabulaSapiens|TSP2_Muscle_nan_smartseq2,0.46,0.5,0.0,0.04,0.0,0.0,0.0,Control,
2023_Hirz_NatComm_Prostate|GSM5494347_SCG-PCA21-N-LG,0.027777777777777776,0.8194444444444444,0.0,0.0,0.1527777777777778,0.0,0.0,Cancer_AdjNorm,PRC
BICCN|10X220-7_S01,0.028112449799196786,0.0,0.0,0.0,0.9718875502008032,0.0,0.0,Control,
ROSMAP|200722-B38-A_NYGC_S3,0.0,0.0,0.0,0.0,1.0,0.0,0.0,Control,
SEAAD|NW_TX0024-9,0.0,0.0,0.0,0.0,1.0,0.0,0.0,Control,
2023_Kumar_Nature_Breast|hbca_c73,0.8726877040261154,0.07072905331882481,0.0,0.0,0.056583242655059846,0.0,0.0,Control,
BICCN|10X173-5_S18,0.0,0.0,0.0,0.0,1.0,0.0,0.0,Control,
ROSMAP|200715-B35-B_Broad_S6,0.06329113924050633,0.0,0.0,0.0,0.9367088607594937,0.0,0.0,Control,
2021_Pelka_Cell_CRC|C159_T_1_1_1_c1_v3,0.0,0.0,0.7966101694915254,0.0,0.0,0.0,0.2033898305084746,Cancer_Tumor,CRC
2023_Kumar_Nature_Breast|hbca_c88,0.24378109452736318,0.43283582089552236,0.0,0.06965174129353234,0.2537313432835821,0.0,0.0,Control,
SEAAD|NW_TX0123-10,0.0625,0.0,0.0,0.0,0.9375,0.0,0.0,Control,
2023_Kong_Immunity_CD|N174364_L1,0.6714285714285714,0.2,0.0,0.0,0.12857142857142856,0.0,0.0,Non-malignant disease,
ROSMAP|200909-B51-B_NYGC_S4,0.0,0.0,0.0,0.0,1.0,0.0,0.0,Control,
2020_Drokhlyansky_Cell_EntericNerve|H14_S61,0.9805194805194806,0.0,0.0,0.0,0.01948051948051948,0.0,0.0,Cancer_AdjNorm,CRC
2020_Litvinukova_Nature_Heart|HCAHeart7702879,0.9629629629629629,0.0,0.0,0.0,0.037037037037037035,0.0,0.0,Control,
2021_Cheng_Cell_Myeloid|THCA-P20190108-N,0.20754716981132076,0.2830188679245283,0.20754716981132076,0.0,0.3018867924528302,0.0,0.0,Cancer_AdjNorm,THCA
2023_Kumar_Nature_Breast|hbca_c87,0.4942528735632184,0.1532567049808429,0.0,0.0,0.3524904214559387,0.0,0.0,Control,
2022_Reichart_Science_Heart|BO_H20_RV0_premrna,0.9585798816568047,0.0,0.0,0.0,0.04142011834319527,0.0,0.0,Non-malignant disease,
2021_Wu_NatGenet_Breast|CID4495,0.03908794788273615,0.06188925081433225,0.8990228013029316,0.0,0.0,0.0,0.0,Cancer_Tumor,BRCA
2021_Szabo_Immunity_COVID19|COV028_respiratory_airway_4days,0.0,0.05235602094240838,0.010471204188481676,0.0,0.0,0.07853403141361257,0.8586387434554974,Non-malignant disease,
2021_Cheng_Cell_Myeloid|ESCA-P20190613-N,0.245,0.44,0.0,0.215,0.1,0.0,0.0,Cancer_AdjNorm,ESCA
SEAAD|NW_TX0129-5,0.0,0.0,0.0,0.0,1.0,0.0,0.0,Control,
2023_Kumar_Nature_Breast|hbca_c10,0.5302013422818792,0.013422818791946308,0.0,0.0,0.03355704697986577,0.013422818791946308,0.40939597315436244,Control,
2021_Stephenson_NatMed_COVID19|MH9143326,0.0,0.0,1.0,0.0,0.0,0.0,0.0,Non-malignant disease,
2023_Kumar_Nature_Breast|hbca_c155,0.13432835820895522,0.4925373134328358,0.0,0.208955223880597,0.14925373134328357,0.014925373134328358,0.0,Cancer_Tumor,BRCA
BICCN|10X194-5_S30,0.02766798418972332,0.0,0.0,0.0,0.9723320158102767,0.0,0.0,Control,
ROSMAP|200317-B26-B_NYGC_S2,0.0,0.0,0.0,0.0,1.0,0.0,0.0,Control,
ROSMAP|200909-B51-A_NYGC_S3,0.02142857142857143,0.0,0.0,0.0,0.9785714285714285,0.0,0.0,Control,
2023_Monavarfeshani_PNAS_Eye|Pt14OSON,0.0,0.0,0.0,0.0,1.0,0.0,0.0,Control,
BICCN|10X378-2_S2,0.0273972602739726,0.0,0.0,0.0,0.9726027397260274,0.0,0.0,Control,
2020_Adams_SciAdv_IPF|152CO-a,0.0,0.0665176076020123,0.0,0.0,0.0,0.9334823923979877,0.0,Non-malignant disease,
ROSMAP|191122-B6-R4078277-alone_Broad_S7,0.0,0.0,0.0,0.0,1.0,0.0,0.0,Control,
2022_Zhou_NatGenet_PDAC|HT061P1-S1R1A1A1Z1_B2_1,0.031578947368421054,0.10526315789473684,0.010526315789473684,0.0,0.7473684210526316,0.0,0.10526315789473684,Cancer_Tumor,PC
2022_Reichart_Science_Heart|BO_H24_S00_premrna,0.9331210191082803,0.012738853503184714,0.0,0.0,0.054140127388535034,0.0,0.0,Non-malignant disease,
2021_Cheng_Cell_Myeloid|PACA-P20181121-T,0.0457516339869281,0.8627450980392157,0.0,0.0,0.006535947712418301,0.05228758169934641,0.032679738562091505,Cancer_Tumor,PC
SEAAD|NW_TX0185-4,0.028125,0.0,0.0,0.0,0.971875,0.0,0.0,Non-malignant disease,
2020_Adams_SciAdv_IPF|193CO-b,0.03622250970245795,0.0,0.0,0.0,0.009055627425614488,0.9547218628719275,0.0,Non-malignant disease,
2022_Madissoon_NatGenet_Lung|WSSS8123922,0.00315955766192733,0.004739336492890996,0.00315955766192733,0.0,0.00315955766192733,0.985781990521327,0.0,Control,
SEAAD|NW_TX0124-9,0.03482587064676617,0.0,0.0,0.0,0.9651741293532339,0.0,0.0,Control,
2020_Habermann_SciAdv_Lung-COVID19|GSM5226600_L22cov,0.43728813559322033,0.46779661016949153,0.0,0.0,0.020338983050847456,0.0,0.07457627118644068,Non-malignant disease,
2020_Adams_SciAdv_IPF|238CO,0.09807073954983923,0.1639871382636656,0.0,0.0,0.0,0.7379421221864951,0.0,Non-malignant disease,
SEAAD|NW_TX0184-8,0.04895104895104895,0.0,0.0,0.0,0.951048951048951,0.0,0.0,Non-malignant disease,
2022_Gur_Cell_Sceleroderma|GSM5837594_AB8677,0.8947368421052632,0.08771929824561403,0.0,0.0,0.017543859649122806,0.0,0.0,Non-malignant disease,
BICCN|10X393-1_S7,0.0,0.0,0.0,0.0,1.0,0.0,0.0,Control,
BICCN|10X265-5_S01,0.029411764705882353,0.0,0.0,0.0,0.9705882352941176,0.0,0.0,Control,
BICCN|10X375-4_S55,0.0,0.0,0.0,0.0,1.0,0.0,0.0,Control,
2022_TabulaSapiens_Science_TabulaSapiens|TSP8_Prostate_nan_10X,0.10687022900763359,0.04961832061068702,0.0,0.25572519083969464,0.5877862595419847,0.0,0.0,Control,
2023_Hirz_NatComm_Prostate|GSM5494365_SCG-PCA12-T-LG,0.0392156862745098,0.5294117647058824,0.0,0.0,0.43137254901960786,0.0,0.0,Cancer_Tumor,PRC
ROSMAP|200908-B50-A_NYGC_S3,0.004219409282700422,0.0,0.0,0.0,0.9957805907172996,0.0,0.0,Control,
2023_Kong_Immunity_CD|N171336_L1,0.3933333333333333,0.1,0.25333333333333335,0.0,0.24666666666666667,0.006666666666666667,0.0,Non-malignant disease,
2022_Reichart_Science_Heart|BO_H41_LV0_premrna,0.9816176470588235,0.0,0.0,0.0,0.01838235294117647,0.0,0.0,Non-malignant disease,
SEAAD|NW_TX0129-9,0.007155635062611807,0.0,0.0,0.0,0.9928443649373881,0.0,0.0,Control,
2023_Kong_Immunity_CD|I178961_L,0.4222222222222222,0.26666666666666666,0.3,0.0,0.011111111111111112,0.0,0.0,Non-malignant disease,
2022_Kumar_CancerDis_Gastric|GSM5573468_sample3,0.6263157894736842,0.23157894736842105,0.0,0.08947368421052632,0.021052631578947368,0.0,0.031578947368421054,Cancer_Tumor,GC
Morabito2021|Sample_90,0.0,0.0,0.0,0.0,1.0,0.0,0.0,Control,
2020_Adams_SciAdv_IPF|296C,0.015727391874180863,0.2214941022280472,0.0,0.0,0.0,0.762778505897772,0.0,Control,
2023_Hirz_NatComm_Prostate|GSM5494372_SCG-PCA18-N-LG,0.031007751937984496,0.7209302325581395,0.0,0.0,0.24806201550387597,0.0,0.0,Cancer_AdjNorm,PRC
2021_Cheng_Cell_Myeloid|ESCA-P20181114-N,0.4811320754716981,0.4528301886792453,0.0,0.05660377358490566,0.009433962264150943,0.0,0.0,Cancer_AdjNorm,ESCA
2021_Zheng_Science_TIL|UCEC_P20190625_T,0.0,0.775,0.175,0.05,0.0,0.0,0.0,Cancer_Tumor,EC
2020_Litvinukova_Nature_Heart|HCAHeart9845433,1.0,0.0,0.0,0.0,0.0,0.0,0.0,Control,
2020_Litvinukova_Nature_Heart|HCAHeart7702881,0.9605263157894737,0.0,0.0,0.0,0.039473684210526314,0.0,0.0,Control,
BICCN|10X193-5_S23,0.012448132780082987,0.0,0.0,0.0,0.9875518672199171,0.0,0.0,Control,
BICCN|10X276-5_S01,0.0,0.0,0.0,0.0,1.0,0.0,0.0,Control,
2021_Pelka_Cell_CRC|C146_T_1_1_1_c1_v2,0.014492753623188406,0.043478260869565216,0.8840579710144928,0.0,0.043478260869565216,0.0,0.014492753623188406,Cancer_Tumor,CRC
ROSMAP|200916-B54-B_NYGC_S1,0.0,0.0,0.0,0.0,1.0,0.0,0.0,Control,
BICCN|10X375-7_S9,0.030927835051546393,0.0,0.0,0.0,0.9690721649484536,0.0,0.0,Control,
2021_Melms_Nature_Lung-COVID19|L04covaddon,0.41935483870967744,0.07661290322580645,0.5,0.0,0.0,0.0,0.004032258064516129,Non-malignant disease,
2022_Reichart_Science_Heart|BO_H08_LV1_premrna,0.9859484777517564,0.0,0.0,0.0,0.01405152224824356,0.0,0.0,Non-malignant disease,
2021_Pal_EMBO_Breast|GSM4909319_mER-PM0178,0.2087912087912088,0.0,0.06593406593406594,0.0,0.4065934065934066,0.31868131868131866,0.0,Cancer_Tumor,BRCA
2021_Elmentaite_Nature_Intestine|4918STDY7962470,0.7195121951219512,0.024390243902439025,0.06097560975609756,0.0,0.12195121951219512,0.0,0.07317073170731707,Non-malignant disease,
2020_Litvinukova_Nature_Heart|HCAHeart7702876,0.9363636363636364,0.0,0.0,0.0,0.06363636363636363,0.0,0.0,Control,
2021_Pal_EMBO_Breast|GSM4909288_TN-B1-MH0177,0.04623824451410658,0.03134796238244514,0.8432601880877743,0.0,0.007053291536050157,0.0,0.07210031347962383,Cancer_Tumor,BRCA
2022_Reichart_Science_Heart|BO_H02_RV0_premrna,0.9952076677316294,0.0,0.0,0.0,0.004792332268370607,0.0,0.0,Non-malignant disease,
2021_Pelka_Cell_CRC|C125_T_1_1_1_c1_v2,0.21904761904761905,0.0,0.23809523809523808,0.0,0.38095238095238093,0.01904761904761905,0.14285714285714285,Cancer_Tumor,CRC
BICCN|10X229-3_S9,0.0,0.0,0.0,0.0,1.0,0.0,0.0,Control,
2022_Reichart_Science_Heart|BO_H74_LV0_premrna,0.9726495726495726,0.0,0.0,0.0,0.02735042735042735,0.0,0.0,Non-malignant disease,
2022_TabulaSapiens_Science_TabulaSapiens|TSP14_Muscle_Abdomen_10X,1.0,0.0,0.0,0.0,0.0,0.0,0.0,Control,
2021_Pal_EMBO_Breast|GSM4909281_TN-MH0126,0.0,0.0,0.8538011695906432,0.0,0.011695906432748537,0.08771929824561403,0.04678362573099415,Cancer_Tumor,BRCA
SEAAD|NW_TX0141-6,0.019704433497536946,0.0,0.0,0.0,0.9802955665024631,0.0,0.0,Control,
2022_Reichart_Science_Heart|BO_H08_LV0_premrna,0.9838056680161943,0.0,0.0,0.0,0.016194331983805668,0.0,0.0,Non-malignant disease,
ROSMAP|200309-B17-B_NYGC_S3,0.11538461538461539,0.0,0.0,0.0,0.8846153846153846,0.0,0.0,Control,
SEAAD|NW_TX0087-5,0.005917159763313609,0.0,0.0,0.0,0.9940828402366864,0.0,0.0,Non-malignant disease,
2022_Emont_Nature_WAT|Hs_OAT_254-1,0.8423373759647188,0.0,0.0,0.0,0.15766262403528114,0.0,0.0,Control,
2023_Hickey_Nature_Intestine|B005-A-101,0.9781021897810219,0.0,0.0,0.0,0.021897810218978103,0.0,0.0,Control,
Zhang2022|hsDG208PD,0.0,0.0,0.0,0.0,1.0,0.0,0.0,Non-malignant disease,
2021_Pelka_Cell_CRC|C116_T_0_2_1_c1_v2,0.17105263157894737,0.0,0.7631578947368421,0.0,0.039473684210526314,0.02631578947368421,0.0,Cancer_Tumor,CRC
SEAAD|NW_TX0120-4,0.0,0.0,0.0,0.0,1.0,0.0,0.0,Control,
ROSMAP|201021-B60-B_NYGC_S4,0.006060606060606061,0.0,0.0,0.0,0.9939393939393939,0.0,0.0,Control,
BICCN|10X193-1_S19,0.0,0.0,0.0,0.0,1.0,0.0,0.0,Control,
2020_Litvinukova_Nature_Heart|HCAHeart8102862,0.5163636363636364,0.31636363636363635,0.0,0.02181818181818182,0.02909090909090909,0.0,0.11636363636363636,Control,
SEAAD|NW_TX0133-9,0.025974025974025976,0.0,0.0,0.0,0.974025974025974,0.0,0.0,Non-malignant disease,
SEAAD|NW_TX0129-6,0.0,0.0,0.0,0.0,1.0,0.0,0.0,Control,
2023_Kong_Immunity_CD|N130084_L,0.4616822429906542,0.36074766355140186,0.041121495327102804,0.13644859813084112,0.0,0.0,0.0,Non-malignant disease,
2022_TabulaSapiens_Science_TabulaSapiens|TSP2_Thymus_nan_10X,0.4845360824742268,0.0,0.0,0.0,0.0,0.0,0.5154639175257731,Control,
2022_Emont_Nature_WAT|Hs_OAT_01-2,0.9888888888888889,0.0,0.0,0.0,0.0044444444444444444,0.0,0.006666666666666667,Control,
2021_Pal_EMBO_Breast|GSM4909306_ER-MH0029-9C,0.0,0.06896551724137931,0.0,0.0,0.7931034482758621,0.06896551724137931,0.06896551724137931,Cancer_Tumor,BRCA
2023_Kong_Immunity_CD|H158108_N3,0.9402985074626866,0.0,0.0,0.0,0.05970149253731343,0.0,0.0,Control,
2023_Kong_Immunity_CD|N109389_L2,0.8273809523809523,0.15476190476190477,0.0,0.0,0.017857142857142856,0.0,0.0,Non-malignant disease,
SEAAD|NW_TX0104-3,0.008620689655172414,0.0,0.0,0.0,0.9913793103448276,0.0,0.0,Non-malignant disease,
2023_Kong_Immunity_CD|N172428_L1,0.5724137931034483,0.07586206896551724,0.0,0.0,0.35172413793103446,0.0,0.0,Non-malignant disease,
BICCN|10X358-6_S01,0.03,0.0,0.0,0.0,0.97,0.0,0.0,Control,
2020_Litvinukova_Nature_Heart|HCAHeart7888926,0.93,0.0,0.0,0.0,0.06,0.01,0.0,Control,
Herring2022|RL2132,0.0,0.0,0.0,0.0,1.0,0.0,0.0,Control,
2023_Lake_Nature_Kidney|DKD2910011,0.25806451612903225,0.0,0.0,0.0,0.7419354838709677,0.0,0.0,Non-malignant disease,
BICCN|10X389-6_S9,0.0,0.0,0.0,0.0,1.0,0.0,0.0,Control,
BICCN|10X248-1_S01,0.0,0.0,0.0,0.0,0.9404761904761905,0.05952380952380952,0.0,Control,
2023_Kumar_Nature_Breast|hbca_c127,0.15207373271889402,0.35944700460829493,0.0,0.0,0.48847926267281105,0.0,0.0,Control,
BICCN|10X225-2_S01,0.015082956259426848,0.0,0.0,0.0,0.9849170437405732,0.0,0.0,Control,
2020_Adams_SciAdv_IPF|29I,0.01597444089456869,0.12619808306709265,0.0,0.0,0.0,0.7779552715654952,0.07987220447284345,Non-malignant disease,
2021_Melms_Nature_Lung-COVID19|L11cov,0.3318777292576419,0.008733624454148471,0.0,0.0,0.004366812227074236,0.0,0.6550218340611353,Non-malignant disease,
2021_Pelka_Cell_CRC|C125_T_1_1_1_c2_v2,0.1574074074074074,0.0,0.32407407407407407,0.0,0.28703703703703703,0.046296296296296294,0.18518518518518517,Cancer_Tumor,CRC
2022_Guilliams_Cell_Liver|CS111,0.9818181818181818,0.0,0.0,0.0,0.01818181818181818,0.0,0.0,Non-malignant disease,
2023_Hickey_Nature_Intestine|B008-A-201,0.9811320754716981,0.0,0.0,0.0,0.018867924528301886,0.0,0.0,Control,
BICCN|10X389-4_S7,0.0,0.0,0.0,0.0,1.0,0.0,0.0,Control,
2021_Melms_Nature_Lung-COVID19|L01cov,0.3783783783783784,0.0,0.0,0.0,0.013513513513513514,0.5945945945945946,0.013513513513513514,Non-malignant disease,
2022_Dominguez-Conde_Science_CellTypist|CZINY-0062,0.06666666666666667,0.0,0.0,0.06666666666666667,0.0,0.7466666666666667,0.12,Control,
Lucas2019|MS1,0.0,0.0,0.0,0.0,1.0,0.0,0.0,Non-malignant disease,
BICCN|10X249-7_S01,0.0,0.0,0.0,0.0,1.0,0.0,0.0,Control,
2020_Habermann_SciAdv_Lung-COVID19|GSM5226593_L13cov,0.7303370786516854,0.0599250936329588,0.0,0.0,0.003745318352059925,0.00749063670411985,0.19850187265917604,Non-malignant disease,
2021_Cheng_Cell_Myeloid|PACA-P20181128-T,0.0,0.5,0.0,0.035211267605633804,0.3732394366197183,0.09154929577464789,0.0,Cancer_Tumor,PC
SEAAD|NW_TX0032-3,0.047058823529411764,0.0,0.0,0.0,0.9529411764705882,0.0,0.0,Control,
2021_Pal_EMBO_Breast|GSM4909316_ER-MH0167-LN,0.5,0.0,0.345679012345679,0.0,0.07407407407407407,0.012345679012345678,0.06790123456790123,Cancer_Tumor,BRCA
Zhang2022|hsDG30HC,0.0,0.0,0.0,0.0,1.0,0.0,0.0,Control,
2022_Madissoon_NatGenet_Lung|WSSS8015047,0.004592422502870264,0.002296211251435132,0.0,0.0,0.002296211251435132,0.9908151549942594,0.0,Control,
2023_Monavarfeshani_PNAS_Eye|Pt6ON,0.0,0.0,0.0,0.0,1.0,0.0,0.0,Control,
BICCN|10X227-5_S18,0.02564102564102564,0.0,0.0,0.0,0.9743589743589743,0.0,0.0,Control,
2023_Hirz_NatComm_Prostate|GSM5494370_SCG-PCA17-N-LG,0.11428571428571428,0.12380952380952381,0.0,0.0,0.7619047619047619,0.0,0.0,Cancer_AdjNorm,PRC
BICCN|10X348-5_S01,0.0,0.0,0.0,0.0,1.0,0.0,0.0,Control,
ROSMAP|200915-B53-B_NYGC_S2,0.012605042016806723,0.0,0.0,0.0,0.9873949579831933,0.0,0.0,Control,
2023_Kumar_Nature_Breast|hbca_c139,0.17616580310880828,0.6269430051813472,0.0,0.0,0.19689119170984457,0.0,0.0,Control,
BICCN|10X362-5_S13,0.0,0.0,0.0,0.02578268876611418,0.9742173112338858,0.0,0.0,Control,
BICCN|10X222-5_S01,0.0,0.0,0.0,0.0,1.0,0.0,0.0,Control,
2022_TabulaSapiens_Science_TabulaSapiens|TSP2_Vasculature_aorta_smartseq2,0.7338129496402878,0.2302158273381295,0.0,0.0,0.03597122302158273,0.0,0.0,Control,
Evan2019|SN6063_c,0.0,0.0,0.0,0.0,1.0,0.0,0.0,Non-malignant disease,
SEAAD|NW_TX0166-8,0.005194805194805195,0.0,0.0,0.0,0.9948051948051948,0.0,0.0,Non-malignant disease,
SEAAD|NW_TX0122-8,0.034482758620689655,0.0,0.0,0.0,0.9655172413793104,0.0,0.0,Non-malignant disease,
2021_Chan_CancerCell_SCLC|RU682_T,0.003257328990228013,0.21172638436482086,0.6677524429967426,0.0,0.05863192182410423,0.03257328990228013,0.026058631921824105,Cancer_Tumor,NSCLC
ROSMAP|201024-B59-B_NYGC_S2,0.0,0.0,0.0,0.0,1.0,0.0,0.0,Control,
SEAAD|NW_TX0127-2,0.019736842105263157,0.0,0.0,0.0,0.9802631578947368,0.0,0.0,Non-malignant disease,
ROSMAP|200916-B54-B_NYGC_S2,0.05142857142857143,0.0,0.0,0.0,0.9485714285714286,0.0,0.0,Control,
SEAAD|NW_TX0190-4,0.0,0.0,0.0,0.0,1.0,0.0,0.0,Non-malignant disease,
SEAAD|NW_TX0104-6,0.0425531914893617,0.0,0.0,0.0,0.9574468085106383,0.0,0.0,Non-malignant disease,
ROSMAP|201007-B58-A_NYGC_S2,0.0,0.0,0.0,0.0,1.0,0.0,0.0,Control,
2021_Pelka_Cell_CRC|C157_T_0_0_0_c1_v3,0.42386831275720166,0.06790123456790123,0.051440329218107,0.0,0.38065843621399176,0.0,0.07613168724279835,Cancer_Tumor,CRC
2023_Kumar_Nature_Breast|hbca_c77,0.5421994884910486,0.005115089514066497,0.0,0.0,0.45268542199488493,0.0,0.0,Control,
ROSMAP|200721-B37-B_NYGC_S4,0.02654867256637168,0.0,0.0,0.0,0.9734513274336283,0.0,0.0,Control,
BICCN|10X329-8_S01,0.0,0.0,0.0,0.0,1.0,0.0,0.0,Control,
2022_vanZyl_PNAS_Eye|Hu220OSCSWS2,0.2727272727272727,0.0,0.0,0.0,0.7272727272727273,0.0,0.0,Control,
2022_TabulaSapiens_Science_TabulaSapiens|TSP15_Eye_Sclera-etc_10X,0.6486486486486487,0.12162162162162163,0.0,0.0,0.22972972972972974,0.0,0.0,Control,
2023_Kumar_Nature_Breast|hbca_c112,0.2018348623853211,0.3761467889908257,0.0,0.0,0.42201834862385323,0.0,0.0,Cancer_Tumor,BRCA
Herring2022|RL2127,0.0,0.0,0.0,0.0,1.0,0.0,0.0,Control,
2020_Adams_SciAdv_IPF|186CO-b,0.0,0.06509298998569385,0.0,0.0,0.0,0.9349070100143062,0.0,Non-malignant disease,
2022_Emont_Nature_WAT|Hs_SAT_13-1,0.9505766062602965,0.0,0.0,0.0,0.018121911037891267,0.0,0.03130148270181219,Control,
BICCN|10X385-5_S10,0.0,0.0,0.0,0.0,1.0,0.0,0.0,Control,
2023_Kumar_Nature_Breast|hbca_n07,0.9336734693877551,0.0,0.0,0.0,0.0663265306122449,0.0,0.0,Control,
2022_Reichart_Science_Heart|BO_H56_LV0_premrna,1.0,0.0,0.0,0.0,0.0,0.0,0.0,Non-malignant disease,
ROSMAP|200825-B48-B_NYGC_S2,0.0,0.0,0.0,0.0,1.0,0.0,0.0,Control,
2021_Zheng_Science_TIL|KIDNEY_P20190925_N,0.38333333333333336,0.35833333333333334,0.0,0.0,0.25833333333333336,0.0,0.0,Cancer_AdjNorm,RCC
2023_Kong_Immunity_CD|I130084_L,0.0176678445229682,0.0989399293286219,0.7102473498233216,0.0,0.0,0.02120141342756184,0.1519434628975265,Non-malignant disease,
BICCN|10X222-6_S01,0.016560509554140127,0.0,0.0,0.0,0.9834394904458599,0.0,0.0,Control,
2022_Reichart_Science_Heart|BO_H53_S00_premrna,0.9702380952380952,0.0,0.017857142857142856,0.0,0.0,0.0,0.011904761904761904,Control,
2022_Reichart_Science_Heart|BO_H08_RV0_premrna,0.9489795918367347,0.0,0.0,0.0,0.03571428571428571,0.0,0.015306122448979591,Non-malignant disease,
ROSMAP|201207-B63-B_Broad_S2,0.02040816326530612,0.0,0.0,0.0,0.9795918367346939,0.0,0.0,Control,
2020_Drokhlyansky_Cell_EntericNerve|H9_S44,1.0,0.0,0.0,0.0,0.0,0.0,0.0,Cancer_AdjNorm,CRC
ROSMAP|200916-B54-A_NYGC_S1,0.011695906432748537,0.0,0.0,0.0,0.9883040935672515,0.0,0.0,Control,
ROSMAP|200909-B51-A_NYGC_S4,0.01098901098901099,0.0,0.0,0.0,0.989010989010989,0.0,0.0,Control,
2021_Pelka_Cell_CRC|C166_T_0_0_0_c1_v3,0.21428571428571427,0.03571428571428571,0.16071428571428573,0.0,0.03571428571428571,0.03571428571428571,0.5178571428571429,Cancer_Tumor,CRC
ROSMAP|200908-B50-A_NYGC_S1,0.0,0.0,0.0,0.0,1.0,0.0,0.0,Control,
2020_Adams_SciAdv_IPF|214I-a,0.018633540372670808,0.5341614906832298,0.0,0.0,0.0,0.07453416149068323,0.37267080745341613,Non-malignant disease,
BICCN|HSB340_4_S1,0.10067114093959731,0.0,0.0,0.0,0.8993288590604027,0.0,0.0,Control,
SEAAD|NW_TX0177-3,0.0,0.0,0.0,0.0,1.0,0.0,0.0,Non-malignant disease,
2021_Ren_Cell_COVID|S-S001-3,0.1509433962264151,0.03773584905660377,0.27044025157232704,0.0,0.0,0.03773584905660377,0.5031446540880503,Non-malignant disease,
2020_Litvinukova_Nature_Heart|HCAHeart7664654,0.328125,0.0,0.0,0.0,0.671875,0.0,0.0,Control,
2022_Dominguez-Conde_Science_CellTypist|CZINY-0104,0.0,0.019704433497536946,0.0,0.0,0.0,0.9334975369458128,0.046798029556650245,Control,
ROSMAP|201007-B57-B_NYGC_S4,0.01,0.0,0.0,0.0,0.99,0.0,0.0,Control,
2023_Kumar_Nature_Breast|hbca_c148,0.09523809523809523,0.6190476190476191,0.0,0.047619047619047616,0.20634920634920634,0.0,0.031746031746031744,Control,
BICCN|10X355-3_S01,0.0,0.0,0.0,0.0,1.0,0.0,0.0,Control,
2020_Drokhlyansky_Cell_EntericNerve|H1_S7,0.9310344827586207,0.0,0.0,0.0,0.06896551724137931,0.0,0.0,Cancer_AdjNorm,CRC
SEAAD|NW_TX0178-1,0.013157894736842105,0.0,0.0,0.0,0.9868421052631579,0.0,0.0,Non-malignant disease,
2022_Gur_Cell_Sceleroderma|GSM5837500_AB8039,0.8620689655172413,0.1206896551724138,0.0,0.0,0.017241379310344827,0.0,0.0,Control,
2023_Kumar_Nature_Breast|hbca_c55,0.687192118226601,0.019704433497536946,0.0,0.0,0.2672413793103448,0.0049261083743842365,0.020935960591133004,Control,
2020_Adams_SciAdv_IPF|92C,0.0,0.3125,0.0,0.0,0.0,0.640625,0.046875,Control,
2020_Litvinukova_Nature_Heart|HCAHeart9845431,0.9656652360515021,0.0,0.0,0.0,0.034334763948497854,0.0,0.0,Control,
Zhang2022|HSDG199PD,0.0,0.0,0.0,0.0,1.0,0.0,0.0,Non-malignant disease,
2021_Ren_Cell_COVID|S-S090-1,0.0,0.0,0.6958277254374159,0.0,0.0,0.05787348586810229,0.24629878869448182,Non-malignant disease,
2023_Hirz_NatComm_Prostate|GSM5494375_SCG-PCA19-T-HG,0.03333333333333333,0.4083333333333333,0.0,0.4,0.15833333333333333,0.0,0.0,Cancer_Tumor,PRC
2022_Reichart_Science_Heart|BO_H28_LV0_premrna,0.9954337899543378,0.0,0.0,0.0,0.0045662100456621,0.0,0.0,Non-malignant disease,
ROSMAP|200810-B46-A_NYGC_S3,0.04395604395604396,0.0,0.0,0.0,0.9560439560439561,0.0,0.0,Control,
2023_Wang_SciAdv_CRC|s1125_Liver_Metastasis,0.03278688524590164,0.639344262295082,0.06557377049180328,0.0,0.26229508196721313,0.0,0.0,Cancer_Metastasis,CRC
2020_Habermann_SciAdv_Lung-COVID19|GSM5226574_C51ctr,0.7151515151515152,0.0,0.0,0.0,0.10909090909090909,0.17575757575757575,0.0,Control,
2021_Pelka_Cell_CRC|C103_T_1_1_0_c1_v2,0.0,0.0,0.7962962962962963,0.0,0.07407407407407407,0.018518518518518517,0.1111111111111111,Cancer_Tumor,CRC
SEAAD|NW_TX0155-9,0.0,0.0,0.0,0.0,1.0,0.0,0.0,Non-malignant disease,
2023_Monavarfeshani_PNAS_Eye|Hu032616ODONHallnuc,0.03529411764705882,0.0,0.0,0.0,0.9647058823529412,0.0,0.0,Control,
2023_Kumar_Nature_Breast|hbca_c03,0.49740932642487046,0.0,0.0,0.0,0.47668393782383417,0.025906735751295335,0.0,Cancer_Tumor,BRCA
2022_Madissoon_NatGenet_Lung|WSSS_A_LNG8757927,0.75,0.0,0.0,0.0,0.25,0.0,0.0,Control,
2023_Hirz_NatComm_Prostate|GSM5494380_SCG-PCA24-N-CplusD,0.38636363636363635,0.2545454545454545,0.0,0.0,0.35909090909090907,0.0,0.0,Cancer_AdjNorm,PRC
2023_Kumar_Nature_Breast|hbca_c125,0.2684563758389262,0.15100671140939598,0.0,0.0,0.5805369127516778,0.0,0.0,Control,
2022_Dominguez-Conde_Science_CellTypist|Pan_T8986827,0.991304347826087,0.0,0.0,0.0,0.0,0.008695652173913044,0.0,Control,
2021_Melms_Nature_Lung-COVID19|L05cov,0.28802588996763756,0.022653721682847898,0.0,0.0,0.006472491909385114,0.003236245954692557,0.6796116504854369,Non-malignant disease,
BICCN|10X392-5_S7,0.04032258064516129,0.0,0.0,0.0,0.9596774193548387,0.0,0.0,Control,
2023_Hickey_Nature_Intestine|B004-A-008,0.9090909090909091,0.0,0.0,0.0,0.09090909090909091,0.0,0.0,Control,
BICCN|10X377-7_S25,0.0,0.0,0.0,0.0,1.0,0.0,0.0,Control,
Zhang2022|hsDG197PD,0.0,0.0,0.0,0.0,1.0,0.0,0.0,Non-malignant disease,
Morabito2021|Sample_45,0.0,0.0,0.0,0.0,1.0,0.0,0.0,Non-malignant disease,
2020_Litvinukova_Nature_Heart|HCAHeart7698016,0.9594594594594594,0.0,0.0,0.0,0.04054054054054054,0.0,0.0,Control,
Velmeshev2019|5538_PFC,0.0,0.0,0.0,0.0,1.0,0.0,0.0,Control,
2022_vanZyl_PNAS_Eye|Hu216OSTMS2,0.15083798882681565,0.0,0.0,0.0,0.8491620111731844,0.0,0.0,Control,
ROSMAP|200805-B43-A_NYGC_S2,0.0,0.0,0.0,0.0,1.0,0.0,0.0,Control,
2022_TabulaSapiens_Science_TabulaSapiens|TSP7_Salivary_Gland_Parotid_10X,1.0,0.0,0.0,0.0,0.0,0.0,0.0,Control,
ROSMAP|200722-B38-B_NYGC_S3,0.0,0.0,0.0,0.0,1.0,0.0,0.0,Control,
2023_Kumar_Nature_Breast|hbca_c146,0.14634146341463414,0.7317073170731707,0.0,0.12195121951219512,0.0,0.0,0.0,Control,
2022_Kumar_CancerDis_Gastric|GSM5573489_sample24,0.15942028985507245,0.7971014492753623,0.0,0.0,0.0,0.0,0.043478260869565216,Cancer_Tumor,GC
2020_Litvinukova_Nature_Heart|HCAHeart7964513,0.9876543209876543,0.0,0.0,0.0,0.012345679012345678,0.0,0.0,Control,
ROSMAP|201007-B58-B_NYGC_S2,0.0,0.0,0.0,0.0,1.0,0.0,0.0,Control,
2023_Kumar_Nature_Breast|hbca_c167,0.18604651162790697,0.35658914728682173,0.0,0.015503875968992248,0.4418604651162791,0.0,0.0,Control,
2023_Kong_Immunity_CD|N1108147_L,0.04878048780487805,0.4146341463414634,0.45121951219512196,0.07317073170731707,0.012195121951219513,0.0,0.0,Non-malignant disease,
2022_vanZyl_PNAS_Eye|Hu235IrisPS2,0.42424242424242425,0.0,0.0,0.0,0.5757575757575758,0.0,0.0,Control,
2022_TabulaSapiens_Science_TabulaSapiens|TSP7_Spleen_nan_10X,0.9623287671232876,0.03767123287671233,0.0,0.0,0.0,0.0,0.0,Control,
2023_Kong_Immunity_CD|N171336_L2,0.7697368421052632,0.0,0.07236842105263158,0.0,0.13815789473684212,0.019736842105263157,0.0,Non-malignant disease,
2021_Cheng_Cell_Myeloid|ESCA-P20181114-T,0.13612565445026178,0.5130890052356021,0.0,0.3507853403141361,0.0,0.0,0.0,Cancer_Tumor,ESCA
BICCN|10X218-2_S23,0.0,0.0,0.0,0.0,1.0,0.0,0.0,Control,
2021_Pelka_Cell_CRC|C170_T_0_0_0_c1_v3,0.07446808510638298,0.0,0.09042553191489362,0.0,0.0,0.005319148936170213,0.8297872340425532,Cancer_Tumor,CRC
BICCN|10X276-7_S01,0.014925373134328358,0.0,0.0,0.0,0.9850746268656716,0.0,0.0,Control,
ROSMAP|200804-B42-B_NYGC_S1,0.027237354085603113,0.0,0.0,0.0,0.9727626459143969,0.0,0.0,Control,
2023_Kumar_Nature_Breast|hbca_c81,0.29449838187702265,0.1553398058252427,0.0,0.0,0.5501618122977346,0.0,0.0,Control,
Devika2020|Sample_6_N3_3,0.0,0.0,0.0,0.0,1.0,0.0,0.0,Non-malignant disease,
2023_Kong_Immunity_CD|H197396_N2,0.8421052631578947,0.1291866028708134,0.0,0.0,0.023923444976076555,0.004784688995215311,0.0,Control,
SEAAD|NW_TX0155-7,0.04046242774566474,0.0,0.0,0.0,0.9595375722543352,0.0,0.0,Control,
2022_vanZyl_PNAS_Eye|Hu216CiliaryBody,0.5134228187919463,0.0,0.0,0.0,0.4865771812080537,0.0,0.0,Control,
2022_Gur_Cell_Sceleroderma|GSM5837487_AB8026,0.7894736842105263,0.17543859649122806,0.0,0.0,0.03508771929824561,0.0,0.0,Non-malignant disease,
2022_Reichart_Science_Heart|BO_H49_RV0_premrna,1.0,0.0,0.0,0.0,0.0,0.0,0.0,Control,
2023_Kumar_Nature_Breast|hbca_c39,0.32894736842105265,0.13157894736842105,0.0,0.02631578947368421,0.0,0.05263157894736842,0.4605263157894737,Cancer_Tumor,BRCA
BICCN|10X192-4_S31,0.0,0.0,0.0,0.0,1.0,0.0,0.0,Control,
Evan2019|SN6060_a,0.0,0.0,0.0,0.0,1.0,0.0,0.0,Non-malignant disease,
ROSMAP|200721-B37-B_NYGC_S1,0.03474903474903475,0.0,0.0,0.0,0.9652509652509652,0.0,0.0,Control,
2023_Kong_Immunity_CD|N125985_L1,0.4375,0.40625,0.0625,0.0,0.09375,0.0,0.0,Non-malignant disease,
2023_Kong_Immunity_CD|I127693_L2,0.5120772946859904,0.2898550724637681,0.05314009661835749,0.0,0.14009661835748793,0.004830917874396135,0.0,Non-malignant disease,
BICCN|10X240-6_S3,0.022988505747126436,0.0,0.0,0.0,0.9770114942528736,0.0,0.0,Control,
2023_Kumar_Nature_Breast|hbca_c06,0.5571847507331378,0.020527859237536656,0.0,0.0,0.11730205278592376,0.008797653958944282,0.2961876832844575,Cancer_Tumor,BRCA
2022_Reichart_Science_Heart|BO_H13_RV0_premrna,0.9789473684210527,0.0,0.0,0.0,0.021052631578947368,0.0,0.0,Non-malignant disease,
2023_Kumar_Nature_Breast|hbca_n05,0.20422535211267606,0.0,0.0,0.0,0.795774647887324,0.0,0.0,Cancer_AdjNorm,BRCA
2021_Zheng_Science_TIL|KIDNEY_P20190923_T,0.009389671361502348,0.831924882629108,0.0,0.0,0.15868544600938966,0.0,0.0,Cancer_Tumor,RCC
2021_Pal_EMBO_Breast|GSM4909315_ER-MH0167-T,0.0,0.027149321266968326,0.47058823529411764,0.0,0.049773755656108594,0.05429864253393665,0.39819004524886875,Cancer_Tumor,BRCA
2020_Litvinukova_Nature_Heart|HCAHeart7829976,0.9019607843137255,0.0,0.0,0.0,0.09803921568627451,0.0,0.0,Control,
BICCN|HSB340_3_S1,0.044444444444444446,0.0,0.0,0.0,0.9555555555555556,0.0,0.0,Control,
BICCN|10X217-5_S19,0.07547169811320754,0.0,0.0,0.0,0.9245283018867925,0.0,0.0,Control,
2023_Fonseca_NatGenet_Endometriosis|sample15,0.2421875,0.71875,0.0,0.0,0.0,0.0390625,0.0,Non-malignant disease,
SEAAD|NW_TX0141-10,0.014285714285714285,0.0,0.0,0.0,0.9857142857142858,0.0,0.0,Non-malignant disease,
SEAAD|NW_TX0160-3,0.0,0.0,0.0,0.0,1.0,0.0,0.0,Non-malignant disease,
2022_Hwang_NatGenet_PDAC|T4_CRT,0.1917808219178082,0.0273972602739726,0.0,0.0,0.7808219178082192,0.0,0.0,Cancer_Tumor,PC
2022_TabulaSapiens_Science_TabulaSapiens|TSP1_Muscle_nan_smartseq2,0.7068965517241379,0.22413793103448276,0.0,0.034482758620689655,0.034482758620689655,0.0,0.0,Control,
BICCN|10X378-1_S1,0.02702702702702703,0.0,0.0,0.0,0.972972972972973,0.0,0.0,Control,
BICCN|10X389-3_S6,0.0,0.0,0.0,0.0,1.0,0.0,0.0,Control,
2021_Melms_Nature_Lung-COVID19|L15cov,0.4941860465116279,0.046511627906976744,0.0,0.0,0.05232558139534884,0.4069767441860465,0.0,Non-malignant disease,
BICCN|10X174-3_S20,0.0,0.0,0.0,0.0,1.0,0.0,0.0,Control,
2022_Zhou_NatGenet_PDAC|HT056P-S1R1A1,0.09615384615384616,0.2692307692307692,0.11538461538461539,0.0,0.5096153846153846,0.009615384615384616,0.0,Cancer_Tumor,PC
BICCN|10X359-7_S01,0.007874015748031496,0.0,0.0,0.0,0.9921259842519685,0.0,0.0,Control,
2022_Reichart_Science_Heart|BO_H42_S00_premrna,0.9672131147540983,0.0,0.0,0.0,0.03278688524590164,0.0,0.0,Non-malignant disease,
ROSMAP|201028-B62-A_NYGC_S3,0.0,0.0,0.0,0.0,1.0,0.0,0.0,Control,
BICCN|10X192-1_S54,0.015384615384615385,0.0,0.0,0.0,0.9846153846153847,0.0,0.0,Control,
SEAAD|NW_TX0119-7,0.010416666666666666,0.0,0.0,0.0,0.9895833333333334,0.0,0.0,Control,
2022_Kumar_CancerDis_Gastric|GSM5573479_sample14,0.38235294117647056,0.4411764705882353,0.07352941176470588,0.0,0.10294117647058823,0.0,0.0,Cancer_Tumor,GC
BICCN|10X355-6_S01,0.0,0.0,0.0,0.0,1.0,0.0,0.0,Control,
2022_TabulaSapiens_Science_TabulaSapiens|TSP2_Muscle_rectusabdominus_10X,0.6082474226804123,0.24948453608247423,0.0,0.11752577319587629,0.0,0.0,0.024742268041237112,Control,
2023_Wang_SciAdv_CRC|s0813_Liver_Metastasis,0.0189873417721519,0.6814345991561181,0.2626582278481013,0.0,0.0,0.0,0.03691983122362869,Cancer_Metastasis,CRC
ROSMAP|201007-B58-B_NYGC_S3,0.026022304832713755,0.0,0.0,0.0,0.9739776951672863,0.0,0.0,Control,
2020_Litvinukova_Nature_Heart|HCAHeartST13146202,0.9473684210526315,0.043859649122807015,0.0,0.0,0.0,0.0,0.008771929824561403,Control,
SEAAD|NW_TX0162-3,0.0231023102310231,0.0,0.0,0.0,0.976897689768977,0.0,0.0,Control,
2020_Adams_SciAdv_IPF|192CO-a,0.0,0.02435897435897436,0.0,0.0,0.0,0.9756410256410256,0.0,Non-malignant disease,
2022_Zhou_NatGenet_PDAC|TWCE-HT060P1-S1PBA1A1Z1B1,0.12209302325581395,0.03488372093023256,0.0,0.4011627906976744,0.3488372093023256,0.09302325581395349,0.0,Cancer_Tumor,PC
2021_Szabo_Immunity_COVID19|COV028_respiratory_airway_3days,0.0,0.266,0.0,0.066,0.0,0.07,0.598,Non-malignant disease,
2022_Kumar_CancerDis_Gastric|GSM5573493_sample28,0.527027027027027,0.24774774774774774,0.0,0.22522522522522523,0.0,0.0,0.0,Cancer_Tumor,GC
2022_Reichart_Science_Heart|BO_H28_S00_premrna,0.9836660617059891,0.0,0.0,0.0,0.016333938294010888,0.0,0.0,Non-malignant disease,
2021_Pelka_Cell_CRC|C139_T_1_1_1_c1_v2,0.21568627450980393,0.0,0.3137254901960784,0.0,0.0784313725490196,0.0,0.39215686274509803,Cancer_Tumor,CRC
2022_Zhou_NatGenet_PDAC|HT056P-S1PBA3,0.33093525179856115,0.23741007194244604,0.0,0.0,0.3237410071942446,0.014388489208633094,0.09352517985611511,Cancer_Tumor,PC
ROSMAP|200810-B46-B_NYGC_S2,0.0,0.0,0.0,0.0,1.0,0.0,0.0,Control,
2020_Litvinukova_Nature_Heart|HCAHeart7702882,0.9527027027027027,0.0,0.0,0.0,0.0472972972972973,0.0,0.0,Control,
Morabito2021|Sample_50,0.017391304347826087,0.0,0.0,0.0,0.9826086956521739,0.0,0.0,Non-malignant disease,
2023_Monavarfeshani_PNAS_Eye|Hu056316ODONHallnuc,0.125,0.0,0.0,0.0,0.875,0.0,0.0,Control,
BICCN|10X194-7_S19,0.02009456264775414,0.0,0.0,0.0,0.9799054373522459,0.0,0.0,Control,
2020_Litvinukova_Nature_Heart|HCAHeartST13189996,0.9584905660377359,0.0,0.04150943396226415,0.0,0.0,0.0,0.0,Control,
Evan2019|LC5840_b,0.0,0.0,0.0,0.0,1.0,0.0,0.0,Non-malignant disease,
2020_Habermann_SciAdv_Lung-COVID19|GSM5226587_L07cov,0.4431818181818182,0.26136363636363635,0.1534090909090909,0.0,0.14204545454545456,0.0,0.0,Non-malignant disease,
2020_Litvinukova_Nature_Heart|HCAHeart9508629,0.9958762886597938,0.0,0.0,0.0,0.004123711340206186,0.0,0.0,Control,
SEAAD|NW_TX0159-5,0.0,0.0,0.0,0.0,1.0,0.0,0.0,Control,
Sarah2019|SD48_16,0.0,0.0,0.0,0.0,1.0,0.0,0.0,Control,
2023_Fonseca_NatGenet_Endometriosis|sample18,0.03333333333333333,0.5583333333333333,0.0,0.35833333333333334,0.05,0.0,0.0,Non-malignant disease,
2022_Guilliams_Cell_Liver|CISE09,0.09467455621301775,0.01775147928994083,0.0,0.0,0.8579881656804734,0.0,0.029585798816568046,Cancer_Metastasis,CRC
2022_Reichart_Science_Heart|BO_H84_RV0_premrna,0.9285714285714286,0.0,0.0,0.0,0.07142857142857142,0.0,0.0,Non-malignant disease,
BICCN|10X229-6_S12,0.0,0.0,0.0,0.0,1.0,0.0,0.0,Control,
2023_Kong_Immunity_CD|N104152_N,0.782608695652174,0.0,0.0,0.0,0.21739130434782608,0.0,0.0,Non-malignant disease,
Herring2022|RL2104,0.1276595744680851,0.0,0.0,0.0,0.8723404255319149,0.0,0.0,Control,
2021_Zheng_Science_TIL|UCEC_P20190910_T,0.011547344110854504,0.2540415704387991,0.09699769053117784,0.18013856812933027,0.43648960739030024,0.004618937644341801,0.016166281755196306,Cancer_Tumor,EC
ROSMAP|200317-B27-B_NYGC_S1,0.0,0.0,0.0,0.0,1.0,0.0,0.0,Control,
2023_Monavarfeshani_PNAS_Eye|Hu220OSONH,0.37572254335260113,0.0,0.0,0.0,0.6242774566473989,0.0,0.0,Control,
2021_Chan_CancerCell_SCLC|RU661_T,0.0,0.5329949238578681,0.2639593908629442,0.0,0.01015228426395939,0.06091370558375635,0.1319796954314721,Cancer_Tumor,NSCLC
2023_Monavarfeshani_PNAS_Eye|Hu105916ODONHallnuc,0.0,0.0,0.0,0.0,1.0,0.0,0.0,Control,
2021_Melms_Nature_Lung-COVID19|L08cov,0.8029850746268656,0.050746268656716415,0.0,0.0,0.050746268656716415,0.008955223880597015,0.08656716417910448,Non-malignant disease,
2023_Kumar_Nature_Breast|hbca_c96,0.26666666666666666,0.45,0.0,0.0,0.2833333333333333,0.0,0.0,Control,
ROSMAP|200310-B18-A_NYGC_S1,0.03896103896103896,0.0,0.0,0.0,0.961038961038961,0.0,0.0,Control,
2021_Melms_Nature_Lung-COVID19|L12cov,0.902834008097166,0.020242914979757085,0.0,0.0,0.020242914979757085,0.020242914979757085,0.03643724696356275,Non-malignant disease,
2023_Kumar_Nature_Breast|hbca_c145,0.1889763779527559,0.6535433070866141,0.0,0.06299212598425197,0.09448818897637795,0.0,0.0,Control,
2022_TabulaSapiens_Science_TabulaSapiens|TSP6_Liver_nan_10X,0.333984375,0.646484375,0.0,0.0,0.01953125,0.0,0.0,Control,
2021_Chan_CancerCell_SCLC|RU675_N,0.0,0.0,0.0,0.0,0.0,1.0,0.0,Cancer_AdjNorm,NSCLC
BICCN|10X203-5_S19,0.0,0.0,0.0,0.0,1.0,0.0,0.0,Control,
2020_Adams_SciAdv_IPF|218C-b,0.0,0.6173913043478261,0.0,0.0,0.0,0.2608695652173913,0.12173913043478261,Control,
2022_Reichart_Science_Heart|BO_H49_S0N_premrna,0.9508196721311475,0.0,0.0,0.0,0.04918032786885246,0.0,0.0,Control,
ROSMAP|200721-B37-A_NYGC_S4,0.042735042735042736,0.0,0.0,0.0,0.9572649572649573,0.0,0.0,Control,
2022_Emont_Nature_WAT|Hs_SAT_SVF_239-1B-2,0.12244897959183673,0.02040816326530612,0.0,0.0,0.07142857142857142,0.0,0.7857142857142857,Control,
2023_Kong_Immunity_CD|H110216_L,0.36904761904761907,0.5714285714285714,0.0,0.05952380952380952,0.0,0.0,0.0,Control,
BICCN|10X348-8_S01,0.0,0.0,0.0,0.0,1.0,0.0,0.0,Control,
2020_Adams_SciAdv_IPF|439C-b,0.0,0.115995115995116,0.0,0.0,0.0,0.884004884004884,0.0,Control,
Herring2022|RL1777,0.0,0.0,0.0,0.0,1.0,0.0,0.0,Control,
SEAAD|NW_TX0080-6,0.0,0.0,0.0,0.0,1.0,0.0,0.0,Control,
SEAAD|NW_TX0166-2,0.10679611650485436,0.0,0.0,0.0,0.8932038834951457,0.0,0.0,Non-malignant disease,
2023_Kong_Immunity_CD|N110204_L,0.3611111111111111,0.5277777777777778,0.06944444444444445,0.041666666666666664,0.0,0.0,0.0,Non-malignant disease,
BICCN|10X191-1_S3,0.37681159420289856,0.0,0.0,0.0,0.6231884057971014,0.0,0.0,Control,
2022_Dominguez-Conde_Science_CellTypist|CZINY-0105,0.0,0.005434782608695652,0.0,0.0,0.0,0.9252717391304348,0.06929347826086957,Control,
BICCN|10X361-4_S01,0.0,0.0,0.0,0.0,1.0,0.0,0.0,Control,
ROSMAP|200311-B19-B_NYGC_S4,0.10144927536231885,0.0,0.0,0.0,0.8985507246376812,0.0,0.0,Control,
2022_Reichart_Science_Heart|BO_H19_S00_R2_premrna,0.9315068493150684,0.0,0.0,0.0,0.0684931506849315,0.0,0.0,Non-malignant disease,
BICCN|10X419-2_S8,0.0,0.0,0.0,0.0,1.0,0.0,0.0,Control,
SEAAD|NW_TX0141-5,0.0472972972972973,0.0,0.0,0.0,0.9527027027027027,0.0,0.0,Non-malignant disease,
ROSMAP|200930-B55-B_NYGC_S1,0.0,0.0,0.0,0.0,1.0,0.0,0.0,Control,
ROSMAP|200810-B47-B_NYGC_S2,0.0,0.0,0.0,0.0,1.0,0.0,0.0,Control,
2022_Reichart_Science_Heart|BO_H06_LV0_premrna,1.0,0.0,0.0,0.0,0.0,0.0,0.0,Non-malignant disease,
2021_Chan_CancerCell_SCLC|RU255B,0.0,0.09239130434782608,0.0,0.15217391304347827,0.3641304347826087,0.25,0.14130434782608695,Cancer_Metastasis,NSCLC
BICCN|10X277-2_S01,0.043478260869565216,0.0,0.0,0.0,0.9565217391304348,0.0,0.0,Control,
BICCN|10X419-1_S7,0.04,0.0,0.0,0.0,0.96,0.0,0.0,Control,
ROSMAP|200313-B23-B_NYGC_S2,0.02702702702702703,0.0,0.0,0.0,0.972972972972973,0.0,0.0,Control,
2023_Hirz_NatComm_Prostate|GSM5494363_SCG-PCA11-T-LG,0.011627906976744186,0.6046511627906976,0.0,0.0,0.38372093023255816,0.0,0.0,Cancer_Tumor,PRC
BICCN|10X217-8_S22,0.0,0.0,0.0,0.0,0.9876543209876543,0.012345679012345678,0.0,Control,
BICCN|10X349-4_S01,0.0,0.0,0.0,0.0,1.0,0.0,0.0,Control,
2022_Reichart_Science_Heart|BO_H20_LVN_premrna,0.9705882352941176,0.0,0.0,0.0,0.029411764705882353,0.0,0.0,Non-malignant disease,
ROSMAP|200701-B28-B_NYGC_S4,0.01444043321299639,0.0,0.0,0.0,0.9855595667870036,0.0,0.0,Control,
2022_Gur_Cell_Sceleroderma|GSM5837409_AB7748,0.71875,0.28125,0.0,0.0,0.0,0.0,0.0,Non-malignant disease,
2020_Adams_SciAdv_IPF|158I-b,0.008315098468271335,0.08358862144420132,0.0,0.0,0.0,0.6923413566739606,0.21575492341356675,Non-malignant disease,
ROSMAP|200313-B23-B_NYGC_S4,0.025,0.0,0.0,0.0,0.975,0.0,0.0,Control,
ROSMAP|200714-B34-B_NYGC_S1,0.05504587155963303,0.0,0.0,0.0,0.944954128440367,0.0,0.0,Control,
BICCN|10X194-8_S3,0.020277481323372464,0.0,0.0,0.0,0.9797225186766275,0.0,0.0,Control,
ROSMAP|201014-B59-A_NYGC_S1,0.0,0.0,0.0,0.0,1.0,0.0,0.0,Control,
2022_Reichart_Science_Heart|BO_H81_LV0_premrna,0.9901153212520593,0.0,0.0,0.0,0.009884678747940691,0.0,0.0,Non-malignant disease,
2022_Reichart_Science_Heart|BO_H37_LV0_premrna,0.9877622377622378,0.0,0.0,0.0,0.005244755244755245,0.0,0.006993006993006993,Non-malignant disease,
SEAAD|NW_TX0159-6,0.020242914979757085,0.0,0.0,0.0,0.979757085020243,0.0,0.0,Control,
2020_Litvinukova_Nature_Heart|HCAHeart9845435,0.998003992015968,0.0,0.0,0.0,0.001996007984031936,0.0,0.0,Control,
BICCN|10X382-4_S11,0.04477611940298507,0.0,0.0,0.0,0.9552238805970149,0.0,0.0,Control,
2022_Guilliams_Cell_Liver|CS108,1.0,0.0,0.0,0.0,0.0,0.0,0.0,Cancer_Tumor,HCC
2020_Adams_SciAdv_IPF|184CO-a,0.08757637474541752,0.34419551934826886,0.0,0.0,0.0,0.5682281059063137,0.0,Non-malignant disease,
SEAAD|NW_TX0108-1,0.0,0.0,0.0,0.0,1.0,0.0,0.0,Non-malignant disease,
2022_Reichart_Science_Heart|BO_H15_RV0_premrna,0.9427792915531336,0.0,0.0,0.0,0.05722070844686648,0.0,0.0,Non-malignant disease,
BICCN|10X205-8_S13,0.0,0.0,0.0,0.0,1.0,0.0,0.0,Control,
2022_Reichart_Science_Heart|BO_H55_S00_premrna,0.9811912225705329,0.0,0.0,0.0,0.018808777429467086,0.0,0.0,Control,
2022_Guilliams_Cell_Liver|CS167,0.96875,0.0,0.0,0.0,0.03125,0.0,0.0,Non-malignant disease,
BICCN|10X194-5_S60,0.0,0.0,0.0,0.0,1.0,0.0,0.0,Control,
2023_Hirz_NatComm_Prostate|GSM5494355_SCG-PCA5-N-LG,0.16363636363636364,0.0,0.0,0.0,0.8363636363636363,0.0,0.0,Cancer_AdjNorm,PRC
2021_Zheng_Science_TIL|ESCA_P20181114_T,0.15286624203821655,0.5286624203821656,0.0,0.3184713375796178,0.0,0.0,0.0,Cancer_Tumor,ESCA
2022_Hwang_NatGenet_PDAC|U1_Untreated,0.125,0.0,0.0,0.0,0.875,0.0,0.0,Cancer_Tumor,PC
2023_Fonseca_NatGenet_Endometriosis|sample27,0.44366197183098594,0.2323943661971831,0.0,0.07042253521126761,0.24647887323943662,0.007042253521126761,0.0,Non-malignant disease,
ROSMAP|200702-B29-A_NYGC_S3,0.02912621359223301,0.0,0.0,0.0,0.970873786407767,0.0,0.0,Control,
2021_Zheng_Science_TIL|ESCA_P20190613_N,0.2905027932960894,0.44692737430167595,0.0,0.18435754189944134,0.0782122905027933,0.0,0.0,Cancer_AdjNorm,ESCA
2022_Reichart_Science_Heart|BO_H01_LV0_premrna,0.9242424242424242,0.0,0.0,0.0,0.07575757575757576,0.0,0.0,Non-malignant disease,
Evan2019|SN5828_a,0.03409090909090909,0.0,0.0,0.0,0.9659090909090909,0.0,0.0,Control,
2021_Szabo_Immunity_COVID19|COV026_respiratory_airway_5days,0.0036496350364963502,0.06934306569343066,0.0036496350364963502,0.051094890510948905,0.0,0.1386861313868613,0.7335766423357665,Non-malignant disease,
2021_Elmentaite_Nature_Intestine|4918STDY7901096,0.056074766355140186,0.2336448598130841,0.5700934579439252,0.0,0.0,0.0,0.14018691588785046,Non-malignant disease,
2021_Pelka_Cell_CRC|C164_T_1_1_0_c1_v3,0.0,0.0,0.7142857142857143,0.0,0.0,0.023809523809523808,0.2619047619047619,Cancer_Tumor,CRC
2020_Adams_SciAdv_IPF|003C,0.018196856906534328,0.17452440033085195,0.0,0.0,0.0,0.7907361455748553,0.016542597187758478,Control,
2022_TabulaSapiens_Science_TabulaSapiens|TSP14_Fat_SCAT_10X,0.6860986547085202,0.0,0.0,0.0,0.0,0.0,0.31390134529147984,Control,
2020_Adams_SciAdv_IPF|166I-a,0.009911894273127754,0.15363436123348018,0.0,0.0,0.0,0.7120044052863436,0.12444933920704845,Non-malignant disease,
BICCN|10X319-5_S01,0.029639175257731958,0.0,0.0,0.0,0.970360824742268,0.0,0.0,Control,
2022_Reichart_Science_Heart|BO_H07_RV0_premrna,0.9162790697674419,0.002325581395348837,0.0,0.0,0.08139534883720931,0.0,0.0,Non-malignant disease,
2022_Dominguez-Conde_Science_CellTypist|Pan_T7917818,0.033264033264033266,0.008316008316008316,0.0,0.0,0.0,0.7546777546777547,0.20374220374220375,Control,
BICCN|10X193-2_S20,0.0,0.0,0.0,0.0,1.0,0.0,0.0,Control,
2023_Kumar_Nature_Breast|hbca_c104,0.1724137931034483,0.38620689655172413,0.0,0.0,0.41379310344827586,0.0,0.027586206896551724,Control,
2023_Hirz_NatComm_Prostate|GSM5494367_SCG-PCA15-N-HG,0.12162162162162163,0.06756756756756757,0.0,0.20270270270270271,0.6081081081081081,0.0,0.0,Cancer_AdjNorm,PRC
2023_Kumar_Nature_Breast|hbca_n04,0.8773584905660378,0.0,0.0,0.0,0.12264150943396226,0.0,0.0,Cancer_Tumor,BRCA
BICCN|10X193-8_S26,0.0,0.0,0.0,0.0,1.0,0.0,0.0,Control,
2022_Reichart_Science_Heart|BO_H58_LV0_premrna,1.0,0.0,0.0,0.0,0.0,0.0,0.0,Non-malignant disease,
BICCN|10X392-2_S2,0.0,0.0,0.0,0.0,1.0,0.0,0.0,Control,
2021_Zheng_Science_TIL|OV-FTC_P20190304_N,0.08064516129032258,0.7741935483870968,0.06451612903225806,0.016129032258064516,0.0,0.06451612903225806,0.0,Cancer_AdjNorm,OV-FTC
BICCN|10X319-8_S01,0.019508670520231215,0.0,0.0,0.0,0.9804913294797688,0.0,0.0,Control,
BICCN|10X243-4_S17,0.0,0.0,0.0,0.0,1.0,0.0,0.0,Control,
BICCN|10X265-8_S01,0.08955223880597014,0.0,0.0,0.0,0.9104477611940298,0.0,0.0,Control,
2022_Reichart_Science_Heart|BO_H11_LV0_premrna,0.9818731117824774,0.0,0.0,0.0,0.01812688821752266,0.0,0.0,Non-malignant disease,
2022_TabulaSapiens_Science_TabulaSapiens|TSP14_Salivary_Gland_Submandibular_10X,0.32063492063492066,0.5365079365079365,0.0,0.0,0.11428571428571428,0.0,0.02857142857142857,Control,
BICCN|10X241-3_S8,0.02857142857142857,0.0,0.0,0.0,0.9714285714285714,0.0,0.0,Control,
2022_Emont_Nature_WAT|Hs_OAT_09-1,0.9631901840490797,0.0,0.0,0.0,0.03680981595092025,0.0,0.0,Control,
SEAAD|NW_TX0157-3,0.048672566371681415,0.0,0.0,0.0,0.9513274336283186,0.0,0.0,Non-malignant disease,
2023_Hickey_Nature_Intestine|B011-A-002,1.0,0.0,0.0,0.0,0.0,0.0,0.0,Control,
BICCN|10X174-1_S5,0.0410958904109589,0.0,0.0,0.0,0.958904109589041,0.0,0.0,Control,
Lucas2019|MS7,0.00819672131147541,0.0,0.0,0.0,0.9918032786885246,0.0,0.0,Non-malignant disease,
2020_Adams_SciAdv_IPF|237CO,0.06779661016949153,0.7231638418079096,0.0,0.0,0.05649717514124294,0.13559322033898305,0.01694915254237288,Non-malignant disease,
2021_Zheng_Science_TIL|UCEC_P20181122_T,0.0,0.872093023255814,0.0,0.06976744186046512,0.05813953488372093,0.0,0.0,Cancer_Tumor,EC
BICCN|10X230-6_S01,0.0070838252656434475,0.0,0.0,0.0,0.9929161747343566,0.0,0.0,Control,
2023_Lake_Nature_Kidney|AKI3010125,0.20930232558139536,0.0,0.2558139534883721,0.0,0.4418604651162791,0.0,0.09302325581395349,Non-malignant disease,
Devika2020|Sample_6_N3_1,0.0,0.0,0.0,0.0,1.0,0.0,0.0,Non-malignant disease,
2020_Litvinukova_Nature_Heart|HCAHeart7880861,0.9298245614035088,0.008771929824561403,0.0,0.0,0.05263157894736842,0.008771929824561403,0.0,Control,
2021_Melms_Nature_Lung-COVID19|L09cov,0.8552631578947368,0.0,0.0,0.0,0.05921052631578947,0.06578947368421052,0.019736842105263157,Non-malignant disease,
2023_Monavarfeshani_PNAS_Eye|Pt6ONH,0.0,0.0,0.0,0.0,1.0,0.0,0.0,Control,
2020_Adams_SciAdv_IPF|222I-a,0.030303030303030304,0.27904040404040403,0.0,0.0,0.0,0.31691919191919193,0.37373737373737376,Non-malignant disease,
2022_Madissoon_NatGenet_Lung|WSSS8062681,0.413265306122449,0.3877551020408163,0.00510204081632653,0.0,0.01020408163265306,0.17346938775510204,0.01020408163265306,Control,
2020_Adams_SciAdv_IPF|454C,0.075,0.6,0.0,0.0,0.0,0.325,0.0,Control,
BICCN|10X390-5_S15,0.0,0.0,0.0,0.0,1.0,0.0,0.0,Control,
Ramos2022|2G,0.017241379310344827,0.0,0.0,0.08620689655172414,0.896551724137931,0.0,0.0,Control,
2021_Cheng_Cell_Myeloid|RC-P20190923-N,0.5,0.08333333333333333,0.0,0.08333333333333333,0.3333333333333333,0.0,0.0,Cancer_AdjNorm,RCC
SEAAD|NW_TX0122-7,0.015789473684210527,0.0,0.0,0.0,0.9842105263157894,0.0,0.0,Control,
2022_Kumar_CancerDis_Gastric|GSM5573503_sample38,0.12962962962962962,0.3611111111111111,0.0,0.16666666666666666,0.3425925925925926,0.0,0.0,Cancer_Metastasis,GC
2023_Kumar_Nature_Breast|hbca_c120,0.0,0.6145833333333334,0.0,0.0,0.3854166666666667,0.0,0.0,Cancer_Tumor,BRCA
BICCN|10X392-1_S58,0.006756756756756757,0.0,0.0,0.0,0.9932432432432432,0.0,0.0,Control,
Evan2019|SN5862_a,0.014705882352941176,0.0,0.0,0.0,0.9852941176470589,0.0,0.0,Non-malignant disease,
2020_Adams_SciAdv_IPF|001C,0.0,0.1414141414141414,0.0,0.0,0.028282828282828285,0.804040404040404,0.026262626262626262,Control,
BICCN|10X206-6_S19,0.0,0.0,0.0,0.0,1.0,0.0,0.0,Control,
2022_Gur_Cell_Sceleroderma|GSM5837398_AB7705,0.6447368421052632,0.27631578947368424,0.0,0.0,0.07894736842105263,0.0,0.0,Non-malignant disease,
2023_Kumar_Nature_Breast|hbca_c28,0.7678571428571429,0.125,0.0,0.0,0.05357142857142857,0.0,0.05357142857142857,Cancer_Tumor,BRCA
2022_Reichart_Science_Heart|BO_H40_LV1_premrna,0.9903846153846154,0.0,0.0,0.0,0.009615384615384616,0.0,0.0,Non-malignant disease,
SEAAD|NW_TX0107-10,0.04310344827586207,0.0,0.0,0.0,0.9568965517241379,0.0,0.0,Non-malignant disease,
2022_Emont_Nature_WAT|Hs_OAT_13-1,0.9867298578199052,0.0,0.0,0.0,0.004739336492890996,0.0,0.008530805687203791,Control,
2023_Lake_Nature_Kidney|AKI3210074,0.3057324840764331,0.025477707006369428,0.03821656050955414,0.0,0.4267515923566879,0.01910828025477707,0.18471337579617833,Non-malignant disease,
2022_Hwang_NatGenet_PDAC|T14_CRT,0.5794392523364486,0.08411214953271028,0.0,0.0,0.3364485981308411,0.0,0.0,Cancer_Tumor,PC
2020_Adams_SciAdv_IPF|226C-a,0.0,0.8399612027158099,0.0,0.0,0.0,0.14645974781765275,0.013579049466537343,Control,
BICCN|10X319-6_S01,0.04143646408839779,0.0,0.0,0.0,0.9585635359116023,0.0,0.0,Control,
SEAAD|NW_TX0132-2,0.0,0.0,0.0,0.0,1.0,0.0,0.0,Non-malignant disease,
2023_Kumar_Nature_Breast|hbca_c154,0.07547169811320754,0.22641509433962265,0.0,0.10062893081761007,0.5974842767295597,0.0,0.0,Cancer_Tumor,BRCA
2022_TabulaSapiens_Science_TabulaSapiens|TSP14_Vasculature_AortaVeneCava_10X,0.7553191489361702,0.2148936170212766,0.006382978723404255,0.002127659574468085,0.0,0.002127659574468085,0.019148936170212766,Control,
ROSMAP|200225-B10-A_NYGC_S3,0.06349206349206349,0.0,0.0,0.0,0.9365079365079365,0.0,0.0,Control,
ROSMAP|200915-B53-A_NYGC_S2,0.0,0.0,0.0,0.0,1.0,0.0,0.0,Control,
BICCN|10X243-1_S14,0.0,0.0,0.0,0.0,1.0,0.0,0.0,Control,
2020_Adams_SciAdv_IPF|135I-b,0.0,0.36075036075036077,0.0,0.0,0.002886002886002886,0.29148629148629146,0.3448773448773449,Non-malignant disease,
ROSMAP|200226-B11-B_NYGC_S2,0.0,0.0,0.0,0.0,1.0,0.0,0.0,Control,
SEAAD|NW_TX0165-9,0.02666666666666667,0.0,0.0,0.0,0.9733333333333334,0.0,0.0,Non-malignant disease,
BICCN|10X264-5_S01,0.0,0.0,0.0,0.0,0.9649122807017544,0.03508771929824561,0.0,Control,
BICCN|10X182-3_S19,0.0,0.0,0.0,0.0,1.0,0.0,0.0,Control,
2021_Ren_Cell_COVID|S-S008,0.0,0.0,0.8925619834710744,0.0,0.0,0.008264462809917356,0.09917355371900827,Non-malignant disease,
2023_Kumar_Nature_Breast|hbca_c158,0.05,0.45,0.0,0.0,0.5,0.0,0.0,Cancer_Tumor,BRCA
SEAAD|NW_TX0087-4,0.0,0.0,0.0,0.0,1.0,0.0,0.0,Non-malignant disease,
2023_Monavarfeshani_PNAS_Eye|Hu035516OSONHallnuc,0.05357142857142857,0.0,0.0,0.0,0.9464285714285714,0.0,0.0,Control,
BICCN|10X229-8_S14,0.0,0.0,0.0,0.0,1.0,0.0,0.0,Control,
2022_Guilliams_Cell_Liver|CS46,0.8822355289421158,0.0,0.0,0.0,0.11776447105788423,0.0,0.0,Cancer_Tumor,HCA
BICCN|10X329-7_S01,0.0,0.0,0.0,0.0,1.0,0.0,0.0,Control,
2022_Reichart_Science_Heart|BO_H78_S00_premrna,0.9741379310344828,0.0,0.0,0.0,0.02586206896551724,0.0,0.0,Non-malignant disease,
2022_Gur_Cell_Sceleroderma|GSM5837471_AB8010,0.873015873015873,0.09523809523809523,0.0,0.0,0.031746031746031744,0.0,0.0,Non-malignant disease,
ROSMAP|200728-B39-B_NYGC_S1,0.0,0.0,0.0,0.0,1.0,0.0,0.0,Control,
2023_Kong_Immunity_CD|N46_LP_B,0.8636363636363636,0.00909090909090909,0.1,0.0,0.02727272727272727,0.0,0.0,Control,
ROSMAP|201007-B57-A_NYGC_S2,0.0,0.0,0.0,0.0,1.0,0.0,0.0,Control,
2020_Adams_SciAdv_IPF|098C-b,0.0,0.05458089668615984,0.0,0.0,0.0043859649122807015,0.9317738791423001,0.009259259259259259,Control,
2022_Zhou_NatGenet_PDAC|HT231P1-S1H3Fc2A2N1Z1_1Bmn1_1,0.6153846153846154,0.0,0.0,0.0,0.38461538461538464,0.0,0.0,Cancer_Tumor,PC
BICCN|10X361-2_S01,0.0425531914893617,0.0,0.0,0.0,0.9574468085106383,0.0,0.0,Control,
2023_Kumar_Nature_Breast|hbca_c84,0.35403726708074534,0.11180124223602485,0.0,0.0,0.5093167701863354,0.024844720496894408,0.0,Control,
2023_Hirz_NatComm_Prostate|GSM5494342_HP1,0.015706806282722512,0.3193717277486911,0.0,0.13612565445026178,0.5287958115183246,0.0,0.0,Control,
BICCN|10X391-2_S6,0.01910828025477707,0.0,0.0,0.0,0.9808917197452229,0.0,0.0,Control,
2020_Drokhlyansky_Cell_EntericNerve|H13_S59,1.0,0.0,0.0,0.0,0.0,0.0,0.0,Cancer_AdjNorm,CRC
ROSMAP|201002-B56-A_NYGC_S3,0.012903225806451613,0.0,0.0,0.0,0.9870967741935484,0.0,0.0,Control,
BICCN|10X204-3_S25,0.047619047619047616,0.0,0.0,0.0,0.9523809523809523,0.0,0.0,Control,
SEAAD|NW_TX0120-5,0.07692307692307693,0.0,0.0,0.0,0.9230769230769231,0.0,0.0,Control,
2022_Zhou_NatGenet_PDAC|HT061P1-S1PAA1A1Z1_1B2_1,0.0,0.5869565217391305,0.0,0.03260869565217391,0.30434782608695654,0.0,0.07608695652173914,Cancer_Tumor,PC
2021_Cheng_Cell_Myeloid|RC-P20190918-T,0.0,0.6621783363255536,0.011370436864153202,0.012268102932375824,0.3141831238779174,0.0,0.0,Cancer_Tumor,RCC
2021_Melms_Nature_Lung-COVID19|L07cov,0.449438202247191,0.25280898876404495,0.15730337078651685,0.0,0.1404494382022472,0.0,0.0,Non-malignant disease,
2021_Cheng_Cell_Myeloid|ESCA-P20190411-T,0.0,0.6600985221674877,0.26108374384236455,0.07389162561576355,0.0,0.0,0.0049261083743842365,Cancer_Tumor,ESCA
2022_Reichart_Science_Heart|BO_H12_LV0_premrna,0.9814814814814815,0.0,0.0,0.0,0.018518518518518517,0.0,0.0,Non-malignant disease,
BICCN|10X388-2_S5,0.0,0.0,0.0,0.0,1.0,0.0,0.0,Control,
2023_Kumar_Nature_Breast|hbca_c30,0.38333333333333336,0.05,0.0,0.0,0.18333333333333332,0.0125,0.37083333333333335,Cancer_Tumor,BRCA
BICCN|10X388-5_S1,0.0,0.0,0.0,0.0,0.989247311827957,0.010752688172043012,0.0,Control,
2022_Reichart_Science_Heart|BO_H33_S00_premrna,0.9731182795698925,0.010752688172043012,0.0,0.0,0.016129032258064516,0.0,0.0,Non-malignant disease,
Morabito2021|Sample_22,0.03424657534246575,0.0,0.0,0.0,0.9657534246575342,0.0,0.0,Non-malignant disease,
2022_Zhou_NatGenet_PDAC|HT284P1-S1H2Fc2A2N1Z1_1Bmn1_1,0.938953488372093,0.0,0.0,0.0,0.061046511627906974,0.0,0.0,Cancer_Tumor,PC
BICCN|10X182-3_S45,0.009523809523809525,0.0,0.0,0.0,0.9904761904761905,0.0,0.0,Control,
2022_Dominguez-Conde_Science_CellTypist|CZI-IA10471911+CZI-IA10472007,0.4,0.0,0.06666666666666667,0.1,0.016666666666666666,0.4166666666666667,0.0,Control,
2020_Adams_SciAdv_IPF|8CO,0.0,0.20967741935483872,0.0,0.0,0.0,0.7903225806451613,0.0,Non-malignant disease,
2022_Gur_Cell_Sceleroderma|GSM5837539_AB8449,0.9361702127659575,0.010638297872340425,0.0,0.0,0.05319148936170213,0.0,0.0,Non-malignant disease,
SEAAD|NW_TX0031-10,0.01818181818181818,0.0,0.0,0.0,0.9818181818181818,0.0,0.0,Control,
BICCN|10X354-7_S01,0.0,0.0,0.0,0.0,1.0,0.0,0.0,Control,
SEAAD|NW_TX0132-9,0.016556291390728478,0.0,0.0,0.0,0.9834437086092715,0.0,0.0,Control,
BICCN|10X193-3_S21,0.02727272727272727,0.0,0.0,0.0,0.9727272727272728,0.0,0.0,Control,
2022_Reichart_Science_Heart|BO_H78_RV0_premrna,0.9734299516908212,0.0,0.0,0.0,0.026570048309178744,0.0,0.0,Non-malignant disease,
ROSMAP|200317-B27-B_NYGC_S2,0.02830188679245283,0.0,0.0,0.0,0.9716981132075472,0.0,0.0,Control,
2023_Wang_SciAdv_CRC|s0813_Liver_AdjNorm,0.13392857142857142,0.8660714285714286,0.0,0.0,0.0,0.0,0.0,Cancer_AdjNorm,CRC
ROSMAP|200908-B50-A_NYGC_S2,0.0,0.0,0.0,0.0,1.0,0.0,0.0,Control,
2021_Cheng_Cell_Myeloid|THCA-P20190122-T,0.11764705882352941,0.7843137254901961,0.058823529411764705,0.0,0.0392156862745098,0.0,0.0,Cancer_Tumor,THCA
2022_TabulaSapiens_Science_TabulaSapiens|TSP2_Bladder_nan_10X,0.17585931254996004,0.6802557953637091,0.003996802557953637,0.1398880895283773,0.0,0.0,0.0,Control,
2022_Reichart_Science_Heart|BO_H51_LV1_premrna,1.0,0.0,0.0,0.0,0.0,0.0,0.0,Control,
BICCN|10X388-7_S3,0.019538188277087035,0.0,0.0,0.0,0.9804618117229129,0.0,0.0,Control,
2020_Adams_SciAdv_IPF|063I-b,0.010843373493975903,0.016867469879518072,0.0,0.0,0.0,0.9644578313253012,0.00783132530120482,Non-malignant disease,
SEAAD|NW_TX0102-2,0.0,0.0,0.0,0.0,1.0,0.0,0.0,Non-malignant disease,
SEAAD|NW_TX0185-2,0.0,0.0,0.0,0.0,1.0,0.0,0.0,Control,
Lucas2019|MS4,0.0,0.0,0.0,0.0,1.0,0.0,0.0,Non-malignant disease,
ROSMAP|201014-B59-A_NYGC_S2,0.0,0.0,0.0,0.0,1.0,0.0,0.0,Control,
2023_Kumar_Nature_Breast|hbca_c133,0.19306930693069307,0.6831683168316832,0.0,0.009900990099009901,0.11386138613861387,0.0,0.0,Control,
2022_Madissoon_NatGenet_Lung|WSSS8015042,0.004987531172069825,0.01371571072319202,0.0024937655860349127,0.0,0.003740648379052369,0.9613466334164589,0.01371571072319202,Control,
2023_Kong_Immunity_CD|I105446_L,0.5384615384615384,0.4307692307692308,0.0,0.0,0.03076923076923077,0.0,0.0,Non-malignant disease,
2023_Lake_Nature_Kidney|KB5,0.9246575342465754,0.0,0.0,0.0,0.07534246575342465,0.0,0.0,Non-malignant disease,
ROSMAP|200730-B41-B_NYGC_S1,0.05333333333333334,0.0,0.0,0.0,0.9466666666666667,0.0,0.0,Control,
BICCN|10X276-1_S01,0.0,0.0,0.0,0.0,1.0,0.0,0.0,Control,
2022_Reichart_Science_Heart|BO_H14_LV0_premrna,0.9922480620155039,0.0,0.0,0.0,0.007751937984496124,0.0,0.0,Non-malignant disease,
2021_Cheng_Cell_Myeloid|THCA-P20190108-T,0.0423728813559322,0.6864406779661016,0.0423728813559322,0.0,0.1864406779661017,0.025423728813559324,0.01694915254237288,Cancer_Tumor,THCA
SEAAD|NW_TX0158-1,0.0,0.0,0.0,0.0,1.0,0.0,0.0,Non-malignant disease,
2022_Madissoon_NatGenet_Lung|WSSS8123926,0.0,0.005305039787798408,0.013262599469496022,0.005305039787798408,0.007957559681697613,0.9549071618037135,0.013262599469496022,Control,
2021_Cheng_Cell_Myeloid|ESCA-P20190410-T,0.0,0.3194444444444444,0.2361111111111111,0.3611111111111111,0.027777777777777776,0.0,0.05555555555555555,Cancer_Tumor,ESCA
BICCN|10X237-3_S01,0.019315188762071993,0.0,0.0,0.0,0.9806848112379281,0.0,0.0,Control,
2021_Melms_Nature_Lung-COVID19|L06cov,0.43967828418230565,0.10991957104557641,0.0,0.0,0.005361930294906166,0.0,0.4450402144772118,Non-malignant disease,
BICCN|10X175-8_S01,0.01992966002344666,0.0,0.0,0.0,0.9800703399765534,0.0,0.0,Control,
2020_Litvinukova_Nature_Heart|HCAHeartST11064575,0.9888888888888889,0.0,0.0,0.0,0.011111111111111112,0.0,0.0,Control,
2020_Adams_SciAdv_IPF|47I-a,0.0,0.18562874251497005,0.0,0.0,0.0,0.5688622754491018,0.24550898203592814,Non-malignant disease,
2022_Kumar_CancerDis_Gastric|GSM5573467_sample2,0.07407407407407407,0.2962962962962963,0.16666666666666666,0.05555555555555555,0.0,0.0,0.4074074074074074,Cancer_Tumor,GC
SEAAD|NW_TX0150-8,0.0,0.0,0.0,0.0,1.0,0.0,0.0,Control,
SEAAD|NW_TX0125-2,0.012244897959183673,0.0,0.0,0.0,0.9877551020408163,0.0,0.0,Non-malignant disease,
2023_Lake_Nature_Kidney|HCKD3110013,0.05333333333333334,0.0,0.0,0.0,0.9466666666666667,0.0,0.0,Non-malignant disease,
2023_Kumar_Nature_Breast|hbca_c63,0.24489795918367346,0.2925170068027211,0.0,0.0,0.46258503401360546,0.0,0.0,Control,
2022_Emont_Nature_WAT|Hs_OAT_255-1,0.9121338912133892,0.0,0.0,0.0,0.08786610878661087,0.0,0.0,Control,
2023_Kumar_Nature_Breast|hbca_c92,0.37037037037037035,0.21481481481481482,0.0,0.17037037037037037,0.1925925925925926,0.0,0.05185185185185185,Control,
2022_Madissoon_NatGenet_Lung|WSSS8062682,0.44559585492227977,0.24352331606217617,0.0,0.0,0.031088082901554404,0.2694300518134715,0.010362694300518135,Control,
ROSMAP|201024-B59-B_NYGC_S4,0.017857142857142856,0.0,0.0,0.0,0.9821428571428571,0.0,0.0,Control,
Morabito2021|Sample_58,0.0,0.0,0.0,0.0,1.0,0.0,0.0,Control,
2023_Kumar_Nature_Breast|hbca_c157,0.2348993288590604,0.3534675615212528,0.0,0.06040268456375839,0.3512304250559284,0.0,0.0,Cancer_Tumor,BRCA
2021_Pelka_Cell_CRC|C110_T_1_1_1_c1_v2,0.0,0.0,0.6283185840707964,0.0,0.0,0.02654867256637168,0.34513274336283184,Cancer_Tumor,CRC
BICCN|10X173-4_S17,0.0,0.0,0.0,0.0,1.0,0.0,0.0,Control,
2023_Kumar_Nature_Breast|hbca_c136,0.02727272727272727,0.7727272727272727,0.0,0.0,0.13636363636363635,0.0,0.06363636363636363,Control,
2022_Zhou_NatGenet_PDAC|HT412P1-S1H1A3N1Z1_1Bmn1_1,0.1111111111111111,0.0,0.0,0.0,0.8888888888888888,0.0,0.0,Cancer_Tumor,PC
BICCN|10X391-3_S21,0.0,0.0,0.0,0.0,1.0,0.0,0.0,Control,
ROSMAP|200312-B21-B_NYGC_S4,0.054945054945054944,0.0,0.0,0.0,0.945054945054945,0.0,0.0,Control,
2022_Emont_Nature_WAT|Hs_SAT_255-1,0.9924242424242424,0.0,0.0,0.0,0.007575757575757576,0.0,0.0,Control,
BICCN|10X243-3_S16,0.0,0.0,0.0,0.0,1.0,0.0,0.0,Control,
Morabito2021|Sample_66,0.010638297872340425,0.0,0.0,0.0,0.9893617021276596,0.0,0.0,Control,
2021_Pal_EMBO_Breast|GSM4909284_TN-MH0114-T2,0.05172413793103448,0.07758620689655173,0.20689655172413793,0.0,0.20689655172413793,0.1206896551724138,0.33620689655172414,Cancer_Tumor,BRCA
2023_Kong_Immunity_CD|N195045_L1,0.8073394495412844,0.10091743119266056,0.03669724770642202,0.0,0.05504587155963303,0.0,0.0,Non-malignant disease,
2022_Emont_Nature_WAT|Hs_SAT_02-1,0.9977851605758582,0.0,0.0,0.0,0.0022148394241417496,0.0,0.0,Control,
2021_Pelka_Cell_CRC|C172_T_0_0_0_c1_v3,0.0,0.0,0.93048128342246,0.0,0.0106951871657754,0.0106951871657754,0.0481283422459893,Cancer_Tumor,CRC
2022_Zhou_NatGenet_PDAC|HT264P1-S1H2Fc2A2N1Z1_1Bmn1,0.68,0.0,0.0,0.0,0.32,0.0,0.0,Cancer_Tumor,PC
2022_Hwang_NatGenet_PDAC|T23_Other,0.25287356321839083,0.0,0.0,0.0,0.7471264367816092,0.0,0.0,Cancer_Tumor,PC
2020_Adams_SciAdv_IPF|179I,0.02584493041749503,0.21272365805168986,0.0,0.0,0.0,0.5228628230616302,0.23856858846918488,Non-malignant disease,
ROSMAP|201207-B63-B_NYGC_S3,0.0,0.0,0.0,0.0,1.0,0.0,0.0,Control,
SEAAD|NW_TX0133-3,0.06349206349206349,0.0,0.0,0.0,0.9365079365079365,0.0,0.0,Non-malignant disease,
2023_Kumar_Nature_Breast|hbca_c26,0.2622568093385214,0.0,0.0,0.00933852140077821,0.0,0.0,0.7284046692607004,Control,
2022_Reichart_Science_Heart|BS_DO1_LV0_premrna,0.9642857142857143,0.0,0.0,0.017857142857142856,0.017857142857142856,0.0,0.0,Non-malignant disease,
2022_Dominguez-Conde_Science_CellTypist|Pan_T7980367,0.0,0.010309278350515464,0.0,0.0,0.0,0.9896907216494846,0.0,Control,
BICCN|10X386-2_S13,0.03980099502487562,0.0,0.0,0.0,0.9601990049751243,0.0,0.0,Control,
SEAAD|NW_TX0131-9,0.0,0.0,0.0,0.0,1.0,0.0,0.0,Non-malignant disease,
BICCN|10X225-1_S01,0.018779342723004695,0.0,0.0,0.0,0.9812206572769953,0.0,0.0,Control,
SEAAD|NW_TX0130-8,0.04700854700854701,0.0,0.0,0.0,0.9529914529914529,0.0,0.0,Control,
2020_Adams_SciAdv_IPF|217CO-a,0.046632124352331605,0.23834196891191708,0.0,0.0,0.0,0.7150259067357513,0.0,Non-malignant disease,
2020_Litvinukova_Nature_Heart|HCAHeart9508627,0.734375,0.0,0.0,0.0,0.265625,0.0,0.0,Control,
2022_Dominguez-Conde_Science_CellTypist|CZINY-0103,0.0,0.032357473035439135,0.0,0.0,0.0,0.8967642526964561,0.07087827426810478,Control,
SEAAD|NW_TX0121-8,0.0,0.0,0.0,0.0,1.0,0.0,0.0,Control,
2022_Reichart_Science_Heart|BO_H06_S00_premrna,0.9878048780487805,0.0,0.0,0.0,0.006097560975609756,0.0,0.006097560975609756,Non-malignant disease,
2022_Dominguez-Conde_Science_CellTypist|CZI-IA10471912+CZI-IA10472008,0.37254901960784315,0.09803921568627451,0.0196078431372549,0.0784313725490196,0.09803921568627451,0.3333333333333333,0.0,Control,
ROSMAP|191219-B9-B_Broad_S4,0.0,0.0,0.0,0.0,1.0,0.0,0.0,Control,
ROSMAP|200721-B37-A_NYGC_S1,0.0,0.0,0.0,0.0,1.0,0.0,0.0,Control,
ROSMAP|200908-B50-B_NYGC_S4,0.018575851393188854,0.0,0.0,0.0,0.9814241486068112,0.0,0.0,Control,
2022_Reichart_Science_Heart|BO_H84_LV0_premrna,0.8380952380952381,0.0,0.0,0.0,0.1619047619047619,0.0,0.0,Non-malignant disease,
2023_Kumar_Nature_Breast|hbca_c83,0.6294416243654822,0.12436548223350254,0.0,0.0,0.24619289340101522,0.0,0.0,Control,
2023_Kumar_Nature_Breast|hbca_c107,0.22330097087378642,0.1796116504854369,0.0,0.0,0.5970873786407767,0.0,0.0,Control,
2022_Reichart_Science_Heart|BO_H46_S00_premrna,0.9166666666666666,0.0,0.0,0.0,0.08333333333333333,0.0,0.0,Control,
SEAAD|NW_TX0151-4,0.04878048780487805,0.0,0.0,0.0,0.9512195121951219,0.0,0.0,Control,
BICCN|10X418-2_S7,0.061224489795918366,0.0,0.0,0.0,0.9387755102040817,0.0,0.0,Control,
2022_Reichart_Science_Heart|BO_H11_RV0_premrna,0.9747634069400631,0.0,0.0,0.0,0.025236593059936908,0.0,0.0,Non-malignant disease,
ROSMAP|200309-B17-B_NYGC_S2,0.024793388429752067,0.0,0.0,0.0,0.9752066115702479,0.0,0.0,Control,
SEAAD|NW_TX0119-6,0.018867924528301886,0.0,0.0,0.0,0.9811320754716981,0.0,0.0,Control,
SEAAD|NW_TX0122-6,0.04242424242424243,0.0,0.0,0.0,0.9575757575757575,0.0,0.0,Non-malignant disease,
2021_Zheng_Science_TIL|THCA_P20190108_T,0.03968253968253968,0.6666666666666666,0.047619047619047616,0.0,0.20634920634920634,0.023809523809523808,0.015873015873015872,Cancer_Tumor,THCA
2023_Kumar_Nature_Breast|hbca_c52,0.35344827586206895,0.0,0.0,0.0,0.6422413793103449,0.004310344827586207,0.0,Control,
SEAAD|NW_TX0159-7,0.0,0.0,0.0,0.0,1.0,0.0,0.0,Non-malignant disease,
Xie2021|R3_TP,0.0,0.0,0.0,0.0,1.0,0.0,0.0,Control,
2023_Kumar_Nature_Breast|hbca_c114,0.29896907216494845,0.18556701030927836,0.0,0.0,0.5154639175257731,0.0,0.0,Control,
2022_Reichart_Science_Heart|BO_H25_RVN_premrna,0.9694323144104804,0.0,0.0,0.0,0.03056768558951965,0.0,0.0,Non-malignant disease,
2020_Adams_SciAdv_IPF|123I,0.018518518518518517,0.1748971193415638,0.0,0.0,0.0,0.48148148148148145,0.32510288065843623,Non-malignant disease,
BICCN|10X391-6_S30,0.0,0.0,0.0,0.0,1.0,0.0,0.0,Control,
2020_Habermann_SciAdv_Lung-COVID19|GSM5226575_C52ctr,0.2624113475177305,0.0070921985815602835,0.0,0.0,0.028368794326241134,0.7021276595744681,0.0,Control,
BICCN|10X241-7_S12,0.0,0.0,0.0,0.0,1.0,0.0,0.0,Control,
2020_Litvinukova_Nature_Heart|HCAHeart7850546,0.7666666666666667,0.02857142857142857,0.0,0.03333333333333333,0.0,0.0,0.17142857142857143,Control,
2022_Dominguez-Conde_Science_CellTypist|CZINY-0098,0.0,0.04246575342465753,0.0,0.0,0.0,0.9013698630136986,0.056164383561643834,Control,
BICCN|10X329-1_S01,0.0,0.0,0.0,0.0,1.0,0.0,0.0,Control,
SEAAD|NW_TX0117-5,0.013636363636363636,0.0,0.0,0.0,0.9863636363636363,0.0,0.0,Non-malignant disease,
2023_Kumar_Nature_Breast|hbca_n15,0.7435897435897436,0.01282051282051282,0.0,0.0,0.18269230769230768,0.0,0.060897435897435896,Control,
BICCN|10X360-8_S01,0.0,0.0,0.0,0.0,1.0,0.0,0.0,Control,
ROSMAP|201007-B58-A_NYGC_S1,0.0,0.0,0.0,0.0,1.0,0.0,0.0,Control,
2020_Litvinukova_Nature_Heart|HCAHeart9845432,1.0,0.0,0.0,0.0,0.0,0.0,0.0,Control,
Morabito2021|Sample_52,0.0,0.0,0.0,0.0,1.0,0.0,0.0,Control,
Evan2019|SN5534_a,0.0,0.0,0.0,0.0,1.0,0.0,0.0,Non-malignant disease,
ROSMAP|190409-B5-A_Broad_S1,0.04025423728813559,0.0,0.0,0.0,0.9597457627118644,0.0,0.0,Control,
2022_Reichart_Science_Heart|BO_H72_LV0_premrna,0.9709677419354839,0.0,0.0,0.0,0.02903225806451613,0.0,0.0,Non-malignant disease,
2023_Kumar_Nature_Breast|hbca_c153,0.1366906474820144,0.1223021582733813,0.0,0.0,0.7410071942446043,0.0,0.0,Control,
2021_Cheng_Cell_Myeloid|RC-P20190918-N,0.5110220440881763,0.13627254509018036,0.0,0.028056112224448898,0.3246492985971944,0.0,0.0,Cancer_AdjNorm,RCC
2022_Madissoon_NatGenet_Lung|WSSS8123930,0.31343283582089554,0.08955223880597014,0.014925373134328358,0.2835820895522388,0.05970149253731343,0.22388059701492538,0.014925373134328358,Control,
2023_Hirz_NatComm_Prostate|GSM5494376_SCG-PCA20-N-LG,0.05172413793103448,0.2413793103448276,0.0,0.1206896551724138,0.5862068965517241,0.0,0.0,Cancer_AdjNorm,PRC
BICCN|10X357-5_S01,0.0,0.0,0.0,0.0,1.0,0.0,0.0,Control,
2022_Gur_Cell_Sceleroderma|GSM5837389_AB7696,0.9180327868852459,0.08196721311475409,0.0,0.0,0.0,0.0,0.0,Non-malignant disease,
2022_Reichart_Science_Heart|BO_H49_LV1_premrna,0.9428571428571428,0.0,0.0,0.0,0.05714285714285714,0.0,0.0,Control,
BICCN|10X387-2_S20,0.0,0.0,0.0,0.0,1.0,0.0,0.0,Control,
2023_Kong_Immunity_CD|N195045_L2,0.8478260869565217,0.0,0.03260869565217391,0.0,0.11956521739130435,0.0,0.0,Non-malignant disease,
2022_Reichart_Science_Heart|BO_H57_LV0_premrna,0.9906542056074766,0.0,0.0,0.0,0.009345794392523364,0.0,0.0,Non-malignant disease,
2022_Reichart_Science_Heart|BO_H49_LV0_premrna,1.0,0.0,0.0,0.0,0.0,0.0,0.0,Control,
BICCN|10X176-3_S01,0.008016032064128256,0.0,0.0,0.0,0.9919839679358717,0.0,0.0,Control,
2022_Emont_Nature_WAT|Hs_SAT_SVF_239-3A-1,0.03669724770642202,0.0,0.0,0.0,0.01834862385321101,0.0,0.944954128440367,Control,
ROSMAP|200226-B11-B_NYGC_S1,0.01818181818181818,0.0,0.0,0.0,0.9818181818181818,0.0,0.0,Control,
2020_Adams_SciAdv_IPF|484C,0.004672897196261682,0.308411214953271,0.0,0.0,0.0,0.6869158878504673,0.0,Control,
BICCN|HSB106_4_S1,0.07377049180327869,0.0,0.0,0.0,0.9262295081967213,0.0,0.0,Control,
2021_Pelka_Cell_CRC|C133_T_0_0_0_c1_v2,0.208955223880597,0.1044776119402985,0.11940298507462686,0.0,0.0,0.0,0.5671641791044776,Cancer_Tumor,CRC
ROSMAP|191122-B6-R1710143-alone_Broad_S6,0.05405405405405406,0.0,0.0,0.0,0.9459459459459459,0.0,0.0,Control,
ROSMAP|200715-B35-B_NYGC_S1,0.0,0.0,0.0,0.0,1.0,0.0,0.0,Control,
BICCN|10X236-2_S13,0.0,0.0,0.0,0.0,1.0,0.0,0.0,Control,
BICCN|10X277-8_S01,0.04477611940298507,0.0,0.0,0.0,0.9552238805970149,0.0,0.0,Control,
2022_Zhou_NatGenet_PDAC|HT288P1-S1H4Fc2A2N1Z1_1Bmn1_1,0.10227272727272728,0.0,0.0,0.0,0.8977272727272727,0.0,0.0,Cancer_Tumor,PC
BICCN|10X203-2_S01,0.0,0.0,0.0,0.0,1.0,0.0,0.0,Control,
2022_Kumar_CancerDis_Gastric|GSM5573480_sample15,0.06818181818181818,0.6948051948051948,0.18506493506493507,0.0,0.032467532467532464,0.0,0.01948051948051948,Cancer_Tumor,GC
2021_Cheng_Cell_Myeloid|UCEC-P20181122-N,0.0,0.8563829787234043,0.0,0.14361702127659576,0.0,0.0,0.0,Cancer_AdjNorm,EC
2022_Kumar_CancerDis_Gastric|GSM5573496_sample31,0.3584905660377358,0.5566037735849056,0.0,0.0,0.0,0.0,0.08490566037735849,Control,
2023_Hirz_NatComm_Prostate|GSM5494353_SCG-PCA4-N-HG,0.46875,0.3229166666666667,0.0,0.0,0.20833333333333334,0.0,0.0,Cancer_AdjNorm,PRC
SEAAD|NW_TX0141-2,0.0,0.010638297872340425,0.0,0.0,0.9893617021276596,0.0,0.0,Non-malignant disease,
2022_Reichart_Science_Heart|BO_H40_LV2_premrna,0.9835164835164835,0.0,0.0,0.0,0.016483516483516484,0.0,0.0,Non-malignant disease,
SEAAD|NW_TX0082-6,0.0,0.0,0.0,0.0,1.0,0.0,0.0,Non-malignant disease,
2020_Adams_SciAdv_IPF|178CO,0.008142894667717364,0.016285789335434727,0.0,0.0,0.0021013921723141583,0.9734699238245338,0.0,Non-malignant disease,
BICCN|10X230-3_S3,0.0,0.0,0.0,0.0,1.0,0.0,0.0,Control,
2021_Cheng_Cell_Myeloid|UCEC-P20190911-T,0.04225352112676056,0.6619718309859155,0.014084507042253521,0.1267605633802817,0.014084507042253521,0.0,0.14084507042253522,Cancer_Tumor,EC
2021_Cheng_Cell_Myeloid|UCEC-P20190910-T,0.02053388090349076,0.3408624229979466,0.07392197125256673,0.188911704312115,0.35523613963039014,0.0,0.02053388090349076,Cancer_Tumor,EC
Herring2022|RL2100,0.291044776119403,0.0,0.0,0.0,0.7089552238805971,0.0,0.0,Control,
SEAAD|NW_TX0166-4,0.06,0.0,0.0,0.0,0.94,0.0,0.0,Non-malignant disease,
BICCN|10X387-7_S1,0.04895104895104895,0.0,0.0,0.0,0.951048951048951,0.0,0.0,Control,
2021_Wu_NatGenet_Breast|CID4290A,0.0,0.296969696969697,0.0,0.2787878787878788,0.42424242424242425,0.0,0.0,Cancer_Tumor,BRCA
2021_Pal_EMBO_Breast|GSM4909308_ER-MH0040-LN,0.06944444444444445,0.0,0.0,0.0,0.8472222222222222,0.08333333333333333,0.0,Cancer_Tumor,BRCA
2022_Madissoon_NatGenet_Lung|WSSS8062679,0.2981366459627329,0.4720496894409938,0.0,0.0,0.018633540372670808,0.20496894409937888,0.006211180124223602,Control,
ROSMAP|200908-B50-B_NYGC_S1,0.013927576601671309,0.0,0.0,0.0,0.9860724233983287,0.0,0.0,Control,
2021_Pelka_Cell_CRC|C123_T_1_1_1_c1_v2,0.0,0.05,0.7611111111111111,0.0,0.044444444444444446,0.03333333333333333,0.1111111111111111,Cancer_Tumor,CRC
2021_Pal_EMBO_Breast|GSM4909289_HER2-AH0308,0.06338028169014084,0.16901408450704225,0.0,0.0,0.7183098591549296,0.007042253521126761,0.04225352112676056,Cancer_Tumor,BRCA
ROSMAP|200825-B48-B_NYGC_S3,0.040983606557377046,0.0,0.0,0.0,0.9590163934426229,0.0,0.0,Control,
2022_Hwang_NatGenet_PDAC|T10_CRT,0.6181818181818182,0.0,0.0,0.0,0.38181818181818183,0.0,0.0,Cancer_Tumor,PC
2022_Reichart_Science_Heart|BO_H35_LV0_premrna,0.9652509652509652,0.0,0.0,0.0,0.03474903474903475,0.0,0.0,Non-malignant disease,
SEAAD|NW_TX0185-1,0.04020100502512563,0.0,0.0,0.0,0.9597989949748744,0.0,0.0,Non-malignant disease,
ROSMAP|201207-B63-B_NYGC_S1,0.0,0.0,0.0,0.0,1.0,0.0,0.0,Control,
2022_Madissoon_NatGenet_Lung|HCATisStab7732262,0.01818181818181818,0.05454545454545454,0.0,0.0,0.01818181818181818,0.8727272727272727,0.03636363636363636,Control,
Evan2019|LC5699_b,0.0,0.0,0.0,0.0,1.0,0.0,0.0,Non-malignant disease,
2022_Hwang_NatGenet_PDAC|U18_Untreated,0.3894736842105263,0.010526315789473684,0.11578947368421053,0.0,0.4631578947368421,0.0,0.021052631578947368,Cancer_Tumor,PC
BICCN|10X362-6_S14,0.0,0.0,0.0,0.03759398496240601,0.9624060150375939,0.0,0.0,Control,
BICCN|10X385-6_S11,0.009259259259259259,0.0,0.0,0.0,0.9907407407407407,0.0,0.0,Control,
ROSMAP|201207-B63-A_NYGC_S2,0.04054054054054054,0.0,0.0,0.0,0.9594594594594594,0.0,0.0,Control,
SEAAD|NW_TX0079-10,0.0,0.0,0.0,0.0,1.0,0.0,0.0,Non-malignant disease,
2020_Litvinukova_Nature_Heart|HCAHeart7664653,1.0,0.0,0.0,0.0,0.0,0.0,0.0,Control,
ROSMAP|200227-B12-A_NYGC_S1,0.07142857142857142,0.0,0.0,0.0,0.9285714285714286,0.0,0.0,Control,
2022_Guilliams_Cell_Liver|CISE07,0.07035175879396985,0.0,0.0,0.0,0.8793969849246231,0.0,0.05025125628140704,Cancer_Metastasis,CRC
2023_Kumar_Nature_Breast|hbca_c69,0.5095419847328244,0.0,0.0,0.013358778625954198,0.4770992366412214,0.0,0.0,Control,
2022_Reichart_Science_Heart|BO_H10_LV0_premrna,0.972972972972973,0.0,0.0,0.0,0.02702702702702703,0.0,0.0,Non-malignant disease,
2022_Hwang_NatGenet_PDAC|U5_Untreated,0.52,0.01,0.0,0.0,0.47,0.0,0.0,Cancer_Tumor,PC
2020_Litvinukova_Nature_Heart|HCAHeartST11350198,1.0,0.0,0.0,0.0,0.0,0.0,0.0,Control,
ROSMAP|200227-B12-B_NYGC_S1,0.047619047619047616,0.0,0.0,0.0,0.9523809523809523,0.0,0.0,Control,
2020_Litvinukova_Nature_Heart|HCAHeart9508628,0.9746835443037974,0.0,0.0,0.0,0.02531645569620253,0.0,0.0,Control,
2020_Adams_SciAdv_IPF|051I,0.0539568345323741,0.3776978417266187,0.0,0.01079136690647482,0.007194244604316547,0.03237410071942446,0.5179856115107914,Non-malignant disease,
SEAAD|NW_TX0128-2,0.03333333333333333,0.0,0.0,0.0,0.9666666666666667,0.0,0.0,Control,
2020_Litvinukova_Nature_Heart|HCAHeartST13180616,1.0,0.0,0.0,0.0,0.0,0.0,0.0,Control,
2022_Zhou_NatGenet_PDAC|HT232P1-S1H1Fc2A2_1N1Bmn1_1,0.5941558441558441,0.012987012987012988,0.0,0.0,0.37012987012987014,0.003246753246753247,0.01948051948051948,Cancer_Tumor,PC
2021_Ren_Cell_COVID|S-M075,0.0,0.0,0.28692493946731235,0.0,0.0,0.7130750605326877,0.0,Non-malignant disease,
2022_Reichart_Science_Heart|BO_H36_RV0_premrna,0.9795221843003413,0.0,0.0,0.0,0.020477815699658702,0.0,0.0,Non-malignant disease,
Zhang2022|HSDG07HC,0.006134969325153374,0.0,0.0,0.0,0.9938650306748467,0.0,0.0,Control,
2022_Guilliams_Cell_Liver|CS110,0.9313929313929314,0.006237006237006237,0.0,0.0,0.062370062370062374,0.0,0.0,Non-malignant disease,
2021_Pelka_Cell_CRC|C155_T_0_0_0_c1_v3,0.13333333333333333,0.0,0.26666666666666666,0.0,0.013333333333333334,0.14666666666666667,0.44,Cancer_Tumor,CRC
2020_Adams_SciAdv_IPF|084C,0.05925925925925926,0.1259259259259259,0.022222222222222223,0.0,0.044444444444444446,0.7481481481481481,0.0,Control,
BICCN|10X392-4_S60,0.0,0.0,0.0,0.0,1.0,0.0,0.0,Control,
2023_Kumar_Nature_Breast|hbca_c11,0.667590027700831,0.07756232686980609,0.0,0.0,0.13573407202216067,0.0221606648199446,0.09695290858725762,Cancer_Tumor,BRCA
2021_Melms_Nature_Lung-COVID19|C51ctr,0.7151515151515152,0.0,0.0,0.0,0.10909090909090909,0.17575757575757575,0.0,Control,
SEAAD|NW_TX0080-7,0.02857142857142857,0.0,0.0,0.0,0.9714285714285714,0.0,0.0,Control,
2021_Cheng_Cell_Myeloid|RC-P20190925-N,0.3402777777777778,0.4027777777777778,0.0,0.0,0.2569444444444444,0.0,0.0,Cancer_AdjNorm,RCC
2023_Kong_Immunity_CD|I117351_L,0.1111111111111111,0.05555555555555555,0.7929292929292929,0.0,0.0,0.0,0.04040404040404041,Non-malignant disease,
2023_Hirz_NatComm_Prostate|GSM5494354_SCG-PCA5-T-LG,0.48148148148148145,0.4074074074074074,0.0,0.0,0.1111111111111111,0.0,0.0,Cancer_Tumor,PRC
BICCN|10X219-2_S01,0.019178082191780823,0.0,0.0,0.0,0.9808219178082191,0.0,0.0,Control,
BICCN|10X222-7_S01,0.0,0.0,0.0,0.0,1.0,0.0,0.0,Control,
SEAAD|NW_TX0153-5,0.0707070707070707,0.0,0.0,0.0,0.9292929292929293,0.0,0.0,Non-malignant disease,
2022_Kumar_CancerDis_Gastric|GSM5573475_sample10,0.3333333333333333,0.5263157894736842,0.0,0.07017543859649122,0.07017543859649122,0.0,0.0,Cancer_Tumor,GC
2021_Pelka_Cell_CRC|C161_T_1_1_0_c1_v3,0.0,0.0,0.6811594202898551,0.0,0.043478260869565216,0.014492753623188406,0.2608695652173913,Cancer_Tumor,CRC
2021_Ren_Cell_COVID|S-S006,0.0,0.0625,0.0,0.0,0.0,0.0625,0.875,Non-malignant disease,
Evan2019|SN5828_b,0.0,0.0,0.0,0.0,1.0,0.0,0.0,Control,
Genevieve2021|P82_donor_5,0.015625,0.0,0.0,0.0,0.984375,0.0,0.0,Non-malignant disease,
2023_Lake_Nature_Kidney|KC82,0.9240506329113924,0.0,0.0,0.0,0.0759493670886076,0.0,0.0,Control,
2020_Litvinukova_Nature_Heart|HCAHeart7844001,0.9593073593073593,0.0,0.0,0.022510822510822513,0.01818181818181818,0.0,0.0,Control,
ROSMAP|191217-B8-B_Broad_S2,0.020942408376963352,0.0,0.0,0.0,0.9790575916230366,0.0,0.0,Control,
BICCN|10X229-4_S10,0.0,0.0,0.0,0.0,1.0,0.0,0.0,Control,
BICCN|10X276-2_S01,0.0,0.0,0.0,0.0,1.0,0.0,0.0,Control,
2020_Litvinukova_Nature_Heart|HCAHeart7844000,0.46774193548387094,0.0,0.016129032258064516,0.0967741935483871,0.20967741935483872,0.04838709677419355,0.16129032258064516,Control,
2021_Wu_NatGenet_Breast|CID3948,0.0,0.4918032786885246,0.09836065573770492,0.2459016393442623,0.14754098360655737,0.01639344262295082,0.0,Cancer_Tumor,BRCA
BICCN|10X222-2_S01,0.0,0.0,0.0,0.0,1.0,0.0,0.0,Control,
Evan2019|SN5893_b,0.0,0.0,0.0,0.0,1.0,0.0,0.0,Non-malignant disease,
SEAAD|NW_TX0120-6,0.0,0.0,0.0,0.0,1.0,0.0,0.0,Control,
2021_Cheng_Cell_Myeloid|RC-P20190919-T,0.284452296819788,0.07420494699646643,0.29858657243816256,0.053003533568904596,0.23851590106007067,0.00530035335689046,0.045936395759717315,Cancer_Tumor,RCC
2021_Cheng_Cell_Myeloid|RC-P20181217-N,0.30851063829787234,0.18085106382978725,0.0,0.07446808510638298,0.43617021276595747,0.0,0.0,Cancer_AdjNorm,RCC
SEAAD|NW_TX0164-6,0.0,0.0,0.0,0.0,1.0,0.0,0.0,Control,
2023_Hickey_Nature_Intestine|B008-A-002,0.9310344827586207,0.0,0.0,0.0,0.06896551724137931,0.0,0.0,Control,
2023_Kong_Immunity_CD|N191305_L1,0.3900414937759336,0.0,0.5103734439834025,0.0,0.0912863070539419,0.008298755186721992,0.0,Non-malignant disease,
ROSMAP|201022-B61-A_NYGC_S3,0.0603448275862069,0.0,0.0,0.0,0.9396551724137931,0.0,0.0,Control,
SEAAD|NW_TX0166-5,0.0,0.0,0.0,0.0,1.0,0.0,0.0,Control,
2023_Kumar_Nature_Breast|hbca_c129,0.08270676691729323,0.5714285714285714,0.0,0.0,0.3383458646616541,0.007518796992481203,0.0,Control,
2021_Wu_NatGenet_Breast|CID4515,0.0,0.14516129032258066,0.46774193548387094,0.0,0.13440860215053763,0.0,0.25268817204301075,Cancer_Tumor,BRCA
2021_Szabo_Immunity_COVID19|COV026_respiratory_airway_7days,0.0,0.0,0.0,0.0,0.0196078431372549,0.39215686274509803,0.5882352941176471,Non-malignant disease,
2021_Ren_Cell_COVID|S-M032,0.0,0.0,0.6903225806451613,0.0,0.0,0.0,0.3096774193548387,Non-malignant disease,
2022_Guilliams_Cell_Liver|CISE06,0.11188811188811189,0.0,0.0,0.0,0.8391608391608392,0.0,0.04895104895104895,Cancer_Metastasis,CRC
BICCN|10X218-7_S5,0.0,0.0,0.0,0.0,1.0,0.0,0.0,Control,
2023_Kumar_Nature_Breast|hbca_c89,0.2988505747126437,0.3160919540229885,0.0,0.0,0.3563218390804598,0.0,0.028735632183908046,Control,
BICCN|10X375-6_S8,0.0,0.0,0.0,0.0,1.0,0.0,0.0,Control,
2021_Pal_EMBO_Breast|GSM4909303_ER-MH0151,0.23529411764705882,0.08496732026143791,0.0,0.0,0.6143790849673203,0.0,0.06535947712418301,Cancer_Tumor,BRCA
2020_Adams_SciAdv_IPF|056CO,0.050143266475644696,0.0988538681948424,0.0,0.0,0.0,0.8510028653295129,0.0,Non-malignant disease,
2020_Adams_SciAdv_IPF|053I-d,0.02763819095477387,0.1507537688442211,0.0,0.0,0.005025125628140704,0.6809045226130653,0.135678391959799,Non-malignant disease,
2023_Kumar_Nature_Breast|hbca_c59,0.16770186335403728,0.16770186335403728,0.0,0.12422360248447205,0.5403726708074534,0.0,0.0,Control,
2021_Pelka_Cell_CRC|C162_T_0_0_1_c2_v2,0.23591549295774647,0.0035211267605633804,0.6232394366197183,0.0,0.035211267605633804,0.0,0.10211267605633803,Cancer_Tumor,CRC
2021_Stephenson_NatMed_COVID19|MH9143423,0.0,0.0,1.0,0.0,0.0,0.0,0.0,Non-malignant disease,
BICCN|10X229-7_S13,0.0,0.0,0.0,0.0,1.0,0.0,0.0,Control,
BICCN|HSB189_1_S1,0.10126582278481013,0.0,0.0,0.0,0.8987341772151899,0.0,0.0,Control,
SEAAD|NW_TX0089-11,0.02112676056338028,0.0,0.0,0.0,0.9788732394366197,0.0,0.0,Non-malignant disease,
BICCN|10X204-3_S17,0.0,0.0,0.0,0.0,1.0,0.0,0.0,Control,
2022_Reichart_Science_Heart|BO_H67_LV0_premrna,0.8431372549019608,0.0,0.0,0.0,0.1568627450980392,0.0,0.0,Control,
BICCN|10X218-1_S13,0.0,0.0,0.0,0.0,1.0,0.0,0.0,Control,
2022_Reichart_Science_Heart|BO_H40_LVW_premrna,0.9759450171821306,0.0,0.0,0.0,0.024054982817869417,0.0,0.0,Non-malignant disease,
ROSMAP|201207-B63-A_NYGC_S3,0.02586206896551724,0.0,0.0,0.0,0.9741379310344828,0.0,0.0,Control,
ROSMAP|201007-B58-B_NYGC_S1,0.0,0.0,0.0,0.0,1.0,0.0,0.0,Control,
2023_Fonseca_NatGenet_Endometriosis|sample14,0.1206896551724138,0.5172413793103449,0.0603448275862069,0.0,0.1724137931034483,0.0603448275862069,0.06896551724137931,Non-malignant disease,
2023_Kumar_Nature_Breast|hbca_c82,0.6975476839237057,0.027247956403269755,0.0,0.0,0.27520435967302453,0.0,0.0,Control,
2021_Ren_Cell_COVID|S-S085-1,0.0,0.0,1.0,0.0,0.0,0.0,0.0,Non-malignant disease,
2021_Wu_NatGenet_Breast|CID44971,0.0,0.0,0.15450643776824036,0.0,0.7339055793991416,0.02575107296137339,0.08583690987124463,Cancer_Tumor,BRCA
2023_Wang_SciAdv_CRC|s0107_Liver_Metastasis,0.0,0.29236499068901306,0.08193668528864059,0.6201117318435754,0.0,0.0,0.00558659217877095,Cancer_Metastasis,CRC
2020_Litvinukova_Nature_Heart|HCAHeartST13180617,0.9882005899705014,0.011799410029498525,0.0,0.0,0.0,0.0,0.0,Control,
2021_Pal_EMBO_Breast|GSM4909287_TN-B1-Tum0554,0.06779661016949153,0.06271186440677966,0.6745762711864407,0.0,0.08644067796610169,0.005084745762711864,0.10338983050847457,Cancer_Tumor,BRCA
2021_Chan_CancerCell_SCLC|RU1137,0.0,0.8507462686567164,0.05970149253731343,0.0,0.0,0.04477611940298507,0.04477611940298507,Cancer_Tumor,NSCLC
BICCN|10X360-3_S01,0.0,0.0,0.0,0.0,1.0,0.0,0.0,Control,
2020_Litvinukova_Nature_Heart|HCAHeart8287127,0.9166666666666666,0.03571428571428571,0.0,0.0,0.047619047619047616,0.0,0.0,Control,
2022_Dominguez-Conde_Science_CellTypist|CZINY-0100,0.0,0.02197802197802198,0.0,0.0,0.0,0.9481946624803768,0.029827315541601257,Control,
2020_Litvinukova_Nature_Heart|HCAHeartST13180615,0.9944903581267218,0.0,0.0,0.0,0.005509641873278237,0.0,0.0,Control,
ROSMAP|200909-B51-B_NYGC_S1,0.014925373134328358,0.0,0.0,0.0,0.9850746268656716,0.0,0.0,Control,
2022_Emont_Nature_WAT|Hs_SAT_11-1,0.968609865470852,0.0,0.0,0.0,0.0,0.0,0.03139013452914798,Control,
ROSMAP|200810-B45-B_NYGC_S2,0.022058823529411766,0.0,0.0,0.0,0.9779411764705882,0.0,0.0,Control,
BICCN|10X230-2_S01,0.01376720901126408,0.0,0.0,0.0,0.986232790988736,0.0,0.0,Control,
Evan2019|SN6063_b,0.006944444444444444,0.0,0.0,0.0,0.9930555555555556,0.0,0.0,Non-malignant disease,
2023_Hirz_NatComm_Prostate|GSM5494361_SCG-PCA9-N-LG,0.0,0.8529411764705882,0.09803921568627451,0.049019607843137254,0.0,0.0,0.0,Cancer_AdjNorm,PRC
2020_Litvinukova_Nature_Heart|HCAHeartST11350192,1.0,0.0,0.0,0.0,0.0,0.0,0.0,Control,
BICCN|10X362-6_S12,0.0,0.0,0.0,0.02962962962962963,0.9703703703703703,0.0,0.0,Control,
2020_Litvinukova_Nature_Heart|HCAHeart8287126,0.975,0.0125,0.0,0.0,0.0125,0.0,0.0,Control,
2021_Pelka_Cell_CRC|C173_T_0_0_0_c1_v3,0.033707865168539325,0.033707865168539325,0.5617977528089888,0.0,0.02247191011235955,0.0,0.34831460674157305,Cancer_Tumor,CRC
2022_Reichart_Science_Heart|IC_H02_LV0_premrna,0.9922480620155039,0.0,0.0,0.0,0.007751937984496124,0.0,0.0,Non-malignant disease,
2023_Lake_Nature_Kidney|DKD2910006c,0.0,0.0375,0.0,0.0,0.825,0.0,0.1375,Non-malignant disease,
BICCN|10X383-1_S16,0.0,0.0,0.0,0.0,1.0,0.0,0.0,Control,
ROSMAP|200805-B43-A_NYGC_S3,0.02681992337164751,0.0,0.0,0.0,0.9731800766283525,0.0,0.0,Control,
ROSMAP|200715-B35-B_NYGC_S2,0.014285714285714285,0.0,0.0,0.0,0.9857142857142858,0.0,0.0,Control,
SEAAD|NW_TX0033-2,0.0,0.0,0.0,0.0,1.0,0.0,0.0,Control,
ROSMAP|200810-B47-B_NYGC_S3,0.0,0.0,0.0,0.0,1.0,0.0,0.0,Control,
BICCN|10X359-1_S01,0.0,0.0,0.0,0.0,1.0,0.0,0.0,Control,
2022_Reichart_Science_Heart|BO_H41_S00_premrna,0.9690140845070423,0.0,0.0,0.0,0.030985915492957747,0.0,0.0,Non-malignant disease,
2023_Kong_Immunity_CD|N128346_L2,0.600896860986547,0.0,0.33183856502242154,0.0,0.05829596412556054,0.008968609865470852,0.0,Non-malignant disease,
2020_Litvinukova_Nature_Heart|HCAHeart7833853,0.7222222222222222,0.0,0.0,0.0,0.2777777777777778,0.0,0.0,Control,
SEAAD|NW_TX0155-4,0.0,0.0,0.0,0.0,1.0,0.0,0.0,Control,
2023_Hirz_NatComm_Prostate|GSM5494369_SCG-PCA16-T-HG,0.26595744680851063,0.5106382978723404,0.0,0.010638297872340425,0.2127659574468085,0.0,0.0,Cancer_Tumor,PRC
BICCN|10X385-4_S9,0.01653575857792476,0.0,0.0,0.0,0.9834642414220752,0.0,0.0,Control,
ROSMAP|201007-B57-B_NYGC_S3,0.03896103896103896,0.0,0.0,0.0,0.961038961038961,0.0,0.0,Control,
2023_Kumar_Nature_Breast|hbca_c152,0.1388888888888889,0.7222222222222222,0.0,0.0,0.1388888888888889,0.0,0.0,Control,
2022_Madissoon_NatGenet_Lung|WSSS8015049,0.056910569105691054,0.15447154471544716,0.0,0.0,0.06504065040650407,0.6910569105691057,0.032520325203252036,Control,
BICCN|10X194-4_S29,0.0,0.0,0.0,0.0,1.0,0.0,0.0,Control,
2023_Kumar_Nature_Breast|hbca_c138,0.06796116504854369,0.6796116504854369,0.0,0.0,0.2524271844660194,0.0,0.0,Control,
BICCN|10X204-8_S5,0.05102040816326531,0.0,0.0,0.0,0.9489795918367347,0.0,0.0,Control,
2022_Reichart_Science_Heart|BO_H32_LVN_premrna,0.9565217391304348,0.0033444816053511705,0.0,0.0,0.04013377926421405,0.0,0.0,Non-malignant disease,
2022_TabulaSapiens_Science_TabulaSapiens|TSP14_Salivary_Gland_Parotid_10X,0.08762322015334063,0.0,0.0,0.0,0.9123767798466593,0.0,0.0,Control,
ROSMAP|201022-B61-A_NYGC_S4,0.018867924528301886,0.0,0.0,0.0,0.9811320754716981,0.0,0.0,Control,
ROSMAP|200310-B18-A_NYGC_S4,0.0,0.0,0.0,0.0,1.0,0.0,0.0,Control,
2023_Kumar_Nature_Breast|hbca_c101,0.15121951219512195,0.24878048780487805,0.0,0.014634146341463415,0.5853658536585366,0.0,0.0,Control,
2023_Kong_Immunity_CD|N189696_L,0.43137254901960786,0.11764705882352941,0.0,0.0,0.45098039215686275,0.0,0.0,Non-malignant disease,
ROSMAP|201022-B61-B_NYGC_S3,0.027586206896551724,0.0,0.0,0.0,0.9724137931034482,0.0,0.0,Control,
2022_Reichart_Science_Heart|BO_H39_RV0_premrna,0.9791666666666666,0.0,0.0,0.0,0.020833333333333332,0.0,0.0,Non-malignant disease,
BICCN|10X206-3_S16,0.0,0.0,0.0,0.0,1.0,0.0,0.0,Control,
2022_vanZyl_PNAS_Eye|Hu216218IrisCS2,0.11538461538461539,0.0,0.0,0.0,0.8846153846153846,0.0,0.0,Control,
BICCN|10X277-3_S01,0.0,0.0,0.0,0.0,1.0,0.0,0.0,Control,
SEAAD|NW_TX0153-3,0.05084745762711865,0.0,0.0,0.0,0.9491525423728814,0.0,0.0,Non-malignant disease,
2023_Monavarfeshani_PNAS_Eye|Hu222ODCho,1.0,0.0,0.0,0.0,0.0,0.0,0.0,Control,
2021_Zheng_Science_TIL|KIDNEY_P20190918_T,0.0,0.6043360433604336,0.016260162601626018,0.008807588075880758,0.3705962059620596,0.0,0.0,Cancer_Tumor,RCC
2023_Wang_SciAdv_CRC|s0107_Colon_Tumor,0.0,0.7288135593220338,0.0,0.2542372881355932,0.01694915254237288,0.0,0.0,Cancer_Tumor,CRC
2022_Guilliams_Cell_Liver|CS32,0.40611353711790393,0.0,0.0,0.0,0.5676855895196506,0.0,0.026200873362445413,Cancer_Metastasis,CRC
2020_Litvinukova_Nature_Heart|HCAHeartST11064577,1.0,0.0,0.0,0.0,0.0,0.0,0.0,Control,
2023_Kumar_Nature_Breast|hbca_c126,0.20883534136546184,0.18072289156626506,0.0,0.0,0.6104417670682731,0.0,0.0,Control,
2022_Madissoon_NatGenet_Lung|WSSS8123931,0.2463768115942029,0.014492753623188406,0.0,0.15942028985507245,0.14492753623188406,0.4057971014492754,0.028985507246376812,Control,
2021_Pal_EMBO_Breast|GSM4909307_ER-MH0040,0.0,0.0,0.0,0.0,0.55,0.0625,0.3875,Cancer_Tumor,BRCA
2022_Hwang_NatGenet_PDAC|T15_CRTl,0.3333333333333333,0.0,0.0,0.0,0.6666666666666666,0.0,0.0,Cancer_Tumor,PC
2021_Szabo_Immunity_COVID19|COV026_respiratory_airway_4days,0.0,0.008635578583765112,0.0,0.05008635578583765,0.0,0.29360967184801384,0.6476683937823834,Non-malignant disease,
2022_Hwang_NatGenet_PDAC|T16_CRTl,0.5418502202643172,0.0,0.0,0.0,0.4581497797356828,0.0,0.0,Cancer_Tumor,PC
2023_Kong_Immunity_CD|N168051_L1,0.6811594202898551,0.0,0.050724637681159424,0.0,0.26811594202898553,0.0,0.0,Non-malignant disease,
SEAAD|NW_TX0160-4,0.0,0.0,0.0,0.0,1.0,0.0,0.0,Non-malignant disease,
2020_Habermann_SciAdv_Lung-COVID19|GSM5226594_L15cov,0.4941860465116279,0.046511627906976744,0.0,0.0,0.040697674418604654,0.4186046511627907,0.0,Non-malignant disease,
2023_Kong_Immunity_CD|H139073_N,0.7716049382716049,0.18106995884773663,0.0,0.0,0.047325102880658436,0.0,0.0,Control,
2020_Litvinukova_Nature_Heart|HCAHeart9845434,1.0,0.0,0.0,0.0,0.0,0.0,0.0,Control,
SEAAD|NW_TX0162-1,0.0449438202247191,0.0,0.0,0.0,0.9550561797752809,0.0,0.0,Control,
2023_Kumar_Nature_Breast|hbca_c65,0.30196078431372547,0.20784313725490197,0.0,0.0,0.49019607843137253,0.0,0.0,Control,
2023_Kumar_Nature_Breast|hbca_c163,0.08021390374331551,0.6470588235294118,0.0,0.0427807486631016,0.22994652406417113,0.0,0.0,Cancer_Tumor,BRCA
2021_Zheng_Science_TIL|ESCA_P20190411_T,0.0,0.7572254335260116,0.1329479768786127,0.10404624277456648,0.0,0.0,0.005780346820809248,Cancer_Tumor,ESCA
2023_Kumar_Nature_Breast|hbca_c108,0.09876543209876543,0.2962962962962963,0.0,0.0,0.6049382716049383,0.0,0.0,Control,
BICCN|10X192-1_S11,0.0547945205479452,0.0,0.0,0.0,0.9315068493150684,0.0136986301369863,0.0,Control,
2021_Szabo_Immunity_COVID19|COV026_respiratory_airway_1days,0.0,0.30597014925373134,0.0,0.0,0.0,0.34328358208955223,0.35074626865671643,Non-malignant disease,
ROSMAP|200227-B12-B_NYGC_S4,0.029411764705882353,0.0,0.0,0.0,0.9705882352941176,0.0,0.0,Control,
Morabito2021|Sample_33,0.03636363636363636,0.0,0.0,0.0,0.9636363636363636,0.0,0.0,Non-malignant disease,
2021_Pal_EMBO_Breast|GSM4909304_ER-MH0163,0.0,0.008928571428571428,0.4017857142857143,0.0,0.16071428571428573,0.05357142857142857,0.375,Cancer_Tumor,BRCA
SEAAD|NW_TX0030-8,0.03333333333333333,0.0,0.0,0.0,0.9666666666666667,0.0,0.0,Control,
BICCN|10X270-4_S01,0.03076923076923077,0.0,0.0,0.0,0.9692307692307692,0.0,0.0,Control,
2022_Reichart_Science_Heart|BS_DP1_LV0_premrna,0.9396092362344582,0.0,0.0,0.0,0.06039076376554174,0.0,0.0,Non-malignant disease,
ROSMAP|200715-B35-A_NYGC_S2,0.0,0.0,0.0,0.0,1.0,0.0,0.0,Control,
