,Fibroblast|IL6,Fibroblast|HSP,Fibroblast|Universal,Fibroblast|KLK1,Fibroblast|LRRC15,Fibroblast|IL24,Fibroblast|CST2,Fibroblast|Alveolar,Fibroblast|CLDN1,Fibroblast|GREM2,Fibroblast|Corneal,Fibroblast|COX15,Fibroblast|CD36,Fibroblast|CCL19,Fibroblast|ISG,Fibroblast|Chondrocyte,Fibroblast|Dermal-sheath,Fibroblast|SYT1,Fibroblast|COCH,Fibroblast|ITGB8,Fibroblast|CLEC14A,Fibroblast|Satellite,Fibroblast|NRG1,Fibroblast|ADAMDEC1,Cancer_Tissue,Cancer_Type
GSE180878_RM_D,0.3670886075949367,0.28860759493670884,0.28354430379746837,0.060759493670886074,0.0,0.0,0.0,0.0,0.0,0.0,0.0,0.0,0.0,0.0,0.0,0.0,0.0,0.0,0.0,0.0,0.0,0.0,0.0,0.0,Control,
GSE131778_rca4-1,0.0,0.0,0.7857142857142857,0.0,0.01020408163265306,0.0,0.12244897959183673,0.08163265306122448,0.0,0.0,0.0,0.0,0.0,0.0,0.0,0.0,0.0,0.0,0.0,0.0,0.0,0.0,0.0,0.0,Non-malignant disease,
GSE176417_Sc_W2,0.06970509383378017,0.013404825737265416,0.5201072386058981,0.11528150134048257,0.07238605898123325,0.03753351206434316,0.0,0.0,0.013404825737265416,0.1581769436997319,0.0,0.0,0.0,0.0,0.0,0.0,0.0,0.0,0.0,0.0,0.0,0.0,0.0,0.0,Non-malignant disease,
GSE176308_sample1,0.5594280607685433,0.0,0.44057193923145666,0.0,0.0,0.0,0.0,0.0,0.0,0.0,0.0,0.0,0.0,0.0,0.0,0.0,0.0,0.0,0.0,0.0,0.0,0.0,0.0,0.0,Non-malignant disease,
GSE155683_G1700193007191_Adult_Cornea,0.0,0.0,0.20815450643776823,0.0,0.0,0.0,0.0,0.0,0.0,0.2145922746781116,0.5665236051502146,0.01072961373390558,0.0,0.0,0.0,0.0,0.0,0.0,0.0,0.0,0.0,0.0,0.0,0.0,Control,
GSE182381_KC42_2_placenta,0.0,0.0,0.0,0.0,0.0,0.0,0.0,0.0,0.0,0.0,0.0,0.0,1.0,0.0,0.0,0.0,0.0,0.0,0.0,0.0,0.0,0.0,0.0,0.0,Control,
GSE183219_HSA_JGR_460ST_G,0.0,0.008658008658008658,0.0,0.0,0.0,0.0,0.31601731601731603,0.5411255411255411,0.0,0.0,0.0,0.0,0.025974025974025976,0.07792207792207792,0.030303030303030304,0.0,0.0,0.0,0.0,0.0,0.0,0.0,0.0,0.0,Cancer_Tumor,NSCLC
GSE160756_h-AF-1zhong,0.0,0.0,0.0,0.0,0.0027660391855551286,0.0,0.0,0.0,0.0,0.0,0.0,0.0,0.0,0.0,0.0,0.9972339608144448,0.0,0.0,0.0,0.0,0.0,0.0,0.0,0.0,Control,
GSE181957_SC230,0.0,0.0,0.06153846153846154,0.0,0.13846153846153847,0.0,0.0,0.0,0.02564102564102564,0.5384615384615384,0.0,0.0,0.0,0.18974358974358974,0.0,0.0,0.046153846153846156,0.0,0.0,0.0,0.0,0.0,0.0,0.0,Non-malignant disease,
GSE183219_HSA_JGR_522SN_G,0.26857142857142857,0.022857142857142857,0.13142857142857142,0.0,0.0,0.0,0.0,0.5771428571428572,0.0,0.0,0.0,0.0,0.0,0.0,0.0,0.0,0.0,0.0,0.0,0.0,0.0,0.0,0.0,0.0,Cancer_AdjNorm,NSCLC
GSE142045_Juvenile_chondrocytes,0.039112164637431314,0.0,0.0,0.0,0.0,0.0,0.0,0.0,0.0,0.0,0.0,0.0,0.0,0.0,0.0,0.9608878353625687,0.0,0.0,0.0,0.0,0.0,0.0,0.0,0.0,Control,
GSE182208_SC_NS1,0.016225448334756618,0.0,0.8787361229718189,0.0,0.0,0.0,0.0,0.0,0.0,0.10503842869342442,0.0,0.0,0.0,0.0,0.0,0.0,0.0,0.0,0.0,0.0,0.0,0.0,0.0,0.0,Control,
GSE146123_human_molar_pulp,0.0,0.0,0.0,0.0,0.0,0.0,0.0,0.0,0.0,0.0,0.0,0.0,0.0,0.0,0.0,0.0,0.0,1.0,0.0,0.0,0.0,0.0,0.0,0.0,Control,
GSE159677_02dat20190717tisCARconDIS,0.0,0.0,0.019704433497536946,0.0,0.04433497536945813,0.0,0.8620689655172413,0.04433497536945813,0.0,0.0,0.0,0.0,0.0,0.0,0.029556650246305417,0.0,0.0,0.0,0.0,0.0,0.0,0.0,0.0,0.0,Non-malignant disease,
GSE158692_19G02977_Small_TN,0.011342155009451797,0.0,0.0,0.0,0.23062381852551986,0.0,0.5519848771266541,0.16824196597353497,0.015122873345935728,0.0,0.0,0.0,0.022684310018903593,0.0,0.0,0.0,0.0,0.0,0.0,0.0,0.0,0.0,0.0,0.0,Cancer_Metastasis,CRC
GSE147979_IrisPE75,0.12396694214876033,0.024793388429752067,0.008264462809917356,0.0,0.0,0.0,0.0,0.0,0.0,0.008264462809917356,0.0,0.08264462809917356,0.024793388429752067,0.0,0.0,0.0,0.0,0.7272727272727273,0.0,0.0,0.0,0.0,0.0,0.0,Control,
GSE175817_D406H,0.05517241379310345,0.1103448275862069,0.020689655172413793,0.0,0.0,0.0,0.0,0.0,0.0,0.5448275862068965,0.0,0.0,0.0,0.23793103448275862,0.0,0.0,0.017241379310344827,0.0,0.013793103448275862,0.0,0.0,0.0,0.0,0.0,Non-malignant disease,
GSE158970_Polydactyly_04,0.0,0.0,0.5207253886010362,0.23316062176165803,0.025906735751295335,0.0,0.023316062176165803,0.0,0.14248704663212436,0.054404145077720206,0.0,0.0,0.0,0.0,0.0,0.0,0.0,0.0,0.0,0.0,0.0,0.0,0.0,0.0,Non-malignant disease,
GSE145927_Bx45A,0.0,0.0,0.046875,0.0,0.0,0.0,0.03125,0.0,0.0,0.0,0.0,0.0,0.0,0.90625,0.0,0.0,0.0,0.0,0.0,0.015625,0.0,0.0,0.0,0.0,Non-malignant disease,
GSE155850_NL15Myeloid,0.4716981132075472,0.08176100628930817,0.18867924528301888,0.0,0.0,0.050314465408805034,0.0,0.0,0.0,0.1069182389937107,0.0,0.0,0.0,0.10062893081761007,0.0,0.0,0.0,0.0,0.0,0.0,0.0,0.0,0.0,0.0,Control,
GSE181316_scar_3_scRNA,0.032552083333333336,0.10677083333333333,0.5130208333333334,0.0,0.0859375,0.0,0.0,0.0,0.0,0.224609375,0.0,0.0,0.0,0.037109375,0.0,0.0,0.0,0.0,0.0,0.0,0.0,0.0,0.0,0.0,Non-malignant disease,
GSE181919_C21,0.0,0.0,0.0,0.0,0.48066298342541436,0.3812154696132597,0.0,0.0,0.0,0.049723756906077346,0.0,0.0,0.0,0.0,0.08839779005524862,0.0,0.0,0.0,0.0,0.0,0.0,0.0,0.0,0.0,Cancer_Tumor,HNSCC
GSE154778_T2,0.11009174311926606,0.0,0.0,0.0,0.0,0.45871559633027525,0.3486238532110092,0.0,0.0,0.0,0.01834862385321101,0.0,0.045871559633027525,0.0,0.01834862385321101,0.0,0.0,0.0,0.0,0.0,0.0,0.0,0.0,0.0,Cancer_Tumor,PC
GSE183852_TWCM-H8-lib1,0.0,0.0,0.1736682546556951,0.0,0.0,0.0,0.12472932005197054,0.0259852750108272,0.0,0.0,0.0,0.0,0.019055868341273277,0.0,0.0129926375054136,0.0,0.0,0.0,0.0,0.0,0.6435686444348203,0.0,0.0,0.0,Non-malignant disease,
GSE183031_EF01_3V3_NextGem,0.5146804835924007,0.039723661485319514,0.24611398963730569,0.0,0.0017271157167530224,0.06649395509499137,0.0,0.0,0.0,0.08981001727115717,0.0,0.0,0.0,0.0,0.0,0.0,0.0,0.0,0.0,0.0,0.04145077720207254,0.0,0.0,0.0,Non-malignant disease,
GSE181919_N8,0.04065040650406504,0.08130081300813008,0.5609756097560976,0.0,0.0,0.0,0.0,0.0,0.024390243902439025,0.13821138211382114,0.0,0.0,0.0,0.08130081300813008,0.0,0.0,0.0,0.0,0.0,0.0,0.07317073170731707,0.0,0.0,0.0,Cancer_AdjNorm,HNSCC
GSE181316_keloid_2_scRNA,0.0,0.0,0.0,0.0,0.99255298835211,0.0,0.0,0.0,0.0,0.007256062631277449,0.0,0.0,0.0,0.0,0.0,0.0,0.00019094901661256445,0.0,0.0,0.0,0.0,0.0,0.0,0.0,Non-malignant disease,
GSE181316_keloid_3L_scRNA,0.010439970171513796,0.01081282624906786,0.0037285607755406414,0.0,0.7046979865771812,0.0,0.0,0.0,0.0,0.2140193885160328,0.0,0.0,0.0,0.05630126771066368,0.0,0.0,0.0,0.0,0.0,0.0,0.0,0.0,0.0,0.0,Non-malignant disease,
GSE181919_P33_R,0.015873015873015872,0.0,0.5952380952380952,0.0,0.0,0.06349206349206349,0.0,0.0,0.0,0.15873015873015872,0.0,0.0,0.0,0.0,0.0,0.0,0.0,0.0,0.0,0.0,0.12698412698412698,0.03968253968253968,0.0,0.0,Cancer_Tumor,Leukoplakia
GSE155683_3-1D,0.0,0.0,0.09558823529411764,0.0,0.0,0.0,0.0,0.0,0.0,0.25,0.38235294117647056,0.21323529411764705,0.0,0.058823529411764705,0.0,0.0,0.0,0.0,0.0,0.0,0.0,0.0,0.0,0.0,Control,
GSE173252_sf1,0.04798962386511025,0.0,0.8884565499351491,0.0,0.0,0.0,0.0,0.0,0.05188067444876784,0.009079118028534372,0.0,0.0,0.0,0.0,0.0,0.0025940337224383916,0.0,0.0,0.0,0.0,0.0,0.0,0.0,0.0,Control,
GSE158692_19G00635_Tnbis,0.0,0.0,0.0,0.0,0.5550660792951542,0.0,0.3832599118942731,0.05726872246696035,0.0,0.0,0.0,0.0,0.004405286343612335,0.0,0.0,0.0,0.0,0.0,0.0,0.0,0.0,0.0,0.0,0.0,Cancer_Metastasis,CRC
GSE176308_sample4,0.2302158273381295,0.0,0.7697841726618705,0.0,0.0,0.0,0.0,0.0,0.0,0.0,0.0,0.0,0.0,0.0,0.0,0.0,0.0,0.0,0.0,0.0,0.0,0.0,0.0,0.0,Non-malignant disease,
GSE180544_MSG21,0.0,0.0,0.9119804400977995,0.08068459657701711,0.0,0.0,0.0,0.0,0.007334963325183374,0.0,0.0,0.0,0.0,0.0,0.0,0.0,0.0,0.0,0.0,0.0,0.0,0.0,0.0,0.0,Control,
GSE166173_9_4months_Retinoblastoma,0.0,0.13157894736842105,0.8157894736842105,0.0,0.0,0.0,0.0,0.0,0.05263157894736842,0.0,0.0,0.0,0.0,0.0,0.0,0.0,0.0,0.0,0.0,0.0,0.0,0.0,0.0,0.0,Cancer_Tumor,RB
GSE147979_IrisStroma76,0.01990049751243781,0.0,0.0,0.0,0.0,0.0,0.0,0.0,0.0,0.0,0.004975124378109453,0.9154228855721394,0.05970149253731343,0.0,0.0,0.0,0.0,0.0,0.0,0.0,0.0,0.0,0.0,0.0,Control,
GSE159677_02dat20190515tisCARconDIS,0.0,0.0,0.0,0.0,0.8068181818181818,0.056818181818181816,0.011363636363636364,0.056818181818181816,0.0,0.0,0.0,0.0,0.0,0.06818181818181818,0.0,0.0,0.0,0.0,0.0,0.0,0.0,0.0,0.0,0.0,Non-malignant disease,
GSE183219_HSA_JGR_514SN_G,0.7421383647798742,0.04716981132075472,0.08176100628930817,0.0,0.059748427672955975,0.0,0.0,0.06918238993710692,0.0,0.0,0.0,0.0,0.0,0.0,0.0,0.0,0.0,0.0,0.0,0.0,0.0,0.0,0.0,0.0,Cancer_AdjNorm,NSCLC
GSE154778_T8,0.0,0.0,0.0,0.0,0.20149253731343283,0.0,0.6567164179104478,0.08955223880597014,0.029850746268656716,0.0,0.007462686567164179,0.0,0.014925373134328358,0.0,0.0,0.0,0.0,0.0,0.0,0.0,0.0,0.0,0.0,0.0,Cancer_Tumor,PC
GSE141526_ADWST11,0.7052896725440806,0.1712846347607053,0.0,0.0,0.0,0.11083123425692695,0.0,0.0,0.0,0.0,0.0,0.0,0.0,0.010075566750629723,0.0,0.0,0.0025188916876574307,0.0,0.0,0.0,0.0,0.0,0.0,0.0,Cancer_AdjNorm,BCC
GSE130646_muscle1V1,0.0,0.0,0.24404761904761904,0.0,0.0,0.0,0.0,0.0,0.02976190476190476,0.0,0.0,0.0,0.0,0.0,0.0,0.0,0.0,0.0,0.0,0.0,0.17261904761904762,0.5535714285714286,0.0,0.0,Control,
GSE142045_Adult_chondrocytes,0.006026231832683446,0.0,0.0,0.0,0.0,0.0,0.0,0.0,0.0,0.0,0.0,0.0,0.0,0.0,0.0,0.9939737681673165,0.0,0.0,0.0,0.0,0.0,0.0,0.0,0.0,Control,
GSE164291_MM20567_01,0.35477178423236516,0.529045643153527,0.1016597510373444,0.0,0.0,0.0,0.0,0.0,0.0,0.0,0.0,0.0,0.014522821576763486,0.0,0.0,0.0,0.0,0.0,0.0,0.0,0.0,0.0,0.0,0.0,Control,
GSE147979_IrisStroma75,0.2815533980582524,0.02330097087378641,0.0,0.0,0.0,0.0,0.0,0.0,0.0,0.0,0.0,0.16116504854368932,0.031067961165048542,0.0,0.0,0.0,0.0,0.5029126213592233,0.0,0.0,0.0,0.0,0.0,0.0,Control,
GSE182208_SC_NS-2,0.09613130128956623,0.0,0.861664712778429,0.0,0.008206330597889801,0.0,0.0,0.0,0.0,0.0,0.0,0.0,0.0,0.0,0.0,0.0,0.03399765533411489,0.0,0.0,0.0,0.0,0.0,0.0,0.0,Control,
GSE155850_NL16Myeloid,0.19921363040629095,0.0799475753604194,0.03669724770642202,0.0,0.0,0.0,0.0,0.0,0.0,0.25688073394495414,0.0,0.0,0.0,0.4272608125819135,0.0,0.0,0.0,0.0,0.0,0.0,0.0,0.0,0.0,0.0,Control,
GSE164241_BM158,0.0,0.0,0.0,0.0,0.0,0.0,0.0,0.0,0.0,0.9702970297029703,0.0,0.0,0.0,0.0297029702970297,0.0,0.0,0.0,0.0,0.0,0.0,0.0,0.0,0.0,0.0,Control,
GSE154405_DH663,0.0,0.0,0.0,0.0,0.0,0.0,0.0,0.0,0.0,0.0,0.0,0.0,0.0,0.0,0.0,0.0,0.0,0.0,0.0,0.0,0.0,0.0,0.7643312101910829,0.2356687898089172,Control,
GSE143704_Sample_103476_HVGL3BGXB_hu_021219,0.0,0.0,0.6375,0.0,0.0,0.0,0.0,0.0,0.0,0.0,0.0,0.0,0.015,0.0,0.0,0.0,0.0,0.0,0.0,0.0,0.245,0.1025,0.0,0.0,Control,
GSE158970_Polydactyly_03,0.0,0.0,0.29082774049217003,0.0,0.0447427293064877,0.0,0.0,0.0,0.30648769574944074,0.3378076062639821,0.0,0.0,0.0,0.0,0.0,0.0,0.0,0.011185682326621925,0.008948545861297539,0.0,0.0,0.0,0.0,0.0,Non-malignant disease,
GSE183219_HSA_JGR_464SN_G,0.0,0.0,0.0,0.0,0.0,0.0,0.017341040462427744,0.9017341040462428,0.023121387283236993,0.0,0.0,0.0,0.057803468208092484,0.0,0.0,0.0,0.0,0.0,0.0,0.0,0.0,0.0,0.0,0.0,Cancer_AdjNorm,NSCLC
GSE171381_COVID_4__decidua__HHT,0.0,0.0,0.0,0.0,0.0,0.0,0.0,0.0,0.0,0.0,0.0,0.0,0.000641025641025641,0.0,0.0,0.0,0.0,0.0,0.0,0.9993589743589744,0.0,0.0,0.0,0.0,Non-malignant disease,
GSE169062_15494X3,0.0,0.03260869565217391,0.05434782608695652,0.0,0.0,0.0,0.0,0.010869565217391304,0.0,0.0,0.0,0.0,0.16304347826086957,0.0,0.0,0.0,0.0,0.0,0.0,0.7391304347826086,0.0,0.0,0.0,0.0,Non-malignant disease,
GSE164690_HN08_CD45n,0.0,0.0,0.5212765957446809,0.0,0.10638297872340426,0.2872340425531915,0.0,0.0,0.0,0.0,0.0,0.0,0.0,0.010638297872340425,0.07446808510638298,0.0,0.0,0.0,0.0,0.0,0.0,0.0,0.0,0.0,Cancer_Tumor,HNSCC
GSE181957_SC163,0.0,0.0,0.31746031746031744,0.0,0.0,0.0,0.0,0.0,0.037037037037037035,0.43386243386243384,0.0,0.0,0.0,0.09259259259259259,0.0,0.0,0.0291005291005291,0.0,0.08994708994708994,0.0,0.0,0.0,0.0,0.0,Non-malignant disease,
GSE121380_HB35,0.0,0.0,0.0,0.0,0.0,0.0,0.0,0.0,0.0,0.0,0.0,0.0,0.014925373134328358,0.05970149253731343,0.0,0.0,0.0,0.0,0.0,0.0,0.0,0.0,0.40298507462686567,0.5223880597014925,Non-malignant disease,
GSE131778_rca1-2,0.0,0.0,0.9807692307692307,0.0,0.0,0.0,0.0,0.019230769230769232,0.0,0.0,0.0,0.0,0.0,0.0,0.0,0.0,0.0,0.0,0.0,0.0,0.0,0.0,0.0,0.0,Non-malignant disease,
GSE161267_Pulp2,0.0,0.0,0.0,0.0,0.0,0.0,0.0,0.0,0.0,0.0,0.0,0.0,0.0,0.0,0.0,0.0,0.0,1.0,0.0,0.0,0.0,0.0,0.0,0.0,Control,
GSE180878_PM_I,0.05925925925925926,0.25925925925925924,0.5851851851851851,0.0962962962962963,0.0,0.0,0.0,0.0,0.0,0.0,0.0,0.0,0.0,0.0,0.0,0.0,0.0,0.0,0.0,0.0,0.0,0.0,0.0,0.0,Control,
GSE132771_N2W,0.004819277108433735,0.0,0.04819277108433735,0.0,0.0,0.0,0.0,0.946987951807229,0.0,0.0,0.0,0.0,0.0,0.0,0.0,0.0,0.0,0.0,0.0,0.0,0.0,0.0,0.0,0.0,Control,
GSE156776_A16,0.4553072625698324,0.00558659217877095,0.5363128491620112,0.0,0.0,0.0,0.0,0.0,0.0,0.0,0.002793296089385475,0.0,0.0,0.0,0.0,0.0,0.0,0.0,0.0,0.0,0.0,0.0,0.0,0.0,Non-malignant disease,
GSE150516_726INF,0.0,0.0,0.0,0.0,0.0,0.0,0.0,0.0,0.0,0.0,0.0,0.0,0.0,0.41509433962264153,0.0,0.0,0.0,0.0,0.0,0.0,0.0,0.0,0.0,0.5849056603773585,Non-malignant disease,
GSE121380_HB45,0.0,0.0,0.0,0.0,0.0,0.0,0.0,0.0,0.0,0.0,0.0,0.0,0.0,0.06451612903225806,0.0,0.0,0.0,0.0,0.0,0.0,0.0,0.0,0.5483870967741935,0.3870967741935484,Non-malignant disease,
GSE183852_TWCM-H4,0.0,0.0,0.6336423841059603,0.0,0.0,0.0,0.045827814569536426,0.025960264900662253,0.0,0.0,0.0,0.0,0.006622516556291391,0.0,0.0,0.0,0.0,0.0,0.0,0.0,0.28794701986754967,0.0,0.0,0.0,Non-malignant disease,
GSE155683_3-3A,0.0,0.0,0.0,0.0,0.0,0.0,0.0,0.0,0.0,0.0,1.0,0.0,0.0,0.0,0.0,0.0,0.0,0.0,0.0,0.0,0.0,0.0,0.0,0.0,Control,
GSE146123_No5_24_yo_healthy_retained,0.0,0.0,0.0,0.0,0.0,0.0,0.0,0.0,0.0,0.0,0.0,0.0,0.0,0.0,0.0,0.0,0.0,1.0,0.0,0.0,0.0,0.0,0.0,0.0,Control,
GSE183219_HSA_JGR_458SN_G,0.0,0.0,0.0,0.0,0.0,0.0,0.004651162790697674,0.9674418604651163,0.0,0.0,0.0,0.0,0.027906976744186046,0.0,0.0,0.0,0.0,0.0,0.0,0.0,0.0,0.0,0.0,0.0,Cancer_AdjNorm,NSCLC
GSE164291_MM20567_02,0.3120728929384966,0.55125284738041,0.11161731207289294,0.0,0.0,0.0,0.0,0.0,0.0,0.0,0.0,0.0,0.01366742596810934,0.0,0.0,0.0,0.0,0.0,0.0,0.011389521640091117,0.0,0.0,0.0,0.0,Control,
GSE182208_SC_NS-3,0.011972633979475485,0.0,0.9064994298745724,0.0,0.0,0.0,0.0,0.0,0.0,0.0815279361459521,0.0,0.0,0.0,0.0,0.0,0.0,0.0,0.0,0.0,0.0,0.0,0.0,0.0,0.0,Non-malignant disease,
GSE145927_Bx45B,0.0,0.0,0.0,0.0,0.0,0.0,0.05,0.0,0.0,0.0,0.0,0.0,0.0,0.8666666666666667,0.0,0.0,0.0,0.0,0.0,0.08333333333333333,0.0,0.0,0.0,0.0,Non-malignant disease,
GSE181082_SynTissue_50_6000,0.6193181818181818,0.0,0.30113636363636365,0.0,0.06534090909090909,0.005681818181818182,0.0,0.0,0.0,0.0,0.0,0.0,0.002840909090909091,0.005681818181818182,0.0,0.0,0.0,0.0,0.0,0.0,0.0,0.0,0.0,0.0,Control,
GSE164241_GM169,0.0,0.0,0.0,0.0,0.11287758346581876,0.21462639109697934,0.0,0.0,0.0,0.5119236883942766,0.0,0.0,0.0,0.16057233704292528,0.0,0.0,0.0,0.0,0.0,0.0,0.0,0.0,0.0,0.0,Control,
GSE130646_muscle2V2,0.0,0.0,0.7581699346405228,0.0,0.0,0.0,0.0,0.0,0.013071895424836602,0.0,0.0,0.0,0.0,0.0,0.0,0.0,0.0,0.0,0.0,0.0,0.06862745098039216,0.16013071895424835,0.0,0.0,Control,
GSE164241_GM184a,0.0,0.0,0.11471321695760599,0.0,0.0,0.0,0.0,0.0,0.02493765586034913,0.6982543640897756,0.0,0.0,0.0,0.0,0.0,0.0,0.0,0.0,0.0,0.0,0.06483790523690773,0.09725685785536159,0.0,0.0,Control,
GSE172225_192561SKN_GEX_HHT,0.04353932584269663,0.0,0.14536516853932585,0.0,0.0,0.0,0.0,0.0,0.0,0.6980337078651685,0.0,0.0,0.0,0.05266853932584269,0.0,0.0,0.037219101123595506,0.0,0.023174157303370788,0.0,0.0,0.0,0.0,0.0,Control,
GSE175817_D403,0.0,0.06511627906976744,0.0,0.0,0.10232558139534884,0.26046511627906976,0.0,0.0,0.0,0.2372093023255814,0.0,0.0,0.0,0.26976744186046514,0.0,0.0,0.06511627906976744,0.0,0.0,0.0,0.0,0.0,0.0,0.0,Non-malignant disease,
GSE164241_GM147,0.0,0.0,0.0,0.0,0.09293680297397769,0.22304832713754646,0.0,0.0,0.0,0.550185873605948,0.0,0.0,0.0,0.13382899628252787,0.0,0.0,0.0,0.0,0.0,0.0,0.0,0.0,0.0,0.0,Control,
GSE173252_dd1A,0.0,0.0,0.7320574162679426,0.006379585326953748,0.17862838915470494,0.0,0.0,0.0,0.04784688995215311,0.03508771929824561,0.0,0.0,0.0,0.0,0.0,0.0,0.0,0.0,0.0,0.0,0.0,0.0,0.0,0.0,Non-malignant disease,
GSE147520_hThy25A,0.0,0.0,0.13725490196078433,0.0,0.0,0.0,0.0,0.0,0.0,0.0,0.0,0.0,0.011764705882352941,0.0,0.0,0.0,0.0,0.0,0.0,0.0,0.8509803921568627,0.0,0.0,0.0,Control,
GSE164241_PD134,0.043859649122807015,0.0,0.0,0.0,0.10526315789473684,0.7631578947368421,0.0,0.0,0.0,0.017543859649122806,0.0,0.0,0.0,0.07017543859649122,0.0,0.0,0.0,0.0,0.0,0.0,0.0,0.0,0.0,0.0,Non-malignant disease,
GSE132771_F4W,0.22672064777327935,0.0,0.12550607287449392,0.0,0.032388663967611336,0.0,0.10121457489878542,0.4979757085020243,0.0,0.0,0.0,0.0,0.0,0.016194331983805668,0.0,0.0,0.0,0.0,0.0,0.0,0.0,0.0,0.0,0.0,Non-malignant disease,
GSE132802_SKIN_HV1_F2,0.0,0.0,0.0,0.11834319526627218,0.0,0.0,0.0,0.0,0.023668639053254437,0.4437869822485207,0.0,0.0,0.0,0.22485207100591717,0.0,0.0,0.1301775147928994,0.0,0.05917159763313609,0.0,0.0,0.0,0.0,0.0,Control,
GSE181919_N22,0.0,0.0,0.5608540925266904,0.0,0.0,0.0,0.0,0.0,0.0,0.0,0.0,0.0,0.0,0.0,0.0,0.0,0.0,0.0,0.0,0.0,0.33451957295373663,0.10462633451957296,0.0,0.0,Cancer_AdjNorm,HNSCC
GSE176417_Sc_skin4,0.0,0.0,0.3947990543735225,0.0,0.14184397163120568,0.0,0.0070921985815602835,0.0,0.0,0.30023640661938533,0.0,0.0,0.004728132387706856,0.026004728132387706,0.0,0.0,0.09692671394799054,0.0,0.028368794326241134,0.0,0.0,0.0,0.0,0.0,Control,
GSE181919_N15,0.0,0.028358208955223882,0.9365671641791045,0.0,0.0,0.0,0.0,0.0,0.013432835820895522,0.0,0.0,0.0,0.0,0.0,0.0,0.0,0.0,0.0,0.0,0.0,0.0,0.02164179104477612,0.0,0.0,Cancer_AdjNorm,HNSCC
GSE181957_SC240,0.0,0.0,0.0,0.0,0.03482587064676617,0.0,0.0,0.0,0.0,0.6666666666666666,0.0,0.0,0.0,0.22885572139303484,0.0,0.0,0.01990049751243781,0.0,0.04975124378109453,0.0,0.0,0.0,0.0,0.0,Non-malignant disease,
GSE164241_PD164c,0.029411764705882353,0.0,0.01583710407239819,0.0,0.12895927601809956,0.5656108597285068,0.0,0.0,0.0,0.13009049773755657,0.0,0.0,0.0,0.09954751131221719,0.030542986425339366,0.0,0.0,0.0,0.0,0.0,0.0,0.0,0.0,0.0,Non-malignant disease,
GSE172225_192565SKN_GEX_HHT,0.0,0.0,0.0,0.0,0.0,0.0,0.0,0.0,0.0,0.7757847533632287,0.0,0.0,0.0,0.2242152466367713,0.0,0.0,0.0,0.0,0.0,0.0,0.0,0.0,0.0,0.0,Control,
GSE181919_N6,0.0,0.0,0.5476190476190477,0.0,0.0,0.0,0.0,0.0,0.0,0.31746031746031744,0.0,0.0,0.0,0.0,0.0,0.0,0.0,0.0,0.0,0.0,0.1349206349206349,0.0,0.0,0.0,Cancer_AdjNorm,HNSCC
GSE159677_01dat20190717tisCARconHEA,0.0,0.0,0.9711934156378601,0.0,0.0,0.0,0.02606310013717421,0.0027434842249657062,0.0,0.0,0.0,0.0,0.0,0.0,0.0,0.0,0.0,0.0,0.0,0.0,0.0,0.0,0.0,0.0,Non-malignant disease,
GSE160536_SC223_affected_RPMI,0.0,0.0,0.09782608695652174,0.0,0.02717391304347826,0.0,0.0,0.0,0.0,0.5108695652173914,0.0,0.0,0.0,0.29347826086956524,0.03260869565217391,0.0,0.03804347826086957,0.0,0.0,0.0,0.0,0.0,0.0,0.0,Non-malignant disease,
GSE183031_HC03,0.8708375378405651,0.0,0.03985872855701312,0.0,0.0,0.0789606458123108,0.0,0.0,0.0,0.010090817356205853,0.0002522704339051463,0.0,0.0,0.0,0.0,0.0,0.0,0.0,0.0,0.0,0.0,0.0,0.0,0.0,Control,
GSE171381_CNTRL_2__villi__HCR,0.0,0.0,0.0,0.0,0.0,0.0,0.0,0.0,0.0,0.0,0.0,0.0,1.0,0.0,0.0,0.0,0.0,0.0,0.0,0.0,0.0,0.0,0.0,0.0,Control,
GSE181316_skin_7_scRNA_3,0.03840245775729647,0.013824884792626729,0.3901689708141321,0.0,0.0,0.0,0.0,0.0,0.0,0.39938556067588327,0.0,0.0,0.0,0.07219662058371736,0.0,0.0,0.07373271889400922,0.0,0.01228878648233487,0.0,0.0,0.0,0.0,0.0,Control,
GSE146123_human_molar_healthy_1,0.0,0.0,0.0,0.0,0.0,0.0,0.0,0.0,0.0,0.0,0.0,0.0,0.0,0.0,0.0,0.0,0.0,1.0,0.0,0.0,0.0,0.0,0.0,0.0,Control,
GSE160536_SC222_affected_Cryostor,0.07758620689655173,0.06896551724137931,0.39655172413793105,0.0,0.0,0.008620689655172414,0.0,0.0,0.0,0.12931034482758622,0.0,0.0,0.0,0.31896551724137934,0.0,0.0,0.0,0.0,0.0,0.0,0.0,0.0,0.0,0.0,Non-malignant disease,
GSE147979_IrisMuscle76,0.7116564417177914,0.11042944785276074,0.0,0.0,0.0,0.0,0.0,0.0,0.0,0.0,0.0,0.03067484662576687,0.049079754601226995,0.0,0.0,0.0,0.0,0.09815950920245399,0.0,0.0,0.0,0.0,0.0,0.0,Control,
GSE143704_Sample_84100_HFVWYBGX9_hu_092718,0.25502815768302495,0.0,0.7449718423169751,0.0,0.0,0.0,0.0,0.0,0.0,0.0,0.0,0.0,0.0,0.0,0.0,0.0,0.0,0.0,0.0,0.0,0.0,0.0,0.0,0.0,Control,
GSE181957_SC229,0.0,0.0,0.09375,0.0,0.0,0.0,0.0,0.0,0.011904761904761904,0.5535714285714286,0.0,0.0,0.0,0.16517857142857142,0.022321428571428572,0.0,0.03869047619047619,0.0,0.11458333333333333,0.0,0.0,0.0,0.0,0.0,Non-malignant disease,
GSE147520_hThy29,0.0,0.00392156862745098,0.5945098039215686,0.0,0.0,0.0,0.0,0.12156862745098039,0.0,0.0,0.0,0.0,0.0,0.28,0.0,0.0,0.0,0.0,0.0,0.0,0.0,0.0,0.0,0.0,Control,
GSE172225_192563SKL_GEX_HHT,0.15723270440251572,0.1320754716981132,0.20125786163522014,0.0,0.0,0.0,0.0,0.0,0.0,0.39622641509433965,0.0,0.0,0.006289308176100629,0.1069182389937107,0.0,0.0,0.0,0.0,0.0,0.0,0.0,0.0,0.0,0.0,Non-malignant disease,
GSE132771_F1L,0.34210526315789475,0.007617728531855956,0.05193905817174515,0.0,0.13573407202216067,0.0,0.12326869806094183,0.33933518005540164,0.0,0.0,0.0,0.0,0.0,0.0,0.0,0.0,0.0,0.0,0.0,0.0,0.0,0.0,0.0,0.0,Non-malignant disease,
GSE181919_C15,0.0,0.0,0.0,0.0,0.0846774193548387,0.9153225806451613,0.0,0.0,0.0,0.0,0.0,0.0,0.0,0.0,0.0,0.0,0.0,0.0,0.0,0.0,0.0,0.0,0.0,0.0,Cancer_Tumor,HNSCC
GSE164690_HN09_CD45n,0.0,0.0039447731755424065,0.0,0.0,0.6055226824457594,0.2958579881656805,0.0,0.0,0.0,0.0,0.0,0.0,0.007889546351084813,0.0,0.07297830374753451,0.0,0.0,0.0,0.0,0.0,0.0,0.013806706114398421,0.0,0.0,Cancer_Tumor,HNSCC
GSE181919_P16,0.0,0.0,0.5495495495495496,0.0,0.0,0.04054054054054054,0.0,0.0,0.0,0.14414414414414414,0.0,0.0,0.0,0.14414414414414414,0.04054054054054054,0.0,0.0,0.0,0.0,0.0,0.02702702702702703,0.05405405405405406,0.0,0.0,Cancer_Tumor,Leukoplakia
GSE164291_MM20567_04,0.42921348314606744,0.4314606741573034,0.10786516853932585,0.0,0.0,0.0,0.0,0.0,0.0,0.0,0.0,0.0,0.008988764044943821,0.0,0.0,0.0,0.0,0.0,0.0,0.02247191011235955,0.0,0.0,0.0,0.0,Control,
GSE183219_HSA_JGR_555ST_G,0.0,0.0,0.0,0.0,0.24675324675324675,0.0,0.15584415584415584,0.36363636363636365,0.0,0.0,0.0,0.0,0.0,0.23376623376623376,0.0,0.0,0.0,0.0,0.0,0.0,0.0,0.0,0.0,0.0,Cancer_Tumor,NSCLC
GSE153947_Cr3,0.0,0.032,0.112,0.0,0.0,0.0,0.208,0.0,0.032,0.0,0.0,0.0,0.016,0.024,0.0,0.0,0.0,0.0,0.0,0.576,0.0,0.0,0.0,0.0,Non-malignant disease,
GSE147979_Iris74,0.0,0.0,0.0,0.0,0.0,0.0,0.0,0.0,0.0,0.0,0.0,0.8850574712643678,0.09770114942528736,0.0,0.017241379310344827,0.0,0.0,0.0,0.0,0.0,0.0,0.0,0.0,0.0,Control,
GSE172225_192566SKN_GEX_HHT,0.0,0.0056179775280898875,0.05730337078651685,0.0,0.0,0.0,0.0,0.0,0.011235955056179775,0.5584269662921348,0.0,0.0,0.0,0.3303370786516854,0.0,0.0,0.015730337078651686,0.0,0.021348314606741574,0.0,0.0,0.0,0.0,0.0,Control,
GSE158924_scHealthy2_HHT,0.0,0.0812720848056537,0.038869257950530034,0.0,0.0,0.0,0.0,0.0,0.0353356890459364,0.3003533568904594,0.0,0.0,0.0,0.34275618374558303,0.0,0.0,0.05653710247349823,0.0,0.14487632508833923,0.0,0.0,0.0,0.0,0.0,Control,
GSE131778_rca3-3,0.0,0.0,0.8258706467661692,0.0,0.0,0.0,0.08955223880597014,0.017412935323383085,0.06716417910447761,0.0,0.0,0.0,0.0,0.0,0.0,0.0,0.0,0.0,0.0,0.0,0.0,0.0,0.0,0.0,Non-malignant disease,
GSE132802_SKIN_HV2,0.038636363636363635,0.0,0.1159090909090909,0.0,0.0,0.0,0.0,0.0,0.05454545454545454,0.15681818181818183,0.0,0.0,0.0,0.19090909090909092,0.0,0.0,0.10909090909090909,0.0,0.3340909090909091,0.0,0.0,0.0,0.0,0.0,Control,
GSE180878_PM_F,0.02608695652173913,0.3652173913043478,0.45507246376811594,0.1536231884057971,0.0,0.0,0.0,0.0,0.0,0.0,0.0,0.0,0.0,0.0,0.0,0.0,0.0,0.0,0.0,0.0,0.0,0.0,0.0,0.0,Control,
GSE154778_T10,0.0,0.0,0.0,0.0,0.8055555555555556,0.0,0.16111111111111112,0.0,0.0,0.0,0.0,0.0,0.0,0.03333333333333333,0.0,0.0,0.0,0.0,0.0,0.0,0.0,0.0,0.0,0.0,Cancer_Tumor,PC
GSE131778_rca3-2,0.0,0.0,0.8337078651685393,0.0,0.0,0.0,0.07191011235955057,0.02696629213483146,0.06741573033707865,0.0,0.0,0.0,0.0,0.0,0.0,0.0,0.0,0.0,0.0,0.0,0.0,0.0,0.0,0.0,Non-malignant disease,
GSE181316_keloid_3R_scRNA,0.0,0.006318793314309009,0.0006114961271911944,0.0,0.9192825112107623,0.0,0.0,0.0,0.0,0.05727680391357522,0.0,0.0,0.0,0.016510395434162252,0.0,0.0,0.0,0.0,0.0,0.0,0.0,0.0,0.0,0.0,Non-malignant disease,
GSE164241_BM168,0.0,0.0,0.004204625087596356,0.0,0.0,0.0,0.0,0.0,0.009110021023125438,0.7449194113524877,0.0,0.0,0.0,0.23055360896986685,0.011212333566923615,0.0,0.0,0.0,0.0,0.0,0.0,0.0,0.0,0.0,Control,
GSE183852_TWCM-H5,0.0,0.0,0.9449140987182983,0.0,0.0,0.0,0.0,0.017998363785110445,0.0,0.0,0.0,0.0,0.0029997272975184073,0.0,0.0,0.0,0.0,0.0,0.0,0.0,0.03408781019907281,0.0,0.0,0.0,Control,
GSE167297_Deep,0.014598540145985401,0.043795620437956206,0.36496350364963503,0.0,0.0,0.0,0.0,0.12408759124087591,0.12408759124087591,0.0,0.0,0.0,0.0,0.18248175182481752,0.058394160583941604,0.0,0.0,0.0,0.0,0.0,0.029197080291970802,0.0,0.058394160583941604,0.0,Cancer_Tumor,GC
GSE173252_dd2,0.0,0.0005918910920390648,0.2716780112459308,0.0,0.7155963302752294,0.0,0.0,0.0,0.005327019828351583,0.0,0.0,0.0,0.0,0.006806747558449245,0.0,0.0,0.0,0.0,0.0,0.0,0.0,0.0,0.0,0.0,Non-malignant disease,
GSE132771_F6L,0.03420523138832998,0.026156941649899398,0.025150905432595575,0.0,0.1841046277665996,0.0,0.0744466800804829,0.5955734406438632,0.0,0.0,0.0,0.0,0.001006036217303823,0.059356136820925554,0.0,0.0,0.0,0.0,0.0,0.0,0.0,0.0,0.0,0.0,Non-malignant disease,
GSE150516_CHO1S,0.0,0.0,0.0,0.0,0.0,0.0,0.0,0.0,0.0,0.0,0.0,0.0,0.0,0.011553273427471117,0.0,0.0,0.0,0.0,0.0,0.0,0.0,0.0,0.044929396662387676,0.9435173299101413,Non-malignant disease,
GSE175817_D407H,0.06035502958579882,0.0,0.05680473372781065,0.09940828402366864,0.0035502958579881655,0.0,0.0,0.0,0.008284023668639054,0.4502958579881657,0.0,0.0,0.0,0.07928994082840236,0.0,0.0,0.14497041420118342,0.0,0.0970414201183432,0.0,0.0,0.0,0.0,0.0,Non-malignant disease,
GSE145927_Bx45C,0.0,0.0,0.0,0.0,0.0,0.0,0.03389830508474576,0.0,0.0,0.0,0.0,0.0,0.0,0.8305084745762712,0.0,0.0,0.0,0.0,0.0,0.13559322033898305,0.0,0.0,0.0,0.0,Non-malignant disease,
GSE145927_Bx39B,0.0,0.0,0.02100840336134454,0.0,0.0,0.0,0.029411764705882353,0.0,0.0,0.0,0.0,0.0,0.0,0.7899159663865546,0.0,0.0,0.0,0.0,0.0,0.15966386554621848,0.0,0.0,0.0,0.0,Non-malignant disease,
GSE180544_MSG11,0.0,0.0,0.9746341463414634,0.0,0.0,0.0,0.0,0.0,0.014634146341463415,0.0,0.0,0.0,0.0,0.0,0.0,0.0,0.0,0.0,0.0,0.0,0.0,0.010731707317073172,0.0,0.0,Control,
GSE131778_rca2-1,0.0,0.0,0.8829787234042553,0.0,0.0,0.0,0.00425531914893617,0.019148936170212766,0.09361702127659574,0.0,0.0,0.0,0.0,0.0,0.0,0.0,0.0,0.0,0.0,0.0,0.0,0.0,0.0,0.0,Non-malignant disease,
GSE163678_T198,0.0,0.0,0.0,0.0,0.007897334649555774,0.0,0.0,0.0,0.0,0.0,0.0,0.0,0.04738400789733465,0.0,0.0,0.0,0.01579466929911155,0.005923000987166831,0.0,0.3425468904244817,0.0,0.5804540967423495,0.0,0.0,Cancer_Tumor,PPB
GSE181316_skin_7_scRNA_4,0.017167381974248927,0.0,0.3669527896995708,0.0,0.0,0.0,0.0,0.0,0.0,0.4742489270386266,0.0,0.0,0.0,0.055793991416309016,0.0,0.0,0.08583690987124463,0.0,0.0,0.0,0.0,0.0,0.0,0.0,Control,
GSE153947_Cr2,0.0,0.0,0.01834862385321101,0.0,0.0,0.0,0.0,0.0,0.22018348623853212,0.0,0.0,0.0,0.0,0.0,0.0,0.0,0.0,0.0,0.0,0.7614678899082569,0.0,0.0,0.0,0.0,Non-malignant disease,
GSE171381_COVID_4__villi__HHT,0.0,0.0,0.0,0.0,0.0,0.0,0.0,0.0,0.0,0.0,0.0,0.0,0.9682539682539683,0.0,0.0,0.0,0.0,0.0,0.0,0.031746031746031744,0.0,0.0,0.0,0.0,Non-malignant disease,
GSE128892_Hu_Tm-Epi,0.0,0.010471204188481676,0.0,0.0,0.0,0.0,0.0,0.0,0.0,0.9895287958115183,0.0,0.0,0.0,0.0,0.0,0.0,0.0,0.0,0.0,0.0,0.0,0.0,0.0,0.0,Control,
GSE132771_F1W,0.272108843537415,0.034013605442176874,0.006802721088435374,0.0,0.10204081632653061,0.0,0.09523809523809523,0.4217687074829932,0.0,0.0,0.0,0.0,0.0,0.0,0.0,0.0,0.0,0.0,0.0,0.0,0.06802721088435375,0.0,0.0,0.0,Non-malignant disease,
GSE111976_endo_63,0.0,0.0,0.0,0.0,0.0,0.0,0.0,0.0,0.0,0.0,0.0,0.0,0.007680491551459293,0.0,0.0,0.0,0.0,0.0,0.0,0.9923195084485407,0.0,0.0,0.0,0.0,Control,
GSE176417_Sc_skin3,0.0,0.025984911986588432,0.34199497066219614,0.0,0.0,0.0,0.0,0.0,0.03352891869237217,0.40486169321039395,0.0,0.0,0.0,0.0586756077116513,0.0,0.0,0.051969823973176864,0.0,0.08298407376362113,0.0,0.0,0.0,0.0,0.0,Control,
GSE171381_CNTRL_1__villi__HCR,0.0,0.0,0.0,0.0,0.0,0.0,0.0,0.0,0.0,0.0,0.0,0.0,1.0,0.0,0.0,0.0,0.0,0.0,0.0,0.0,0.0,0.0,0.0,0.0,Control,
GSE168933_NASH2_LIB037226,0.9428571428571428,0.01904761904761905,0.02857142857142857,0.0,0.009523809523809525,0.0,0.0,0.0,0.0,0.0,0.0,0.0,0.0,0.0,0.0,0.0,0.0,0.0,0.0,0.0,0.0,0.0,0.0,0.0,Non-malignant disease,
GSE181957_SC184,0.0,0.0,0.49079754601226994,0.0,0.0,0.0,0.0,0.0,0.0,0.25153374233128833,0.0,0.0,0.0,0.19938650306748465,0.0,0.0,0.05828220858895705,0.0,0.0,0.0,0.0,0.0,0.0,0.0,Non-malignant disease,
GSE171381_COVID_5__villi__HHT,0.0,0.0,0.0,0.0,0.0,0.0,0.0,0.0,0.0,0.0,0.0,0.0,0.911042944785276,0.0,0.0,0.0,0.0,0.0,0.0,0.08895705521472393,0.0,0.0,0.0,0.0,Non-malignant disease,
GSE155683_G170019300257T_Adult_Cornea,0.029301277235161533,0.004507888805409466,0.0,0.0,0.003756574004507889,0.0,0.0,0.0,0.0,0.06686701728024042,0.8715251690458302,0.01652892561983471,0.0,0.0,0.0,0.0,0.007513148009015778,0.0,0.0,0.0,0.0,0.0,0.0,0.0,Control,
GSE172225_192566SKL_GEX_HHT,0.39857932123125495,0.03393843725335438,0.0749802683504341,0.0,0.0,0.007103393843725336,0.0,0.0,0.0055248618784530384,0.35990528808208366,0.0,0.0,0.0,0.10023677979479084,0.0,0.0,0.011049723756906077,0.0,0.008681925808997633,0.0,0.0,0.0,0.0,0.0,Non-malignant disease,
GSE164241_BM157,0.0,0.0,0.05292702485966319,0.0,0.0,0.0,0.0,0.0,0.0,0.9033680834001604,0.0,0.0,0.0,0.04370489174017642,0.0,0.0,0.0,0.0,0.0,0.0,0.0,0.0,0.0,0.0,Control,
GSE162122_061919Myometrium_GEXL,0.0,0.03389830508474576,0.8305084745762712,0.0,0.0,0.0,0.0,0.0,0.0,0.0,0.0,0.0,0.1016949152542373,0.0,0.0,0.0,0.0,0.0,0.0,0.0,0.03389830508474576,0.0,0.0,0.0,Control,
GSE143704_Sample_84099_HMYWJBGX7_hu_092618,0.0,0.0,0.24436090225563908,0.0,0.0,0.0,0.0,0.0,0.0,0.0,0.0,0.0,0.0,0.0,0.0,0.0,0.0,0.0,0.0,0.0,0.3383458646616541,0.41729323308270677,0.0,0.0,Control,
GSE154778_T5,0.0,0.0,0.03669724770642202,0.0,0.14220183486238533,0.0,0.5412844036697247,0.2798165137614679,0.0,0.0,0.0,0.0,0.0,0.0,0.0,0.0,0.0,0.0,0.0,0.0,0.0,0.0,0.0,0.0,Cancer_Tumor,PC
GSE175817_D408A,0.0,0.0,0.03292181069958848,0.03554059109614665,0.13692480359147025,0.033295922184811075,0.0014964459408903852,0.0,0.031051253273475497,0.19977553310886645,0.0,0.0,0.0,0.3434343434343434,0.0,0.0,0.10662177328843996,0.0,0.07893752338196783,0.0,0.0,0.0,0.0,0.0,Non-malignant disease,
GSE161267_Pulp5,0.0,0.0,0.0,0.0,0.0,0.0,0.0,0.0,0.0,0.0,0.0,0.0,0.0,0.0,0.0,0.0,0.0,1.0,0.0,0.0,0.0,0.0,0.0,0.0,Control,
GSE199515_APD_M,0.43386243386243384,0.17195767195767195,0.09259259259259259,0.2328042328042328,0.0,0.0,0.0,0.0,0.0,0.0,0.0,0.0,0.0,0.0,0.06878306878306878,0.0,0.0,0.0,0.0,0.0,0.0,0.0,0.0,0.0,Cancer_Tumor,BRCA
GSE132802_Skin_Dress1,0.12452830188679245,0.01509433962264151,0.22452830188679246,0.0,0.03018867924528302,0.052830188679245285,0.0,0.0,0.007547169811320755,0.26037735849056604,0.0,0.0,0.0,0.2849056603773585,0.0,0.0,0.0,0.0,0.0,0.0,0.0,0.0,0.0,0.0,Non-malignant disease,
GSE175817_D406A,0.026422764227642278,0.012195121951219513,0.0,0.0,0.16056910569105692,0.3353658536585366,0.0,0.0,0.0,0.18495934959349594,0.0,0.0,0.0,0.2540650406504065,0.0,0.0,0.01016260162601626,0.0,0.016260162601626018,0.0,0.0,0.0,0.0,0.0,Non-malignant disease,
GSE181919_C51,0.0,0.0,0.0,0.0,0.8780918727915195,0.10424028268551237,0.0,0.0,0.0,0.0,0.0,0.0,0.0,0.0,0.0176678445229682,0.0,0.0,0.0,0.0,0.0,0.0,0.0,0.0,0.0,Cancer_Tumor,HNSCC
GSE184111_U3,0.4931506849315068,0.0,0.5068493150684932,0.0,0.0,0.0,0.0,0.0,0.0,0.0,0.0,0.0,0.0,0.0,0.0,0.0,0.0,0.0,0.0,0.0,0.0,0.0,0.0,0.0,Control,
GSE173252_dd1B,0.0,0.0,0.751188589540412,0.0,0.16957210776545167,0.0,0.0,0.0,0.0491283676703645,0.030110935023771792,0.0,0.0,0.0,0.0,0.0,0.0,0.0,0.0,0.0,0.0,0.0,0.0,0.0,0.0,Non-malignant disease,
GSE183219_HSA_JGR_HS190415T_G,0.0,0.0,0.038461538461538464,0.0,0.13313609467455623,0.0,0.2781065088757396,0.5414201183431953,0.0,0.0,0.0,0.0,0.008875739644970414,0.0,0.0,0.0,0.0,0.0,0.0,0.0,0.0,0.0,0.0,0.0,Cancer_Tumor,NSCLC
GSE164241_GM136,0.0,0.0,0.0,0.0,0.44594594594594594,0.40315315315315314,0.0,0.0,0.0,0.06531531531531531,0.0,0.0,0.0,0.08558558558558559,0.0,0.0,0.0,0.0,0.0,0.0,0.0,0.0,0.0,0.0,Control,
GSE169657_h62AP-GEX,0.0,0.0,0.0,0.0,0.27941176470588236,0.17647058823529413,0.0,0.0,0.0,0.0,0.0,0.0,0.0,0.0,0.5441176470588235,0.0,0.0,0.0,0.0,0.0,0.0,0.0,0.0,0.0,Cancer_Tumor,BRCA
GSE121380_HB15,0.0,0.0,0.0,0.0,0.0,0.0,0.0,0.0,0.0,0.0,0.0,0.0,0.006944444444444444,0.0625,0.0,0.0,0.0,0.0,0.0,0.0,0.0,0.0,0.2013888888888889,0.7291666666666666,Non-malignant disease,
GSE172225_192564SKL_GEX_HHT,0.04182509505703422,0.0063371356147021544,0.12420785804816223,0.0,0.0,0.0,0.0,0.0,0.0038022813688212928,0.7198986058301647,0.0,0.0,0.0,0.08745247148288973,0.016476552598225603,0.0,0.0,0.0,0.0,0.0,0.0,0.0,0.0,0.0,Non-malignant disease,
GSE147979_Cornea72,0.0,0.0,0.0,0.0,0.027488151658767772,0.9687203791469194,0.0,0.0,0.0,0.0,0.00047393364928909954,0.0,0.0033175355450236967,0.0,0.0,0.0,0.0,0.0,0.0,0.0,0.0,0.0,0.0,0.0,Control,
GSE199515_APD_Triple,0.0,0.0,0.0,0.0,0.5654008438818565,0.008438818565400843,0.0,0.0,0.0,0.0,0.0,0.0,0.0,0.06329113924050633,0.3628691983122363,0.0,0.0,0.0,0.0,0.0,0.0,0.0,0.0,0.0,Cancer_Tumor,BRCA
GSE172225_192565SKL_GEX_HHT,0.29535864978902954,0.03375527426160337,0.16033755274261605,0.0,0.0,0.0,0.0,0.0,0.0,0.3178621659634318,0.0,0.0,0.0,0.19268635724331926,0.0,0.0,0.0,0.0,0.0,0.0,0.0,0.0,0.0,0.0,Non-malignant disease,
GSE180878_PM_A,0.5631517960602549,0.2908458864426419,0.13673232908458866,0.009269988412514484,0.0,0.0,0.0,0.0,0.0,0.0,0.0,0.0,0.0,0.0,0.0,0.0,0.0,0.0,0.0,0.0,0.0,0.0,0.0,0.0,Control,
GSE181919_N46,0.0,0.0,0.6736842105263158,0.0,0.0,0.0,0.0,0.0,0.012030075187969926,0.0,0.0,0.0,0.0,0.0,0.0,0.0,0.0,0.0,0.0,0.0,0.3142857142857143,0.0,0.0,0.0,Cancer_AdjNorm,HNSCC
GSE181082_SynTissue_28_10000,0.035997882477501325,0.0,0.047114875595553204,0.0,0.9158284806776072,0.0,0.0,0.0,0.0,0.0,0.0010587612493382743,0.0,0.0,0.0,0.0,0.0,0.0,0.0,0.0,0.0,0.0,0.0,0.0,0.0,Control,
GSE181957_SC202,0.0,0.0,0.2653061224489796,0.0,0.01020408163265306,0.0,0.0,0.0,0.0,0.37755102040816324,0.0,0.0,0.0,0.20068027210884354,0.0,0.0,0.11904761904761904,0.0,0.027210884353741496,0.0,0.0,0.0,0.0,0.0,Non-malignant disease,
GSE169147_SAR1-v3_HHT,0.0,0.0,0.0,0.0,0.06077348066298342,0.13259668508287292,0.0,0.0,0.0,0.13259668508287292,0.0,0.0,0.0055248618784530384,0.3701657458563536,0.13812154696132597,0.0,0.06077348066298342,0.0,0.09944751381215469,0.0,0.0,0.0,0.0,0.0,Non-malignant disease,
GSE158692_20G00953_Metastase_TN,0.0,0.0,0.06607929515418502,0.0,0.30837004405286345,0.0,0.46255506607929514,0.0,0.0,0.0,0.0,0.0,0.03524229074889868,0.0,0.0,0.0,0.0,0.0,0.0,0.0,0.0,0.0,0.1277533039647577,0.0,Cancer_Metastasis,CRC
GSE175817_D408H2,0.0,0.0,0.028059236165237724,0.07560405300077942,0.0,0.0,0.0,0.0,0.01558846453624318,0.455962587685113,0.0,0.0,0.0,0.19875292283710055,0.0,0.0,0.09353078721745908,0.0,0.13250194855806702,0.0,0.0,0.0,0.0,0.0,Non-malignant disease,
GSE183219_HSA_JGR_514ST_G,0.7450980392156863,0.0,0.0,0.0,0.19607843137254902,0.027450980392156862,0.0,0.027450980392156862,0.0,0.0,0.0,0.0,0.00392156862745098,0.0,0.0,0.0,0.0,0.0,0.0,0.0,0.0,0.0,0.0,0.0,Cancer_Tumor,NSCLC
GSE211033_FT-SA27354,0.13559322033898305,0.0,0.0,0.0,0.0,0.0,0.0,0.0,0.0,0.0,0.0,0.0,0.0,0.864406779661017,0.0,0.0,0.0,0.0,0.0,0.0,0.0,0.0,0.0,0.0,Cancer_Tumor,CMML
GSE175817_D404,0.0,0.008759124087591242,0.0,0.0,0.049635036496350364,0.8978102189781022,0.0,0.0,0.0,0.026277372262773723,0.0,0.0,0.0,0.017518248175182483,0.0,0.0,0.0,0.0,0.0,0.0,0.0,0.0,0.0,0.0,Non-malignant disease,
GSE181957_SC169,0.0,0.0,0.2323943661971831,0.0,0.04929577464788732,0.0,0.0,0.0,0.02112676056338028,0.2746478873239437,0.0,0.0,0.0,0.22535211267605634,0.0,0.0,0.15492957746478872,0.0,0.04225352112676056,0.0,0.0,0.0,0.0,0.0,Non-malignant disease,
GSE169062_15494X2,0.0,0.3945578231292517,0.0,0.0,0.0,0.0,0.0,0.0,0.0,0.0,0.0,0.0,0.04081632653061224,0.0,0.0,0.0,0.0,0.0,0.0,0.564625850340136,0.0,0.0,0.0,0.0,Non-malignant disease,
GSE131778_rca2-2,0.0,0.0,0.9184549356223176,0.0,0.0,0.0,0.0,0.0,0.0815450643776824,0.0,0.0,0.0,0.0,0.0,0.0,0.0,0.0,0.0,0.0,0.0,0.0,0.0,0.0,0.0,Non-malignant disease,
GSE164241_PD164b,0.0,0.0,0.0,0.0,0.2155688622754491,0.6946107784431138,0.0,0.0,0.0,0.0,0.0,0.0,0.0,0.08982035928143713,0.0,0.0,0.0,0.0,0.0,0.0,0.0,0.0,0.0,0.0,Non-malignant disease,
GSE111976_endo_57,0.017743979721166033,0.0,0.0,0.0,0.0,0.0,0.0,0.0,0.0,0.0,0.0,0.0,0.0,0.0,0.0,0.0,0.0,0.0,0.0,0.982256020278834,0.0,0.0,0.0,0.0,Control,
GSE183219_HSA_JGR_714SN_G,0.33587786259541985,0.0,0.5114503816793893,0.0,0.0,0.0,0.0,0.15267175572519084,0.0,0.0,0.0,0.0,0.0,0.0,0.0,0.0,0.0,0.0,0.0,0.0,0.0,0.0,0.0,0.0,Cancer_AdjNorm,NSCLC
GSE173252_dd3,0.0,0.0,0.11122501281394157,0.0,0.8641722193746797,0.0,0.010251153254741158,0.0,0.014351614556637622,0.0,0.0,0.0,0.0,0.0,0.0,0.0,0.0,0.0,0.0,0.0,0.0,0.0,0.0,0.0,Non-malignant disease,
GSE194129_U1,0.4994511525795829,0.0,0.4983534577387486,0.0,0.0,0.0,0.0,0.0,0.0,0.0021953896816684962,0.0,0.0,0.0,0.0,0.0,0.0,0.0,0.0,0.0,0.0,0.0,0.0,0.0,0.0,Control,
GSE156310_SC175,0.043478260869565216,0.034782608695652174,0.0,0.0,0.3826086956521739,0.034782608695652174,0.017391304347826087,0.23478260869565218,0.0,0.0,0.0,0.0,0.008695652173913044,0.21739130434782608,0.0,0.0,0.0,0.0,0.0,0.0,0.0,0.0,0.0,0.02608695652173913,Non-malignant disease,
GSE143704_Sample_103478_HVGTNBGXB_hu_062419,0.0,0.0,0.4675324675324675,0.0,0.0,0.0,0.0,0.006493506493506494,0.0,0.0,0.0,0.0,0.016233766233766232,0.0,0.0,0.0,0.0,0.0,0.0,0.0,0.3116883116883117,0.19805194805194806,0.0,0.0,Control,
GSE128892_Hu_Tm-Fib,0.0,0.02268041237113402,0.01443298969072165,0.0,0.0,0.0,0.0,0.0,0.006185567010309278,0.8402061855670103,0.0,0.0,0.0,0.0,0.0,0.10206185567010309,0.01443298969072165,0.0,0.0,0.0,0.0,0.0,0.0,0.0,Control,
GSE134520_CAG3,0.0,0.02247191011235955,0.0,0.0,0.0,0.0,0.0,0.0,0.0,0.0,0.0,0.0,0.0,0.0,0.0,0.0,0.0,0.0,0.0,0.0,0.0,0.0,0.9775280898876404,0.0,Non-malignant disease,
GSE181919_P17,0.0,0.006622516556291391,0.39072847682119205,0.0,0.0,0.0,0.0,0.0,0.0,0.5629139072847682,0.0,0.0,0.0,0.0,0.0,0.0,0.0,0.0,0.0,0.0,0.019867549668874173,0.019867549668874173,0.0,0.0,Cancer_Tumor,Leukoplakia
GSE132771_F3W,0.06086956521739131,0.0,0.0,0.06956521739130435,0.12173913043478261,0.008695652173913044,0.11304347826086956,0.3652173913043478,0.0,0.0,0.0,0.0,0.0,0.2608695652173913,0.0,0.0,0.0,0.0,0.0,0.0,0.0,0.0,0.0,0.0,Non-malignant disease,
GSE128066_SC68,0.0,0.0,0.018092105263157895,0.0,0.0,0.0,0.0,0.0,0.02631578947368421,0.4901315789473684,0.0,0.0,0.0,0.125,0.0,0.0,0.07894736842105263,0.0,0.26151315789473684,0.0,0.0,0.0,0.0,0.0,Control,
GSE158970_Polydactyly_02,0.0,0.0,0.4355179704016913,0.18181818181818182,0.0,0.0,0.0,0.0,0.07188160676532769,0.25158562367864695,0.0,0.0,0.0,0.023255813953488372,0.0,0.0,0.0,0.02748414376321353,0.008456659619450317,0.0,0.0,0.0,0.0,0.0,Non-malignant disease,
GSE132771_N1L,0.0,0.0,0.15928912292249464,0.0,0.0,0.0,0.0,0.8407108770775054,0.0,0.0,0.0,0.0,0.0,0.0,0.0,0.0,0.0,0.0,0.0,0.0,0.0,0.0,0.0,0.0,Control,
GSE164092_P13104_11002,0.0,0.0,0.0,0.0,0.0,0.0,0.0,0.0,0.0,0.0,0.0,1.0,0.0,0.0,0.0,0.0,0.0,0.0,0.0,0.0,0.0,0.0,0.0,0.0,Control,
GSE158924_scGA3-v3_HHT,0.0,0.0,0.21052631578947367,0.0,0.0,0.0,0.0,0.0,0.0,0.06140350877192982,0.0,0.0,0.0,0.41228070175438597,0.14035087719298245,0.0,0.07894736842105263,0.0,0.09649122807017543,0.0,0.0,0.0,0.0,0.0,Non-malignant disease,
GSE164241_BM169,0.0,0.0,0.12007168458781362,0.0,0.0,0.0,0.0,0.0,0.016129032258064516,0.8637992831541219,0.0,0.0,0.0,0.0,0.0,0.0,0.0,0.0,0.0,0.0,0.0,0.0,0.0,0.0,Control,
GSE183219_HSA_JGR_460SN_G,0.0,0.0,0.31666666666666665,0.0,0.0,0.0,0.0,0.6833333333333333,0.0,0.0,0.0,0.0,0.0,0.0,0.0,0.0,0.0,0.0,0.0,0.0,0.0,0.0,0.0,0.0,Cancer_AdjNorm,NSCLC
GSE181957_SC237,0.0,0.0,0.3245192307692308,0.0,0.03365384615384615,0.0,0.0,0.0,0.038461538461538464,0.47115384615384615,0.0,0.0,0.0,0.10096153846153846,0.0,0.0,0.03125,0.0,0.0,0.0,0.0,0.0,0.0,0.0,Non-malignant disease,
GSE155468_10x_RPP_TAA_7,0.0,0.0,0.7940841865756542,0.0,0.0,0.0,0.02844141069397042,0.11262798634812286,0.05688282138794084,0.0,0.0,0.0,0.007963594994311717,0.0,0.0,0.0,0.0,0.0,0.0,0.0,0.0,0.0,0.0,0.0,Non-malignant disease,
GSE199515_APD_E,0.0,0.07818930041152264,0.29218106995884774,0.5843621399176955,0.026748971193415638,0.0,0.0,0.0,0.0,0.0,0.0,0.0,0.0,0.0,0.018518518518518517,0.0,0.0,0.0,0.0,0.0,0.0,0.0,0.0,0.0,Cancer_Tumor,BRCA
GSE147979_Iris73,0.1162280701754386,0.02412280701754386,0.006578947368421052,0.0,0.0,0.0,0.0,0.0,0.0,0.0,0.006578947368421052,0.8135964912280702,0.03289473684210526,0.0,0.0,0.0,0.0,0.0,0.0,0.0,0.0,0.0,0.0,0.0,Control,
GSE133747_HC1,0.0,0.0,0.12941176470588237,0.0,0.0,0.0,0.0,0.8705882352941177,0.0,0.0,0.0,0.0,0.0,0.0,0.0,0.0,0.0,0.0,0.0,0.0,0.0,0.0,0.0,0.0,Control,
GSE194129_U3,0.5,0.0,0.5,0.0,0.0,0.0,0.0,0.0,0.0,0.0,0.0,0.0,0.0,0.0,0.0,0.0,0.0,0.0,0.0,0.0,0.0,0.0,0.0,0.0,Control,
GSE111976_endo_19,0.0,0.0,0.0,0.0,0.0,0.0,0.0,0.0,0.0,0.0,0.0,0.0,0.08064516129032258,0.0,0.0,0.0,0.0,0.0,0.0,0.9193548387096774,0.0,0.0,0.0,0.0,Control,
GSE180878_PM_B,0.2163265306122449,0.5142857142857142,0.05102040816326531,0.21836734693877552,0.0,0.0,0.0,0.0,0.0,0.0,0.0,0.0,0.0,0.0,0.0,0.0,0.0,0.0,0.0,0.0,0.0,0.0,0.0,0.0,Control,
GSE161153_P14601_5005,0.0,0.0,0.23165340406719717,0.0,0.0,0.0,0.0,0.020335985853227233,0.0,0.0,0.0,0.0,0.01237842617152962,0.0,0.0035366931918656055,0.0,0.0,0.0,0.0,0.0,0.7320954907161804,0.0,0.0,0.0,Non-malignant disease,
GSE181316_skin_7_scRNA_1,0.026829268292682926,0.0,0.3878048780487805,0.0,0.0,0.0,0.0,0.0,0.0,0.40487804878048783,0.0,0.0,0.0,0.06585365853658537,0.0,0.0,0.1024390243902439,0.0,0.012195121951219513,0.0,0.0,0.0,0.0,0.0,Control,
GSE155683_G170019300246Z_Cornea,0.0,0.06357142857142857,0.0,0.0,0.0,0.0,0.0,0.0,0.0,0.055714285714285716,0.8742857142857143,0.002142857142857143,0.0,0.0,0.0,0.0,0.004285714285714286,0.0,0.0,0.0,0.0,0.0,0.0,0.0,Control,
GSE171381_CNTRL_3__villi__HCR,0.0,0.0,0.0,0.0,0.0,0.0,0.0,0.0,0.0,0.0,0.0,0.0,1.0,0.0,0.0,0.0,0.0,0.0,0.0,0.0,0.0,0.0,0.0,0.0,Control,
GSE146123_human_germinectomy,0.0,0.0,0.0,0.0,0.05555555555555555,0.0,0.0,0.0,0.0,0.0,0.0,0.0,0.0,0.020833333333333332,0.0,0.0,0.0,0.9236111111111112,0.0,0.0,0.0,0.0,0.0,0.0,Control,
GSE181297_Keloid1,0.0,0.0,0.0,0.0,0.8303635067712045,0.0,0.0004751722499406035,0.0,0.0,0.1233071988595866,0.0,0.0,0.0,0.04585412211926823,0.0,0.0,0.0,0.0,0.0,0.0,0.0,0.0,0.0,0.0,Non-malignant disease,
GSE158924_scGA1__HHT,0.0,0.0,0.12121212121212122,0.09848484848484848,0.0,0.0,0.030303030303030304,0.0,0.0,0.045454545454545456,0.007575757575757576,0.0,0.0,0.5833333333333334,0.08333333333333333,0.0,0.030303030303030304,0.0,0.0,0.0,0.0,0.0,0.0,0.0,Non-malignant disease,
GSE130646_muscle2V1,0.0,0.0,0.7533333333333333,0.0,0.0,0.0,0.0,0.0,0.01,0.0,0.0,0.0,0.0,0.0,0.0,0.0,0.0,0.0,0.0,0.0,0.08,0.15666666666666668,0.0,0.0,Control,
GSE180878_PM_G,0.4890829694323144,0.3799126637554585,0.0,0.13100436681222707,0.0,0.0,0.0,0.0,0.0,0.0,0.0,0.0,0.0,0.0,0.0,0.0,0.0,0.0,0.0,0.0,0.0,0.0,0.0,0.0,Control,
GSE181957_SC164,0.0,0.0,0.5608695652173913,0.0,0.0,0.0,0.0,0.0,0.03260869565217391,0.20869565217391303,0.0,0.0,0.0,0.10869565217391304,0.0,0.0,0.06086956521739131,0.0,0.02826086956521739,0.0,0.0,0.0,0.0,0.0,Non-malignant disease,
GSE141526_BCC2,0.49056603773584906,0.0,0.0,0.0,0.0,0.5,0.0,0.0,0.0,0.009433962264150943,0.0,0.0,0.0,0.0,0.0,0.0,0.0,0.0,0.0,0.0,0.0,0.0,0.0,0.0,Cancer_Tumor,BCC
GSE154778_T6,0.0,0.0,0.0,0.0,0.6666666666666666,0.0,0.2878787878787879,0.0,0.0,0.0,0.0,0.0,0.0,0.0,0.045454545454545456,0.0,0.0,0.0,0.0,0.0,0.0,0.0,0.0,0.0,Cancer_Tumor,PC
GSE164241_GM183,0.0,0.0,0.0,0.0,0.07692307692307693,0.26395173453996984,0.0,0.0,0.007541478129713424,0.45701357466063347,0.0,0.0,0.0,0.19457013574660634,0.0,0.0,0.0,0.0,0.0,0.0,0.0,0.0,0.0,0.0,Control,
GSE182786_18369X1_201002_A00421_0246_AHKMLGDSXY,0.0,0.0,0.0,0.0,0.0,0.0,0.0,0.0,0.0,0.0,0.0,0.0,0.25806451612903225,0.0,0.0,0.0,0.0,0.0,0.0,0.7419354838709677,0.0,0.0,0.0,0.0,Control,
GSE161266_Perio4,0.0,0.0,0.0,0.0,0.01282051282051282,0.9615384615384616,0.0,0.0,0.0,0.0,0.0,0.0,0.0,0.02564102564102564,0.0,0.0,0.0,0.0,0.0,0.0,0.0,0.0,0.0,0.0,Control,
GSE172225_192561SKL_GEX_HHT,0.44673539518900346,0.07560137457044673,0.1958762886597938,0.0,0.0,0.0,0.0,0.0,0.0,0.1958762886597938,0.0,0.0,0.0,0.0859106529209622,0.0,0.0,0.0,0.0,0.0,0.0,0.0,0.0,0.0,0.0,Non-malignant disease,
GSE180878_PM_D,0.21052631578947367,0.27751196172248804,0.32057416267942584,0.19138755980861244,0.0,0.0,0.0,0.0,0.0,0.0,0.0,0.0,0.0,0.0,0.0,0.0,0.0,0.0,0.0,0.0,0.0,0.0,0.0,0.0,Control,
GSE143704_Sample_87378_HH3Y5BGX9_hu_111418,0.0,0.0,0.4975294564804257,0.0,0.0,0.0,0.0,0.0,0.0,0.0,0.0034207525655644243,0.0,0.004561003420752566,0.0,0.0,0.0,0.0,0.0,0.0,0.0,0.2671987837324211,0.2272900038008362,0.0,0.0,Control,
GSE173252_sf3,0.0,0.0,0.8770764119601329,0.0,0.0,0.0,0.0,0.0,0.023255813953488372,0.09966777408637874,0.0,0.0,0.0,0.0,0.0,0.0,0.0,0.0,0.0,0.0,0.0,0.0,0.0,0.0,Control,
GSE182208_SC_NS-6,0.020869565217391306,0.01217391304347826,0.5017391304347826,0.011304347826086957,0.0,0.0,0.0,0.0,0.0,0.3391304347826087,0.0,0.0,0.0,0.08608695652173913,0.0,0.0,0.01391304347826087,0.0,0.014782608695652174,0.0,0.0,0.0,0.0,0.0,Control,
GSE183219_HSA_JGR_G_ST190329_G,0.07692307692307693,0.0,0.0,0.0,0.6730769230769231,0.0,0.057692307692307696,0.17307692307692307,0.0,0.0,0.0,0.0,0.0,0.019230769230769232,0.0,0.0,0.0,0.0,0.0,0.0,0.0,0.0,0.0,0.0,Cancer_Tumor,NSCLC
GSE111976_endo_29,0.006653992395437262,0.0,0.0,0.0,0.0,0.0,0.0,0.0,0.0,0.0,0.0,0.0,0.0,0.0,0.0,0.0,0.0,0.0,0.0,0.9933460076045627,0.0,0.0,0.0,0.0,Control,
GSE172225_192567SKN_GEX_HHT,0.18109756097560975,0.0701219512195122,0.08353658536585366,0.0,0.0,0.0,0.0,0.0,0.007317073170731708,0.32134146341463415,0.0,0.0,0.0,0.05121951219512195,0.0,0.0,0.17317073170731706,0.0,0.11219512195121951,0.0,0.0,0.0,0.0,0.0,Control,
GSE171381_CNTRL_1__decidua__HCR,0.0,0.0,0.0,0.0,0.0,0.0,0.0,0.0,0.0,0.0,0.0,0.0,0.0,0.0,0.0,0.0,0.0,0.0,0.0,1.0,0.0,0.0,0.0,0.0,Control,
GSE182208_SC_NS-5,0.21333333333333335,0.0,0.7233333333333334,0.0,0.0,0.0,0.0,0.0,0.0,0.0,0.0,0.0,0.0,0.06333333333333334,0.0,0.0,0.0,0.0,0.0,0.0,0.0,0.0,0.0,0.0,Non-malignant disease,
GSE132771_F5L,0.030245746691871456,0.0,0.03213610586011342,0.0,0.10586011342155009,0.0,0.15122873345935728,0.6805293005671077,0.0,0.0,0.0,0.0,0.0,0.0,0.0,0.0,0.0,0.0,0.0,0.0,0.0,0.0,0.0,0.0,Non-malignant disease,
GSE146123_human_germ_molar_apical_papilla_female_15yo,0.0,0.0,0.0,0.0,0.017119565217391303,0.0,0.0,0.0,0.0,0.0,0.0,0.0,0.0,0.0,0.0,0.0,0.0,0.9828804347826087,0.0,0.0,0.0,0.0,0.0,0.0,Control,
GSE181316_scar_1_scRNA,0.15151515151515152,0.05303030303030303,0.45075757575757575,0.03409090909090909,0.01893939393939394,0.0,0.0,0.0,0.0,0.24242424242424243,0.0,0.0,0.011363636363636364,0.03787878787878788,0.0,0.0,0.0,0.0,0.0,0.0,0.0,0.0,0.0,0.0,Non-malignant disease,
GSE154405_JV576c,0.0,0.0,0.0,0.0,0.0,0.0,0.0,0.0,0.0,0.0,0.0,0.0,0.018726591760299626,0.0,0.0,0.0,0.0,0.0,0.0,0.0,0.0,0.0,0.23220973782771537,0.7490636704119851,Control,
GSE132771_F6W,0.0,0.027777777777777776,0.0,0.0,0.1388888888888889,0.0,0.013888888888888888,0.8148148148148148,0.0,0.004629629629629629,0.0,0.0,0.0,0.0,0.0,0.0,0.0,0.0,0.0,0.0,0.0,0.0,0.0,0.0,Non-malignant disease,
GSE141526_BCC3,0.353163087637841,0.0,0.0,0.0,0.0,0.646836912362159,0.0,0.0,0.0,0.0,0.0,0.0,0.0,0.0,0.0,0.0,0.0,0.0,0.0,0.0,0.0,0.0,0.0,0.0,Cancer_Tumor,BCC
GSE128066_SC124,0.0,0.0,0.01732283464566929,0.0,0.0,0.0,0.0,0.0,0.04251968503937008,0.48661417322834644,0.0,0.0,0.0,0.10078740157480315,0.0,0.0,0.2,0.0,0.15275590551181104,0.0,0.0,0.0,0.0,0.0,Control,
GSE111976_endo_58,0.0,0.0,0.0,0.0,0.0,0.0,0.0,0.0,0.0,0.0,0.0003748125937031484,0.0,0.005997001499250375,0.0,0.0,0.0,0.0,0.0,0.0,0.9936281859070465,0.0,0.0,0.0,0.0,Control,
GSE145927_Bx39D,0.0,0.0,0.0,0.0,0.0,0.0,0.07723577235772358,0.008130081300813009,0.0,0.0,0.0,0.0,0.0,0.7479674796747967,0.0,0.0,0.0,0.0,0.0,0.16666666666666666,0.0,0.0,0.0,0.0,Non-malignant disease,
GSE159677_02dat20190620tisCARconDIS,0.0,0.0,0.0,0.0,0.4449760765550239,0.0,0.28708133971291866,0.07655502392344497,0.0,0.0,0.0,0.0,0.0,0.11483253588516747,0.07655502392344497,0.0,0.0,0.0,0.0,0.0,0.0,0.0,0.0,0.0,Non-malignant disease,
GSE180878_RM_C,0.5625,0.053385416666666664,0.3841145833333333,0.0,0.0,0.0,0.0,0.0,0.0,0.0,0.0,0.0,0.0,0.0,0.0,0.0,0.0,0.0,0.0,0.0,0.0,0.0,0.0,0.0,Control,
GSE181919_C30,0.03333333333333333,0.0,0.0,0.0,0.7333333333333333,0.13333333333333333,0.0,0.0,0.0,0.0,0.0,0.0,0.0,0.0,0.016666666666666666,0.0,0.0,0.0,0.0,0.0,0.0,0.08333333333333333,0.0,0.0,Cancer_Tumor,HNSCC
GSE161267_Pulp1,0.0,0.0,0.0,0.0,0.0,0.0,0.0,0.0,0.0,0.0,0.0,0.0,0.0,0.0,0.0,0.0,0.0,1.0,0.0,0.0,0.0,0.0,0.0,0.0,Control,
GSE175817_D318,0.16507936507936508,0.0,0.0,0.0,0.0,0.4380952380952381,0.0,0.0,0.0,0.14603174603174604,0.0,0.0,0.0,0.04126984126984127,0.0,0.0,0.17142857142857143,0.0,0.0380952380952381,0.0,0.0,0.0,0.0,0.0,Non-malignant disease,
GSE182786_18328X1_201002_A00421_0246_AHKMLGDSXY,0.0,0.0,0.015151515151515152,0.0,0.0,0.0,0.22727272727272727,0.0,0.045454545454545456,0.0,0.0,0.0,0.16666666666666666,0.0,0.0,0.0,0.0,0.0,0.0,0.5454545454545454,0.0,0.0,0.0,0.0,Control,
GSE128889_Human,0.0,0.0,1.0,0.0,0.0,0.0,0.0,0.0,0.0,0.0,0.0,0.0,0.0,0.0,0.0,0.0,0.0,0.0,0.0,0.0,0.0,0.0,0.0,0.0,Control,
GSE145927_Bx45D,0.0,0.0,0.06493506493506493,0.0,0.0,0.0,0.0,0.0,0.0,0.0,0.0,0.0,0.0,0.922077922077922,0.0,0.0,0.0,0.0,0.0,0.012987012987012988,0.0,0.0,0.0,0.0,Non-malignant disease,
GSE180544_MSG15,0.0,0.0,0.9855072463768116,0.014492753623188406,0.0,0.0,0.0,0.0,0.0,0.0,0.0,0.0,0.0,0.0,0.0,0.0,0.0,0.0,0.0,0.0,0.0,0.0,0.0,0.0,Control,
GSE169471_SC161,0.030612244897959183,0.0,0.20408163265306123,0.0,0.0,0.0,0.00510204081632653,0.7602040816326531,0.0,0.0,0.0,0.0,0.0,0.0,0.0,0.0,0.0,0.0,0.0,0.0,0.0,0.0,0.0,0.0,Non-malignant disease,
GSE111976_endo_60,0.0,0.0,0.0,0.0,0.0,0.0,0.0,0.0,0.0,0.0,0.0,0.0,0.001110494169905608,0.0,0.0,0.0,0.0,0.0,0.0,0.9988895058300944,0.0,0.0,0.0,0.0,Control,
GSE161267_Pulp4,0.0,0.0,0.0,0.0,0.0,0.0,0.0,0.0,0.0,0.0,0.0,0.0,0.0,0.0,0.0,0.0,0.0,1.0,0.0,0.0,0.0,0.0,0.0,0.0,Control,
GSE111976_endo_41,0.0,0.0,0.0,0.0,0.0,0.0,0.0,0.0,0.0,0.0,0.0,0.0,0.0,0.0,0.0,0.0,0.0,0.0,0.0,1.0,0.0,0.0,0.0,0.0,Control,
GSE147520_hThy22A,0.0,0.011363636363636364,0.1875,0.0,0.0,0.0,0.028409090909090908,0.05113636363636364,0.0,0.0,0.0,0.0,0.0,0.1534090909090909,0.0,0.0,0.0,0.0,0.0,0.0,0.5681818181818182,0.0,0.0,0.0,Control,
GSE176417_Sc_skin2,0.0013100436681222707,0.0,0.8751091703056768,0.014410480349344978,0.002183406113537118,0.0,0.0,0.0,0.01572052401746725,0.020087336244541485,0.0,0.0,0.0,0.0,0.0,0.0,0.07117903930131005,0.0,0.0,0.0,0.0,0.0,0.0,0.0,Control,
GSE169062_15494X1,0.0,0.20045558086560364,0.0,0.0,0.0,0.0,0.0,0.0,0.0,0.0,0.0,0.0,0.03189066059225513,0.0,0.0,0.0,0.0,0.0,0.0,0.7676537585421412,0.0,0.0,0.0,0.0,Non-malignant disease,
GSE176417_Sc_skin1,0.09613130128956623,0.0,0.861664712778429,0.0,0.008206330597889801,0.0,0.0,0.0,0.0,0.0,0.0,0.0,0.0,0.0,0.0,0.0,0.03399765533411489,0.0,0.0,0.0,0.0,0.0,0.0,0.0,Control,
GSE132771_N1W,0.0,0.0,0.1513859275053305,0.0,0.0,0.0,0.0,0.8486140724946695,0.0,0.0,0.0,0.0,0.0,0.0,0.0,0.0,0.0,0.0,0.0,0.0,0.0,0.0,0.0,0.0,Control,
GSE182381_KC42_1_placenta,0.0,0.0,0.0,0.0,0.0,0.0,0.0,0.0,0.0,0.0,0.0,0.0,1.0,0.0,0.0,0.0,0.0,0.0,0.0,0.0,0.0,0.0,0.0,0.0,Control,
GSE183219_HSA_JGR_800TS_0_G,0.0,0.0,0.34375,0.0,0.296875,0.0,0.015625,0.28125,0.0,0.0,0.0,0.0,0.0,0.0625,0.0,0.0,0.0,0.0,0.0,0.0,0.0,0.0,0.0,0.0,Cancer_Tumor,NSCLC
GSE155468_10x_RPP_Con_4,0.0,0.0,0.6232558139534884,0.0,0.0,0.0,0.1813953488372093,0.07441860465116279,0.12093023255813953,0.0,0.0,0.0,0.0,0.0,0.0,0.0,0.0,0.0,0.0,0.0,0.0,0.0,0.0,0.0,Control,
GSE181919_LN38,0.0196078431372549,0.0,0.16666666666666666,0.0,0.4411764705882353,0.0,0.11764705882352941,0.0,0.0,0.0,0.0,0.0,0.0,0.14705882352941177,0.10784313725490197,0.0,0.0,0.0,0.0,0.0,0.0,0.0,0.0,0.0,Cancer_Metastasis,HNSCC
GSE147979_Choroid75,0.027944111776447105,0.013972055888223553,0.0,0.0,0.0,0.0,0.0,0.0,0.0,0.0,0.0,0.9201596806387226,0.03792415169660679,0.0,0.0,0.0,0.0,0.0,0.0,0.0,0.0,0.0,0.0,0.0,Control,
GSE176417_Sc_W1,0.0,0.0,0.0,0.0,0.7415201005025126,0.24560301507537688,0.0,0.0,0.0,0.012876884422110553,0.0,0.0,0.0,0.0,0.0,0.0,0.0,0.0,0.0,0.0,0.0,0.0,0.0,0.0,Non-malignant disease,
GSE180544_MSG18,0.0,0.0,0.8350515463917526,0.13745704467353953,0.0,0.0,0.0,0.0,0.027491408934707903,0.0,0.0,0.0,0.0,0.0,0.0,0.0,0.0,0.0,0.0,0.0,0.0,0.0,0.0,0.0,Control,
GSE181957_SC212,0.0,0.0,0.16441441441441443,0.015765765765765764,0.0,0.0,0.0,0.0,0.018018018018018018,0.6058558558558559,0.0,0.0,0.0,0.09684684684684684,0.0,0.0,0.04954954954954955,0.0,0.04954954954954955,0.0,0.0,0.0,0.0,0.0,Non-malignant disease,
GSE164690_HN15_CD45n,0.0,0.0,0.5480225988700564,0.0,0.07909604519774012,0.24858757062146894,0.0,0.0,0.0,0.0,0.0,0.0,0.0,0.03389830508474576,0.0903954802259887,0.0,0.0,0.0,0.0,0.0,0.0,0.0,0.0,0.0,Cancer_Tumor,HNSCC
GSE181957_SC226,0.0,0.0,0.05084745762711865,0.0,0.11016949152542373,0.0,0.0,0.0,0.05084745762711865,0.22033898305084745,0.0,0.0,0.0,0.211864406779661,0.0,0.0,0.17796610169491525,0.0,0.17796610169491525,0.0,0.0,0.0,0.0,0.0,Non-malignant disease,
GSE164241_GM283,0.0,0.0,0.004889975550122249,0.0,0.06845965770171149,0.45965770171149145,0.0,0.0,0.007334963325183374,0.15892420537897312,0.0,0.0,0.0,0.30073349633251834,0.0,0.0,0.0,0.0,0.0,0.0,0.0,0.0,0.0,0.0,Control,
GSE181919_P15,0.0,0.0,0.0,0.0,0.1092814371257485,0.6392215568862275,0.0,0.0,0.0,0.25149700598802394,0.0,0.0,0.0,0.0,0.0,0.0,0.0,0.0,0.0,0.0,0.0,0.0,0.0,0.0,Cancer_Tumor,Leukoplakia
GSE160756_h-NP-1,0.0,0.0058589172720881185,0.132645887040075,0.0,0.011483477853292711,0.0,0.0,0.0,0.06022966955706585,0.0,0.0,0.0,0.0,0.0,0.0,0.7897820482774783,0.0,0.0,0.0,0.0,0.0,0.0,0.0,0.0,Control,
GSE181919_C7,0.24,0.0,0.0,0.0,0.36,0.17333333333333334,0.0,0.0,0.0,0.02666666666666667,0.0,0.0,0.0,0.013333333333333334,0.0,0.0,0.0,0.0,0.0,0.0,0.0,0.18666666666666668,0.0,0.0,Cancer_Tumor,HNSCC
GSE146123_human_molar_healthy_2,0.0,0.0,0.0,0.0,0.0,0.0,0.0,0.0,0.0,0.0,0.0,0.0,0.0,0.0,0.0,0.0,0.0,1.0,0.0,0.0,0.0,0.0,0.0,0.0,Control,
GSE181316_scar_2_scRNA,0.006589785831960461,0.054365733113673806,0.2586490939044481,0.0,0.0,0.0,0.0,0.0,0.0,0.514003294892916,0.0,0.0,0.0,0.05601317957166392,0.0,0.0,0.10214168039538715,0.0,0.008237232289950576,0.0,0.0,0.0,0.0,0.0,Non-malignant disease,
GSE164241_BM165,0.0,0.0,0.0,0.0,0.0,0.0,0.0,0.0,0.0,0.9719626168224299,0.0,0.0,0.0,0.028037383177570093,0.0,0.0,0.0,0.0,0.0,0.0,0.0,0.0,0.0,0.0,Control,
GSE132771_F4L,0.3382084095063985,0.0,0.04936014625228519,0.0,0.02437538086532602,0.0,0.11090798293723339,0.46008531383302864,0.0,0.0,0.0,0.0,0.0,0.015234613040828763,0.0,0.0018281535648994515,0.0,0.0,0.0,0.0,0.0,0.0,0.0,0.0,Non-malignant disease,
GSE164241_BM150,0.0,0.0,0.0,0.0,0.0,0.0,0.0,0.0,0.0,0.9410609037328095,0.0,0.0,0.0,0.05893909626719057,0.0,0.0,0.0,0.0,0.0,0.0,0.0,0.0,0.0,0.0,Control,
GSE164241_PD153,0.0,0.0,0.0,0.0,0.10982658959537572,0.6560693641618497,0.0,0.0,0.0,0.23410404624277456,0.0,0.0,0.0,0.0,0.0,0.0,0.0,0.0,0.0,0.0,0.0,0.0,0.0,0.0,Non-malignant disease,
GSE181316_keloid_1_scRNA,0.005668398677373642,0.0,0.4156825696740671,0.0,0.456778460085026,0.0004723665564478035,0.0,0.0,0.0,0.0944733112895607,0.0,0.0,0.0,0.0269248937175248,0.0,0.0,0.0,0.0,0.0,0.0,0.0,0.0,0.0,0.0,Non-malignant disease,
GSE157376_IPF3_Epcam_N,0.06172839506172839,0.04938271604938271,0.09876543209876543,0.0,0.0,0.4567901234567901,0.0,0.3333333333333333,0.0,0.0,0.0,0.0,0.0,0.0,0.0,0.0,0.0,0.0,0.0,0.0,0.0,0.0,0.0,0.0,Non-malignant disease,
GSE182381_KC40_1_placenta,0.0,0.0,0.0,0.0,0.0,0.0,0.0,0.0,0.0,0.0,0.0,0.0,1.0,0.0,0.0,0.0,0.0,0.0,0.0,0.0,0.0,0.0,0.0,0.0,Control,
GSE164690_HN16_CD45n,0.020161290322580645,0.008064516129032258,0.16532258064516128,0.0,0.2862903225806452,0.24193548387096775,0.0,0.0,0.0,0.14112903225806453,0.0,0.0,0.004032258064516129,0.012096774193548387,0.04838709677419355,0.0,0.0,0.0,0.0,0.0,0.0,0.07258064516129033,0.0,0.0,Cancer_Tumor,HNSCC
GSE155512_RPE006,0.0,0.0,0.0,0.0,0.12698412698412698,0.0,0.8571428571428571,0.015873015873015872,0.0,0.0,0.0,0.0,0.0,0.0,0.0,0.0,0.0,0.0,0.0,0.0,0.0,0.0,0.0,0.0,Non-malignant disease,
GSE164092_P13104_11003,0.0,0.0,0.0,0.0,0.0,0.0,0.0,0.0,0.0,0.0,0.0,1.0,0.0,0.0,0.0,0.0,0.0,0.0,0.0,0.0,0.0,0.0,0.0,0.0,Control,
GSE154405_SZ687c,0.0,0.0,0.0,0.0,0.0,0.0,0.0,0.0,0.0,0.0,0.0,0.0,0.005221932114882507,0.0,0.0,0.0,0.0,0.0,0.0,0.0,0.0,0.0,0.2402088772845953,0.7545691906005222,Control,
GSE160756_h-CEP-1qing,0.0,0.0,0.0,0.0,0.0,0.0,0.0,0.0,0.0,0.0,0.0,0.0,0.0,0.0,0.0,1.0,0.0,0.0,0.0,0.0,0.0,0.0,0.0,0.0,Control,
GSE164241_GM144,0.0,0.0,0.0,0.0,0.1497005988023952,0.4491017964071856,0.0,0.0,0.0,0.2754491017964072,0.0,0.0,0.0,0.10179640718562874,0.0,0.023952095808383235,0.0,0.0,0.0,0.0,0.0,0.0,0.0,0.0,Control,
GSE160536_SC267,0.0,0.0,0.0,0.0,0.0,0.0,0.0,0.0,0.0,0.676056338028169,0.0,0.0,0.0,0.323943661971831,0.0,0.0,0.0,0.0,0.0,0.0,0.0,0.0,0.0,0.0,Non-malignant disease,
GSE160756_h-CEP-1zhong,0.0,0.0071391708240151385,0.0,0.0,0.011095819714433167,0.0,0.0,0.0,0.0,0.0,0.0,0.0,0.0,0.0,0.0,0.9817650094615517,0.0,0.0,0.0,0.0,0.0,0.0,0.0,0.0,Control,
GSE180878_PM_E,0.23460410557184752,0.10850439882697947,0.656891495601173,0.0,0.0,0.0,0.0,0.0,0.0,0.0,0.0,0.0,0.0,0.0,0.0,0.0,0.0,0.0,0.0,0.0,0.0,0.0,0.0,0.0,Control,
GSE132771_N2L,0.0,0.0,0.01725790987535954,0.0,0.0,0.0,0.0,0.9827420901246404,0.0,0.0,0.0,0.0,0.0,0.0,0.0,0.0,0.0,0.0,0.0,0.0,0.0,0.0,0.0,0.0,Control,
GSE161153_P13104_7006,0.0,0.0,0.15803108808290156,0.0,0.0,0.0,0.0,0.012953367875647668,0.0,0.0,0.0,0.0,0.03626943005181347,0.0,0.0,0.0,0.0,0.0,0.0,0.0,0.7927461139896373,0.0,0.0,0.0,Non-malignant disease,
GSE143704_Sample_105052_H3HWCBGXC_hu_080619,0.15816326530612246,0.05612244897959184,0.6989795918367347,0.0,0.0,0.0,0.0,0.0,0.0,0.0,0.0,0.0,0.0,0.0,0.0,0.0,0.0,0.0,0.0,0.0,0.02040816326530612,0.0663265306122449,0.0,0.0,Control,
GSE164241_GM148,0.0,0.0,0.0,0.0,0.12229299363057325,0.7312101910828025,0.0,0.0,0.0,0.07070063694267516,0.0006369426751592356,0.0,0.0,0.0751592356687898,0.0,0.0,0.0,0.0,0.0,0.0,0.0,0.0,0.0,0.0,Control,
GSE164241_BM152,0.0,0.0,0.0,0.0,0.0,0.0,0.0,0.0,0.0,1.0,0.0,0.0,0.0,0.0,0.0,0.0,0.0,0.0,0.0,0.0,0.0,0.0,0.0,0.0,Control,
GSE132771_N3L,0.0027548209366391185,0.0,0.1322314049586777,0.0,0.0,0.0,0.0,0.8650137741046832,0.0,0.0,0.0,0.0,0.0,0.0,0.0,0.0,0.0,0.0,0.0,0.0,0.0,0.0,0.0,0.0,Control,
GSE160536_SC268,0.0,0.0,0.0,0.0,0.035545023696682464,0.0,0.0,0.0,0.018957345971563982,0.3957345971563981,0.0,0.0,0.0,0.3127962085308057,0.0,0.0,0.07109004739336493,0.0,0.16587677725118483,0.0,0.0,0.0,0.0,0.0,Non-malignant disease,
GSE171381_CNTRL_3__decidua__HCR,0.0,0.0,0.0,0.0,0.0021201413427561835,0.0,0.0,0.0,0.0,0.0,0.0,0.0,0.0,0.0,0.0,0.0,0.0,0.0,0.0,0.9978798586572438,0.0,0.0,0.0,0.0,Control,
GSE181957_SC160,0.0,0.0,0.03418803418803419,0.0,0.10256410256410256,0.0,0.0,0.0,0.042735042735042736,0.452991452991453,0.0,0.0,0.0,0.20512820512820512,0.0,0.0,0.10256410256410256,0.0,0.05982905982905983,0.0,0.0,0.0,0.0,0.0,Non-malignant disease,
GSE180878_PM_C,0.18142548596112312,0.07991360691144708,0.7386609071274298,0.0,0.0,0.0,0.0,0.0,0.0,0.0,0.0,0.0,0.0,0.0,0.0,0.0,0.0,0.0,0.0,0.0,0.0,0.0,0.0,0.0,Control,
GSE158924_scGA2_HHT,0.0,0.0,0.13513513513513514,0.036036036036036036,0.16216216216216217,0.06306306306306306,0.0,0.0,0.0,0.04504504504504504,0.0,0.0,0.0,0.2072072072072072,0.0,0.0,0.25225225225225223,0.0,0.0990990990990991,0.0,0.0,0.0,0.0,0.0,Non-malignant disease,
GSE160756_h-AF-1qing,0.0,0.0,0.0,0.0,0.0,0.0,0.0,0.0,0.0,0.0,0.0,0.0,0.0,0.0,0.0,1.0,0.0,0.0,0.0,0.0,0.0,0.0,0.0,0.0,Control,
GSE150516_CHO4S,0.0,0.0,0.0,0.0,0.0,0.0,0.0,0.0,0.0,0.0,0.0,0.0,0.0,0.0,0.0,0.0,0.0,0.0,0.0,0.0,0.0,0.0,0.06578947368421052,0.9342105263157895,Non-malignant disease,
GSE176308_sample3,0.7849882720875684,0.0,0.2150117279124316,0.0,0.0,0.0,0.0,0.0,0.0,0.0,0.0,0.0,0.0,0.0,0.0,0.0,0.0,0.0,0.0,0.0,0.0,0.0,0.0,0.0,Non-malignant disease,
GSE130646_muscle1V2,0.0,0.0,0.2545454545454545,0.0,0.0,0.0,0.0,0.0,0.030303030303030304,0.0,0.0,0.0,0.0,0.0,0.0,0.0,0.0,0.0,0.0,0.0,0.15757575757575756,0.5575757575757576,0.0,0.0,Control,
GSE181919_C9_1,0.018518518518518517,0.0,0.0,0.0,0.3888888888888889,0.5185185185185185,0.0,0.0,0.0,0.0,0.0,0.0,0.0,0.07407407407407407,0.0,0.0,0.0,0.0,0.0,0.0,0.0,0.0,0.0,0.0,Cancer_Tumor,HNSCC
GSE159677_01dat20190515tisCARconHEL,0.0,0.0,0.9732620320855615,0.0,0.0,0.0,0.0,0.0053475935828877,0.0213903743315508,0.0,0.0,0.0,0.0,0.0,0.0,0.0,0.0,0.0,0.0,0.0,0.0,0.0,0.0,0.0,Non-malignant disease,
GSE183031_HC01,0.6831065759637188,0.12981859410430838,0.03571428571428571,0.0,0.0,0.03571428571428571,0.0,0.0,0.0,0.06519274376417233,0.0,0.0,0.0,0.0,0.0,0.0,0.05045351473922902,0.0,0.0,0.0,0.0,0.0,0.0,0.0,Control,
GSE175817_D407A,0.14473684210526316,0.0,0.06578947368421052,0.05921052631578947,0.05263157894736842,0.05263157894736842,0.0,0.0,0.0,0.3190789473684211,0.0,0.0,0.0,0.26973684210526316,0.0,0.0,0.0,0.0,0.03618421052631579,0.0,0.0,0.0,0.0,0.0,Non-malignant disease,
GSE183852_TWCM-H3,0.0,0.0,0.1925287356321839,0.0,0.0,0.0,0.09722222222222222,0.5110153256704981,0.0,0.0,0.0,0.0,0.018199233716475097,0.0,0.0,0.0,0.0,0.0,0.0,0.0,0.1810344827586207,0.0,0.0,0.0,Non-malignant disease,
GSE147979_Cornea73,0.0,0.034482758620689655,0.0,0.0,0.0,0.0,0.0,0.0,0.0,0.017241379310344827,0.017241379310344827,0.9310344827586207,0.0,0.0,0.0,0.0,0.0,0.0,0.0,0.0,0.0,0.0,0.0,0.0,Control,
GSE129845_190,0.0,0.0,0.0,0.0,0.0,0.0,0.0,0.0,0.0,0.0,0.0,0.0,0.0,0.0,0.0,0.0,0.0,0.0,0.0,0.0,0.0,0.0,0.023255813953488372,0.9767441860465116,Non-malignant disease,
GSE181919_N21,0.0,0.0,0.9012658227848102,0.0,0.0,0.0,0.0,0.0,0.0,0.08270042194092828,0.002531645569620253,0.0,0.0,0.0,0.0,0.0,0.0,0.0,0.0,0.0,0.0,0.01350210970464135,0.0,0.0,Cancer_AdjNorm,HNSCC
GSE145927_Bx39C,0.0,0.0,0.0,0.0,0.0,0.0,0.031818181818181815,0.0,0.0,0.0,0.0,0.0,0.0,0.740909090909091,0.0,0.0,0.0,0.0,0.0,0.22727272727272727,0.0,0.0,0.0,0.0,Non-malignant disease,
GSE164690_HN11_CD45n,0.0,0.0,0.0,0.0,0.3614457831325301,0.29518072289156627,0.0,0.0,0.0,0.1566265060240964,0.0,0.0,0.0,0.16265060240963855,0.024096385542168676,0.0,0.0,0.0,0.0,0.0,0.0,0.0,0.0,0.0,Cancer_Tumor,HNSCC
GSE164690_HN01_CD45n,0.0,0.0,0.0,0.0,0.25536723163841807,0.6644067796610169,0.0,0.0,0.0,0.0,0.0,0.0,0.0,0.0,0.08022598870056497,0.0,0.0,0.0,0.0,0.0,0.0,0.0,0.0,0.0,Cancer_Tumor,HNSCC
GSE111976_endo_14,0.591254752851711,0.017110266159695818,0.0,0.0,0.0,0.0,0.0,0.0,0.0,0.0,0.0,0.0,0.016159695817490494,0.0,0.0,0.0,0.0,0.0,0.0,0.3754752851711027,0.0,0.0,0.0,0.0,Control,
GSE168933_NASH1_LIB037225,1.0,0.0,0.0,0.0,0.0,0.0,0.0,0.0,0.0,0.0,0.0,0.0,0.0,0.0,0.0,0.0,0.0,0.0,0.0,0.0,0.0,0.0,0.0,0.0,Non-malignant disease,
GSE181957_SC224,0.0,0.0,0.5208333333333334,0.0,0.0,0.0,0.0,0.0,0.027777777777777776,0.1736111111111111,0.0,0.0,0.0,0.06712962962962964,0.0,0.0,0.11342592592592593,0.0,0.09722222222222222,0.0,0.0,0.0,0.0,0.0,Non-malignant disease,
GSE169062_15494X4,0.0,0.0,0.171875,0.0,0.0,0.0,0.0,0.0,0.0,0.0,0.0,0.0,0.109375,0.0625,0.0,0.0,0.0,0.0,0.0,0.65625,0.0,0.0,0.0,0.0,Non-malignant disease,
GSE173252_dd1C,0.0,0.0,0.7742448330683624,0.0,0.17488076311605724,0.0,0.0,0.0,0.05087440381558029,0.0,0.0,0.0,0.0,0.0,0.0,0.0,0.0,0.0,0.0,0.0,0.0,0.0,0.0,0.0,Non-malignant disease,
GSE181919_N38,0.06097560975609756,0.0,0.6707317073170732,0.0,0.0,0.0,0.0,0.0,0.024390243902439025,0.23170731707317074,0.0,0.0,0.0,0.012195121951219513,0.0,0.0,0.0,0.0,0.0,0.0,0.0,0.0,0.0,0.0,Cancer_AdjNorm,HNSCC
GSE183219_HSA_JGR_714ST_G,0.0,0.006071118820468344,0.0,0.0,0.9939288811795317,0.0,0.0,0.0,0.0,0.0,0.0,0.0,0.0,0.0,0.0,0.0,0.0,0.0,0.0,0.0,0.0,0.0,0.0,0.0,Cancer_Tumor,NSCLC
GSE176417_Sc_W3,0.03612059158134243,0.0,0.3111490329920364,0.0,0.5420932878270762,0.02417519908987486,0.00881683731513083,0.0,0.0011376564277588168,0.07508532423208192,0.0,0.0,0.0,0.001422070534698521,0.0,0.0,0.0,0.0,0.0,0.0,0.0,0.0,0.0,0.0,Non-malignant disease,
GSE171381_COVID_5__decidua__HHT,0.0,0.0,0.0,0.0,0.0,0.0,0.0,0.0,0.0,0.0,0.0,0.0,0.02197802197802198,0.0,0.0,0.0,0.0,0.0,0.0,0.978021978021978,0.0,0.0,0.0,0.0,Non-malignant disease,
GSE169147_SAR2_HHT,0.0,0.0,0.018947368421052633,0.0,0.16421052631578947,0.037894736842105266,0.0,0.0,0.0,0.19157894736842104,0.0,0.0,0.002105263157894737,0.42736842105263156,0.12842105263157894,0.0,0.0,0.0,0.029473684210526315,0.0,0.0,0.0,0.0,0.0,Non-malignant disease,
GSE183219_HSA_JGR_522ST_G,0.0,0.0,0.0,0.0,0.7296195652173914,0.14673913043478262,0.0,0.04483695652173913,0.0,0.0,0.0,0.0,0.006793478260869565,0.010869565217391304,0.06114130434782609,0.0,0.0,0.0,0.0,0.0,0.0,0.0,0.0,0.0,Cancer_Tumor,NSCLC
GSE182208_SC_NS-4,0.15503875968992248,0.044573643410852716,0.4108527131782946,0.06782945736434108,0.0,0.0,0.0,0.0,0.0,0.25387596899224807,0.0,0.0,0.0,0.03488372093023256,0.0,0.0,0.03294573643410853,0.0,0.0,0.0,0.0,0.0,0.0,0.0,Non-malignant disease,
GSE162122_Myometrium-55_11564_GEXL,0.0,0.0,0.49206349206349204,0.0,0.0,0.0,0.0,0.015873015873015872,0.0,0.0,0.0,0.0,0.06349206349206349,0.015873015873015872,0.0,0.0,0.0,0.0,0.0,0.3333333333333333,0.07936507936507936,0.0,0.0,0.0,Control,
GSE181919_C6,0.0663265306122449,0.03571428571428571,0.01020408163265306,0.0,0.30612244897959184,0.5816326530612245,0.0,0.0,0.0,0.0,0.0,0.0,0.0,0.0,0.0,0.0,0.0,0.0,0.0,0.0,0.0,0.0,0.0,0.0,Cancer_Tumor,HNSCC
GSE156776_A04,0.028768699654775604,0.0,0.9712313003452244,0.0,0.0,0.0,0.0,0.0,0.0,0.0,0.0,0.0,0.0,0.0,0.0,0.0,0.0,0.0,0.0,0.0,0.0,0.0,0.0,0.0,Non-malignant disease,
GSE131778_rca1-1,0.0,0.0,0.6142857142857143,0.0,0.0,0.0,0.15714285714285714,0.02857142857142857,0.2,0.0,0.0,0.0,0.0,0.0,0.0,0.0,0.0,0.0,0.0,0.0,0.0,0.0,0.0,0.0,Non-malignant disease,
GSE164241_GM143,0.0,0.0,0.0,0.0,0.0847457627118644,0.33220338983050846,0.0,0.0,0.0,0.3694915254237288,0.0,0.0,0.0,0.2135593220338983,0.0,0.0,0.0,0.0,0.0,0.0,0.0,0.0,0.0,0.0,Control,
GSE164241_PD164,0.0,0.0,0.0,0.0,0.040780141843971635,0.8847517730496454,0.0,0.0,0.0,0.07446808510638298,0.0,0.0,0.0,0.0,0.0,0.0,0.0,0.0,0.0,0.0,0.0,0.0,0.0,0.0,Non-malignant disease,
GSE180878_RM_B,0.8366477272727273,0.02556818181818182,0.07528409090909091,0.0625,0.0,0.0,0.0,0.0,0.0,0.0,0.0,0.0,0.0,0.0,0.0,0.0,0.0,0.0,0.0,0.0,0.0,0.0,0.0,0.0,Control,
GSE132802_SKIN_HV4,0.0,0.02005730659025788,0.054441260744985676,0.06017191977077364,0.0,0.0,0.0,0.0,0.017191977077363897,0.46131805157593125,0.0,0.0,0.0,0.08882521489971347,0.0,0.0,0.17191977077363896,0.0,0.12607449856733524,0.0,0.0,0.0,0.0,0.0,Control,
GSE143704_Sample_87380_HH3NGBGX9_hu_120518,0.0,0.0,0.4017898118402937,0.0,0.0,0.0,0.0,0.0,0.0,0.0,0.0009178522257916476,0.0,0.0004589261128958238,0.0,0.0,0.0,0.0,0.0,0.0,0.0,0.26778338687471315,0.32905002294630564,0.0,0.0,Control,
GSE183031_HC02,0.45857988165680474,0.1834319526627219,0.01301775147928994,0.009467455621301775,0.0,0.07869822485207101,0.0,0.0,0.021301775147928994,0.06331360946745562,0.0,0.0,0.0,0.023076923076923078,0.0,0.0,0.11124260355029586,0.0,0.0378698224852071,0.0,0.0,0.0,0.0,0.0,Control,
GSE131778_rca3-1,0.0,0.0,0.8568421052631578,0.0,0.0,0.0,0.08421052631578947,0.0,0.05894736842105263,0.0,0.0,0.0,0.0,0.0,0.0,0.0,0.0,0.0,0.0,0.0,0.0,0.0,0.0,0.0,Non-malignant disease,
GSE153534_g131_mfs_root,0.0,0.0,0.16417910447761194,0.0,0.0,0.0,0.6865671641791045,0.14925373134328357,0.0,0.0,0.0,0.0,0.0,0.0,0.0,0.0,0.0,0.0,0.0,0.0,0.0,0.0,0.0,0.0,Non-malignant disease,
GSE155683_3-1C,0.0,0.0,0.18461538461538463,0.0,0.05384615384615385,0.0,0.0,0.0,0.0,0.35384615384615387,0.023076923076923078,0.3769230769230769,0.0,0.0,0.0,0.0,0.007692307692307693,0.0,0.0,0.0,0.0,0.0,0.0,0.0,Non-malignant disease,
GSE158692_19G02977_Big_TN,0.0,0.0,0.0,0.0,0.23430962343096234,0.0,0.5418410041841004,0.19665271966527198,0.02301255230125523,0.0,0.0,0.0,0.0041841004184100415,0.0,0.0,0.0,0.0,0.0,0.0,0.0,0.0,0.0,0.0,0.0,Cancer_Metastasis,CRC
GSE181316_skin_7_scRNA_2,0.06842105263157895,0.0,0.44473684210526315,0.0,0.0,0.0,0.0,0.0,0.0,0.34210526315789475,0.0,0.0,0.0,0.05526315789473684,0.0,0.0,0.08421052631578947,0.0,0.005263157894736842,0.0,0.0,0.0,0.0,0.0,Control,
GSE164241_GM241,0.0,0.0,0.08222811671087533,0.0,0.0,0.0,0.0,0.0,0.0,0.5570291777188329,0.0,0.0,0.0,0.35809018567639256,0.0,0.0,0.0,0.0,0.0,0.0,0.0,0.002652519893899204,0.0,0.0,Control,
GSE164241_BM156,0.0,0.0,0.0,0.0,0.0,0.0,0.0,0.0,0.0,1.0,0.0,0.0,0.0,0.0,0.0,0.0,0.0,0.0,0.0,0.0,0.0,0.0,0.0,0.0,Control,
GSE143704_Sample_103477_HVGL3BGXB_hu_061419,0.0,0.0,0.24793388429752067,0.0,0.024793388429752067,0.0,0.0,0.049586776859504134,0.06611570247933884,0.0,0.0,0.0,0.03305785123966942,0.0,0.0,0.0,0.0,0.0,0.0,0.0,0.4628099173553719,0.11570247933884298,0.0,0.0,Control,
GSE169147_SAR3_HHT,0.014970059880239521,0.0,0.5978043912175649,0.03592814371257485,0.10878243512974052,0.0,0.0,0.0,0.0,0.16167664670658682,0.0,0.0,0.000998003992015968,0.03992015968063872,0.022954091816367265,0.0,0.016966067864271458,0.0,0.0,0.0,0.0,0.0,0.0,0.0,Non-malignant disease,
GSE164241_GM242,0.0,0.0,0.0,0.0,0.4074074074074074,0.18106995884773663,0.0,0.0,0.0,0.16666666666666666,0.0,0.0,0.0,0.2448559670781893,0.0,0.0,0.0,0.0,0.0,0.0,0.0,0.0,0.0,0.0,Control,
GSE164241_PD170,0.0,0.0,0.0,0.0,0.1738095238095238,0.7523809523809524,0.0,0.0,0.0,0.04285714285714286,0.0,0.0,0.0,0.030952380952380953,0.0,0.0,0.0,0.0,0.0,0.0,0.0,0.0,0.0,0.0,Non-malignant disease,
GSE145927_Bx39A,0.0,0.0,0.013824884792626729,0.0,0.0,0.0,0.05069124423963134,0.0,0.0,0.0,0.0,0.0,0.0,0.7096774193548387,0.0,0.0,0.0,0.0,0.0,0.22580645161290322,0.0,0.0,0.0,0.0,Non-malignant disease,
GSE150516_726UN,0.0,0.0,0.0,0.0,0.0,0.0,0.0,0.0,0.0,0.0,0.0,0.0,0.0,0.09848484848484848,0.0,0.0,0.0,0.0,0.0,0.007575757575757576,0.0,0.0,0.007575757575757576,0.8863636363636364,Non-malignant disease,
GSE156776_D1,0.0,0.0,0.8407960199004975,0.0,0.0,0.0,0.0,0.15671641791044777,0.0,0.0,0.0,0.0,0.0,0.0024875621890547263,0.0,0.0,0.0,0.0,0.0,0.0,0.0,0.0,0.0,0.0,Control,
GSE147979_Sclera75,0.0,0.0,0.41414141414141414,0.0,0.0,0.0,0.0,0.0,0.0,0.0,0.020202020202020204,0.51010101010101,0.05555555555555555,0.0,0.0,0.0,0.0,0.0,0.0,0.0,0.0,0.0,0.0,0.0,Control,
GSE173252_sf2,0.0,0.0,0.7764705882352941,0.0,0.047058823529411764,0.0,0.0,0.0,0.16601307189542483,0.009150326797385621,0.0,0.0,0.00130718954248366,0.0,0.0,0.0,0.0,0.0,0.0,0.0,0.0,0.0,0.0,0.0,Control,
GSE173252_dermis2,0.0,0.0,0.22012578616352202,0.07547169811320754,0.0,0.0,0.0,0.0,0.0,0.1320754716981132,0.0,0.0,0.0,0.0,0.0,0.0,0.5094339622641509,0.0,0.06289308176100629,0.0,0.0,0.0,0.0,0.0,Control,
GSE160536_SC272,0.026785714285714284,0.16071428571428573,0.0,0.0,0.0,0.0,0.0,0.0,0.0,0.044642857142857144,0.0,0.0,0.0,0.7678571428571429,0.0,0.0,0.0,0.0,0.0,0.0,0.0,0.0,0.0,0.0,Non-malignant disease,
GSE132802_SKIN_HV1_F1,0.0,0.0,0.05217391304347826,0.05217391304347826,0.0,0.0,0.0,0.0,0.05217391304347826,0.3565217391304348,0.0,0.0,0.0,0.3565217391304348,0.0,0.0,0.06956521739130435,0.0,0.06086956521739131,0.0,0.0,0.0,0.0,0.0,Control,
GSE111976_endo_20,0.09537489227233553,0.0,0.0,0.0,0.0,0.0,0.0,0.0,0.0,0.0,0.0,0.0,0.0,0.0,0.0,0.0,0.0,0.0,0.0,0.9046251077276645,0.0,0.0,0.0,0.0,Control,
GSE181957_SC247,0.0,0.0,0.11904761904761904,0.0,0.07142857142857142,0.0,0.0,0.0,0.0,0.3952380952380952,0.0,0.0,0.0,0.19523809523809524,0.01904761904761905,0.0,0.1,0.0,0.1,0.0,0.0,0.0,0.0,0.0,Non-malignant disease,
GSE173252_dd1D,0.0,0.0,0.7668308702791461,0.008210180623973728,0.16420361247947454,0.0,0.0,0.0,0.04597701149425287,0.014778325123152709,0.0,0.0,0.0,0.0,0.0,0.0,0.0,0.0,0.0,0.0,0.0,0.0,0.0,0.0,Non-malignant disease,
GSE111976_endo_39,0.0,0.0,0.0,0.0,0.0,0.0,0.0,0.0,0.0,0.0,0.0,0.0,0.0,0.0,0.0,0.0,0.0,0.0,0.0,1.0,0.0,0.0,0.0,0.0,Control,
GSE154405_EK084,0.0,0.0,0.0,0.0,0.0,0.0,0.0,0.0,0.0,0.0,0.0,0.0,0.0,0.0,0.0,0.0,0.0,0.0,0.0,0.0,0.0,0.0,0.20430107526881722,0.7956989247311828,Control,
GSE180678_IschemicTissue,0.0,0.0,0.35374149659863946,0.0,0.0,0.0,0.027210884353741496,0.38095238095238093,0.0,0.0,0.0,0.0,0.0,0.0,0.0,0.0,0.0,0.0,0.0,0.0,0.23809523809523808,0.0,0.0,0.0,Non-malignant disease,
GSE156776_H1,0.1978021978021978,0.0,0.8021978021978022,0.0,0.0,0.0,0.0,0.0,0.0,0.0,0.0,0.0,0.0,0.0,0.0,0.0,0.0,0.0,0.0,0.0,0.0,0.0,0.0,0.0,Control,
GSE158924_scHealthy1_HHT,0.0,0.0,0.1575,0.0775,0.0,0.0,0.0,0.0,0.0,0.7475,0.0,0.0,0.0,0.0175,0.0,0.0,0.0,0.0,0.0,0.0,0.0,0.0,0.0,0.0,Control,
GSE132802_SKIN_HV3,0.0,0.0,0.05368516833484986,0.0009099181073703367,0.0,0.0,0.0,0.0,0.03366696997270246,0.3685168334849864,0.0,0.0,0.0,0.3039126478616925,0.0,0.0,0.03821656050955414,0.0,0.2010919017288444,0.0,0.0,0.0,0.0,0.0,Control,
GSE183219_HSA_JGR_458ST_G,0.0,0.0,0.10144927536231885,0.0,0.00966183574879227,0.0,0.25120772946859904,0.5893719806763285,0.0,0.0,0.0,0.0,0.00966183574879227,0.03864734299516908,0.0,0.0,0.0,0.0,0.0,0.0,0.0,0.0,0.0,0.0,Cancer_Tumor,NSCLC
GSE164241_GM289,0.011320754716981131,0.0,0.12830188679245283,0.0,0.06415094339622641,0.19245283018867926,0.0,0.0,0.022641509433962263,0.30566037735849055,0.0,0.0,0.0,0.27547169811320754,0.0,0.0,0.0,0.0,0.0,0.0,0.0,0.0,0.0,0.0,Control,
GSE181919_N43,0.0,0.0,0.8688833124215809,0.0,0.0,0.0,0.0,0.0,0.008155583437892095,0.0,0.0012547051442910915,0.0,0.0,0.0,0.0,0.0,0.0,0.0,0.0,0.0,0.035759096612296114,0.08594730238393977,0.0,0.0,Cancer_AdjNorm,HNSCC
GSE194129_U4,0.7808219178082192,0.0,0.2191780821917808,0.0,0.0,0.0,0.0,0.0,0.0,0.0,0.0,0.0,0.0,0.0,0.0,0.0,0.0,0.0,0.0,0.0,0.0,0.0,0.0,0.0,Control,
GSE121380_HB3-1,0.0,0.0,0.0,0.0,0.0,0.0,0.0,0.0,0.0,0.0,0.0,0.0,0.0,0.0,0.0,0.0,0.0,0.0,0.0,0.0,0.0,0.0,0.10576923076923077,0.8942307692307693,Non-malignant disease,
GSE164241_GM238,0.0,0.0,0.0,0.0,0.054890219560878244,0.35429141716566864,0.0,0.0,0.0,0.1996007984031936,0.0,0.0,0.0,0.3912175648702595,0.0,0.0,0.0,0.0,0.0,0.0,0.0,0.0,0.0,0.0,Control,
GSE159677_01dat20190620tisCARconHEA,0.0,0.0,0.6844106463878327,0.0,0.0,0.0,0.13688212927756654,0.034220532319391636,0.0,0.0,0.0,0.0,0.0,0.11406844106463879,0.030418250950570342,0.0,0.0,0.0,0.0,0.0,0.0,0.0,0.0,0.0,Non-malignant disease,
GSE180878_RM_A,0.9518900343642611,0.0,0.02577319587628866,0.022336769759450172,0.0,0.0,0.0,0.0,0.0,0.0,0.0,0.0,0.0,0.0,0.0,0.0,0.0,0.0,0.0,0.0,0.0,0.0,0.0,0.0,Control,
GSE156905_Human_Colon_4701,0.024844720496894408,0.0,0.08074534161490683,0.0,0.0,0.0,0.0,0.0,0.7763975155279503,0.0,0.0,0.0,0.07453416149068323,0.0,0.031055900621118012,0.0,0.0,0.0,0.0,0.0,0.012422360248447204,0.0,0.0,0.0,Cancer_AdjNorm,CRC
GSE184111_U1,0.5124481327800829,0.0,0.4854771784232365,0.0,0.0,0.0,0.0,0.0,0.0,0.002074688796680498,0.0,0.0,0.0,0.0,0.0,0.0,0.0,0.0,0.0,0.0,0.0,0.0,0.0,0.0,Control,
GSE157376_Normal1_Epcam_N,0.014164305949008499,0.0,0.0679886685552408,0.0,0.0,0.0339943342776204,0.0,0.8824362606232294,0.0,0.0,0.0,0.0,0.00141643059490085,0.0,0.0,0.0,0.0,0.0,0.0,0.0,0.0,0.0,0.0,0.0,Control,
GSE154778_T9,0.06756756756756757,0.036036036036036036,0.0,0.0,0.6891891891891891,0.05855855855855856,0.14864864864864866,0.0,0.0,0.0,0.0,0.0,0.0,0.0,0.0,0.0,0.0,0.0,0.0,0.0,0.0,0.0,0.0,0.0,Cancer_Tumor,PC
GSE154778_T4,0.0,0.014084507042253521,0.0,0.0,0.6572769953051644,0.0,0.24647887323943662,0.07511737089201878,0.0,0.0,0.0,0.0,0.0,0.007042253521126761,0.0,0.0,0.0,0.0,0.0,0.0,0.0,0.0,0.0,0.0,Cancer_Tumor,PC
GSE183219_HSA_JGR_574ST_G,0.0,0.0,0.0,0.0,0.8168316831683168,0.08415841584158416,0.0,0.024752475247524754,0.0,0.0,0.0,0.0,0.0,0.0,0.07425742574257425,0.0,0.0,0.0,0.0,0.0,0.0,0.0,0.0,0.0,Cancer_Tumor,NSCLC
GSE164690_HN07_CD45n,0.0,0.017264276228419653,0.0,0.0,0.1049136786188579,0.8286852589641435,0.0,0.0,0.0,0.0,0.0,0.0,0.0,0.0,0.049136786188579015,0.0,0.0,0.0,0.0,0.0,0.0,0.0,0.0,0.0,Cancer_Tumor,HNSCC
GSE155683_G170019301283P_Adult_Cornea,0.0,0.0,0.06056338028169014,0.0,0.0,0.0,0.0,0.0,0.0,0.1,0.8394366197183099,0.0,0.0,0.0,0.0,0.0,0.0,0.0,0.0,0.0,0.0,0.0,0.0,0.0,Control,
GSE181919_N9_1,0.0,0.0,0.7531428571428571,0.0,0.0,0.0,0.0,0.0,0.025142857142857144,0.0,0.0,0.0,0.0,0.0,0.0,0.0,0.0,0.0,0.0,0.0,0.20685714285714285,0.014857142857142857,0.0,0.0,Cancer_AdjNorm,HNSCC
GSE129845_209,0.0,0.0,0.0,0.0,0.0,0.0,0.0,0.0,0.0,0.0,0.0,0.0,0.0,0.0,0.0,0.0,0.0,0.0,0.0,0.0,0.0,0.0,0.01020408163265306,0.9897959183673469,Non-malignant disease,
GSE161267_Pulp3,0.0,0.0,0.0,0.0,0.0,0.0,0.0,0.0,0.0,0.0,0.0,0.0,0.0,0.0010277492291880781,0.0,0.0,0.0,0.998972250770812,0.0,0.0,0.0,0.0,0.0,0.0,Control,
GSE143704_Sample_84102_HMYWJBGX7_hu_101018,0.0701254275940707,0.0,0.492018244013683,0.0,0.0,0.0,0.0,0.0,0.0,0.0,0.0,0.0,0.0,0.0,0.0,0.0,0.0,0.0,0.0,0.0,0.10490307867730901,0.3329532497149373,0.0,0.0,Control,
GSE172225_192567SKL_GEX_HHT,0.37617823479005996,0.007712082262210797,0.12596401028277635,0.0,0.0,0.0,0.0,0.0,0.0,0.363324764353042,0.0,0.0,0.0,0.049700085689802914,0.0,0.0,0.07712082262210797,0.0,0.0,0.0,0.0,0.0,0.0,0.0,Non-malignant disease,
GSE147520_hThy22B,0.0,0.019559902200488997,0.1356968215158924,0.0,0.0,0.0,0.019559902200488997,0.06723716381418093,0.0,0.0,0.0,0.0,0.0,0.18704156479217604,0.037897310513447434,0.0,0.0,0.0,0.0,0.0,0.5330073349633252,0.0,0.0,0.0,Control,
GSE128066_SC125,0.0,0.0,0.0585480093676815,0.0,0.0,0.0,0.0,0.0,0.053864168618266976,0.6838407494145199,0.0,0.0,0.0,0.1873536299765808,0.0,0.0,0.01639344262295082,0.0,0.0,0.0,0.0,0.0,0.0,0.0,Control,
GSE181957_SC159,0.0,0.0,0.13649025069637882,0.0,0.10027855153203342,0.0,0.0,0.0,0.03899721448467967,0.3426183844011142,0.0,0.0,0.0,0.20891364902506965,0.0,0.0,0.10863509749303621,0.0,0.06406685236768803,0.0,0.0,0.0,0.0,0.0,Non-malignant disease,
GSE158924_scHealthy3_HHT,0.0,0.050505050505050504,0.0,0.030303030303030304,0.0,0.0,0.0,0.0,0.0,0.494949494949495,0.0,0.0,0.0,0.25252525252525254,0.0,0.0,0.0,0.0,0.1717171717171717,0.0,0.0,0.0,0.0,0.0,Control,
GSE132771_F3L,0.07815079801871216,0.010456796917996699,0.043478260869565216,0.04292790313703908,0.10456796917996698,0.0,0.2619702806824436,0.3434232250963126,0.00275178866263071,0.0,0.0,0.0,0.0,0.10016510731975785,0.012107870115575124,0.0,0.0,0.0,0.0,0.0,0.0,0.0,0.0,0.0,Non-malignant disease,
2022_Hwang_NatGenet_PDAC|T19_CRTl,0.0,0.0,0.0,0.0,0.0,0.0,0.0,0.0,0.06824146981627296,0.0,0.0,0.0,0.931758530183727,0.0,0.0,0.0,0.0,0.0,0.0,0.0,0.0,0.0,0.0,0.0,Cancer_Tumor,PC
2023_Kumar_Nature_Breast|hbca_c25,0.0,0.0,1.0,0.0,0.0,0.0,0.0,0.0,0.0,0.0,0.0,0.0,0.0,0.0,0.0,0.0,0.0,0.0,0.0,0.0,0.0,0.0,0.0,0.0,Control,
2022_Gur_Cell_Sceleroderma|GSM5837477_AB8016,0.0,0.0,0.14285714285714285,0.0,0.0,0.0,0.0,0.0,0.03571428571428571,0.7261904761904762,0.0,0.0,0.0,0.047619047619047616,0.0,0.0,0.047619047619047616,0.0,0.0,0.0,0.0,0.0,0.0,0.0,Non-malignant disease,
2022_Gur_Cell_Sceleroderma|GSM5837252_AB7064,0.0,0.0,0.6976744186046512,0.0,0.0,0.0,0.0,0.0,0.0,0.22093023255813954,0.011627906976744186,0.0,0.0,0.011627906976744186,0.0,0.0,0.046511627906976744,0.0,0.011627906976744186,0.0,0.0,0.0,0.0,0.0,Control,
2022_Nee_NatGenet_Breast|GSM5320155_scRNA_ctrl4,0.6613812544045102,0.0,0.0,0.0,0.0,0.33861874559548977,0.0,0.0,0.0,0.0,0.0,0.0,0.0,0.0,0.0,0.0,0.0,0.0,0.0,0.0,0.0,0.0,0.0,0.0,Control,
2022_Gur_Cell_Sceleroderma|GSM5837407_AB7746,0.0,0.0,0.041237113402061855,0.0,0.010309278350515464,0.0,0.0,0.0,0.0,0.12371134020618557,0.020618556701030927,0.0,0.0,0.5670103092783505,0.0,0.0,0.05154639175257732,0.0,0.18556701030927836,0.0,0.0,0.0,0.0,0.0,Non-malignant disease,
2022_Reichart_Science_Heart|BO_H26_S00_premrna,0.0,0.0,0.0,0.0,0.0,0.0,0.0,0.0,0.0,0.0,0.0,0.0,0.8827586206896552,0.0,0.0,0.0,0.0,0.0,0.0,0.0,0.11724137931034483,0.0,0.0,0.0,Non-malignant disease,
2023_Kumar_Nature_Breast|hbca_c165,0.514978601997147,0.16833095577746077,0.29243937232524964,0.011412268188302425,0.0,0.0,0.0,0.0,0.012838801711840228,0.0,0.0,0.0,0.0,0.0,0.0,0.0,0.0,0.0,0.0,0.0,0.0,0.0,0.0,0.0,Cancer_Tumor,BRCA
2022_Gur_Cell_Sceleroderma|GSM5837391_AB7698,0.0,0.0,0.4369747899159664,0.0,0.0,0.0,0.0,0.0,0.0,0.40336134453781514,0.01680672268907563,0.0,0.0,0.0,0.0,0.0,0.07563025210084033,0.0,0.06722689075630252,0.0,0.0,0.0,0.0,0.0,Control,
2022_vanZyl_PNAS_Eye|Hu220Iris,0.0,0.0,0.0,0.0,0.0,0.0,0.0,0.0,0.0,0.0,0.0,0.0,1.0,0.0,0.0,0.0,0.0,0.0,0.0,0.0,0.0,0.0,0.0,0.0,Control,
2022_Gur_Cell_Sceleroderma|GSM5837142_AB13809,0.0,0.0,0.7925925925925926,0.0,0.0,0.0,0.0,0.0,0.0,0.13333333333333333,0.007407407407407408,0.0,0.0,0.0,0.0,0.0,0.022222222222222223,0.0,0.044444444444444446,0.0,0.0,0.0,0.0,0.0,Non-malignant disease,
2023_Monavarfeshani_PNAS_Eye|Pt12OSPPS,0.0,0.0,0.0,0.0,0.0,0.0,0.0,0.0,0.0,0.0,0.0,0.1506849315068493,0.8493150684931506,0.0,0.0,0.0,0.0,0.0,0.0,0.0,0.0,0.0,0.0,0.0,Control,
2022_vanZyl_PNAS_Eye|Hu218OSCSW,0.0,0.0,0.0,0.0,0.0,0.0,0.0,0.0,0.04745762711864407,0.06949152542372881,0.0,0.11016949152542373,0.7728813559322034,0.0,0.0,0.0,0.0,0.0,0.0,0.0,0.0,0.0,0.0,0.0,Control,
2020_Drokhlyansky_Cell_EntericNerve|H2_S11,0.0,0.0,0.0,0.0,0.0,0.0,0.0,0.0,0.0,0.0,0.0,0.0,1.0,0.0,0.0,0.0,0.0,0.0,0.0,0.0,0.0,0.0,0.0,0.0,Cancer_AdjNorm,CRC
2020_Litvinukova_Nature_Heart|HCAHeartST13146207,0.27037037037037037,0.0,0.14814814814814814,0.0,0.0,0.0,0.0,0.0,0.0,0.0,0.0,0.0,0.4962962962962963,0.0,0.0,0.0,0.0,0.0,0.0,0.0,0.08518518518518518,0.0,0.0,0.0,Control,
2023_Kumar_Nature_Breast|hbca_c12,0.0,0.0,1.0,0.0,0.0,0.0,0.0,0.0,0.0,0.0,0.0,0.0,0.0,0.0,0.0,0.0,0.0,0.0,0.0,0.0,0.0,0.0,0.0,0.0,Cancer_AdjNorm,BRCA
2022_TabulaSapiens_Science_TabulaSapiens|TSP14_Vasculature_CoronaryArteries_10X,0.001195457262402869,0.0,0.7818290496114764,0.0,0.002988643156007173,0.0,0.02211595935445308,0.031081888822474597,0.1607890017931859,0.0,0.0,0.0,0.0,0.0,0.0,0.0,0.0,0.0,0.0,0.0,0.0,0.0,0.0,0.0,Control,
2022_Nee_NatGenet_Breast|GSM5320165_scRNA_brca3,0.8070388349514563,0.0,0.0,0.0,0.0,0.1929611650485437,0.0,0.0,0.0,0.0,0.0,0.0,0.0,0.0,0.0,0.0,0.0,0.0,0.0,0.0,0.0,0.0,0.0,0.0,Control,
2022_Nee_NatGenet_Breast|GSM5320169_scRNA_brca7,0.5717367853290184,0.0,0.0,0.0,0.0,0.42826321467098166,0.0,0.0,0.0,0.0,0.0,0.0,0.0,0.0,0.0,0.0,0.0,0.0,0.0,0.0,0.0,0.0,0.0,0.0,Control,
2022_Reichart_Science_Heart|BO_H28_RV0_premrna,0.0,0.0,0.020161290322580645,0.0,0.0,0.0,0.0,0.0,0.0,0.0,0.0,0.0,0.5766129032258065,0.0,0.0,0.0,0.0,0.0,0.0,0.0,0.4032258064516129,0.0,0.0,0.0,Non-malignant disease,
2023_Kumar_Nature_Breast|hbca_c47,0.0649746192893401,0.049746192893401014,0.867005076142132,0.0040609137055837565,0.0,0.0,0.0,0.0,0.0,0.0,0.0,0.0,0.014213197969543147,0.0,0.0,0.0,0.0,0.0,0.0,0.0,0.0,0.0,0.0,0.0,Cancer_Tumor,BRCA
2022_Kumar_CancerDis_Gastric|GSM5573474_sample9,0.0,0.020833333333333332,0.020833333333333332,0.0,0.0,0.0,0.0,0.03125,0.0,0.0,0.0,0.0,0.0,0.0,0.0,0.0,0.0,0.0,0.0,0.0,0.0,0.0,0.9270833333333334,0.0,Cancer_AdjNorm,GC
2021_Garcia-Alonso_NatGenet_Endometrial|4861STDY7387181,0.0,0.0,0.0,0.0,0.0,0.0,0.0,0.0,0.0,0.0,0.0,0.0,0.0,0.0,0.0,0.0,0.0,0.0,0.0,1.0,0.0,0.0,0.0,0.0,Control,
2022_Kumar_CancerDis_Gastric|GSM5573504_sample39,0.0,0.0,0.0,0.0,0.03389830508474576,0.0,0.0,0.0,0.0,0.0,0.0,0.0,0.0,0.0,0.0,0.0,0.0,0.0,0.0,0.0,0.0,0.0,0.9661016949152542,0.0,Cancer_Tumor,GC
2022_Gur_Cell_Sceleroderma|GSM5837488_AB8027,0.0,0.0,0.706766917293233,0.0,0.0,0.0,0.0,0.0,0.0,0.21804511278195488,0.0,0.0,0.0,0.03759398496240601,0.0,0.0,0.03759398496240601,0.0,0.0,0.0,0.0,0.0,0.0,0.0,Control,
2023_Kumar_Nature_Breast|hbca_c15,0.6920777279521674,0.0,0.11061285500747384,0.0,0.0,0.19730941704035873,0.0,0.0,0.0,0.0,0.0,0.0,0.0,0.0,0.0,0.0,0.0,0.0,0.0,0.0,0.0,0.0,0.0,0.0,Control,
2022_Reichart_Science_Heart|BS_DP2_RV0_premrna,0.0,0.0,0.0,0.0,0.0,0.0,0.0,0.0,0.0,0.0,0.0,0.0,0.6382113821138211,0.0,0.0,0.0,0.0,0.0,0.0,0.0,0.3617886178861789,0.0,0.0,0.0,Non-malignant disease,
2023_Kumar_Nature_Breast|hbca_c19,0.7404129793510325,0.0,0.0,0.0,0.0,0.25958702064896755,0.0,0.0,0.0,0.0,0.0,0.0,0.0,0.0,0.0,0.0,0.0,0.0,0.0,0.0,0.0,0.0,0.0,0.0,Control,
2020_Drokhlyansky_Cell_EntericNerve|H10_S54,0.0,0.0,0.0,0.0,0.0,0.0,0.0,0.0,0.0,0.0,0.0,0.0,0.859375,0.0,0.0,0.0,0.0,0.0,0.0,0.0,0.140625,0.0,0.0,0.0,Cancer_AdjNorm,CRC
2022_Reichart_Science_Heart|BO_H24_RV0_premrna,0.0,0.0,0.0,0.0,0.0,0.0,0.0,0.0,0.0,0.0,0.0,0.0,0.6954128440366972,0.0,0.0,0.0,0.0,0.0,0.0,0.0,0.30458715596330277,0.0,0.0,0.0,Non-malignant disease,
2020_Drokhlyansky_Cell_EntericNerve|H1_S6,0.0,0.0,0.09615384615384616,0.0,0.0,0.0,0.0,0.0,0.0,0.0,0.0,0.0,0.9038461538461539,0.0,0.0,0.0,0.0,0.0,0.0,0.0,0.0,0.0,0.0,0.0,Cancer_AdjNorm,CRC
2021_Elmentaite_Nature_Intestine|4918STDY7982703,0.0,0.0,0.0,0.0,0.0,0.0,0.0,0.0,0.0,0.0,0.0,0.0,0.0,0.03333333333333333,0.0,0.0,0.0,0.0,0.0,0.0,0.0,0.0,0.13333333333333333,0.8333333333333334,Non-malignant disease,
2020_Litvinukova_Nature_Heart|HCAHeartST10773168,0.0,0.0,0.4023756495916852,0.0,0.0,0.0,0.0,0.07052709725315516,0.0,0.0,0.0,0.0,0.03192279138827023,0.0,0.0,0.0,0.0,0.0,0.0,0.0,0.4951744617668894,0.0,0.0,0.0,Control,
2020_Litvinukova_Nature_Heart|HCAHeart7833854,0.0,0.0,0.0,0.0,0.0,0.0,0.0,0.0,0.0,0.0,0.0,0.0,0.696078431372549,0.0,0.0,0.0,0.0,0.0,0.0,0.0,0.30392156862745096,0.0,0.0,0.0,Control,
2023_Lake_Nature_Kidney|KB4,0.0,0.0,0.0,0.0,0.0,0.0,0.0,0.0,0.0,0.0,0.0,0.0,1.0,0.0,0.0,0.0,0.0,0.0,0.0,0.0,0.0,0.0,0.0,0.0,Non-malignant disease,
2021_Garcia-Alonso_NatGenet_Endometrial|MRC_Endo8712024,0.0,0.0,0.0,0.0,0.0,0.0,0.0,0.0,0.0,0.0,0.0,0.0,0.0,0.0,0.0,0.0,0.0,0.0,0.0,1.0,0.0,0.0,0.0,0.0,Control,
2023_Kumar_Nature_Breast|hbca_c29,0.0,0.0,0.9412698412698413,0.05317460317460317,0.0,0.0,0.0,0.0,0.0,0.0,0.0007936507936507937,0.0,0.004761904761904762,0.0,0.0,0.0,0.0,0.0,0.0,0.0,0.0,0.0,0.0,0.0,Cancer_Tumor,BRCA
2022_Emont_Nature_WAT|Hs_SAT_SVF_242-2B-1,0.0,0.0,1.0,0.0,0.0,0.0,0.0,0.0,0.0,0.0,0.0,0.0,0.0,0.0,0.0,0.0,0.0,0.0,0.0,0.0,0.0,0.0,0.0,0.0,Control,
2023_Wang_SciAdv_CRC|s0813_Colon_Tumor,0.0,0.0,0.0,0.0,0.8806584362139918,0.0,0.0,0.00411522633744856,0.0,0.0,0.0,0.0,0.0,0.0,0.0,0.0,0.0,0.0,0.0,0.0,0.0,0.0,0.11522633744855967,0.0,Cancer_Tumor,CRC
2023_Kumar_Nature_Breast|hbca_c04,0.0,0.0,1.0,0.0,0.0,0.0,0.0,0.0,0.0,0.0,0.0,0.0,0.0,0.0,0.0,0.0,0.0,0.0,0.0,0.0,0.0,0.0,0.0,0.0,Cancer_Tumor,BRCA
2022_Emont_Nature_WAT|Hs_SAT_12-1,0.0,0.0,0.16196013289036545,0.0,0.0,0.0,0.0,0.0,0.0,0.0,0.0,0.0,0.8380398671096345,0.0,0.0,0.0,0.0,0.0,0.0,0.0,0.0,0.0,0.0,0.0,Control,
2022_Reichart_Science_Heart|BO_H31_LV0_premrna,0.0,0.0,0.02631578947368421,0.0,0.0,0.0,0.0,0.0,0.0,0.0,0.0,0.0,0.8486842105263158,0.0,0.0,0.0,0.0,0.0,0.0,0.0,0.125,0.0,0.0,0.0,Non-malignant disease,
2022_Reichart_Science_Heart|BO_H34_LVW_premrna,0.0,0.0,0.0,0.0,0.0,0.0,0.0,0.0,0.0,0.0,0.0,0.0,0.3782771535580524,0.0,0.0,0.0,0.0,0.0,0.0,0.0,0.6217228464419475,0.0,0.0,0.0,Non-malignant disease,
2022_Gur_Cell_Sceleroderma|GSM5837368_AB7492,0.0,0.0,0.8859649122807017,0.0,0.043859649122807015,0.0,0.0,0.0,0.0,0.0,0.008771929824561403,0.0,0.0,0.043859649122807015,0.0,0.0,0.017543859649122806,0.0,0.0,0.0,0.0,0.0,0.0,0.0,Non-malignant disease,
2021_Elmentaite_Nature_Intestine|Human_colon_16S8001885,0.0,0.0,1.0,0.0,0.0,0.0,0.0,0.0,0.0,0.0,0.0,0.0,0.0,0.0,0.0,0.0,0.0,0.0,0.0,0.0,0.0,0.0,0.0,0.0,Control,
2022_Kumar_CancerDis_Gastric|GSM5573488_sample23,0.0,0.019011406844106463,0.0,0.0,0.0,0.0,0.0,0.0,0.0,0.0,0.0,0.0,0.0,0.0,0.0,0.0,0.0,0.0,0.0,0.0,0.0,0.0,0.9315589353612167,0.049429657794676805,Cancer_AdjNorm,GC
2022_Gur_Cell_Sceleroderma|GSM5837478_AB8017,0.0,0.0,0.17094017094017094,0.0,0.0,0.0,0.0,0.0,0.0,0.6923076923076923,0.02564102564102564,0.0,0.0,0.08547008547008547,0.0,0.008547008547008548,0.008547008547008548,0.0,0.008547008547008548,0.0,0.0,0.0,0.0,0.0,Non-malignant disease,
2023_Kumar_Nature_Breast|hbca_n21,0.0,0.0,0.06578947368421052,0.0,0.0,0.0,0.0,0.0,0.0,0.0,0.0,0.0,0.9342105263157895,0.0,0.0,0.0,0.0,0.0,0.0,0.0,0.0,0.0,0.0,0.0,Control,
2022_Gur_Cell_Sceleroderma|GSM5837130_AB13791,0.0,0.0,0.578125,0.0,0.0,0.0,0.0,0.0,0.0,0.3359375,0.0234375,0.0,0.0,0.0,0.0,0.0,0.0625,0.0,0.0,0.0,0.0,0.0,0.0,0.0,Non-malignant disease,
2023_Lake_Nature_Kidney|KB1,0.0,0.0,0.0,0.0,0.0,0.0,0.0,0.0,0.0,0.0,0.0,0.0,1.0,0.0,0.0,0.0,0.0,0.0,0.0,0.0,0.0,0.0,0.0,0.0,Non-malignant disease,
2021_Elmentaite_Nature_Intestine|Human_colon_16S8000515,0.0603448275862069,0.0,0.7241379310344828,0.0,0.0,0.0,0.0,0.0,0.0,0.0,0.0,0.0,0.02586206896551724,0.0,0.0,0.0,0.0,0.0,0.0,0.0,0.0,0.0,0.0,0.1896551724137931,Control,
2021_Elmentaite_Nature_Intestine|Human_colon_16S8002627,0.0,0.0,0.9896907216494846,0.0,0.0,0.0,0.0,0.010309278350515464,0.0,0.0,0.0,0.0,0.0,0.0,0.0,0.0,0.0,0.0,0.0,0.0,0.0,0.0,0.0,0.0,Control,
2020_Litvinukova_Nature_Heart|HCAHeart7880862,0.0,0.0,0.47513812154696133,0.0,0.0,0.0,0.0,0.0,0.0,0.0,0.0,0.0,0.3756906077348066,0.0,0.0,0.0,0.0,0.0,0.0,0.0,0.14917127071823205,0.0,0.0,0.0,Control,
2022_Gur_Cell_Sceleroderma|GSM5837172_AB13839,0.0,0.0,0.9459459459459459,0.0,0.0,0.0,0.0,0.0,0.0,0.0,0.02702702702702703,0.0,0.0,0.013513513513513514,0.0,0.0,0.013513513513513514,0.0,0.0,0.0,0.0,0.0,0.0,0.0,Non-malignant disease,
2022_Reichart_Science_Heart|BO_H33_LV0_premrna,0.0,0.0,0.0,0.0,0.0,0.0,0.0,0.0,0.0,0.0,0.0,0.0,0.8536585365853658,0.0,0.0,0.0,0.0,0.0,0.0,0.0,0.14634146341463414,0.0,0.0,0.0,Non-malignant disease,
2021_Wu_NatGenet_Breast|CID4530N,0.0,0.10062893081761007,0.16352201257861634,0.018867924528301886,0.6477987421383647,0.0,0.03773584905660377,0.0,0.0,0.0,0.0,0.0,0.0,0.031446540880503145,0.0,0.0,0.0,0.0,0.0,0.0,0.0,0.0,0.0,0.0,Cancer_Tumor,BRCA
2022_Hwang_NatGenet_PDAC|U14_Untreated,0.0,0.0,0.0,0.0,0.9913294797687862,0.0,0.0,0.0,0.0,0.0,0.0,0.0,0.008670520231213872,0.0,0.0,0.0,0.0,0.0,0.0,0.0,0.0,0.0,0.0,0.0,Cancer_Tumor,PC
2022_Gur_Cell_Sceleroderma|GSM5837603_AB8765,0.0,0.0,0.39156626506024095,0.012048192771084338,0.0,0.0,0.0,0.0,0.0,0.41566265060240964,0.006024096385542169,0.0,0.0,0.060240963855421686,0.0,0.0,0.0783132530120482,0.0,0.03614457831325301,0.0,0.0,0.0,0.0,0.0,Control,
2023_Kumar_Nature_Breast|hbca_c109,0.14018691588785046,0.10903426791277258,0.6915887850467289,0.059190031152647975,0.0,0.0,0.0,0.0,0.0,0.0,0.0,0.0,0.0,0.0,0.0,0.0,0.0,0.0,0.0,0.0,0.0,0.0,0.0,0.0,Control,
2021_Pal_EMBO_Breast|GSM4909277_B1-KCF0894,1.0,0.0,0.0,0.0,0.0,0.0,0.0,0.0,0.0,0.0,0.0,0.0,0.0,0.0,0.0,0.0,0.0,0.0,0.0,0.0,0.0,0.0,0.0,0.0,Non-malignant disease,
2022_vanZyl_PNAS_Eye|Pt14Cornea,0.0,0.0,0.0,0.0,0.0,0.0,0.0,0.0,0.0,0.0,0.10752688172043011,0.0,0.8924731182795699,0.0,0.0,0.0,0.0,0.0,0.0,0.0,0.0,0.0,0.0,0.0,Control,
2023_Kumar_Nature_Breast|hbca_c62,0.6904512067156349,0.009793634137810424,0.292060160895418,0.007694998251136761,0.0,0.0,0.0,0.0,0.0,0.0,0.0,0.0,0.0,0.0,0.0,0.0,0.0,0.0,0.0,0.0,0.0,0.0,0.0,0.0,Control,
2022_Reichart_Science_Heart|IC_H04_LV0_premrna,0.0,0.0,0.0,0.0,0.0,0.0,0.0,0.0,0.0,0.0,0.0,0.0,0.08536585365853659,0.0,0.0,0.0,0.0,0.0,0.0,0.0,0.9146341463414634,0.0,0.0,0.0,Non-malignant disease,
2023_Kumar_Nature_Breast|hbca_c132,0.9712147380541163,0.0063327576280944155,0.022452504317789293,0.0,0.0,0.0,0.0,0.0,0.0,0.0,0.0,0.0,0.0,0.0,0.0,0.0,0.0,0.0,0.0,0.0,0.0,0.0,0.0,0.0,Control,
2023_Kong_Immunity_CD|N105598_L2,0.0,0.025,0.03333333333333333,0.0,0.0,0.0,0.0,0.041666666666666664,0.0,0.0,0.0,0.0,0.0,0.0,0.0,0.0,0.0,0.0,0.0,0.0,0.0,0.0,0.38333333333333336,0.5166666666666667,Non-malignant disease,
2023_Kumar_Nature_Breast|hbca_c166,0.4498069498069498,0.13706563706563707,0.37258687258687256,0.04054054054054054,0.0,0.0,0.0,0.0,0.0,0.0,0.0,0.0,0.0,0.0,0.0,0.0,0.0,0.0,0.0,0.0,0.0,0.0,0.0,0.0,Control,
2022_Madissoon_NatGenet_Lung|WSSS8062680,0.3218390804597701,0.06321839080459771,0.3103448275862069,0.0,0.005747126436781609,0.0,0.0,0.005747126436781609,0.09195402298850575,0.017241379310344827,0.0,0.0,0.0,0.017241379310344827,0.011494252873563218,0.15517241379310345,0.0,0.0,0.0,0.0,0.0,0.0,0.0,0.0,Control,
2022_Gur_Cell_Sceleroderma|GSM5837034_AB11427,0.0,0.0,0.627906976744186,0.0,0.023255813953488372,0.0,0.0,0.0,0.0,0.18604651162790697,0.011627906976744186,0.0,0.011627906976744186,0.011627906976744186,0.023255813953488372,0.0,0.10465116279069768,0.0,0.0,0.0,0.0,0.0,0.0,0.0,Non-malignant disease,
2020_Habermann_SciAdv_Lung-COVID19|GSM5226581_L01cov,0.0,0.0,0.06547619047619048,0.0,0.0,0.0,0.0,0.0,0.0,0.0,0.0,0.0,0.9345238095238095,0.0,0.0,0.0,0.0,0.0,0.0,0.0,0.0,0.0,0.0,0.0,Non-malignant disease,
2022_Gur_Cell_Sceleroderma|GSM5837266_AB7080,0.0,0.0,0.16470588235294117,0.03529411764705882,0.0,0.0,0.011764705882352941,0.0,0.0,0.5058823529411764,0.023529411764705882,0.0,0.0,0.09411764705882353,0.0,0.0,0.1411764705882353,0.0,0.023529411764705882,0.0,0.0,0.0,0.0,0.0,Non-malignant disease,
2023_Kumar_Nature_Breast|hbca_c118,0.7918707149853085,0.030852105778648383,0.15964740450538686,0.01762977473065622,0.0,0.0,0.0,0.0,0.0,0.0,0.0,0.0,0.0,0.0,0.0,0.0,0.0,0.0,0.0,0.0,0.0,0.0,0.0,0.0,Control,
2021_Pal_EMBO_Breast|GSM4909309_ER-MH0043-T,0.0,0.0,0.0,0.0,1.0,0.0,0.0,0.0,0.0,0.0,0.0,0.0,0.0,0.0,0.0,0.0,0.0,0.0,0.0,0.0,0.0,0.0,0.0,0.0,Cancer_Tumor,BRCA
2023_Monavarfeshani_PNAS_Eye|Hu220OSmRPE,0.0,0.0,0.0,0.0,0.0,0.0,0.0,0.0,0.0,0.0,0.0,0.0,1.0,0.0,0.0,0.0,0.0,0.0,0.0,0.0,0.0,0.0,0.0,0.0,Control,
2023_Kumar_Nature_Breast|hbca_c93,0.2692307692307692,0.007803790412486065,0.7229654403567447,0.0,0.0,0.0,0.0,0.0,0.0,0.0,0.0,0.0,0.0,0.0,0.0,0.0,0.0,0.0,0.0,0.0,0.0,0.0,0.0,0.0,Control,
2020_Adams_SciAdv_IPF|225I-b,0.057971014492753624,0.0,0.2318840579710145,0.0,0.08695652173913043,0.0,0.0,0.21739130434782608,0.0,0.0,0.0,0.0,0.4057971014492754,0.0,0.0,0.0,0.0,0.0,0.0,0.0,0.0,0.0,0.0,0.0,Non-malignant disease,
2023_Kumar_Nature_Breast|hbca_c100,0.8898809523809523,0.025297619047619048,0.07738095238095238,0.00744047619047619,0.0,0.0,0.0,0.0,0.0,0.0,0.0,0.0,0.0,0.0,0.0,0.0,0.0,0.0,0.0,0.0,0.0,0.0,0.0,0.0,Control,
2021_Chan_CancerCell_SCLC|RU1134_Sort-Freeze,0.34177215189873417,0.0,0.0,0.0,0.26582278481012656,0.0,0.05063291139240506,0.10126582278481013,0.0,0.0,0.0,0.0,0.0,0.24050632911392406,0.0,0.0,0.0,0.0,0.0,0.0,0.0,0.0,0.0,0.0,Cancer_Tumor,NSCLC
2023_Lake_Nature_Kidney|KB12,0.0,0.0,0.0,0.0,0.0,0.0,0.0,0.0,0.0,0.0,0.0,0.0,1.0,0.0,0.0,0.0,0.0,0.0,0.0,0.0,0.0,0.0,0.0,0.0,Non-malignant disease,
2022_Gur_Cell_Sceleroderma|GSM5837519_AB8315,0.0,0.0,0.5529411764705883,0.0,0.07058823529411765,0.0,0.0,0.0,0.0,0.24705882352941178,0.023529411764705882,0.0,0.011764705882352941,0.011764705882352941,0.0,0.0,0.03529411764705882,0.0,0.047058823529411764,0.0,0.0,0.0,0.0,0.0,Control,
2023_Kong_Immunity_CD|N134764_E,0.0,0.0,0.0,0.0,0.0,0.0,0.0,0.0,0.0,0.0,0.0,0.0,0.0,0.0,0.0,0.0,0.0,0.0,0.0,0.0,0.0,0.0,0.3651685393258427,0.6348314606741573,Non-malignant disease,
2020_Adams_SciAdv_IPF|207CO,0.7761194029850746,0.0,0.13432835820895522,0.0,0.0,0.0,0.0,0.014925373134328358,0.0,0.0,0.0,0.0,0.07462686567164178,0.0,0.0,0.0,0.0,0.0,0.0,0.0,0.0,0.0,0.0,0.0,Non-malignant disease,
2022_Reichart_Science_Heart|IC_H04_RV0_premrna,0.0,0.0,0.0,0.0,0.0,0.0,0.0,0.0,0.0,0.0,0.0,0.0,0.9698795180722891,0.0,0.0,0.0,0.0,0.0,0.0,0.0,0.030120481927710843,0.0,0.0,0.0,Non-malignant disease,
2023_Kong_Immunity_CD|I104689_N1,0.0,0.0,0.0,0.0,0.0,0.0,0.0,0.0,0.0,0.0,0.0,0.0,0.0,0.34146341463414637,0.35365853658536583,0.0,0.0,0.0,0.0,0.0,0.0,0.0,0.06097560975609756,0.24390243902439024,Non-malignant disease,
2021_Pelka_Cell_CRC|C157_N_0_0_0_c1_v3,0.0,0.0,0.6901408450704225,0.0,0.0,0.0,0.0,0.0,0.0,0.0,0.0,0.0,0.0,0.0,0.0,0.0,0.0,0.0,0.0,0.0,0.0,0.0,0.09859154929577464,0.2112676056338028,Control,
2020_Drokhlyansky_Cell_EntericNerve|H10_S52,0.0,0.0,0.0,0.0,0.0,0.0,0.0,0.0,0.0,0.0,0.0,0.0,1.0,0.0,0.0,0.0,0.0,0.0,0.0,0.0,0.0,0.0,0.0,0.0,Cancer_AdjNorm,CRC
2022_Kumar_CancerDis_Gastric|GSM5573499_sample34,0.0,0.0,0.0,0.0,0.0,0.06354515050167224,0.0,0.0,0.0,0.0,0.0,0.0,0.0,0.0,0.043478260869565216,0.0,0.0,0.0,0.0,0.0,0.0,0.0,0.8762541806020067,0.016722408026755852,Cancer_Tumor,GC
2020_Litvinukova_Nature_Heart|HCAHeart7833855,0.0,0.0,0.1322314049586777,0.0,0.0,0.0,0.0,0.0,0.0,0.0,0.0,0.0,0.6198347107438017,0.0,0.0,0.0,0.0,0.0,0.0,0.0,0.24793388429752067,0.0,0.0,0.0,Control,
2022_TabulaSapiens_Science_TabulaSapiens|TSP4_Muscle_diaphragm_smartseq2,0.0,0.00909090909090909,0.95,0.0,0.0,0.0,0.0,0.0,0.0,0.0,0.0,0.0,0.0,0.0,0.0,0.0,0.0,0.0,0.0,0.0,0.0,0.04090909090909091,0.0,0.0,Control,
2022_Gur_Cell_Sceleroderma|GSM5837676_AB9352,0.0,0.0,0.7065217391304348,0.0,0.0,0.0,0.0,0.0,0.0,0.18478260869565216,0.03260869565217391,0.0,0.0,0.06521739130434782,0.010869565217391304,0.0,0.0,0.0,0.0,0.0,0.0,0.0,0.0,0.0,Control,
2022_Gur_Cell_Sceleroderma|GSM5837527_AB8323,0.0,0.0,0.5961538461538461,0.0,0.019230769230769232,0.0,0.0,0.0,0.0,0.019230769230769232,0.019230769230769232,0.0,0.0,0.0,0.0,0.0,0.3269230769230769,0.0,0.019230769230769232,0.0,0.0,0.0,0.0,0.0,Non-malignant disease,
2023_Kumar_Nature_Breast|hbca_n18,0.0,0.0,0.030084235860409144,0.0,0.0,0.0,0.0,0.0,0.0,0.0,0.0,0.0,0.9699157641395909,0.0,0.0,0.0,0.0,0.0,0.0,0.0,0.0,0.0,0.0,0.0,Control,
2022_Gur_Cell_Sceleroderma|GSM5837141_AB13808,0.0,0.0,0.8515625,0.0,0.0,0.0,0.0,0.0,0.0,0.03125,0.0078125,0.0,0.0078125,0.0,0.0,0.0,0.0546875,0.0,0.046875,0.0,0.0,0.0,0.0,0.0,Non-malignant disease,
2023_Kumar_Nature_Breast|hbca_n24,0.0,0.0,0.0,0.0,0.0,0.0,0.0,0.0,0.0,0.0,0.0,0.0,1.0,0.0,0.0,0.0,0.0,0.0,0.0,0.0,0.0,0.0,0.0,0.0,Control,
2023_Kumar_Nature_Breast|hbca_c72,0.36693548387096775,0.0,0.4637096774193548,0.1346774193548387,0.0008064516129032258,0.0,0.0,0.0,0.013709677419354839,0.0,0.0,0.0,0.020161290322580645,0.0,0.0,0.0,0.0,0.0,0.0,0.0,0.0,0.0,0.0,0.0,Control,
2022_Hwang_NatGenet_PDAC|U7_Untreated,0.0,0.0,0.0,0.0,0.13315926892950392,0.0,0.0,0.0,0.0,0.0,0.0,0.0,0.8668407310704961,0.0,0.0,0.0,0.0,0.0,0.0,0.0,0.0,0.0,0.0,0.0,Cancer_Tumor,PC
2023_Kumar_Nature_Breast|hbca_c18,0.8686274509803922,0.0,0.0,0.0,0.0,0.13137254901960785,0.0,0.0,0.0,0.0,0.0,0.0,0.0,0.0,0.0,0.0,0.0,0.0,0.0,0.0,0.0,0.0,0.0,0.0,Control,
2022_Reichart_Science_Heart|BO_H24_LV0_premrna,0.0,0.0,0.0,0.0,0.0,0.0,0.0,0.0,0.0,0.0,0.0,0.0,1.0,0.0,0.0,0.0,0.0,0.0,0.0,0.0,0.0,0.0,0.0,0.0,Non-malignant disease,
2023_Kumar_Nature_Breast|hbca_c16,0.7071369975389664,0.06316652994257588,0.21082854799015588,0.018867924528301886,0.0,0.0,0.0,0.0,0.0,0.0,0.0,0.0,0.0,0.0,0.0,0.0,0.0,0.0,0.0,0.0,0.0,0.0,0.0,0.0,Control,
2022_Gur_Cell_Sceleroderma|GSM5837120_AB13781,0.0,0.0,0.821256038647343,0.0,0.0,0.0,0.0,0.0,0.0,0.16908212560386474,0.00966183574879227,0.0,0.0,0.0,0.0,0.0,0.0,0.0,0.0,0.0,0.0,0.0,0.0,0.0,Control,
2023_Fonseca_NatGenet_Endometriosis|sample8,0.11725293132328309,0.45896147403685095,0.26800670016750416,0.0,0.0,0.0,0.0,0.0,0.0,0.0016750418760469012,0.0,0.0,0.02512562814070352,0.0,0.0,0.0,0.005025125628140704,0.0,0.0,0.12395309882747069,0.0,0.0,0.0,0.0,Control,
2022_Reichart_Science_Heart|BO_H67_S00_premrna,0.0,0.0,0.033950617283950615,0.0,0.0,0.0,0.0,0.0,0.0,0.0,0.0,0.0,0.3734567901234568,0.0,0.0,0.0,0.0,0.0,0.0,0.0,0.5925925925925926,0.0,0.0,0.0,Control,
2020_Litvinukova_Nature_Heart|HCAHeartST13146208,0.3273809523809524,0.0,0.0,0.0,0.0,0.0,0.0,0.0,0.0,0.0,0.0,0.0,0.5952380952380952,0.0,0.0,0.0,0.0,0.0,0.0,0.0,0.07738095238095238,0.0,0.0,0.0,Control,
2021_Wu_NatGenet_Breast|CID3838,0.0,0.0,0.021164021164021163,0.0,0.9788359788359788,0.0,0.0,0.0,0.0,0.0,0.0,0.0,0.0,0.0,0.0,0.0,0.0,0.0,0.0,0.0,0.0,0.0,0.0,0.0,Cancer_Tumor,BRCA
2023_Monavarfeshani_PNAS_Eye|Hu221OSON,0.0,0.0,0.0,0.0,0.0,0.0,0.0,0.0,0.0,0.0,0.0,0.0,1.0,0.0,0.0,0.0,0.0,0.0,0.0,0.0,0.0,0.0,0.0,0.0,Control,
2022_Gur_Cell_Sceleroderma|GSM5837403_AB7742,0.0,0.0,0.38571428571428573,0.014285714285714285,0.0,0.0,0.0,0.0,0.0,0.21428571428571427,0.0,0.0,0.0,0.11428571428571428,0.0,0.0,0.04285714285714286,0.0,0.22857142857142856,0.0,0.0,0.0,0.0,0.0,Non-malignant disease,
2023_Kumar_Nature_Breast|hbca_c71,0.6591503267973856,0.0,0.33202614379084966,0.008823529411764706,0.0,0.0,0.0,0.0,0.0,0.0,0.0,0.0,0.0,0.0,0.0,0.0,0.0,0.0,0.0,0.0,0.0,0.0,0.0,0.0,Control,
2023_Kong_Immunity_CD|N165697_L2,0.0,0.0,0.0,0.0,0.0,0.0,0.0,0.0,0.0,0.0,0.0,0.0,0.0,0.0,0.0,0.0,0.0,0.0,0.0,0.0,0.0,0.0,0.15873015873015872,0.8412698412698413,Non-malignant disease,
2022_vanZyl_PNAS_Eye|Hu216IrisPS1,0.0,0.0,0.0,0.0,0.0,0.0,0.0,0.0,0.0,0.0,0.0,0.04787812840043525,0.9521218715995647,0.0,0.0,0.0,0.0,0.0,0.0,0.0,0.0,0.0,0.0,0.0,Control,
2022_Gur_Cell_Sceleroderma|GSM5837587_AB8670,0.0,0.0,0.550561797752809,0.0,0.0,0.0,0.0,0.0,0.011235955056179775,0.1797752808988764,0.0,0.0,0.0,0.0898876404494382,0.0,0.0,0.16853932584269662,0.0,0.0,0.0,0.0,0.0,0.0,0.0,Control,
2022_Gur_Cell_Sceleroderma|GSM5837171_AB13838,0.0,0.0,0.968503937007874,0.0,0.0,0.0,0.0,0.0,0.0,0.0,0.007874015748031496,0.0,0.0,0.0,0.0,0.0,0.023622047244094488,0.0,0.0,0.0,0.0,0.0,0.0,0.0,Non-malignant disease,
2022_Gur_Cell_Sceleroderma|GSM5837652_AB9101,0.0,0.0,0.3076923076923077,0.0,0.038461538461538464,0.0,0.0,0.0,0.038461538461538464,0.057692307692307696,0.0,0.0,0.019230769230769232,0.0,0.0,0.0,0.3269230769230769,0.0,0.21153846153846154,0.0,0.0,0.0,0.0,0.0,Non-malignant disease,
2022_TabulaSapiens_Science_TabulaSapiens|TSP2_Lung_Neuron_smartseq2,0.0,0.0,1.0,0.0,0.0,0.0,0.0,0.0,0.0,0.0,0.0,0.0,0.0,0.0,0.0,0.0,0.0,0.0,0.0,0.0,0.0,0.0,0.0,0.0,Control,
2023_Kumar_Nature_Breast|hbca_c02,0.0,0.0,0.9597570235383447,0.040242976461655276,0.0,0.0,0.0,0.0,0.0,0.0,0.0,0.0,0.0,0.0,0.0,0.0,0.0,0.0,0.0,0.0,0.0,0.0,0.0,0.0,Cancer_Tumor,BRCA
2022_Gur_Cell_Sceleroderma|GSM5837627_AB8913,0.0,0.0,0.6588235294117647,0.0,0.0,0.0,0.0,0.0,0.0,0.25882352941176473,0.011764705882352941,0.0,0.0,0.023529411764705882,0.0,0.0,0.047058823529411764,0.0,0.0,0.0,0.0,0.0,0.0,0.0,Control,
2023_Fonseca_NatGenet_Endometriosis|sample31,0.0989093644227153,0.025949605114704778,0.0,0.0,0.0,0.0,0.0,0.005641218503196691,0.0,0.0,0.0,0.0,0.000752162467092892,0.0,0.0,0.0,0.0,0.0,0.0,0.8687476494922903,0.0,0.0,0.0,0.0,Control,
2020_Litvinukova_Nature_Heart|HCAHeart7745968,0.0,0.0,0.8559322033898306,0.0,0.0,0.0,0.06779661016949153,0.059322033898305086,0.0,0.0,0.0,0.0,0.0,0.0,0.0,0.0,0.0,0.0,0.0,0.0,0.01694915254237288,0.0,0.0,0.0,Control,
2023_Lake_Nature_Kidney|KM103,0.0,0.0,0.0,0.0,0.0,0.0,0.0,0.0,0.0,0.0,0.0,0.0,1.0,0.0,0.0,0.0,0.0,0.0,0.0,0.0,0.0,0.0,0.0,0.0,Control,
2022_Reichart_Science_Heart|IC_H03_LV0_premrna,0.0,0.0,0.0,0.0,0.0,0.0,0.0,0.0,0.0,0.0,0.0,0.0,0.34782608695652173,0.0,0.0,0.0,0.0,0.0,0.0,0.0,0.6521739130434783,0.0,0.0,0.0,Non-malignant disease,
2023_Kumar_Nature_Breast|hbca_c156,0.25405971712938713,0.07647983237297014,0.6322682032477737,0.03719224724986904,0.0,0.0,0.0,0.0,0.0,0.0,0.0,0.0,0.0,0.0,0.0,0.0,0.0,0.0,0.0,0.0,0.0,0.0,0.0,0.0,Cancer_Tumor,BRCA
2020_Litvinukova_Nature_Heart|HCAHeartST11350184,0.0,0.0,0.5972850678733032,0.0,0.0,0.0,0.0,0.004524886877828055,0.0,0.0,0.0,0.0,0.34841628959276016,0.0,0.0,0.0,0.0,0.0,0.0,0.0,0.049773755656108594,0.0,0.0,0.0,Control,
2022_Emont_Nature_WAT|Hs_OAT_253-1,0.0,0.0,0.0,0.0,0.0,0.0,0.0,0.0,0.0,0.0,0.0,0.0,1.0,0.0,0.0,0.0,0.0,0.0,0.0,0.0,0.0,0.0,0.0,0.0,Control,
2020_Adams_SciAdv_IPF|192C-a,0.6363636363636364,0.0,0.2909090909090909,0.0,0.0,0.03636363636363636,0.0,0.0,0.0,0.0,0.0,0.0,0.03636363636363636,0.0,0.0,0.0,0.0,0.0,0.0,0.0,0.0,0.0,0.0,0.0,Control,
2022_Gur_Cell_Sceleroderma|GSM5837040_AB11873,0.0,0.0,0.6923076923076923,0.0,0.0,0.0,0.0,0.0,0.0,0.24358974358974358,0.02564102564102564,0.0,0.0,0.01282051282051282,0.0,0.0,0.01282051282051282,0.0,0.01282051282051282,0.0,0.0,0.0,0.0,0.0,Control,
2020_Habermann_SciAdv_Lung-COVID19|GSM5226577_C54ctr,0.0,0.0,0.0529595015576324,0.0,0.0,0.0,0.0,0.0,0.0,0.0,0.0,0.0,0.9470404984423676,0.0,0.0,0.0,0.0,0.0,0.0,0.0,0.0,0.0,0.0,0.0,Control,
2023_Fonseca_NatGenet_Endometriosis|sample17,0.5224839400428265,0.027837259100642397,0.38329764453961457,0.0,0.0,0.0,0.0,0.017130620985010708,0.0,0.0,0.0,0.0,0.0,0.0,0.0,0.0,0.0,0.0,0.0,0.0,0.0,0.0,0.021413276231263382,0.027837259100642397,Non-malignant disease,
2023_Kumar_Nature_Breast|hbca_c67,0.06896551724137931,0.5486245641224332,0.37117396358000776,0.011235955056179775,0.0,0.0,0.0,0.0,0.0,0.0,0.0,0.0,0.0,0.0,0.0,0.0,0.0,0.0,0.0,0.0,0.0,0.0,0.0,0.0,Control,
2022_Gur_Cell_Sceleroderma|GSM5837317_AB7278,0.0,0.0,0.87,0.0,0.0,0.0,0.0,0.0,0.0,0.06,0.03,0.0,0.0,0.01,0.0,0.0,0.03,0.0,0.0,0.0,0.0,0.0,0.0,0.0,Control,
2022_Gur_Cell_Sceleroderma|GSM5837586_AB8669,0.0,0.0,0.6931818181818182,0.0,0.0,0.0,0.0,0.0,0.0,0.125,0.022727272727272728,0.0,0.0,0.045454545454545456,0.0,0.0,0.11363636363636363,0.0,0.0,0.0,0.0,0.0,0.0,0.0,Control,
2022_Gur_Cell_Sceleroderma|GSM5837359_AB7462,0.0,0.0,0.6081081081081081,0.0,0.0,0.0,0.0,0.0,0.0,0.28378378378378377,0.05405405405405406,0.0,0.013513513513513514,0.0,0.0,0.0,0.02702702702702703,0.0,0.013513513513513514,0.0,0.0,0.0,0.0,0.0,Control,
2023_Kumar_Nature_Breast|hbca_c142,0.7491877842755036,0.031189083820662766,0.08122157244964262,0.13840155945419103,0.0,0.0,0.0,0.0,0.0,0.0,0.0,0.0,0.0,0.0,0.0,0.0,0.0,0.0,0.0,0.0,0.0,0.0,0.0,0.0,Control,
2021_Melms_Nature_Lung-COVID19|L16cov,0.0,0.0,0.0,0.0,0.024875621890547265,0.0,0.0,0.0,0.0,0.0,0.0,0.0,0.9751243781094527,0.0,0.0,0.0,0.0,0.0,0.0,0.0,0.0,0.0,0.0,0.0,Non-malignant disease,
2021_Pal_EMBO_Breast|GSM4909278_B1-MH0033,0.9696561024949427,0.030343897505057317,0.0,0.0,0.0,0.0,0.0,0.0,0.0,0.0,0.0,0.0,0.0,0.0,0.0,0.0,0.0,0.0,0.0,0.0,0.0,0.0,0.0,0.0,Non-malignant disease,
2023_Fonseca_NatGenet_Endometriosis|sample42,0.0967741935483871,0.8652751423149905,0.011385199240986717,0.0,0.0,0.0,0.0,0.0,0.0,0.0,0.0,0.0,0.003795066413662239,0.0,0.0,0.0,0.0,0.0,0.0,0.022770398481973434,0.0,0.0,0.0,0.0,Non-malignant disease,
2022_Reichart_Science_Heart|BO_H07_LV0_premrna,0.0,0.0,0.0,0.0,0.0,0.0,0.0,0.0,0.0,0.0,0.0,0.0,0.4368340943683409,0.0,0.0,0.0,0.0,0.0,0.0,0.0,0.563165905631659,0.0,0.0,0.0,Non-malignant disease,
2023_Kumar_Nature_Breast|hbca_c161,0.6015712682379349,0.14029180695847362,0.23120089786756454,0.014590347923681257,0.0,0.0,0.0,0.0,0.005611672278338945,0.0,0.0,0.0,0.006734006734006734,0.0,0.0,0.0,0.0,0.0,0.0,0.0,0.0,0.0,0.0,0.0,Cancer_Tumor,BRCA
2023_Hickey_Nature_Intestine|B010-A-101,0.07547169811320754,0.0,0.0880503144654088,0.0,0.0,0.0,0.0,0.0,0.0,0.0,0.0,0.0,0.0440251572327044,0.006289308176100629,0.0,0.0,0.0,0.0,0.0,0.0,0.0,0.0,0.389937106918239,0.39622641509433965,Control,
2022_Emont_Nature_WAT|Hs_OAT_01-1,0.0,0.0,0.05410628019323672,0.0,0.0,0.0,0.0,0.0,0.0,0.0,0.0,0.0,0.9458937198067633,0.0,0.0,0.0,0.0,0.0,0.0,0.0,0.0,0.0,0.0,0.0,Control,
2023_Kong_Immunity_CD|N128400_L,0.0,0.04830917874396135,0.0,0.0,0.0,0.0,0.0,0.0,0.0,0.0,0.0,0.0,0.0,0.09178743961352658,0.0,0.0,0.0,0.0,0.0,0.0,0.0,0.0,0.1932367149758454,0.6666666666666666,Non-malignant disease,
2023_Kumar_Nature_Breast|hbca_c115,0.039162112932604735,0.01912568306010929,0.9398907103825137,0.0018214936247723133,0.0,0.0,0.0,0.0,0.0,0.0,0.0,0.0,0.0,0.0,0.0,0.0,0.0,0.0,0.0,0.0,0.0,0.0,0.0,0.0,Control,
2023_Fonseca_NatGenet_Endometriosis|sample28,0.014586709886547812,0.0,0.9643435980551054,0.0,0.004862236628849271,0.0,0.0,0.0,0.0,0.0,0.0008103727714748784,0.0,0.0,0.0,0.0,0.0,0.0,0.0,0.0,0.01539708265802269,0.0,0.0,0.0,0.0,Non-malignant disease,
2020_Drokhlyansky_Cell_EntericNerve|Pool_S56,0.0,0.0,0.0,0.0,0.0,0.0,0.0,0.0,0.0,0.0,0.0,0.0,0.9869976359338062,0.0,0.0,0.0,0.0,0.0,0.0,0.0,0.013002364066193853,0.0,0.0,0.0,Cancer_AdjNorm,CRC
2022_Hwang_NatGenet_PDAC|T11_CRT,0.0,0.0,0.02564102564102564,0.0,0.0,0.0,0.0,0.0,0.0,0.0,0.0,0.0,0.9743589743589743,0.0,0.0,0.0,0.0,0.0,0.0,0.0,0.0,0.0,0.0,0.0,Cancer_Tumor,PC
2022_vanZyl_PNAS_Eye|Hu216IrisPS2,0.0,0.0,0.0,0.0,0.0,0.0,0.0,0.0,0.0,0.0,0.0,0.08620689655172414,0.9137931034482759,0.0,0.0,0.0,0.0,0.0,0.0,0.0,0.0,0.0,0.0,0.0,Control,
2023_Kong_Immunity_CD|H101694_L,0.0,0.0,0.0,0.0,0.0,0.0,0.0,0.0,0.0,0.0,0.0,0.0,0.0,0.0,0.0,0.0,0.0,0.0,0.0,0.0,0.0,0.0,0.10526315789473684,0.8947368421052632,Control,
2020_Drokhlyansky_Cell_EntericNerve|H3_S36,0.0,0.0,0.0,0.0,0.0,0.0,0.0,0.0,0.0,0.0,0.0,0.0,1.0,0.0,0.0,0.0,0.0,0.0,0.0,0.0,0.0,0.0,0.0,0.0,Cancer_AdjNorm,CRC
2020_Litvinukova_Nature_Heart|HCAHeartST13146205,0.0,0.0,0.0,0.0,0.0,0.0,0.0,0.0,0.0,0.0,0.0,0.0,1.0,0.0,0.0,0.0,0.0,0.0,0.0,0.0,0.0,0.0,0.0,0.0,Control,
2022_Emont_Nature_WAT|Hs_OAT_10-1,0.0,0.0,0.018590998043052837,0.0,0.0,0.0,0.0,0.0,0.0,0.0,0.0,0.0,0.9814090019569471,0.0,0.0,0.0,0.0,0.0,0.0,0.0,0.0,0.0,0.0,0.0,Control,
2022_vanZyl_PNAS_Eye|Hu218Iris,0.0,0.0,0.0,0.0,0.0,0.0,0.0,0.0,0.0,0.0,0.0,0.05846153846153846,0.9415384615384615,0.0,0.0,0.0,0.0,0.0,0.0,0.0,0.0,0.0,0.0,0.0,Control,
2022_Emont_Nature_WAT|Hs_SAT_SVF_237-1A-1,0.0,0.0,1.0,0.0,0.0,0.0,0.0,0.0,0.0,0.0,0.0,0.0,0.0,0.0,0.0,0.0,0.0,0.0,0.0,0.0,0.0,0.0,0.0,0.0,Control,
2023_Hickey_Nature_Intestine|B011-A-001,0.0,0.0,0.0,0.0,0.0,0.0,0.0,0.0,0.0,0.0,0.0,0.0,0.4672897196261682,0.0,0.0,0.0,0.0,0.0,0.0,0.0,0.0,0.0,0.21962616822429906,0.3130841121495327,Control,
2023_Monavarfeshani_PNAS_Eye|Pt6PeripapillarySclera,0.0,0.0,0.0,0.0,0.0,0.0,0.0,0.0,0.3927765237020316,0.0,0.0,0.0,0.6072234762979684,0.0,0.0,0.0,0.0,0.0,0.0,0.0,0.0,0.0,0.0,0.0,Control,
2022_Gur_Cell_Sceleroderma|GSM5837633_AB8919,0.0,0.0,0.8082191780821918,0.0,0.0,0.0,0.0,0.0,0.0,0.1232876712328767,0.0136986301369863,0.0,0.0,0.0,0.0,0.0,0.0136986301369863,0.0,0.0410958904109589,0.0,0.0,0.0,0.0,0.0,Control,
2022_Reichart_Science_Heart|BO_H80_LV0_premrna,0.0,0.0,0.0,0.0,0.0,0.0,0.0,0.0,0.0,0.0,0.0,0.0,0.34782608695652173,0.0,0.0,0.0,0.0,0.0,0.0,0.0,0.6521739130434783,0.0,0.0,0.0,Non-malignant disease,
2022_vanZyl_PNAS_Eye|Hu216Cornea,0.0,0.0,0.0,0.0,0.0,0.0,0.0,0.0,0.0,0.0,0.0,0.0,1.0,0.0,0.0,0.0,0.0,0.0,0.0,0.0,0.0,0.0,0.0,0.0,Control,
2023_Kumar_Nature_Breast|hbca_c75,0.7857142857142857,0.014911014911014911,0.19937469937469937,0.0,0.0,0.0,0.0,0.0,0.0,0.0,0.0,0.0,0.0,0.0,0.0,0.0,0.0,0.0,0.0,0.0,0.0,0.0,0.0,0.0,Control,
2023_Kong_Immunity_CD|N51_LP_A,0.0,0.0,0.0,0.0,0.0,0.0,0.0,0.0,0.0,0.0,0.0,0.0,0.0,0.49333333333333335,0.0,0.0,0.0,0.0,0.0,0.0,0.0,0.0,0.14666666666666667,0.36,Control,
2022_Kumar_CancerDis_Gastric|GSM5573500_sample35,0.46621621621621623,0.0,0.3108108108108108,0.0,0.0,0.0,0.0,0.0,0.0,0.0,0.0,0.0,0.0,0.0,0.0,0.0,0.0,0.0,0.0,0.0,0.0,0.0,0.20270270270270271,0.02027027027027027,Cancer_AdjNorm,GC
2020_Adams_SciAdv_IPF|137C-b,0.13432835820895522,0.0,0.8656716417910447,0.0,0.0,0.0,0.0,0.0,0.0,0.0,0.0,0.0,0.0,0.0,0.0,0.0,0.0,0.0,0.0,0.0,0.0,0.0,0.0,0.0,Control,
2023_Kong_Immunity_CD|H197396_N4,0.0,0.031007751937984496,0.29069767441860467,0.0,0.0,0.0,0.0,0.06201550387596899,0.05426356589147287,0.0,0.0,0.0,0.0,0.10077519379844961,0.0,0.0,0.0,0.0,0.0,0.0,0.0,0.0,0.24806201550387597,0.2131782945736434,Control,
2023_Monavarfeshani_PNAS_Eye|Pt11ONH,0.0,0.0,0.0,0.0,0.0,0.0,0.0,0.0,0.0,0.0,0.0,0.05263157894736842,0.9473684210526315,0.0,0.0,0.0,0.0,0.0,0.0,0.0,0.0,0.0,0.0,0.0,Control,
2020_Litvinukova_Nature_Heart|HCAHeartST10773167,0.0,0.0,0.4738955823293173,0.0,0.0,0.0,0.0,0.01606425702811245,0.0,0.0,0.0,0.0,0.04685408299866131,0.0,0.0,0.0,0.0,0.0,0.0,0.0,0.46318607764390896,0.0,0.0,0.0,Control,
2022_Reichart_Science_Heart|BO_H27_S00_premrna,0.0,0.0,0.0,0.0,0.0,0.0,0.0,0.02032520325203252,0.0,0.0,0.0,0.0,0.516260162601626,0.0,0.0,0.0,0.0,0.0,0.0,0.0,0.4634146341463415,0.0,0.0,0.0,Non-malignant disease,
2021_Melms_Nature_Lung-COVID19|C54ctr,0.0,0.0,0.0529595015576324,0.0,0.0,0.0,0.0,0.0,0.0,0.0,0.0,0.0,0.9470404984423676,0.0,0.0,0.0,0.0,0.0,0.0,0.0,0.0,0.0,0.0,0.0,Control,
2023_Lake_Nature_Kidney|PA3,0.0,0.0,0.0,0.0,0.0,0.0,0.0,0.0,0.0,0.0,0.0,0.0,1.0,0.0,0.0,0.0,0.0,0.0,0.0,0.0,0.0,0.0,0.0,0.0,Control,
2022_Reichart_Science_Heart|BO_H12_S00_premrna,0.0,0.0,0.0,0.0,0.0,0.0,0.0,0.0,0.0,0.0,0.0,0.0,0.5977917981072555,0.0,0.0,0.0,0.0,0.0,0.0,0.0,0.4022082018927445,0.0,0.0,0.0,Non-malignant disease,
2022_Gur_Cell_Sceleroderma|GSM5837602_AB8764,0.0,0.0,0.6263736263736264,0.0,0.0,0.0,0.0,0.0,0.0,0.07692307692307693,0.0,0.0,0.0,0.054945054945054944,0.0,0.0,0.21978021978021978,0.0,0.02197802197802198,0.0,0.0,0.0,0.0,0.0,Non-malignant disease,
2023_Kong_Immunity_CD|N124246_L,0.0,0.15748031496062992,0.0,0.0,0.0,0.0,0.0,0.0,0.0,0.0,0.0,0.0,0.0,0.13123359580052493,0.0,0.0,0.0,0.0,0.0,0.0,0.0,0.0,0.16010498687664043,0.5511811023622047,Non-malignant disease,
2020_Habermann_SciAdv_Lung-COVID19|GSM5226591_L11cov,0.0,0.0,0.0,0.0,0.2631578947368421,0.0,0.0,0.0,0.0,0.0,0.0,0.0,0.7368421052631579,0.0,0.0,0.0,0.0,0.0,0.0,0.0,0.0,0.0,0.0,0.0,Non-malignant disease,
2021_Elmentaite_Nature_Intestine|4918STDY7714149,0.0,0.0,0.0,0.0,0.0,0.0,0.0,0.0,0.0,0.0,0.0,0.0,0.0,0.5619335347432024,0.0,0.0,0.0,0.0,0.0,0.0,0.0,0.0,0.04229607250755287,0.3957703927492447,Control,
2023_Kumar_Nature_Breast|hbca_c90,0.8740193816335948,0.0,0.12598061836640517,0.0,0.0,0.0,0.0,0.0,0.0,0.0,0.0,0.0,0.0,0.0,0.0,0.0,0.0,0.0,0.0,0.0,0.0,0.0,0.0,0.0,Control,
2023_Kumar_Nature_Breast|hbca_c48,0.7887109077040427,0.12051868802440885,0.07780320366132723,0.0,0.0,0.0,0.0,0.0,0.012967200610221205,0.0,0.0,0.0,0.0,0.0,0.0,0.0,0.0,0.0,0.0,0.0,0.0,0.0,0.0,0.0,Cancer_Tumor,BRCA
2022_TabulaSapiens_Science_TabulaSapiens|TSP1_Muscle_nan_10X,0.0,0.003896103896103896,0.34545454545454546,0.0,0.0,0.0,0.0,0.0025974025974025974,0.02077922077922078,0.0,0.0,0.0,0.0,0.0,0.0,0.0,0.0,0.0,0.0,0.0,0.33116883116883117,0.2961038961038961,0.0,0.0,Control,
2022_Gur_Cell_Sceleroderma|GSM5837387_AB7694,0.0,0.0,0.494949494949495,0.0,0.0,0.0,0.0,0.0,0.0,0.10101010101010101,0.0,0.0,0.0,0.13131313131313133,0.0,0.0,0.21212121212121213,0.0,0.06060606060606061,0.0,0.0,0.0,0.0,0.0,Non-malignant disease,
2022_Reichart_Science_Heart|BO_H01_RV0_premrna,0.0,0.0,0.0,0.0,0.0,0.0,0.0,0.0,0.0,0.0,0.0,0.0,0.2949367088607595,0.0,0.0,0.0,0.0,0.0,0.0,0.0,0.7050632911392405,0.0,0.0,0.0,Non-malignant disease,
2023_Kumar_Nature_Breast|hbca_c113,0.41383989145183175,0.24694708276797828,0.23473541383989144,0.1044776119402985,0.0,0.0,0.0,0.0,0.0,0.0,0.0,0.0,0.0,0.0,0.0,0.0,0.0,0.0,0.0,0.0,0.0,0.0,0.0,0.0,Control,
2020_Litvinukova_Nature_Heart|HCAHeartST13180618,0.0,0.0,0.0,0.0,0.0,0.0,0.0,0.0,0.0,0.0,0.0,0.0,1.0,0.0,0.0,0.0,0.0,0.0,0.0,0.0,0.0,0.0,0.0,0.0,Control,
2022_Reichart_Science_Heart|BO_H64_LV0_premrna,0.0,0.0,0.0,0.0,0.0,0.0,0.0,0.0,0.0,0.0,0.0,0.0,0.25133689839572193,0.0,0.0,0.0,0.0,0.0,0.0,0.0,0.7486631016042781,0.0,0.0,0.0,Non-malignant disease,
2022_Madissoon_NatGenet_Lung|WTDAtest7732270,0.0,0.0,0.25754884547069273,0.0,0.0,0.0,0.0,0.7371225577264654,0.0017761989342806395,0.0,0.0,0.0,0.0017761989342806395,0.0,0.0017761989342806395,0.0,0.0,0.0,0.0,0.0,0.0,0.0,0.0,0.0,Control,
2020_Habermann_SciAdv_Lung-COVID19|GSM5226589_L09cov,0.0,0.0,0.06666666666666667,0.0,0.1,0.0,0.0,0.0,0.0,0.0,0.0,0.0,0.8333333333333334,0.0,0.0,0.0,0.0,0.0,0.0,0.0,0.0,0.0,0.0,0.0,Non-malignant disease,
2022_Reichart_Science_Heart|BO_H39_LVW_premrna,0.0,0.0,0.0,0.0,0.0,0.0,0.0,0.0,0.0,0.0,0.0,0.0,0.405,0.0,0.0,0.0,0.0,0.0,0.0,0.0,0.595,0.0,0.0,0.0,Non-malignant disease,
2022_Madissoon_NatGenet_Lung|WTDAtest7732265,0.0,0.0,0.906896551724138,0.0,0.0,0.0,0.0,0.08620689655172414,0.0,0.0034482758620689655,0.0,0.0,0.0,0.0,0.0034482758620689655,0.0,0.0,0.0,0.0,0.0,0.0,0.0,0.0,0.0,Control,
2023_Kong_Immunity_CD|N166301_N1,0.0,0.0,0.7307692307692307,0.0,0.0,0.0,0.0,0.0,0.0,0.0,0.0,0.0,0.0,0.2692307692307692,0.0,0.0,0.0,0.0,0.0,0.0,0.0,0.0,0.0,0.0,Non-malignant disease,
2021_Elmentaite_Nature_Intestine|4918STDY7274839,0.0,0.0,0.015384615384615385,0.0,0.0,0.0,0.0,0.0,0.0,0.0,0.0,0.0,0.0,0.0,0.0,0.0,0.0,0.0,0.0,0.0,0.0,0.0,0.1794871794871795,0.8051282051282052,Control,
2020_Litvinukova_Nature_Heart|HCAHeart7833852,0.0,0.0,0.0,0.0,0.0,0.0,0.0,0.0,0.0,0.0,0.0,0.0,1.0,0.0,0.0,0.0,0.0,0.0,0.0,0.0,0.0,0.0,0.0,0.0,Control,
2022_Madissoon_NatGenet_Lung|WSSS_A_LNG8757929,0.0,0.0,0.1292517006802721,0.0,0.0,0.0,0.0,0.0,0.01020408163265306,0.0,0.0,0.0,0.717687074829932,0.0,0.0,0.12585034013605442,0.0,0.0,0.0,0.0,0.017006802721088437,0.0,0.0,0.0,Control,
2023_Fonseca_NatGenet_Endometriosis|sample26,0.0,0.022727272727272728,0.9155844155844156,0.0,0.0,0.0,0.022727272727272728,0.0016233766233766235,0.0,0.0,0.0,0.0,0.0,0.0,0.0,0.0,0.0,0.0,0.0,0.037337662337662336,0.0,0.0,0.0,0.0,Non-malignant disease,
2021_Elmentaite_Nature_Intestine|Human_colon_16S8000513,0.025044722719141325,0.0,0.9320214669051878,0.0,0.0,0.0,0.0,0.0,0.0,0.0,0.0,0.0,0.0,0.0,0.0,0.0,0.0,0.0,0.0,0.0,0.0,0.0,0.0,0.04293381037567084,Control,
2022_Gur_Cell_Sceleroderma|GSM5837672_AB9348,0.0,0.0,0.8660714285714286,0.0,0.0,0.0,0.0,0.0,0.0,0.10714285714285714,0.026785714285714284,0.0,0.0,0.0,0.0,0.0,0.0,0.0,0.0,0.0,0.0,0.0,0.0,0.0,Control,
2022_Emont_Nature_WAT|Hs_SAT_SVF_239-3B-1,0.0,0.0,1.0,0.0,0.0,0.0,0.0,0.0,0.0,0.0,0.0,0.0,0.0,0.0,0.0,0.0,0.0,0.0,0.0,0.0,0.0,0.0,0.0,0.0,Control,
2022_Gur_Cell_Sceleroderma|GSM5837406_AB7745,0.0,0.0,0.48214285714285715,0.0,0.017857142857142856,0.0,0.0,0.0,0.017857142857142856,0.017857142857142856,0.03571428571428571,0.0,0.03571428571428571,0.017857142857142856,0.0,0.0,0.21428571428571427,0.0,0.16071428571428573,0.0,0.0,0.0,0.0,0.0,Non-malignant disease,
2020_Litvinukova_Nature_Heart|HCAHeart7905332,0.0,0.0,0.9491525423728814,0.0,0.0,0.0,0.0,0.0,0.0,0.0,0.0,0.0,0.0,0.0,0.0,0.0,0.0,0.0,0.0,0.0,0.05084745762711865,0.0,0.0,0.0,Control,
2022_Madissoon_NatGenet_Lung|HCA_A_LNG9387710,0.03365384615384615,0.0,0.038461538461538464,0.0,0.0,0.0,0.0,0.0673076923076923,0.0,0.009615384615384616,0.0,0.0,0.7451923076923077,0.0,0.0,0.10576923076923077,0.0,0.0,0.0,0.0,0.0,0.0,0.0,0.0,Control,
2022_Reichart_Science_Heart|BO_H06_RV0_premrna,0.0,0.0,0.0,0.0,0.0,0.0,0.0,0.0,0.0,0.0,0.0,0.0,0.8455284552845529,0.0,0.0,0.0,0.0,0.0,0.0,0.0,0.15447154471544716,0.0,0.0,0.0,Non-malignant disease,
2022_Emont_Nature_WAT|Hs_SAT_SVF_235-1B-1,0.0,0.0,0.984375,0.0,0.0,0.0,0.0,0.0,0.0,0.0,0.0,0.0,0.015625,0.0,0.0,0.0,0.0,0.0,0.0,0.0,0.0,0.0,0.0,0.0,Control,
2020_Drokhlyansky_Cell_EntericNerve|H8_S43,0.0,0.0,0.0,0.0,0.0,0.0,0.0,0.0,0.0,0.0,0.0,0.0,1.0,0.0,0.0,0.0,0.0,0.0,0.0,0.0,0.0,0.0,0.0,0.0,Cancer_AdjNorm,CRC
2022_Emont_Nature_WAT|Hs_OAT_12-1,0.0,0.0,0.015685019206145966,0.0,0.0,0.0,0.0,0.0,0.0,0.0,0.0,0.0,0.984314980793854,0.0,0.0,0.0,0.0,0.0,0.0,0.0,0.0,0.0,0.0,0.0,Control,
2022_Reichart_Science_Heart|BS_DP2_S00_premrna,0.0,0.0,0.0,0.0,0.0,0.0,0.0,0.0,0.0,0.0,0.0,0.0,0.6086956521739131,0.0,0.0,0.0,0.0,0.0,0.0,0.0,0.391304347826087,0.0,0.0,0.0,Non-malignant disease,
2023_Kumar_Nature_Breast|hbca_c45,0.9315980629539952,0.0,0.031476997578692496,0.0,0.0,0.036924939467312345,0.0,0.0,0.0,0.0,0.0,0.0,0.0,0.0,0.0,0.0,0.0,0.0,0.0,0.0,0.0,0.0,0.0,0.0,Cancer_Tumor,BRCA
2021_Elmentaite_Nature_Intestine|Human_colon_16S8002628,0.0,0.0,1.0,0.0,0.0,0.0,0.0,0.0,0.0,0.0,0.0,0.0,0.0,0.0,0.0,0.0,0.0,0.0,0.0,0.0,0.0,0.0,0.0,0.0,Control,
2022_vanZyl_PNAS_Eye|Hu235OSTM,0.0,0.0,0.0,0.0,0.0,0.0,0.0,0.0,0.0,0.0,0.0,0.671071953010279,0.328928046989721,0.0,0.0,0.0,0.0,0.0,0.0,0.0,0.0,0.0,0.0,0.0,Control,
2021_Pal_EMBO_Breast|GSM4909300_ER-MH0032,0.021739130434782608,0.0,0.9130434782608695,0.0,0.06521739130434782,0.0,0.0,0.0,0.0,0.0,0.0,0.0,0.0,0.0,0.0,0.0,0.0,0.0,0.0,0.0,0.0,0.0,0.0,0.0,Cancer_Tumor,BRCA
2022_TabulaSapiens_Science_TabulaSapiens|TSP12_Heart_Ventricle_10X,0.0,0.0,0.9538461538461539,0.0,0.0,0.0,0.03076923076923077,0.015384615384615385,0.0,0.0,0.0,0.0,0.0,0.0,0.0,0.0,0.0,0.0,0.0,0.0,0.0,0.0,0.0,0.0,Control,
2022_Emont_Nature_WAT|Hs_SAT_SVF_237-2A-1,0.0,0.0,1.0,0.0,0.0,0.0,0.0,0.0,0.0,0.0,0.0,0.0,0.0,0.0,0.0,0.0,0.0,0.0,0.0,0.0,0.0,0.0,0.0,0.0,Control,
2022_Gur_Cell_Sceleroderma|GSM5836981_AB10130,0.0,0.0,0.6555555555555556,0.0,0.0,0.0,0.0,0.0,0.0,0.24444444444444444,0.0,0.0,0.0,0.05555555555555555,0.0,0.0,0.044444444444444446,0.0,0.0,0.0,0.0,0.0,0.0,0.0,Control,
2022_TabulaSapiens_Science_TabulaSapiens|TSP6_Trachea_nan_10X,0.0,0.0,0.9720129171151776,0.0,0.0,0.004305705059203444,0.0,0.0,0.0,0.0032292787944025836,0.0,0.0,0.0,0.02045209903121636,0.0,0.0,0.0,0.0,0.0,0.0,0.0,0.0,0.0,0.0,Control,
2022_Gur_Cell_Sceleroderma|GSM5837601_AB8763,0.0,0.0,0.13513513513513514,0.0,0.0,0.0,0.0,0.0,0.0,0.8108108108108109,0.04054054054054054,0.0,0.013513513513513514,0.0,0.0,0.0,0.0,0.0,0.0,0.0,0.0,0.0,0.0,0.0,Control,
2021_Elmentaite_Nature_Intestine|WTDAtest7844029,0.0,0.0,1.0,0.0,0.0,0.0,0.0,0.0,0.0,0.0,0.0,0.0,0.0,0.0,0.0,0.0,0.0,0.0,0.0,0.0,0.0,0.0,0.0,0.0,Control,
2023_Fonseca_NatGenet_Endometriosis|sample39,0.07040654099477629,0.03702021349080173,0.0,0.0,0.0,0.0,0.0,0.0,0.0,0.0,0.0,0.0,0.011355893708834885,0.0,0.0,0.0,0.0,0.0,0.0,0.8812173518055871,0.0,0.0,0.0,0.0,Non-malignant disease,
2022_Reichart_Science_Heart|BO_H25_S00_premrna,0.0,0.0,0.0,0.0,0.0,0.0,0.0,0.0,0.0,0.0,0.0,0.0,0.38095238095238093,0.0,0.0,0.0,0.0,0.0,0.0,0.0,0.6190476190476191,0.0,0.0,0.0,Non-malignant disease,
2022_Reichart_Science_Heart|ED_DT4_LV0_premrna,0.0,0.0,0.0,0.0,0.0,0.0,0.0,0.0,0.0,0.0,0.0,0.0,0.5012106537530266,0.0,0.0,0.0,0.0,0.0,0.0,0.0,0.49878934624697335,0.0,0.0,0.0,Non-malignant disease,
2022_Zhou_NatGenet_PDAC|HT185B1-S1H2A2K1G1Z1_1B1,0.015625,0.0,0.1875,0.0,0.0,0.0,0.109375,0.6875,0.0,0.0,0.0,0.0,0.0,0.0,0.0,0.0,0.0,0.0,0.0,0.0,0.0,0.0,0.0,0.0,Cancer_Tumor,PC
2021_Elmentaite_Nature_Intestine|Human_colon_16S8117831,0.0,0.0,0.9885057471264368,0.0,0.0,0.0,0.0,0.0,0.0,0.0,0.0,0.0,0.0,0.0,0.0,0.0,0.0,0.0,0.0,0.0,0.0,0.0,0.0,0.011494252873563218,Control,
2020_Habermann_SciAdv_Lung-COVID19|GSM5226584_L04covaddon,0.0,0.0,0.0502283105022831,0.0,0.0,0.0,0.0,0.0,0.0,0.0,0.0,0.0,0.9497716894977168,0.0,0.0,0.0,0.0,0.0,0.0,0.0,0.0,0.0,0.0,0.0,Non-malignant disease,
2023_Kumar_Nature_Breast|hbca_c131,0.9192429022082019,0.04037854889589906,0.04037854889589906,0.0,0.0,0.0,0.0,0.0,0.0,0.0,0.0,0.0,0.0,0.0,0.0,0.0,0.0,0.0,0.0,0.0,0.0,0.0,0.0,0.0,Control,
2021_Pelka_Cell_CRC|C124_N_0_3_0_c1_v2,0.0,0.0,0.927536231884058,0.0,0.0,0.0,0.0,0.0,0.0,0.0,0.0,0.0,0.0,0.0,0.0,0.0,0.0,0.0,0.0,0.0,0.0,0.0,0.014492753623188406,0.057971014492753624,Control,
2022_Kumar_CancerDis_Gastric|GSM5573485_sample20,0.17857142857142858,0.0,0.0625,0.0,0.7589285714285714,0.0,0.0,0.0,0.0,0.0,0.0,0.0,0.0,0.0,0.0,0.0,0.0,0.0,0.0,0.0,0.0,0.0,0.0,0.0,Cancer_Metastasis,GC
2022_Gur_Cell_Sceleroderma|GSM5837159_AB13826,0.0,0.0,0.44594594594594594,0.0,0.0,0.0,0.0,0.0,0.0,0.38513513513513514,0.0,0.0,0.0,0.02027027027027027,0.0,0.0,0.10810810810810811,0.0,0.04054054054054054,0.0,0.0,0.0,0.0,0.0,Non-malignant disease,
2022_Madissoon_NatGenet_Lung|WTDAtest7732268,0.0,0.0,0.5135135135135135,0.0,0.0,0.0,0.0,0.4594594594594595,0.0,0.0,0.0,0.0,0.0,0.013513513513513514,0.013513513513513514,0.0,0.0,0.0,0.0,0.0,0.0,0.0,0.0,0.0,Control,
2023_Kong_Immunity_CD|N148519_L1,0.0,0.0,0.0,0.0,0.0,0.0,0.0,0.0,0.0,0.0,0.0,0.0,0.0,0.34210526315789475,0.013157894736842105,0.0,0.0,0.0,0.0,0.0,0.0,0.0,0.13157894736842105,0.5131578947368421,Non-malignant disease,
2022_Zhou_NatGenet_PDAC|HT259P1-S1H1Fc2A2_1N1Bmn1_1,0.0,0.0,0.0,0.0,0.0,0.0,0.0,0.0,0.0,0.0,0.0,0.0,1.0,0.0,0.0,0.0,0.0,0.0,0.0,0.0,0.0,0.0,0.0,0.0,Cancer_Tumor,PC
2023_Monavarfeshani_PNAS_Eye|Hu235OSmRPE,0.0,0.0,0.0,0.0,0.0,0.0,0.0,0.0,0.0,0.0,0.0,0.3,0.7,0.0,0.0,0.0,0.0,0.0,0.0,0.0,0.0,0.0,0.0,0.0,Control,
2023_Kong_Immunity_CD|N130064_N4,0.0,0.6311475409836066,0.19672131147540983,0.0,0.0,0.0,0.0,0.0,0.0,0.0,0.0,0.0,0.0,0.14754098360655737,0.0,0.0,0.0,0.0,0.0,0.0,0.0,0.0,0.0,0.02459016393442623,Non-malignant disease,
2022_Gur_Cell_Sceleroderma|GSM5837432_AB7844,0.0,0.0,0.35135135135135137,0.0,0.0,0.0,0.0,0.0,0.0,0.6036036036036037,0.009009009009009009,0.0,0.0,0.036036036036036036,0.0,0.0,0.0,0.0,0.0,0.0,0.0,0.0,0.0,0.0,Non-malignant disease,
2022_Madissoon_NatGenet_Lung|HCA_A_LNG9387717,0.0,0.0,0.06043956043956044,0.0,0.0,0.0,0.0,0.027472527472527472,0.013736263736263736,0.0,0.0,0.0,0.8021978021978022,0.0,0.0,0.09340659340659341,0.0,0.0,0.0,0.0,0.0027472527472527475,0.0,0.0,0.0,Control,
2022_Reichart_Science_Heart|BO_H27_RV0_premrna,0.0,0.0,0.0,0.0,0.0,0.0,0.0,0.0,0.0,0.0,0.0,0.0,0.5257731958762887,0.0,0.0,0.0,0.0,0.0,0.0,0.0,0.4742268041237113,0.0,0.0,0.0,Non-malignant disease,
2021_Pal_EMBO_Breast|GSM4909302_ER-MH0025,0.0,0.0,0.0,0.0,1.0,0.0,0.0,0.0,0.0,0.0,0.0,0.0,0.0,0.0,0.0,0.0,0.0,0.0,0.0,0.0,0.0,0.0,0.0,0.0,Cancer_Tumor,BRCA
2022_Emont_Nature_WAT|Hs_SAT_SVF_242-3A-1,0.0,0.0,0.9550561797752809,0.0,0.0,0.0,0.0,0.0,0.0,0.0,0.0,0.0,0.011235955056179775,0.0,0.0,0.02247191011235955,0.0,0.0,0.0,0.0,0.011235955056179775,0.0,0.0,0.0,Control,
2023_Kong_Immunity_CD|N107306_L2,0.0,0.0,0.0,0.0,0.0,0.0,0.0,0.0,0.0,0.0,0.0,0.0,0.0,0.022613065326633167,0.0,0.0,0.0,0.0,0.0,0.0,0.0,0.0,0.47738693467336685,0.5,Non-malignant disease,
2022_Reichart_Science_Heart|BO_H22_S00_premrna,0.0,0.0,0.0,0.0,0.0,0.0,0.0,0.0,0.0,0.0,0.0,0.0,0.264,0.0,0.0,0.0,0.0,0.0,0.0,0.0,0.736,0.0,0.0,0.0,Non-malignant disease,
2022_Madissoon_NatGenet_Lung|WSSS8123929,0.0,0.006024096385542169,0.7228915662650602,0.0,0.0,0.0,0.006024096385542169,0.1686746987951807,0.006024096385542169,0.0,0.0,0.0,0.0,0.08433734939759036,0.006024096385542169,0.0,0.0,0.0,0.0,0.0,0.0,0.0,0.0,0.0,Control,
2020_Litvinukova_Nature_Heart|HCAHeart7702877,0.0,0.0,0.14549653579676675,0.0,0.0,0.0,0.0,0.0,0.0,0.0,0.0,0.0,0.5080831408775982,0.0,0.0,0.0,0.0,0.0,0.0,0.0,0.3464203233256351,0.0,0.0,0.0,Control,
2023_Kumar_Nature_Breast|hbca_c20,0.9059024807527801,0.0,0.0,0.0,0.0,0.09409751924721985,0.0,0.0,0.0,0.0,0.0,0.0,0.0,0.0,0.0,0.0,0.0,0.0,0.0,0.0,0.0,0.0,0.0,0.0,Control,
2022_TabulaSapiens_Science_TabulaSapiens|TSP10_Fat_MAT_10X,0.0,0.0,1.0,0.0,0.0,0.0,0.0,0.0,0.0,0.0,0.0,0.0,0.0,0.0,0.0,0.0,0.0,0.0,0.0,0.0,0.0,0.0,0.0,0.0,Control,
2022_Gur_Cell_Sceleroderma|GSM5837690_AB9420,0.0,0.0,0.9577464788732394,0.0,0.0,0.0,0.0,0.0,0.0,0.028169014084507043,0.0,0.0,0.0,0.014084507042253521,0.0,0.0,0.0,0.0,0.0,0.0,0.0,0.0,0.0,0.0,Control,
2020_Adams_SciAdv_IPF|225I-a,0.0,0.0,0.14864864864864866,0.0,0.06756756756756757,0.0,0.02702702702702703,0.33783783783783783,0.0,0.0,0.0,0.0,0.4189189189189189,0.0,0.0,0.0,0.0,0.0,0.0,0.0,0.0,0.0,0.0,0.0,Non-malignant disease,
2022_Gur_Cell_Sceleroderma|GSM5837538_AB8448,0.0,0.0,0.845360824742268,0.0,0.0,0.0,0.0,0.0,0.0,0.1134020618556701,0.020618556701030927,0.0,0.0,0.020618556701030927,0.0,0.0,0.0,0.0,0.0,0.0,0.0,0.0,0.0,0.0,Non-malignant disease,
2023_Fonseca_NatGenet_Endometriosis|sample33,0.07136194029850747,0.02751865671641791,0.013059701492537313,0.0,0.018656716417910446,0.0,0.0,0.0,0.0,0.0,0.0,0.0,0.008861940298507462,0.0,0.0,0.0,0.0,0.0,0.0,0.8605410447761194,0.0,0.0,0.0,0.0,Non-malignant disease,
2022_Emont_Nature_WAT|Hs_OAT_256-1,0.0,0.0,0.1247429746401645,0.0,0.0,0.0,0.0,0.0,0.0,0.0,0.0,0.0,0.8752570253598355,0.0,0.0,0.0,0.0,0.0,0.0,0.0,0.0,0.0,0.0,0.0,Control,
2020_Habermann_SciAdv_Lung-COVID19|GSM5226598_L19cov,0.0,0.0,0.0,0.0,0.0,0.0,0.0,0.0,0.0,0.0,0.0,0.0,0.9565217391304348,0.0,0.043478260869565216,0.0,0.0,0.0,0.0,0.0,0.0,0.0,0.0,0.0,Non-malignant disease,
2023_Kong_Immunity_CD|N176196_L2,0.0,0.0,0.0,0.0,0.0,0.0,0.0,0.0,0.0,0.0,0.0,0.0,0.0,0.0,0.0,0.0,0.0,0.0,0.0,0.0,0.0,0.0,0.16363636363636364,0.8363636363636363,Non-malignant disease,
2022_Emont_Nature_WAT|Hs_SAT_10-1,0.0,0.0,0.4830508474576271,0.0,0.0,0.0,0.0,0.0,0.0,0.0,0.0,0.0,0.5169491525423728,0.0,0.0,0.0,0.0,0.0,0.0,0.0,0.0,0.0,0.0,0.0,Control,
2020_Adams_SciAdv_IPF|177I,0.4074074074074074,0.0,0.5740740740740741,0.0,0.0,0.0,0.0,0.0,0.0,0.0,0.0,0.0,0.018518518518518517,0.0,0.0,0.0,0.0,0.0,0.0,0.0,0.0,0.0,0.0,0.0,Non-malignant disease,
2023_Kong_Immunity_CD|H158108_N1,0.0,0.0,0.8440366972477065,0.0,0.0,0.0,0.0,0.0061162079510703364,0.0,0.0,0.0,0.0,0.0,0.04892966360856269,0.0,0.0,0.0,0.0,0.0,0.0,0.0,0.0,0.01529051987767584,0.0856269113149847,Control,
2023_Kong_Immunity_CD|N107306_L1,0.0,0.0,0.0,0.0,0.0,0.0,0.0,0.0,0.0,0.0,0.0,0.0,0.0,0.029304029304029304,0.0,0.0,0.0,0.0,0.0,0.0,0.0,0.0,0.48717948717948717,0.4835164835164835,Non-malignant disease,
2022_Reichart_Science_Heart|BO_H80_RV0_premrna,0.0,0.0,0.0,0.0,0.0,0.0,0.0,0.0,0.0,0.0,0.0,0.0,0.24213836477987422,0.0,0.0,0.0,0.0,0.0,0.0,0.0,0.7578616352201258,0.0,0.0,0.0,Non-malignant disease,
2022_Gur_Cell_Sceleroderma|GSM5837395_AB7702,0.0,0.0,0.5952380952380952,0.0,0.0,0.0,0.0,0.0,0.0,0.15476190476190477,0.0,0.0,0.0,0.07142857142857142,0.0,0.0,0.11904761904761904,0.0,0.05952380952380952,0.0,0.0,0.0,0.0,0.0,Non-malignant disease,
2023_Kong_Immunity_CD|N158891_L2,0.0,0.0,0.018604651162790697,0.0,0.0,0.0,0.0,0.0,0.0,0.0,0.0,0.0,0.0,0.0,0.0,0.0,0.0,0.0,0.0,0.0,0.0,0.0,0.13953488372093023,0.8418604651162791,Non-malignant disease,
2022_TabulaSapiens_Science_TabulaSapiens|TSP2_Muscle_diaphragm_10X,0.03090507726269316,0.0,0.7652685798381162,0.0,0.0,0.0,0.0,0.002207505518763797,0.0,0.0,0.0,0.0,0.0,0.0,0.0,0.0,0.0,0.0,0.0,0.0,0.0,0.2016188373804268,0.0,0.0,Control,
2023_Kumar_Nature_Breast|hbca_c43,0.9136801541425819,0.06319845857418112,0.023121387283236993,0.0,0.0,0.0,0.0,0.0,0.0,0.0,0.0,0.0,0.0,0.0,0.0,0.0,0.0,0.0,0.0,0.0,0.0,0.0,0.0,0.0,Cancer_Tumor,BRCA
2022_Gur_Cell_Sceleroderma|GSM5837005_AB10154,0.0,0.0,0.8,0.0,0.0125,0.0,0.0,0.0,0.0,0.0375,0.0,0.0,0.0,0.1375,0.0,0.0,0.0125,0.0,0.0,0.0,0.0,0.0,0.0,0.0,Non-malignant disease,
2022_Gur_Cell_Sceleroderma|GSM5837371_AB7495,0.0,0.0,0.7265625,0.0,0.0,0.0,0.0234375,0.0,0.0,0.234375,0.015625,0.0,0.0,0.0,0.0,0.0,0.0,0.0,0.0,0.0,0.0,0.0,0.0,0.0,Control,
2022_Madissoon_NatGenet_Lung|WSSS_A_LNG8757928,0.0,0.0,0.055441478439425054,0.0,0.0,0.0,0.0,0.006160164271047228,0.04106776180698152,0.006160164271047228,0.0,0.0,0.7084188911704312,0.0,0.0,0.162217659137577,0.0,0.0,0.0,0.0,0.02053388090349076,0.0,0.0,0.0,Control,
2022_Hwang_NatGenet_PDAC|U3_Untreated,0.0,0.0,0.0,0.0,0.09900990099009901,0.0,0.07425742574257425,0.0,0.0,0.0,0.0,0.0,0.8267326732673267,0.0,0.0,0.0,0.0,0.0,0.0,0.0,0.0,0.0,0.0,0.0,Cancer_Tumor,PC
2022_Gur_Cell_Sceleroderma|GSM5837035_AB11428,0.0,0.0,0.7303370786516854,0.0,0.0,0.0,0.0,0.0,0.0,0.10112359550561797,0.011235955056179775,0.0,0.0,0.0449438202247191,0.0,0.0,0.056179775280898875,0.0,0.056179775280898875,0.0,0.0,0.0,0.0,0.0,Non-malignant disease,
2023_Kumar_Nature_Breast|hbca_c24,0.9863169897377423,0.013683010262257697,0.0,0.0,0.0,0.0,0.0,0.0,0.0,0.0,0.0,0.0,0.0,0.0,0.0,0.0,0.0,0.0,0.0,0.0,0.0,0.0,0.0,0.0,Control,
2022_Reichart_Science_Heart|BO_H09_S00_premrna,0.0,0.0,0.0,0.0,0.0,0.0,0.0,0.0,0.0,0.0,0.0,0.0,0.08261802575107297,0.0,0.0,0.0,0.0,0.0,0.0,0.0,0.9173819742489271,0.0,0.0,0.0,Non-malignant disease,
2023_Kumar_Nature_Breast|hbca_c111,0.6620795107033639,0.0,0.3291284403669725,0.004969418960244648,0.0,0.0,0.0,0.0,0.0,0.0,0.0,0.0,0.0,0.0,0.00382262996941896,0.0,0.0,0.0,0.0,0.0,0.0,0.0,0.0,0.0,Control,
2022_Reichart_Science_Heart|BO_H51_S00_premrna,0.0,0.0,0.0,0.0,0.0,0.0,0.0,0.0,0.0,0.0,0.0,0.0,0.22564102564102564,0.0,0.0,0.0,0.0,0.0,0.0,0.0,0.7743589743589744,0.0,0.0,0.0,Control,
2021_Melms_Nature_Lung-COVID19|C56ctr,0.0,0.0,0.0,0.0,0.8125,0.0,0.0,0.0,0.0,0.0,0.0,0.0,0.1875,0.0,0.0,0.0,0.0,0.0,0.0,0.0,0.0,0.0,0.0,0.0,Control,
2022_Hwang_NatGenet_PDAC|T5_CRT,0.0,0.0,0.0,0.0,0.756,0.0,0.0,0.0,0.0,0.0,0.0,0.0,0.244,0.0,0.0,0.0,0.0,0.0,0.0,0.0,0.0,0.0,0.0,0.0,Cancer_Tumor,PC
2023_Kumar_Nature_Breast|hbca_c74,0.7075034738304771,0.007179249652616952,0.28531727651690597,0.0,0.0,0.0,0.0,0.0,0.0,0.0,0.0,0.0,0.0,0.0,0.0,0.0,0.0,0.0,0.0,0.0,0.0,0.0,0.0,0.0,Control,
2021_Chan_CancerCell_SCLC|RU1057_T,0.0,0.0,0.0,0.0,0.8804347826086957,0.0,0.0,0.0,0.0,0.0,0.0,0.0,0.0,0.0,0.11956521739130435,0.0,0.0,0.0,0.0,0.0,0.0,0.0,0.0,0.0,Cancer_Tumor,NSCLC
2022_Emont_Nature_WAT|Hs_SAT_01-1,0.0,0.0,0.46484641638225255,0.0,0.0,0.0,0.0,0.0,0.0,0.0,0.0,0.0,0.5351535836177475,0.0,0.0,0.0,0.0,0.0,0.0,0.0,0.0,0.0,0.0,0.0,Control,
2023_Kong_Immunity_CD|I130064_N4,0.0,0.547945205479452,0.1506849315068493,0.0,0.0,0.0,0.0,0.0,0.0,0.0,0.0,0.0,0.0,0.3013698630136986,0.0,0.0,0.0,0.0,0.0,0.0,0.0,0.0,0.0,0.0,Non-malignant disease,
2020_Drokhlyansky_Cell_EntericNerve|H10_S51,0.0,0.0,0.0,0.0,0.0,0.0,0.0,0.0,0.0,0.0,0.0,0.0,1.0,0.0,0.0,0.0,0.0,0.0,0.0,0.0,0.0,0.0,0.0,0.0,Cancer_AdjNorm,CRC
2022_Gur_Cell_Sceleroderma|GSM5837160_AB13827,0.0,0.0,0.5403726708074534,0.0,0.0,0.0,0.0,0.0,0.0,0.4409937888198758,0.0,0.0,0.0,0.018633540372670808,0.0,0.0,0.0,0.0,0.0,0.0,0.0,0.0,0.0,0.0,Non-malignant disease,
2021_Elmentaite_Nature_Intestine|4918STDY7389431,0.0,0.0,0.0,0.0,0.0,0.0,0.0,0.0,0.0,0.0,0.0,0.0,0.0,0.0,0.0,0.0,0.0,0.0,0.0,0.0,0.0,0.0,0.13953488372093023,0.8604651162790697,Control,
2020_Habermann_SciAdv_Lung-COVID19|GSM5226580_C57ctr,0.0,0.0,0.0,0.0,0.0,0.0,0.0,0.0,0.0,0.0,0.0,0.0,1.0,0.0,0.0,0.0,0.0,0.0,0.0,0.0,0.0,0.0,0.0,0.0,Control,
2022_Reichart_Science_Heart|BO_H15_S00_premrna,0.0,0.0,0.011342155009451797,0.0,0.0,0.0,0.0,0.0,0.0,0.0,0.0,0.0,0.3005671077504726,0.0,0.0,0.0,0.0,0.0,0.0,0.0,0.6880907372400756,0.0,0.0,0.0,Non-malignant disease,
2023_Kumar_Nature_Breast|hbca_c13,0.5850746268656717,0.07761194029850746,0.3044776119402985,0.0,0.0,0.03283582089552239,0.0,0.0,0.0,0.0,0.0,0.0,0.0,0.0,0.0,0.0,0.0,0.0,0.0,0.0,0.0,0.0,0.0,0.0,Cancer_AdjNorm,BRCA
2020_Drokhlyansky_Cell_EntericNerve|H12_S58,0.0,0.0,0.04196519959058342,0.0,0.0,0.0,0.0,0.0,0.0,0.0,0.0,0.0,0.9580348004094166,0.0,0.0,0.0,0.0,0.0,0.0,0.0,0.0,0.0,0.0,0.0,Cancer_AdjNorm,CRC
2023_Kong_Immunity_CD|N125985_L2,0.0,0.0,0.0,0.0,0.0,0.0,0.0,0.0,0.0,0.0,0.0,0.0,0.0,0.1724137931034483,0.0,0.0,0.0,0.0,0.0,0.0,0.0,0.0,0.1896551724137931,0.6379310344827587,Non-malignant disease,
2023_Fonseca_NatGenet_Endometriosis|sample11,0.011450381679389313,0.0,0.9198473282442748,0.0,0.0,0.0,0.0,0.022900763358778626,0.015267175572519083,0.0,0.0,0.0,0.0,0.0,0.0,0.0,0.003816793893129771,0.0,0.0,0.015267175572519083,0.011450381679389313,0.0,0.0,0.0,Non-malignant disease,
2021_Chan_CancerCell_SCLC|RU675_T,0.0,0.0,0.0,0.0,0.9174757281553398,0.0,0.0825242718446602,0.0,0.0,0.0,0.0,0.0,0.0,0.0,0.0,0.0,0.0,0.0,0.0,0.0,0.0,0.0,0.0,0.0,Cancer_Tumor,NSCLC
2023_Kumar_Nature_Breast|hbca_c150,0.4402640264026403,0.015841584158415842,0.53003300330033,0.009240924092409241,0.0,0.0,0.0,0.0,0.0046204620462046205,0.0,0.0,0.0,0.0,0.0,0.0,0.0,0.0,0.0,0.0,0.0,0.0,0.0,0.0,0.0,Control,
2023_Lake_Nature_Kidney|PA4,0.0,0.0,0.0,0.0,0.0,0.0,0.0,0.0,0.0,0.0,0.0,0.0,0.956989247311828,0.0,0.0,0.0,0.0,0.0,0.0,0.043010752688172046,0.0,0.0,0.0,0.0,Control,
2021_Pal_EMBO_Breast|GSM4909266_N-MH0169-Total,0.7104978354978355,0.01406926406926407,0.2754329004329004,0.0,0.0,0.0,0.0,0.0,0.0,0.0,0.0,0.0,0.0,0.0,0.0,0.0,0.0,0.0,0.0,0.0,0.0,0.0,0.0,0.0,Control,
2022_TabulaSapiens_Science_TabulaSapiens|TSP14_Lymph_Node_nan_10X,0.0,0.0,1.0,0.0,0.0,0.0,0.0,0.0,0.0,0.0,0.0,0.0,0.0,0.0,0.0,0.0,0.0,0.0,0.0,0.0,0.0,0.0,0.0,0.0,Control,
2022_Reichart_Science_Heart|IC_H01_LV0_premrna,0.0,0.0,0.0,0.0,0.0,0.0,0.0,0.0,0.0,0.0,0.0,0.0,0.4708171206225681,0.0,0.0,0.0,0.0,0.0,0.0,0.0,0.5291828793774319,0.0,0.0,0.0,Non-malignant disease,
2022_Gur_Cell_Sceleroderma|GSM5837176_AB13843,0.0,0.0,0.9666666666666667,0.0,0.0,0.0,0.0,0.0,0.0,0.03333333333333333,0.0,0.0,0.0,0.0,0.0,0.0,0.0,0.0,0.0,0.0,0.0,0.0,0.0,0.0,Non-malignant disease,
2022_Nee_NatGenet_Breast|GSM5320160_scRNA_ctrl9,0.8134445023449713,0.0,0.0,0.0,0.0,0.18655549765502866,0.0,0.0,0.0,0.0,0.0,0.0,0.0,0.0,0.0,0.0,0.0,0.0,0.0,0.0,0.0,0.0,0.0,0.0,Control,
2022_Gur_Cell_Sceleroderma|GSM5837023_AB11335,0.0,0.0,0.7767857142857143,0.0,0.0,0.0,0.0,0.0,0.0,0.09821428571428571,0.0,0.0,0.0,0.044642857142857144,0.0,0.0,0.044642857142857144,0.0,0.03571428571428571,0.0,0.0,0.0,0.0,0.0,Non-malignant disease,
2023_Kumar_Nature_Breast|hbca_c122,0.5476402493321461,0.0,0.3846838824577026,0.06322350845948353,0.0,0.0,0.0,0.0,0.0,0.0,0.0,0.0,0.004452359750667854,0.0,0.0,0.0,0.0,0.0,0.0,0.0,0.0,0.0,0.0,0.0,Control,
2020_Litvinukova_Nature_Heart|HCAHeartST13146204,0.0,0.0,0.0165016501650165,0.0,0.0,0.0,0.0,0.0,0.0,0.0,0.0,0.0,0.9834983498349835,0.0,0.0,0.0,0.0,0.0,0.0,0.0,0.0,0.0,0.0,0.0,Control,
2021_Pal_EMBO_Breast|GSM4909282_TN-MH0135,0.018518518518518517,0.0,0.0,0.0,0.7592592592592593,0.14814814814814814,0.0,0.0,0.0,0.0,0.0,0.0,0.0,0.0,0.07407407407407407,0.0,0.0,0.0,0.0,0.0,0.0,0.0,0.0,0.0,Cancer_Tumor,BRCA
2022_Gur_Cell_Sceleroderma|GSM5837651_AB9100,0.0,0.0,0.5132743362831859,0.0,0.0,0.0,0.0,0.0,0.0,0.0,0.017699115044247787,0.0,0.0,0.017699115044247787,0.0,0.0,0.45132743362831856,0.0,0.0,0.0,0.0,0.0,0.0,0.0,Non-malignant disease,
2021_Wu_NatGenet_Breast|CID4471,0.0,0.044673539518900345,0.5790378006872853,0.015463917525773196,0.2800687285223368,0.0,0.070446735395189,0.0,0.0,0.0,0.0,0.0,0.0,0.00859106529209622,0.001718213058419244,0.0,0.0,0.0,0.0,0.0,0.0,0.0,0.0,0.0,Cancer_Tumor,BRCA
2021_Chan_CancerCell_SCLC|RU1262C,0.08641975308641975,0.0,0.07818930041152264,0.0,0.5473251028806584,0.0,0.07818930041152264,0.18106995884773663,0.0,0.0,0.0,0.0,0.0,0.02880658436213992,0.0,0.0,0.0,0.0,0.0,0.0,0.0,0.0,0.0,0.0,Cancer_Tumor,NSCLC
2023_Kumar_Nature_Breast|hbca_c57,0.47675103001765745,0.15067686874632136,0.3402001177163037,0.02413184226015303,0.00824014125956445,0.0,0.0,0.0,0.0,0.0,0.0,0.0,0.0,0.0,0.0,0.0,0.0,0.0,0.0,0.0,0.0,0.0,0.0,0.0,Control,
2020_Litvinukova_Nature_Heart|HCAHeartST13180619,0.0,0.0,0.0,0.0,0.0,0.0,0.0,0.0,0.0,0.0,0.0,0.0,0.8827586206896552,0.0,0.0,0.0,0.0,0.0,0.0,0.0,0.11724137931034483,0.0,0.0,0.0,Control,
2022_Reichart_Science_Heart|BO_H34_S00_premrna,0.0,0.0,0.0,0.0,0.0,0.0,0.0,0.0,0.0,0.0,0.0,0.0,0.759493670886076,0.0,0.0,0.0,0.0,0.0,0.0,0.0,0.24050632911392406,0.0,0.0,0.0,Non-malignant disease,
2022_Gur_Cell_Sceleroderma|GSM5837584_AB8667,0.0,0.0,0.2236842105263158,0.0,0.21052631578947367,0.0,0.0,0.0,0.0,0.06578947368421052,0.0,0.0,0.0,0.25,0.0,0.0,0.17105263157894737,0.0,0.07894736842105263,0.0,0.0,0.0,0.0,0.0,Non-malignant disease,
2022_Gur_Cell_Sceleroderma|GSM5837131_AB13792,0.0,0.0,0.3684210526315789,0.0,0.0,0.0,0.0,0.0,0.0,0.5684210526315789,0.042105263157894736,0.0,0.0,0.021052631578947368,0.0,0.0,0.0,0.0,0.0,0.0,0.0,0.0,0.0,0.0,Non-malignant disease,
2022_vanZyl_PNAS_Eye|Hu220OSTM,0.0,0.0,0.0,0.0,0.0,0.0,0.0,0.0,0.0,0.0,0.0,0.6159844054580896,0.3840155945419103,0.0,0.0,0.0,0.0,0.0,0.0,0.0,0.0,0.0,0.0,0.0,Control,
2020_Litvinukova_Nature_Heart|HCAHeartST10773166,0.0,0.0,0.3067484662576687,0.0,0.0,0.0,0.0,0.05766871165644172,0.0,0.0,0.0,0.0,0.0,0.0,0.0,0.0,0.0,0.0,0.0,0.0,0.6355828220858896,0.0,0.0,0.0,Control,
2021_Chan_CancerCell_SCLC|RU1061,0.0,0.03870967741935484,0.0,0.0,0.0,0.9612903225806452,0.0,0.0,0.0,0.0,0.0,0.0,0.0,0.0,0.0,0.0,0.0,0.0,0.0,0.0,0.0,0.0,0.0,0.0,Cancer_Tumor,NSCLC
2022_Gur_Cell_Sceleroderma|GSM5837582_AB8496,0.0,0.0,0.4566929133858268,0.0,0.0,0.0,0.0,0.0,0.0,0.47244094488188976,0.007874015748031496,0.0,0.0,0.015748031496062992,0.0,0.0,0.047244094488188976,0.0,0.0,0.0,0.0,0.0,0.0,0.0,Control,
2022_Reichart_Science_Heart|BO_H33_RV0_premrna,0.0,0.0,0.0,0.0,0.0,0.0,0.0,0.0,0.0,0.0,0.0,0.0,0.9041916167664671,0.0,0.0,0.0,0.0,0.0,0.0,0.0,0.09580838323353294,0.0,0.0,0.0,Non-malignant disease,
2023_Kumar_Nature_Breast|hbca_c08,0.0,0.0,1.0,0.0,0.0,0.0,0.0,0.0,0.0,0.0,0.0,0.0,0.0,0.0,0.0,0.0,0.0,0.0,0.0,0.0,0.0,0.0,0.0,0.0,Cancer_Tumor,BRCA
2023_Kumar_Nature_Breast|hbca_c21,0.6190089358245329,0.07717303005686434,0.0463038180341186,0.22339561332250202,0.0,0.03411860276198213,0.0,0.0,0.0,0.0,0.0,0.0,0.0,0.0,0.0,0.0,0.0,0.0,0.0,0.0,0.0,0.0,0.0,0.0,Control,
2022_Reichart_Science_Heart|BO_H14_RV0_premrna,0.0,0.0,0.0,0.0,0.0,0.0,0.0,0.0,0.0,0.0,0.0,0.0,0.19142857142857142,0.0,0.0,0.0,0.0,0.0,0.0,0.0,0.8085714285714286,0.0,0.0,0.0,Non-malignant disease,
2023_Kumar_Nature_Breast|hbca_c68,0.6922683051715309,0.022529441884280594,0.27956989247311825,0.0,0.0,0.0,0.0,0.0,0.0,0.0,0.0,0.0,0.0056323604710701485,0.0,0.0,0.0,0.0,0.0,0.0,0.0,0.0,0.0,0.0,0.0,Control,
2023_Kumar_Nature_Breast|hbca_n14,0.0,0.0,0.0368,0.096,0.0,0.0,0.0,0.0,0.0,0.0,0.0,0.0,0.8672,0.0,0.0,0.0,0.0,0.0,0.0,0.0,0.0,0.0,0.0,0.0,Cancer_Tumor,BRCA
2023_Fonseca_NatGenet_Endometriosis|sample10,0.01818181818181818,0.0,0.9090909090909091,0.0,0.0,0.0,0.0,0.0,0.0,0.0,0.0,0.0,0.0,0.0,0.0,0.0,0.0,0.0,0.0,0.07272727272727272,0.0,0.0,0.0,0.0,Non-malignant disease,
2020_Litvinukova_Nature_Heart|HCAHeart7656539,0.0,0.0,0.0,0.0,0.0,0.0,0.0,0.0,0.0,0.0,0.0,0.0,0.660377358490566,0.0,0.0,0.0,0.0,0.0,0.0,0.0,0.33962264150943394,0.0,0.0,0.0,Control,
2022_Hwang_NatGenet_PDAC|U15_Untreated,0.0,0.0,0.0,0.0,0.3709677419354839,0.0,0.0,0.0,0.0,0.0,0.0,0.0,0.6290322580645161,0.0,0.0,0.0,0.0,0.0,0.0,0.0,0.0,0.0,0.0,0.0,Cancer_Tumor,PC
2023_Kumar_Nature_Breast|hbca_c162,0.8005698005698005,0.08333333333333333,0.11609686609686609,0.0,0.0,0.0,0.0,0.0,0.0,0.0,0.0,0.0,0.0,0.0,0.0,0.0,0.0,0.0,0.0,0.0,0.0,0.0,0.0,0.0,Control,
2020_Litvinukova_Nature_Heart|HCAHeartST11350186,0.0,0.0,0.08928571428571429,0.0,0.0,0.0,0.0,0.0,0.0,0.0,0.0,0.0,0.6696428571428571,0.0,0.0,0.0,0.0,0.0,0.0,0.0,0.24107142857142858,0.0,0.0,0.0,Control,
2022_vanZyl_PNAS_Eye|Hu216ODCornea,0.0,0.0,0.0,0.0,0.0,0.0,0.0,0.0,0.0,0.0,0.0,0.0,1.0,0.0,0.0,0.0,0.0,0.0,0.0,0.0,0.0,0.0,0.0,0.0,Control,
2020_Litvinukova_Nature_Heart|HCAHeart7888928,0.0,0.0,0.0,0.0,0.0,0.0,0.0,0.0,0.0,0.0,0.0,0.0,0.9236641221374046,0.0,0.0,0.0,0.0,0.0,0.0,0.0,0.07633587786259542,0.0,0.0,0.0,Control,
2022_Madissoon_NatGenet_Lung|WSSS8123927,0.00909090909090909,0.0,0.2590909090909091,0.0,0.04090909090909091,0.0,0.022727272727272728,0.6590909090909091,0.0,0.0,0.0,0.0,0.0,0.004545454545454545,0.004545454545454545,0.0,0.0,0.0,0.0,0.0,0.0,0.0,0.0,0.0,Control,
2022_TabulaSapiens_Science_TabulaSapiens|TSP4_Muscle_rectusabdominus_smartseq2,0.0,0.0,0.9260700389105059,0.0,0.0,0.0,0.0,0.0,0.0311284046692607,0.0,0.0,0.0,0.0,0.0,0.0,0.0,0.0,0.0,0.0,0.0,0.0,0.042801556420233464,0.0,0.0,Control,
2022_Madissoon_NatGenet_Lung|HCA_A_LNG9387715,0.0,0.0,0.09166666666666666,0.0,0.0,0.0,0.004166666666666667,0.07083333333333333,0.0,0.0,0.0,0.0,0.8291666666666667,0.0,0.004166666666666667,0.0,0.0,0.0,0.0,0.0,0.0,0.0,0.0,0.0,Control,
2021_Melms_Nature_Lung-COVID19|L21cov,0.0,0.0,0.0,0.0,0.0,0.0,0.0,0.025,0.0,0.0,0.0,0.0,0.975,0.0,0.0,0.0,0.0,0.0,0.0,0.0,0.0,0.0,0.0,0.0,Non-malignant disease,
2022_Emont_Nature_WAT|Hs_SAT_266-1,0.0,0.0,0.25573770491803277,0.0,0.0,0.0,0.0,0.0,0.0,0.0,0.0,0.0,0.7442622950819672,0.0,0.0,0.0,0.0,0.0,0.0,0.0,0.0,0.0,0.0,0.0,Control,
2023_Kumar_Nature_Breast|hbca_c17,0.7216653816499614,0.07864302235929067,0.19275250578257516,0.006939090208172706,0.0,0.0,0.0,0.0,0.0,0.0,0.0,0.0,0.0,0.0,0.0,0.0,0.0,0.0,0.0,0.0,0.0,0.0,0.0,0.0,Control,
2023_Kumar_Nature_Breast|hbca_c51,0.5876979293544458,0.0,0.4123020706455542,0.0,0.0,0.0,0.0,0.0,0.0,0.0,0.0,0.0,0.0,0.0,0.0,0.0,0.0,0.0,0.0,0.0,0.0,0.0,0.0,0.0,Control,
2022_vanZyl_PNAS_Eye|Hu216OSTMS1,0.0,0.0,0.0,0.0,0.0,0.0,0.0,0.0,0.0,0.0,0.0,0.8181818181818182,0.18181818181818182,0.0,0.0,0.0,0.0,0.0,0.0,0.0,0.0,0.0,0.0,0.0,Control,
2023_Kumar_Nature_Breast|hbca_c106,0.49259757738896365,0.08209959623149395,0.3633916554508748,0.052489905787348586,0.0,0.0,0.0,0.0,0.0,0.0,0.0,0.0,0.009421265141318977,0.0,0.0,0.0,0.0,0.0,0.0,0.0,0.0,0.0,0.0,0.0,Control,
2023_Kumar_Nature_Breast|hbca_n01,0.0,0.0,0.6736842105263158,0.0,0.0,0.0,0.0,0.0,0.0,0.0,0.0,0.0,0.3263157894736842,0.0,0.0,0.0,0.0,0.0,0.0,0.0,0.0,0.0,0.0,0.0,Cancer_Tumor,BRCA
2023_Kumar_Nature_Breast|hbca_c40,0.0,0.0,1.0,0.0,0.0,0.0,0.0,0.0,0.0,0.0,0.0,0.0,0.0,0.0,0.0,0.0,0.0,0.0,0.0,0.0,0.0,0.0,0.0,0.0,Cancer_Tumor,BRCA
2023_Kumar_Nature_Breast|hbca_c102,0.799844840961986,0.0,0.1908456167571761,0.009309542280837859,0.0,0.0,0.0,0.0,0.0,0.0,0.0,0.0,0.0,0.0,0.0,0.0,0.0,0.0,0.0,0.0,0.0,0.0,0.0,0.0,Control,
2020_Litvinukova_Nature_Heart|HCAHeart7829977,0.0,0.0,0.0,0.0,0.0,0.0,0.0,0.0,0.0,0.0,0.0,0.0,0.90625,0.0,0.0,0.0,0.0,0.0,0.0,0.0,0.09375,0.0,0.0,0.0,Control,
2020_Adams_SciAdv_IPF|041I-b,0.5915492957746479,0.0,0.323943661971831,0.0,0.0,0.0,0.0,0.028169014084507043,0.0,0.0,0.0,0.0,0.056338028169014086,0.0,0.0,0.0,0.0,0.0,0.0,0.0,0.0,0.0,0.0,0.0,Non-malignant disease,
2022_Gur_Cell_Sceleroderma|GSM5837438_AB7850,0.0,0.0,0.7241379310344828,0.017241379310344827,0.0,0.0,0.0,0.0,0.0,0.1206896551724138,0.008620689655172414,0.0,0.0,0.0603448275862069,0.0,0.0,0.0,0.0,0.06896551724137931,0.0,0.0,0.0,0.0,0.0,Non-malignant disease,
2023_Fonseca_NatGenet_Endometriosis|sample21,0.13949843260188088,0.603448275862069,0.08150470219435736,0.0,0.13793103448275862,0.0,0.0,0.004702194357366771,0.0,0.0,0.0,0.0,0.003134796238244514,0.0,0.0,0.0,0.0,0.0,0.0,0.029780564263322883,0.0,0.0,0.0,0.0,Non-malignant disease,
2022_Gur_Cell_Sceleroderma|GSM5837124_AB13785,0.0,0.0,0.5225806451612903,0.0,0.0,0.0,0.0,0.0,0.0,0.43870967741935485,0.01935483870967742,0.0,0.0,0.0,0.0,0.0,0.0,0.0,0.01935483870967742,0.0,0.0,0.0,0.0,0.0,Non-malignant disease,
2022_Gur_Cell_Sceleroderma|GSM5837349_AB7452,0.0,0.0,0.6616541353383458,0.0,0.0,0.0,0.0,0.0,0.0,0.3082706766917293,0.007518796992481203,0.0,0.0,0.007518796992481203,0.0,0.0,0.015037593984962405,0.0,0.0,0.0,0.0,0.0,0.0,0.0,Control,
2023_Hickey_Nature_Intestine|B010-A-401,0.05970149253731343,0.0,0.08955223880597014,0.0,0.0,0.0,0.0,0.0,0.0,0.0,0.0,0.0,0.19402985074626866,0.0,0.0,0.0,0.0,0.0,0.0,0.0,0.0,0.0,0.5223880597014925,0.13432835820895522,Control,
2020_Litvinukova_Nature_Heart|HCAHeart7836682,0.0,0.0,0.0,0.0,0.0,0.0,0.0,0.0,0.0,0.0,0.0,0.0,1.0,0.0,0.0,0.0,0.0,0.0,0.0,0.0,0.0,0.0,0.0,0.0,Control,
2022_Kumar_CancerDis_Gastric|GSM5573473_sample8,0.2489539748953975,0.0,0.19456066945606695,0.0,0.45397489539748953,0.0,0.07112970711297072,0.0,0.0,0.0,0.0,0.0,0.02301255230125523,0.0,0.0,0.0,0.0,0.0,0.0,0.008368200836820083,0.0,0.0,0.0,0.0,Cancer_Tumor,GC
2021_Garcia-Alonso_NatGenet_Endometrial|MRC_Endo8625699,0.0,0.0,0.0,0.0,0.0,0.0,0.0,0.0,0.0,0.0,0.0,0.0,0.0025673940949935813,0.0,0.0,0.0,0.0,0.0,0.0,0.9974326059050064,0.0,0.0,0.0,0.0,Control,
2021_Pal_EMBO_Breast|GSM4909291_HER2-MH0031,0.0,0.0,0.5146198830409356,0.0,0.4780701754385965,0.0,0.0,0.0,0.0,0.0,0.0,0.0,0.0,0.007309941520467836,0.0,0.0,0.0,0.0,0.0,0.0,0.0,0.0,0.0,0.0,Cancer_Tumor,BRCA
2023_Kumar_Nature_Breast|hbca_n06,0.0,0.0,0.7857142857142857,0.0,0.0,0.0,0.0,0.0,0.0,0.0,0.0,0.0,0.21428571428571427,0.0,0.0,0.0,0.0,0.0,0.0,0.0,0.0,0.0,0.0,0.0,Control,
2020_Habermann_SciAdv_Lung-COVID19|GSM5226595_L16cov,0.0,0.0,0.0,0.0,0.024875621890547265,0.0,0.0,0.0,0.0,0.0,0.0,0.0,0.9751243781094527,0.0,0.0,0.0,0.0,0.0,0.0,0.0,0.0,0.0,0.0,0.0,Non-malignant disease,
2023_Kumar_Nature_Breast|hbca_c91,0.8947641264904095,0.007257646448937273,0.09486780715396578,0.003110419906687403,0.0,0.0,0.0,0.0,0.0,0.0,0.0,0.0,0.0,0.0,0.0,0.0,0.0,0.0,0.0,0.0,0.0,0.0,0.0,0.0,Control,
2022_Gur_Cell_Sceleroderma|GSM5837692_AB9422,0.0,0.0,0.8620689655172413,0.0,0.0,0.0,0.0,0.0,0.0,0.0,0.034482758620689655,0.0,0.017241379310344827,0.05172413793103448,0.0,0.0,0.017241379310344827,0.0,0.017241379310344827,0.0,0.0,0.0,0.0,0.0,Control,
2023_Kumar_Nature_Breast|hbca_c134,0.11296076099881094,0.1272294887039239,0.1807372175980975,0.5766944114149821,0.0,0.0,0.0,0.0,0.0,0.0,0.0,0.0,0.0023781212841854932,0.0,0.0,0.0,0.0,0.0,0.0,0.0,0.0,0.0,0.0,0.0,Control,
2021_Pal_EMBO_Breast|GSM4909261_N-PM0230-Total,0.9962917181705809,0.003708281829419036,0.0,0.0,0.0,0.0,0.0,0.0,0.0,0.0,0.0,0.0,0.0,0.0,0.0,0.0,0.0,0.0,0.0,0.0,0.0,0.0,0.0,0.0,Control,
2022_Reichart_Science_Heart|BO_H51_LV0_premrna,0.0,0.0,0.0,0.0,0.0,0.0,0.0,0.0,0.0,0.0,0.0,0.0,0.05921052631578947,0.0,0.0,0.0,0.0,0.0,0.0,0.0,0.9407894736842105,0.0,0.0,0.0,Control,
2023_Kumar_Nature_Breast|hbca_c143,0.21994134897360704,0.002932551319648094,0.39882697947214074,0.3489736070381232,0.0,0.0,0.0,0.0,0.005865102639296188,0.0,0.0,0.0,0.02346041055718475,0.0,0.0,0.0,0.0,0.0,0.0,0.0,0.0,0.0,0.0,0.0,Control,
2022_TabulaSapiens_Science_TabulaSapiens|TSP14_Skin_Abdomen_10X,0.5660377358490566,0.026954177897574125,0.0215633423180593,0.0,0.0,0.3719676549865229,0.0,0.0,0.0,0.013477088948787063,0.0,0.0,0.0,0.0,0.0,0.0,0.0,0.0,0.0,0.0,0.0,0.0,0.0,0.0,Control,
2022_TabulaSapiens_Science_TabulaSapiens|TSP1_Bladder_nan_smartseq2,0.0,0.017857142857142856,0.9642857142857143,0.0,0.0,0.0,0.0,0.0,0.0,0.0,0.0,0.0,0.017857142857142856,0.0,0.0,0.0,0.0,0.0,0.0,0.0,0.0,0.0,0.0,0.0,Control,
2022_Kumar_CancerDis_Gastric|GSM5573482_sample17,0.023350253807106598,0.0,0.009137055837563452,0.0,0.16751269035532995,0.7979695431472081,0.0,0.0,0.0,0.0,0.0,0.0,0.0,0.0,0.0020304568527918783,0.0,0.0,0.0,0.0,0.0,0.0,0.0,0.0,0.0,Cancer_Tumor,GC
2022_Gur_Cell_Sceleroderma|GSM5837446_AB7858,0.0,0.0,0.7019230769230769,0.0,0.0,0.0,0.0,0.0,0.0,0.10576923076923077,0.0,0.0,0.019230769230769232,0.028846153846153848,0.0,0.0,0.0673076923076923,0.0,0.07692307692307693,0.0,0.0,0.0,0.0,0.0,Control,
2022_Gur_Cell_Sceleroderma|GSM5837482_AB8021,0.0,0.0,0.42696629213483145,0.0,0.0,0.0,0.0,0.0,0.0,0.3146067415730337,0.033707865168539325,0.0,0.0,0.11235955056179775,0.0,0.0,0.056179775280898875,0.0,0.056179775280898875,0.0,0.0,0.0,0.0,0.0,Control,
2023_Kumar_Nature_Breast|hbca_c07,0.0,0.0,1.0,0.0,0.0,0.0,0.0,0.0,0.0,0.0,0.0,0.0,0.0,0.0,0.0,0.0,0.0,0.0,0.0,0.0,0.0,0.0,0.0,0.0,Cancer_Tumor,BRCA
2023_Kumar_Nature_Breast|hbca_c31,0.6802325581395349,0.0,0.31802325581395346,0.0,0.0,0.0,0.0,0.0,0.0,0.0,0.0,0.0,0.0017441860465116279,0.0,0.0,0.0,0.0,0.0,0.0,0.0,0.0,0.0,0.0,0.0,Control,
2023_Kong_Immunity_CD|N15_LP_A,0.0,0.0,0.0,0.0,0.0,0.0,0.0,0.0,0.0,0.0,0.0,0.0,0.0,0.10294117647058823,0.0,0.0,0.0,0.0,0.0,0.0,0.0,0.0,0.36764705882352944,0.5294117647058824,Control,
2023_Kumar_Nature_Breast|hbca_c99,0.4816391697711549,0.0,0.515167642362959,0.0031931878658861094,0.0,0.0,0.0,0.0,0.0,0.0,0.0,0.0,0.0,0.0,0.0,0.0,0.0,0.0,0.0,0.0,0.0,0.0,0.0,0.0,Control,
2022_Emont_Nature_WAT|Hs_SAT_SVF_242-2A-1,0.0,0.0,0.996969696969697,0.0,0.0,0.0,0.0,0.0,0.0,0.0,0.0,0.0,0.0030303030303030303,0.0,0.0,0.0,0.0,0.0,0.0,0.0,0.0,0.0,0.0,0.0,Control,
2022_Gur_Cell_Sceleroderma|GSM5837612_AB8774,0.0,0.0,0.3645833333333333,0.020833333333333332,0.03125,0.0,0.0,0.0,0.0,0.2916666666666667,0.010416666666666666,0.0,0.0,0.03125,0.0,0.0,0.14583333333333334,0.0,0.10416666666666667,0.0,0.0,0.0,0.0,0.0,Control,
2021_Pal_EMBO_Breast|GSM4909280_B1-MH0090,0.719113781449493,0.1656027037176117,0.11528351483289523,0.0,0.0,0.0,0.0,0.0,0.0,0.0,0.0,0.0,0.0,0.0,0.0,0.0,0.0,0.0,0.0,0.0,0.0,0.0,0.0,0.0,Non-malignant disease,
2022_Gur_Cell_Sceleroderma|GSM5837696_AB9429,0.0,0.0,0.704225352112676,0.0,0.0,0.0,0.0,0.0,0.0,0.2112676056338028,0.028169014084507043,0.0,0.0,0.056338028169014086,0.0,0.0,0.0,0.0,0.0,0.0,0.0,0.0,0.0,0.0,Control,
2023_Kumar_Nature_Breast|hbca_c35,0.0,0.0,1.0,0.0,0.0,0.0,0.0,0.0,0.0,0.0,0.0,0.0,0.0,0.0,0.0,0.0,0.0,0.0,0.0,0.0,0.0,0.0,0.0,0.0,Cancer_Tumor,BRCA
2020_Park_Science_Thymus|WSSS8062675,0.0,0.03262955854126679,0.6404350607805502,0.0,0.0,0.0,0.0,0.0,0.0,0.0,0.0,0.0,0.0,0.326935380678183,0.0,0.0,0.0,0.0,0.0,0.0,0.0,0.0,0.0,0.0,Control,
2022_TabulaSapiens_Science_TabulaSapiens|TSP2_Lung_proxmedialdistal_10X,0.018691588785046728,0.0,0.4953271028037383,0.0,0.0,0.0,0.0,0.411214953271028,0.04672897196261682,0.0,0.0,0.0,0.0,0.0,0.0,0.028037383177570093,0.0,0.0,0.0,0.0,0.0,0.0,0.0,0.0,Control,
2022_TabulaSapiens_Science_TabulaSapiens|TSP2_Large_Intestine_distal_10X,0.0,0.0,1.0,0.0,0.0,0.0,0.0,0.0,0.0,0.0,0.0,0.0,0.0,0.0,0.0,0.0,0.0,0.0,0.0,0.0,0.0,0.0,0.0,0.0,Control,
2023_Kumar_Nature_Breast|hbca_c70,0.6289608177172061,0.0,0.36899488926746166,0.0,0.0,0.0,0.0,0.0,0.0,0.0,0.0020442930153321977,0.0,0.0,0.0,0.0,0.0,0.0,0.0,0.0,0.0,0.0,0.0,0.0,0.0,Control,
2021_Melms_Nature_Lung-COVID19|L03cov,0.0,0.0,0.0,0.0,0.25907990314769974,0.0,0.0,0.0,0.0,0.0,0.0,0.0,0.7409200968523002,0.0,0.0,0.0,0.0,0.0,0.0,0.0,0.0,0.0,0.0,0.0,Non-malignant disease,
2022_TabulaSapiens_Science_TabulaSapiens|TSP10_Fat_SCAT_smartseq2,0.0,0.0,1.0,0.0,0.0,0.0,0.0,0.0,0.0,0.0,0.0,0.0,0.0,0.0,0.0,0.0,0.0,0.0,0.0,0.0,0.0,0.0,0.0,0.0,Control,
2022_Reichart_Science_Heart|BO_H41_RV0_premrna,0.0,0.0,0.0,0.0,0.0,0.0,0.0,0.0,0.0,0.0,0.0,0.0,0.3072289156626506,0.0,0.0,0.0,0.0,0.0,0.0,0.0,0.6927710843373494,0.0,0.0,0.0,Non-malignant disease,
2023_Monavarfeshani_PNAS_Eye|Hu218ODMacularRPE,0.0,0.0,0.0,0.0,0.0,0.0,0.0,0.0,0.0,0.0,0.0,0.23645970937912814,0.7635402906208718,0.0,0.0,0.0,0.0,0.0,0.0,0.0,0.0,0.0,0.0,0.0,Control,
2022_Reichart_Science_Heart|BO_H17_LV0_premrna,0.0,0.0,0.0,0.0,0.0,0.0,0.0,0.0,0.0,0.0,0.0,0.0,0.5985037406483791,0.0,0.0,0.0,0.0,0.0,0.0,0.0,0.4014962593516209,0.0,0.0,0.0,Non-malignant disease,
2022_Kumar_CancerDis_Gastric|GSM5573476_sample11,0.10526315789473684,0.0,0.5964912280701754,0.0,0.21052631578947367,0.07017543859649122,0.0,0.0,0.0,0.0,0.0,0.0,0.0,0.0,0.017543859649122806,0.0,0.0,0.0,0.0,0.0,0.0,0.0,0.0,0.0,Cancer_AdjNorm,GC
2022_Hwang_NatGenet_PDAC|U9_Untreated,0.0,0.0,0.0,0.0,0.5057471264367817,0.0,0.0,0.0,0.0,0.0,0.0,0.0,0.4942528735632184,0.0,0.0,0.0,0.0,0.0,0.0,0.0,0.0,0.0,0.0,0.0,Cancer_Tumor,PC
2022_Hwang_NatGenet_PDAC|U6_Untreated,0.0,0.0,0.0,0.0,0.7142857142857143,0.0,0.0,0.0,0.0,0.0,0.0,0.0,0.2857142857142857,0.0,0.0,0.0,0.0,0.0,0.0,0.0,0.0,0.0,0.0,0.0,Cancer_Tumor,PC
2020_Adams_SciAdv_IPF|137C-a,0.05454545454545454,0.0,0.8909090909090909,0.0,0.0,0.0,0.0,0.05454545454545454,0.0,0.0,0.0,0.0,0.0,0.0,0.0,0.0,0.0,0.0,0.0,0.0,0.0,0.0,0.0,0.0,Control,
2022_Madissoon_NatGenet_Lung|WTDAtest7985096,0.0,0.0,0.02531645569620253,0.0,0.0,0.0,0.0,0.0189873417721519,0.0,0.0,0.0,0.0,0.9493670886075949,0.0,0.006329113924050633,0.0,0.0,0.0,0.0,0.0,0.0,0.0,0.0,0.0,Control,
2022_Gur_Cell_Sceleroderma|GSM5837648_AB9097,0.0,0.0,0.5747126436781609,0.0,0.0,0.0,0.0,0.0,0.0,0.3218390804597701,0.022988505747126436,0.0,0.0,0.0,0.0,0.0,0.06896551724137931,0.0,0.011494252873563218,0.0,0.0,0.0,0.0,0.0,Control,
2022_TabulaSapiens_Science_TabulaSapiens|TSP2_Vasculature_Aorta_10X,0.003654970760233918,0.0,0.9773391812865497,0.0,0.0,0.0,0.0007309941520467836,0.0,0.01827485380116959,0.0,0.0,0.0,0.0,0.0,0.0,0.0,0.0,0.0,0.0,0.0,0.0,0.0,0.0,0.0,Control,
2020_Habermann_SciAdv_Lung-COVID19|GSM5226582_L03cov,0.0,0.0,0.0,0.0,0.25907990314769974,0.0,0.0,0.0,0.0,0.0,0.0,0.0,0.7409200968523002,0.0,0.0,0.0,0.0,0.0,0.0,0.0,0.0,0.0,0.0,0.0,Non-malignant disease,
2020_Litvinukova_Nature_Heart|HCAHeart7836683,0.0,0.0,0.0,0.0,0.0,0.0,0.0,0.0,0.0,0.0,0.0,0.0,1.0,0.0,0.0,0.0,0.0,0.0,0.0,0.0,0.0,0.0,0.0,0.0,Control,
2023_Kumar_Nature_Breast|hbca_n22,0.0,0.0,0.07443820224719101,0.0,0.0,0.0,0.0,0.0,0.0,0.0,0.0,0.0,0.925561797752809,0.0,0.0,0.0,0.0,0.0,0.0,0.0,0.0,0.0,0.0,0.0,Control,
2023_Kumar_Nature_Breast|hbca_c137,0.5718927701056052,0.25751421608448416,0.05686433793663688,0.11372867587327376,0.0,0.0,0.0,0.0,0.0,0.0,0.0,0.0,0.0,0.0,0.0,0.0,0.0,0.0,0.0,0.0,0.0,0.0,0.0,0.0,Control,
2021_Garcia-Alonso_NatGenet_Endometrial|MRC_Endo8715416,0.0008130081300813008,0.0,0.0,0.0,0.0,0.0,0.0,0.0,0.0,0.0,0.0,0.0,0.0,0.0,0.0,0.0,0.0,0.0,0.0,0.9991869918699187,0.0,0.0,0.0,0.0,Control,
2022_Gur_Cell_Sceleroderma|GSM5837590_AB8673,0.0,0.0,0.624,0.0,0.064,0.0,0.0,0.0,0.0,0.232,0.008,0.0,0.0,0.032,0.0,0.0,0.04,0.0,0.0,0.0,0.0,0.0,0.0,0.0,Control,
2022_Gur_Cell_Sceleroderma|GSM5837315_AB7276,0.0,0.0,0.9890710382513661,0.0,0.0,0.0,0.0,0.0,0.0,0.00546448087431694,0.0,0.0,0.0,0.00546448087431694,0.0,0.0,0.0,0.0,0.0,0.0,0.0,0.0,0.0,0.0,Control,
2020_Litvinukova_Nature_Heart|HCAHeart7880863,0.0,0.0,0.7894736842105263,0.0,0.0,0.0,0.0,0.021052631578947368,0.0,0.0,0.0,0.0,0.1368421052631579,0.0,0.0,0.0,0.0,0.0,0.0,0.0,0.05263157894736842,0.0,0.0,0.0,Control,
2022_Emont_Nature_WAT|Hs_SAT_SVF_239-1A-1,0.0,0.0,1.0,0.0,0.0,0.0,0.0,0.0,0.0,0.0,0.0,0.0,0.0,0.0,0.0,0.0,0.0,0.0,0.0,0.0,0.0,0.0,0.0,0.0,Control,
2023_Fonseca_NatGenet_Endometriosis|sample46,0.0,0.0,0.9940711462450593,0.0,0.0,0.0,0.0,0.0,0.0,0.0,0.0,0.0,0.005928853754940711,0.0,0.0,0.0,0.0,0.0,0.0,0.0,0.0,0.0,0.0,0.0,Non-malignant disease,
2022_Emont_Nature_WAT|Hs_SAT_SVF_238-2A-1,0.0,0.0,1.0,0.0,0.0,0.0,0.0,0.0,0.0,0.0,0.0,0.0,0.0,0.0,0.0,0.0,0.0,0.0,0.0,0.0,0.0,0.0,0.0,0.0,Control,
2022_Gur_Cell_Sceleroderma|GSM5837419_AB7758,0.0,0.0,0.43119266055045874,0.0,0.0,0.0,0.022935779816513763,0.0,0.0,0.4954128440366973,0.0,0.0,0.0,0.027522935779816515,0.0,0.0,0.022935779816513763,0.0,0.0,0.0,0.0,0.0,0.0,0.0,Non-malignant disease,
2022_Emont_Nature_WAT|Hs_SAT_SVF_239-2A-1,0.0300187617260788,0.0,0.9699812382739212,0.0,0.0,0.0,0.0,0.0,0.0,0.0,0.0,0.0,0.0,0.0,0.0,0.0,0.0,0.0,0.0,0.0,0.0,0.0,0.0,0.0,Control,
2022_Reichart_Science_Heart|BO_H11_S00_premrna,0.0,0.0,0.0,0.0,0.0,0.0,0.0,0.0,0.0,0.0,0.0,0.0,0.45484949832775917,0.0,0.0,0.0,0.0,0.0,0.0,0.0,0.5451505016722408,0.0,0.0,0.0,Non-malignant disease,
2022_Gur_Cell_Sceleroderma|GSM5837616_AB8779,0.0,0.0,0.8172043010752689,0.0,0.0,0.0,0.0,0.0,0.0,0.15053763440860216,0.03225806451612903,0.0,0.0,0.0,0.0,0.0,0.0,0.0,0.0,0.0,0.0,0.0,0.0,0.0,Non-malignant disease,
2022_TabulaSapiens_Science_TabulaSapiens|TSP1_Bladder_nan_10X,0.043461970775571374,0.02098164106406894,0.928812289246909,0.0,0.0,0.0,0.0,0.0,0.006369426751592357,0.0,0.0,0.0,0.0,0.0,0.0,0.0,0.0,0.0,0.0,0.0003746721618583739,0.0,0.0,0.0,0.0,Control,
2022_Reichart_Science_Heart|BO_H07_S00_premrna,0.0,0.0,0.0,0.0,0.0,0.0,0.0,0.0,0.0,0.0,0.0,0.0,0.2028811524609844,0.0,0.0,0.0,0.0,0.0,0.0,0.0,0.7971188475390156,0.0,0.0,0.0,Non-malignant disease,
2022_Gur_Cell_Sceleroderma|GSM5837537_AB8447,0.0,0.0,0.7948717948717948,0.0,0.0,0.0,0.0,0.0,0.0,0.17094017094017094,0.0,0.0,0.0,0.03418803418803419,0.0,0.0,0.0,0.0,0.0,0.0,0.0,0.0,0.0,0.0,Non-malignant disease,
2020_Litvinukova_Nature_Heart|HCAHeart7702880,0.0,0.0,0.04054054054054054,0.0,0.0,0.0,0.0,0.0,0.0,0.0,0.0,0.0,0.4864864864864865,0.0,0.0,0.0,0.0,0.0,0.0,0.0,0.47297297297297297,0.0,0.0,0.0,Control,
2022_vanZyl_PNAS_Eye|Hu216218IrisCS1,0.0,0.0,0.0,0.0,0.0,0.0,0.0,0.0,0.0,0.0,0.0,0.0,1.0,0.0,0.0,0.0,0.0,0.0,0.0,0.0,0.0,0.0,0.0,0.0,Control,
2023_Kumar_Nature_Breast|hbca_c49,0.3979135618479881,0.05365126676602087,0.0,0.0,0.005961251862891207,0.5424739195230999,0.0,0.0,0.0,0.0,0.0,0.0,0.0,0.0,0.0,0.0,0.0,0.0,0.0,0.0,0.0,0.0,0.0,0.0,Cancer_Tumor,BRCA
2022_Reichart_Science_Heart|BO_H31_S00_premrna,0.0,0.0,0.0,0.0,0.0,0.0,0.0,0.0,0.0,0.0,0.0,0.0,0.5046728971962616,0.0,0.0,0.0,0.0,0.0,0.0,0.0,0.4953271028037383,0.0,0.0,0.0,Non-malignant disease,
2023_Wang_SciAdv_CRC|s1231_Liver_Tumor,0.08639308855291576,0.0,0.0,0.0,0.3226781857451404,0.0008639308855291577,0.5818574514038877,0.0,0.0,0.0,0.0,0.0,0.0,0.0,0.0,0.0,0.0,0.0,0.0,0.0,0.0,0.0,0.005183585313174946,0.003023758099352052,Cancer_Metastasis,CRC
2020_Litvinukova_Nature_Heart|HCAHeart7985086,0.0,0.0,0.0,0.0,0.22727272727272727,0.0,0.0,0.0,0.0,0.0,0.0,0.0,0.7727272727272727,0.0,0.0,0.0,0.0,0.0,0.0,0.0,0.0,0.0,0.0,0.0,Control,
2022_Kumar_CancerDis_Gastric|GSM5573466_sample1,0.0,0.025974025974025976,0.0,0.0,0.0,0.0,0.0,0.012987012987012988,0.0,0.0,0.0,0.0,0.0,0.0,0.0,0.0,0.0,0.0,0.0,0.0,0.0,0.0,0.961038961038961,0.0,Cancer_AdjNorm,GC
2023_Fonseca_NatGenet_Endometriosis|sample45,0.0,0.11949685534591195,0.8301886792452831,0.0,0.0,0.0,0.0,0.012578616352201259,0.0,0.0,0.0,0.0,0.031446540880503145,0.0,0.0,0.0,0.0,0.0,0.0,0.006289308176100629,0.0,0.0,0.0,0.0,Non-malignant disease,
2021_Melms_Nature_Lung-COVID19|C57ctr,0.0,0.0,0.0,0.0,0.0,0.0,0.0,0.0,0.0,0.0,0.0,0.0,1.0,0.0,0.0,0.0,0.0,0.0,0.0,0.0,0.0,0.0,0.0,0.0,Control,
2022_Reichart_Science_Heart|BO_H19_RV0_premrna,0.0,0.0,0.0,0.0,0.0,0.0,0.0,0.0,0.0,0.0,0.0,0.0,0.7735849056603774,0.0,0.0,0.0,0.0,0.0,0.0,0.0,0.22641509433962265,0.0,0.0,0.0,Non-malignant disease,
2020_Adams_SciAdv_IPF|235CO,0.3333333333333333,0.0,0.4117647058823529,0.0,0.09803921568627451,0.0,0.0,0.13725490196078433,0.0,0.0,0.0,0.0,0.0196078431372549,0.0,0.0,0.0,0.0,0.0,0.0,0.0,0.0,0.0,0.0,0.0,Non-malignant disease,
2023_Kumar_Nature_Breast|hbca_n16,0.0,0.0,0.25052192066805845,0.0,0.0,0.0,0.0,0.0,0.0,0.0,0.0,0.0,0.7494780793319415,0.0,0.0,0.0,0.0,0.0,0.0,0.0,0.0,0.0,0.0,0.0,Control,
2023_Fonseca_NatGenet_Endometriosis|sample48,0.0,0.0033333333333333335,0.92,0.0,0.0,0.0,0.0,0.0,0.0,0.0,0.0,0.0,0.07666666666666666,0.0,0.0,0.0,0.0,0.0,0.0,0.0,0.0,0.0,0.0,0.0,Non-malignant disease,
2022_Nee_NatGenet_Breast|GSM5320157_scRNA_ctrl6,0.38764940239043827,0.0,0.0,0.0,0.0,0.6123505976095618,0.0,0.0,0.0,0.0,0.0,0.0,0.0,0.0,0.0,0.0,0.0,0.0,0.0,0.0,0.0,0.0,0.0,0.0,Control,
2021_Elmentaite_Nature_Intestine|Human_colon_16S8001871,0.0,0.0,0.956989247311828,0.0,0.0,0.0,0.0,0.0,0.0,0.0,0.0,0.0,0.0,0.0,0.0,0.0,0.0,0.0,0.0,0.0,0.0,0.0,0.043010752688172046,0.0,Control,
2023_Kumar_Nature_Breast|hbca_c54,0.0,0.0025662959794696323,0.9495295124037639,0.04362703165098375,0.0,0.0,0.0,0.0,0.0,0.0,0.0,0.0,0.00427715996578272,0.0,0.0,0.0,0.0,0.0,0.0,0.0,0.0,0.0,0.0,0.0,Control,
2022_Kumar_CancerDis_Gastric|GSM5573491_sample26,0.0,0.0,0.0,0.0,0.0,0.0,0.0,0.0,0.0,0.0,0.0,0.0,0.0,0.0,0.0,0.0,0.0,0.0,0.0,0.0,0.0,0.0,0.9891304347826086,0.010869565217391304,Cancer_Tumor,GC
2023_Hickey_Nature_Intestine|B010-A-201,0.0,0.0,0.013793103448275862,0.0,0.0,0.0,0.0,0.0,0.0,0.0,0.0,0.0,0.296551724137931,0.0,0.0,0.0,0.0,0.0,0.0,0.0,0.0,0.0,0.5655172413793104,0.12413793103448276,Control,
2021_Elmentaite_Nature_Intestine|4918STDY7933270,0.0,0.0,0.0,0.0,0.0,0.0,0.0,0.0,0.0,0.0,0.0,0.0,0.0,0.031413612565445025,0.0,0.0,0.0,0.0,0.0,0.0,0.0,0.0,0.3403141361256545,0.6282722513089005,Non-malignant disease,
2023_Hickey_Nature_Intestine|B012-A-002,0.0,0.0,0.0,0.0,0.0,0.0,0.0,0.0,0.0,0.0,0.0,0.0,0.5769230769230769,0.0,0.0,0.0,0.0,0.0,0.0,0.0,0.0,0.0,0.15384615384615385,0.2692307692307692,Control,
2021_Elmentaite_Nature_Intestine|4918STDY7982702,0.0,0.0,0.0,0.0,0.0,0.0,0.0,0.0,0.0,0.0,0.0,0.0,0.0,0.1958041958041958,0.0,0.0,0.0,0.0,0.0,0.0,0.0,0.0,0.1048951048951049,0.6993006993006993,Non-malignant disease,
2022_Hwang_NatGenet_PDAC|U17_Untreated,0.0,0.0,0.0,0.0,0.31333333333333335,0.0,0.04,0.0,0.0,0.0,0.0,0.0,0.6466666666666666,0.0,0.0,0.0,0.0,0.0,0.0,0.0,0.0,0.0,0.0,0.0,Cancer_Tumor,PC
2023_Kumar_Nature_Breast|hbca_c159,0.6061643835616438,0.10730593607305935,0.2785388127853881,0.0,0.0,0.0,0.0,0.0,0.007990867579908675,0.0,0.0,0.0,0.0,0.0,0.0,0.0,0.0,0.0,0.0,0.0,0.0,0.0,0.0,0.0,Control,
2022_Gur_Cell_Sceleroderma|GSM5837313_AB7274,0.0,0.0,0.7662337662337663,0.0,0.0,0.0,0.0,0.0,0.0,0.16883116883116883,0.025974025974025976,0.0,0.012987012987012988,0.0,0.0,0.0,0.0,0.0,0.025974025974025976,0.0,0.0,0.0,0.0,0.0,Control,
2022_TabulaSapiens_Science_TabulaSapiens|TSP1_Lung_nan_10X,0.037383177570093455,0.0,0.4205607476635514,0.0,0.0,0.0,0.0,0.5420560747663551,0.0,0.0,0.0,0.0,0.0,0.0,0.0,0.0,0.0,0.0,0.0,0.0,0.0,0.0,0.0,0.0,Control,
2022_Gur_Cell_Sceleroderma|GSM5837615_AB8778,0.0,0.0,0.6724137931034483,0.0,0.0,0.0,0.0,0.0,0.0,0.22988505747126436,0.0,0.0,0.005747126436781609,0.040229885057471264,0.0,0.0,0.04597701149425287,0.0,0.005747126436781609,0.0,0.0,0.0,0.0,0.0,Control,
2020_Litvinukova_Nature_Heart|HCAHeartST11350195,0.0,0.0,0.03880597014925373,0.0,0.0,0.0,0.0,0.0,0.0,0.0,0.0,0.0,0.7820895522388059,0.0,0.0,0.0,0.0,0.0,0.0,0.0,0.1791044776119403,0.0,0.0,0.0,Control,
2022_vanZyl_PNAS_Eye|Hu235CiliaryBody,0.0,0.0,0.0,0.0,0.0,0.0,0.0,0.0,0.0,0.0,0.0,0.8512396694214877,0.1487603305785124,0.0,0.0,0.0,0.0,0.0,0.0,0.0,0.0,0.0,0.0,0.0,Control,
2020_Habermann_SciAdv_Lung-COVID19|GSM5226583_L04cov,0.0,0.0,0.030837004405286344,0.0,0.0,0.0,0.0,0.0,0.0,0.0,0.0,0.0,0.9691629955947136,0.0,0.0,0.0,0.0,0.0,0.0,0.0,0.0,0.0,0.0,0.0,Non-malignant disease,
2022_Reichart_Science_Heart|BO_H03_S00_premrna,0.0,0.0,0.0,0.0,0.0,0.0,0.0,0.0,0.0,0.0,0.0,0.0,0.3157894736842105,0.0,0.0,0.0,0.0,0.0,0.0,0.0,0.6842105263157895,0.0,0.0,0.0,Non-malignant disease,
2023_Kumar_Nature_Breast|hbca_c147,0.865146831530139,0.013910355486862442,0.11823802163833076,0.002704791344667697,0.0,0.0,0.0,0.0,0.0,0.0,0.0,0.0,0.0,0.0,0.0,0.0,0.0,0.0,0.0,0.0,0.0,0.0,0.0,0.0,Control,
2022_Reichart_Science_Heart|BO_H25_LV0_premrna,0.0,0.0,0.0,0.0,0.0,0.0,0.0,0.0,0.0,0.0,0.0,0.0,0.30036630036630035,0.0,0.0,0.0,0.0,0.0,0.0,0.0,0.6996336996336996,0.0,0.0,0.0,Non-malignant disease,
2023_Monavarfeshani_PNAS_Eye|Pt13Scl,0.0,0.0,0.0,0.0,0.0,0.0,0.0,0.0,0.0,0.0,0.0,0.3971223021582734,0.6028776978417266,0.0,0.0,0.0,0.0,0.0,0.0,0.0,0.0,0.0,0.0,0.0,Control,
2021_Wu_NatGenet_Breast|CID3921,0.0410958904109589,0.0273972602739726,0.2328767123287671,0.0,0.5616438356164384,0.0,0.0,0.0,0.0,0.0,0.0,0.0,0.0,0.0547945205479452,0.0821917808219178,0.0,0.0,0.0,0.0,0.0,0.0,0.0,0.0,0.0,Cancer_Tumor,BRCA
2023_Kumar_Nature_Breast|hbca_c128,0.8680149015433741,0.019159127195316657,0.11282597126130921,0.0,0.0,0.0,0.0,0.0,0.0,0.0,0.0,0.0,0.0,0.0,0.0,0.0,0.0,0.0,0.0,0.0,0.0,0.0,0.0,0.0,Control,
2023_Kumar_Nature_Breast|hbca_c124,0.8744588744588745,0.05887445887445888,0.05974025974025974,0.006926406926406926,0.0,0.0,0.0,0.0,0.0,0.0,0.0,0.0,0.0,0.0,0.0,0.0,0.0,0.0,0.0,0.0,0.0,0.0,0.0,0.0,Control,
2023_Kumar_Nature_Breast|hbca_n13,0.0,0.0,0.0,0.0,0.0,0.0,0.0,0.0,0.0,0.2829581993569132,0.0,0.0,0.7170418006430869,0.0,0.0,0.0,0.0,0.0,0.0,0.0,0.0,0.0,0.0,0.0,Cancer_Tumor,BRCA
2022_TabulaSapiens_Science_TabulaSapiens|TSP4_Uterus_Endometrium_10X,0.2749873160832065,0.0273972602739726,0.0,0.0,0.0,0.026382546930492135,0.0,0.0,0.0,0.0,0.0,0.0,0.0,0.0,0.0,0.0,0.0,0.0,0.0,0.6712328767123288,0.0,0.0,0.0,0.0,Control,
2021_Pal_EMBO_Breast|GSM4909301_ER-MH0042,0.0,0.0,0.0,0.0,1.0,0.0,0.0,0.0,0.0,0.0,0.0,0.0,0.0,0.0,0.0,0.0,0.0,0.0,0.0,0.0,0.0,0.0,0.0,0.0,Cancer_Tumor,BRCA
2023_Hickey_Nature_Intestine|B009-A-405,0.0,0.0,0.07608695652173914,0.0,0.0,0.0,0.0,0.0,0.0,0.0,0.0,0.0,0.29347826086956524,0.0,0.0,0.0,0.0,0.0,0.0,0.0,0.03260869565217391,0.0,0.13043478260869565,0.4673913043478261,Control,
2022_Reichart_Science_Heart|BO_H53_RV0_premrna,0.0,0.0,0.0,0.0,0.0,0.0,0.0,0.0,0.0,0.0,0.0,0.0,0.3195121951219512,0.0,0.0,0.0,0.0,0.0,0.0,0.0,0.6804878048780488,0.0,0.0,0.0,Control,
2022_TabulaSapiens_Science_TabulaSapiens|TSP14_Fat_MAT_10X,0.0,0.0,0.9931558935361217,0.0,0.0,0.0,0.0,0.006844106463878327,0.0,0.0,0.0,0.0,0.0,0.0,0.0,0.0,0.0,0.0,0.0,0.0,0.0,0.0,0.0,0.0,Control,
2022_Kumar_CancerDis_Gastric|GSM5573484_sample19,0.03690036900369004,0.0,0.9630996309963099,0.0,0.0,0.0,0.0,0.0,0.0,0.0,0.0,0.0,0.0,0.0,0.0,0.0,0.0,0.0,0.0,0.0,0.0,0.0,0.0,0.0,Cancer_AdjNorm,GC
2022_Gur_Cell_Sceleroderma|GSM5837490_AB8029,0.0,0.0,0.3835616438356164,0.0,0.0,0.0,0.0,0.0,0.0,0.5342465753424658,0.0,0.0,0.0136986301369863,0.0684931506849315,0.0,0.0,0.0,0.0,0.0,0.0,0.0,0.0,0.0,0.0,Non-malignant disease,
2023_Kumar_Nature_Breast|hbca_c86,0.3604593110334498,0.03744383424862706,0.5891163255117324,0.012980529206190713,0.0,0.0,0.0,0.0,0.0,0.0,0.0,0.0,0.0,0.0,0.0,0.0,0.0,0.0,0.0,0.0,0.0,0.0,0.0,0.0,Control,
2023_Hickey_Nature_Intestine|B010-A-001,0.0,0.0,0.0,0.0,0.0,0.0,0.0,0.0,0.0,0.0,0.0,0.0,0.44324324324324327,0.0,0.0,0.0,0.0,0.0,0.0,0.0,0.0,0.0,0.2810810810810811,0.2756756756756757,Control,
2020_Litvinukova_Nature_Heart|HCAHeartST11064574,0.0,0.0,0.109375,0.0,0.0,0.0,0.0,0.03125,0.0,0.0,0.0,0.0,0.09375,0.0,0.0,0.0,0.0,0.0,0.0,0.0,0.765625,0.0,0.0,0.0,Control,
2022_Gur_Cell_Sceleroderma|GSM5837115_AB13776,0.0,0.0,0.9101123595505618,0.011235955056179775,0.0,0.0,0.0,0.0,0.0,0.06741573033707865,0.011235955056179775,0.0,0.0,0.0,0.0,0.0,0.0,0.0,0.0,0.0,0.0,0.0,0.0,0.0,Control,
2023_Wang_SciAdv_CRC|s1231_Colon_Tumor,0.007142857142857143,0.007142857142857143,0.0,0.0,0.06428571428571428,0.0,0.0,0.0,0.0,0.0,0.0,0.0,0.0,0.03571428571428571,0.0,0.0,0.0,0.0,0.0,0.0,0.0,0.0,0.7214285714285714,0.16428571428571428,Cancer_Tumor,CRC
2022_Reichart_Science_Heart|BO_H29_RV0_R2_premrna,0.0,0.0,0.0,0.0,0.0,0.0,0.0,0.0,0.0,0.0,0.0,0.0,0.49464668094218417,0.0,0.0,0.0,0.0,0.0,0.0,0.0,0.5053533190578159,0.0,0.0,0.0,Non-malignant disease,
2022_TabulaSapiens_Science_TabulaSapiens|TSP14_Muscle_Diaphragm_10X,0.01131770412287793,0.0,0.570735650767987,0.0,0.0,0.0,0.0,0.0,0.0,0.0,0.0,0.0,0.0,0.0,0.0,0.0,0.0,0.0,0.0,0.0,0.0137429264349232,0.4042037186742118,0.0,0.0,Control,
2023_Kumar_Nature_Breast|hbca_c121,0.5885437676482452,0.020976200080677694,0.23880597014925373,0.1464300121016539,0.0,0.0,0.0,0.0,0.0,0.0,0.0,0.0,0.0052440500201694235,0.0,0.0,0.0,0.0,0.0,0.0,0.0,0.0,0.0,0.0,0.0,Control,
2022_Madissoon_NatGenet_Lung|HCATisStab7732264,0.006711409395973154,0.0,0.5503355704697986,0.0,0.0,0.0,0.0,0.4395973154362416,0.0,0.0,0.0,0.0,0.0,0.003355704697986577,0.0,0.0,0.0,0.0,0.0,0.0,0.0,0.0,0.0,0.0,Control,
2023_Monavarfeshani_PNAS_Eye|Hu088716OSONHallnuc,0.0,0.0,0.0,0.0,0.0,0.0,0.0,0.0,0.0,0.0,0.0,0.0,1.0,0.0,0.0,0.0,0.0,0.0,0.0,0.0,0.0,0.0,0.0,0.0,Control,
2022_Gur_Cell_Sceleroderma|GSM5837484_AB8023,0.0,0.0,0.7021276595744681,0.0,0.0,0.0,0.0,0.0,0.0,0.0851063829787234,0.010638297872340425,0.0,0.0,0.0,0.0,0.0,0.10638297872340426,0.0,0.09574468085106383,0.0,0.0,0.0,0.0,0.0,Non-malignant disease,
2022_Emont_Nature_WAT|Hs_SAT_SVF_235-1B-2,0.0,0.0,0.9607843137254902,0.0,0.0,0.0,0.0,0.0,0.0,0.0,0.0,0.0,0.0392156862745098,0.0,0.0,0.0,0.0,0.0,0.0,0.0,0.0,0.0,0.0,0.0,Control,
2023_Kumar_Nature_Breast|hbca_c141,0.138996138996139,0.02702702702702703,0.16216216216216217,0.6602316602316602,0.0,0.0,0.0,0.0,0.0,0.0,0.0,0.0,0.011583011583011582,0.0,0.0,0.0,0.0,0.0,0.0,0.0,0.0,0.0,0.0,0.0,Control,
2022_Gur_Cell_Sceleroderma|GSM5837278_AB7180,0.0,0.0,0.6853932584269663,0.0,0.0,0.0,0.0,0.0,0.0,0.033707865168539325,0.011235955056179775,0.0,0.0,0.0449438202247191,0.0,0.0,0.2247191011235955,0.0,0.0,0.0,0.0,0.0,0.0,0.0,Non-malignant disease,
2022_Gur_Cell_Sceleroderma|GSM5837441_AB7853,0.0,0.0,0.3,0.0,0.0,0.0,0.00909090909090909,0.0,0.0,0.34545454545454546,0.0,0.0,0.0,0.05454545454545454,0.17272727272727273,0.0,0.1,0.0,0.01818181818181818,0.0,0.0,0.0,0.0,0.0,Non-malignant disease,
2023_Hickey_Nature_Intestine|B010-A-301,0.13793103448275862,0.0,0.04597701149425287,0.0,0.0,0.0,0.0,0.0,0.0,0.0,0.0,0.0,0.09195402298850575,0.0,0.0,0.0,0.0,0.0,0.0,0.0,0.0,0.0,0.39080459770114945,0.3333333333333333,Control,
2020_Litvinukova_Nature_Heart|HCAHeart7664652,0.0,0.0,0.0,0.0,0.0,0.0,0.0,0.0,0.0,0.0,0.0,0.0,0.8636363636363636,0.0,0.0,0.0,0.0,0.0,0.0,0.0,0.13636363636363635,0.0,0.0,0.0,Control,
2021_Melms_Nature_Lung-COVID19|C55ctr,0.0,0.0,0.0,0.0,0.0,0.0,0.0,0.0,0.0,0.0,0.0,0.0,1.0,0.0,0.0,0.0,0.0,0.0,0.0,0.0,0.0,0.0,0.0,0.0,Control,
2020_Adams_SciAdv_IPF|051I-a,0.22826086956521738,0.0,0.41304347826086957,0.0,0.20652173913043478,0.010869565217391304,0.0,0.0,0.0,0.0,0.0,0.0,0.14130434782608695,0.0,0.0,0.0,0.0,0.0,0.0,0.0,0.0,0.0,0.0,0.0,Non-malignant disease,
2023_Kumar_Nature_Breast|hbca_n10,0.0,0.0,0.2916666666666667,0.0,0.0,0.0,0.0,0.0,0.0,0.0,0.0,0.0,0.6944444444444444,0.0,0.0,0.0,0.0,0.0,0.0,0.0,0.013888888888888888,0.0,0.0,0.0,Control,
2022_Gur_Cell_Sceleroderma|GSM5837593_AB8676,0.0,0.0,0.8783783783783784,0.0,0.0,0.0,0.0,0.0,0.0,0.0,0.013513513513513514,0.0,0.0,0.06756756756756757,0.0,0.0,0.04054054054054054,0.0,0.0,0.0,0.0,0.0,0.0,0.0,Control,
2022_Gur_Cell_Sceleroderma|GSM5837510_AB8049,0.0,0.0,0.35,0.0,0.0,0.0,0.0,0.0,0.0,0.4666666666666667,0.016666666666666666,0.0,0.0,0.10833333333333334,0.0,0.0,0.05,0.0,0.008333333333333333,0.0,0.0,0.0,0.0,0.0,Control,
2022_Gur_Cell_Sceleroderma|GSM5837397_AB7704,0.0,0.0,0.6847826086956522,0.0,0.010869565217391304,0.0,0.0,0.0,0.0,0.03260869565217391,0.021739130434782608,0.0,0.0,0.08695652173913043,0.0,0.0,0.10869565217391304,0.0,0.05434782608695652,0.0,0.0,0.0,0.0,0.0,Non-malignant disease,
2023_Kong_Immunity_CD|I121881_L,0.0,0.0,0.0,0.0,0.038461538461538464,0.038461538461538464,0.0,0.0,0.0,0.0,0.0,0.0,0.0,0.09615384615384616,0.0,0.0,0.0,0.0,0.0,0.0,0.0,0.0,0.6538461538461539,0.17307692307692307,Non-malignant disease,
2023_Lake_Nature_Kidney|KB11,0.0,0.0,0.060240963855421686,0.0,0.0,0.0,0.0,0.0,0.0,0.0,0.0,0.0,0.9397590361445783,0.0,0.0,0.0,0.0,0.0,0.0,0.0,0.0,0.0,0.0,0.0,Non-malignant disease,
2021_Elmentaite_Nature_Intestine|WTDAtest7844030,0.0,0.0,1.0,0.0,0.0,0.0,0.0,0.0,0.0,0.0,0.0,0.0,0.0,0.0,0.0,0.0,0.0,0.0,0.0,0.0,0.0,0.0,0.0,0.0,Control,
2022_Kumar_CancerDis_Gastric|GSM5573478_sample13,0.017543859649122806,0.03508771929824561,0.017543859649122806,0.0,0.10526315789473684,0.03508771929824561,0.0,0.0,0.0,0.0,0.0,0.0,0.0,0.0,0.0,0.0,0.0,0.0,0.0,0.017543859649122806,0.0,0.0,0.7719298245614035,0.0,Cancer_Tumor,GC
2022_vanZyl_PNAS_Eye|Hu220Co,0.0,0.0,0.0,0.0,0.0,0.0,0.0,0.0,0.0,0.0,0.0,0.0,1.0,0.0,0.0,0.0,0.0,0.0,0.0,0.0,0.0,0.0,0.0,0.0,Control,
2022_TabulaSapiens_Science_TabulaSapiens|TSP14_Tongue_Posterior_10X,0.0,0.0,0.4406779661016949,0.0,0.0,0.0,0.0,0.0,0.03389830508474576,0.15254237288135594,0.0,0.0,0.0,0.0,0.0,0.0,0.0,0.0,0.0,0.0,0.0,0.3728813559322034,0.0,0.0,Control,
2021_Melms_Nature_Lung-COVID19|L13cov,0.0,0.0,0.0,0.0,0.0,0.0,0.0,0.0,0.0,0.0,0.0,0.0,1.0,0.0,0.0,0.0,0.0,0.0,0.0,0.0,0.0,0.0,0.0,0.0,Non-malignant disease,
2022_Gur_Cell_Sceleroderma|GSM5837404_AB7743,0.0,0.0,0.3670886075949367,0.0,0.0,0.0,0.0,0.0,0.0,0.17721518987341772,0.0,0.0,0.0,0.08860759493670886,0.0,0.0,0.0759493670886076,0.0,0.2911392405063291,0.0,0.0,0.0,0.0,0.0,Non-malignant disease,
2022_Zhou_NatGenet_PDAC|HT270P1-S1H2Fc2A2N1Bmn1_1,0.0,0.0,0.0,0.0,0.0,0.0,0.024875621890547265,0.0,0.0,0.0,0.0,0.0,0.9751243781094527,0.0,0.0,0.0,0.0,0.0,0.0,0.0,0.0,0.0,0.0,0.0,Cancer_Tumor,PC
2023_Hickey_Nature_Intestine|B010-A-501,0.04081632653061224,0.0,0.25510204081632654,0.0,0.0,0.0,0.0,0.0,0.0,0.0,0.0,0.0,0.02040816326530612,0.0,0.0,0.0,0.0,0.0,0.0,0.0,0.0,0.0,0.24489795918367346,0.4387755102040816,Control,
2022_Nee_NatGenet_Breast|GSM5320166_scRNA_brca4,1.0,0.0,0.0,0.0,0.0,0.0,0.0,0.0,0.0,0.0,0.0,0.0,0.0,0.0,0.0,0.0,0.0,0.0,0.0,0.0,0.0,0.0,0.0,0.0,Control,
2023_Kumar_Nature_Breast|hbca_c95,0.7461883408071749,0.13632286995515694,0.10672645739910314,0.007174887892376682,0.0,0.0,0.0,0.0,0.0,0.0,0.0,0.0,0.003587443946188341,0.0,0.0,0.0,0.0,0.0,0.0,0.0,0.0,0.0,0.0,0.0,Control,
2022_Gur_Cell_Sceleroderma|GSM5837325_AB7341,0.0,0.0,0.8840579710144928,0.0,0.0,0.0,0.0,0.0,0.0,0.07246376811594203,0.014492753623188406,0.0,0.0,0.014492753623188406,0.0,0.0,0.014492753623188406,0.0,0.0,0.0,0.0,0.0,0.0,0.0,Control,
2023_Fonseca_NatGenet_Endometriosis|sample16,0.7732558139534884,0.10755813953488372,0.011627906976744186,0.0,0.0,0.0,0.0,0.0,0.0,0.0,0.005813953488372093,0.0,0.0,0.0,0.0,0.0,0.0,0.0,0.0,0.10174418604651163,0.0,0.0,0.0,0.0,Non-malignant disease,
2022_Gur_Cell_Sceleroderma|GSM5837536_AB8446,0.0,0.0,0.8735632183908046,0.0,0.0,0.0,0.0,0.0,0.0,0.08045977011494253,0.034482758620689655,0.0,0.0,0.011494252873563218,0.0,0.0,0.0,0.0,0.0,0.0,0.0,0.0,0.0,0.0,Non-malignant disease,
2023_Kumar_Nature_Breast|hbca_n08,0.0,0.0,0.07692307692307693,0.0,0.0,0.0,0.0,0.0,0.0,0.0,0.0,0.0,0.9230769230769231,0.0,0.0,0.0,0.0,0.0,0.0,0.0,0.0,0.0,0.0,0.0,Control,
2023_Kong_Immunity_CD|N130064_N1,0.0,0.7114093959731543,0.1610738255033557,0.0,0.0,0.0,0.0,0.0,0.0,0.0,0.0,0.0,0.0,0.06040268456375839,0.0,0.0,0.0,0.0,0.0,0.0,0.0,0.0,0.0,0.06711409395973154,Non-malignant disease,
2022_TabulaSapiens_Science_TabulaSapiens|TSP10_Fat_SCAT_10X,0.0,0.0,1.0,0.0,0.0,0.0,0.0,0.0,0.0,0.0,0.0,0.0,0.0,0.0,0.0,0.0,0.0,0.0,0.0,0.0,0.0,0.0,0.0,0.0,Control,
2022_Hwang_NatGenet_PDAC|U8_Untreated,0.0,0.0,0.0,0.0,0.0,0.0,0.0,0.0,0.0,0.0,0.0,0.0,1.0,0.0,0.0,0.0,0.0,0.0,0.0,0.0,0.0,0.0,0.0,0.0,Cancer_Tumor,PC
2022_Gur_Cell_Sceleroderma|GSM5837244_AB6914,0.0,0.0,0.39622641509433965,0.0,0.0,0.0,0.0,0.0,0.0,0.5283018867924528,0.05660377358490566,0.0,0.0,0.018867924528301886,0.0,0.0,0.0,0.0,0.0,0.0,0.0,0.0,0.0,0.0,Control,
2021_Pal_EMBO_Breast|GSM4909299_ER-MH0114-T3,0.0,0.0,0.0821917808219178,0.0410958904109589,0.7808219178082192,0.0,0.0547945205479452,0.0,0.0,0.0,0.0,0.0,0.0,0.0410958904109589,0.0,0.0,0.0,0.0,0.0,0.0,0.0,0.0,0.0,0.0,Cancer_Tumor,BRCA
2022_Reichart_Science_Heart|BO_H29_LV0_premrna,0.0,0.0,0.022058823529411766,0.0,0.0,0.0,0.0,0.0,0.0,0.0,0.0,0.0,0.6286764705882353,0.0,0.0,0.0,0.0,0.0,0.0,0.0,0.3492647058823529,0.0,0.0,0.0,Non-malignant disease,
2023_Kong_Immunity_CD|N154787_L2,0.0,0.0,0.0,0.0,0.0,0.0,0.0,0.0,0.0,0.0,0.0,0.0,0.0,0.0,0.0,0.0,0.0,0.0,0.0,0.0,0.0,0.0,0.1896551724137931,0.8103448275862069,Non-malignant disease,
2020_Litvinukova_Nature_Heart|HCAHeartST11350197,0.0,0.0,0.6349942062572422,0.0,0.0,0.0,0.0,0.008111239860950173,0.0,0.0,0.0,0.0,0.27925840092699883,0.0,0.0,0.0,0.0,0.0,0.0,0.0,0.0776361529548088,0.0,0.0,0.0,Control,
2022_Emont_Nature_WAT|Hs_SAT_254-1,0.0,0.0,0.4809393107654773,0.0,0.0,0.0,0.0,0.0,0.0,0.0,0.0,0.0,0.5190606892345228,0.0,0.0,0.0,0.0,0.0,0.0,0.0,0.0,0.0,0.0,0.0,Control,
2023_Kumar_Nature_Breast|hbca_c79,0.9504569504569504,0.00962000962000962,0.03992303992303992,0.0,0.0,0.0,0.0,0.0,0.0,0.0,0.0,0.0,0.0,0.0,0.0,0.0,0.0,0.0,0.0,0.0,0.0,0.0,0.0,0.0,Control,
2022_Reichart_Science_Heart|BO_H21_LV0_premrna,0.0,0.0,0.03773584905660377,0.0,0.0,0.0,0.0,0.0,0.0,0.0,0.0,0.0,0.32075471698113206,0.0,0.0,0.0,0.0,0.0,0.0,0.0,0.6415094339622641,0.0,0.0,0.0,Non-malignant disease,
2022_Gur_Cell_Sceleroderma|GSM5837052_AB11885,0.0,0.0,0.6774193548387096,0.0,0.0,0.0,0.0,0.0,0.0,0.20967741935483872,0.03225806451612903,0.0,0.0,0.08064516129032258,0.0,0.0,0.0,0.0,0.0,0.0,0.0,0.0,0.0,0.0,Non-malignant disease,
2023_Fonseca_NatGenet_Endometriosis|sample23,0.19600257898130238,0.04061895551257253,0.716956802063185,0.0,0.038039974210186976,0.0,0.0,0.0,0.008381689232753063,0.0,0.0,0.0,0.0,0.0,0.0,0.0,0.0,0.0,0.0,0.0,0.0,0.0,0.0,0.0,Non-malignant disease,
2023_Kumar_Nature_Breast|hbca_c116,0.8893785808726311,0.010136624063464082,0.1004847950639048,0.0,0.0,0.0,0.0,0.0,0.0,0.0,0.0,0.0,0.0,0.0,0.0,0.0,0.0,0.0,0.0,0.0,0.0,0.0,0.0,0.0,Cancer_Tumor,BRCA
2022_TabulaSapiens_Science_TabulaSapiens|TSP2_Bladder_nan_smartseq2,0.05154639175257732,0.0,0.9278350515463918,0.0,0.0,0.010309278350515464,0.0,0.010309278350515464,0.0,0.0,0.0,0.0,0.0,0.0,0.0,0.0,0.0,0.0,0.0,0.0,0.0,0.0,0.0,0.0,Control,
2022_Gur_Cell_Sceleroderma|GSM5836995_AB10144,0.0,0.0,0.7183098591549296,0.0,0.14084507042253522,0.0,0.0,0.0,0.0,0.07042253521126761,0.014084507042253521,0.0,0.0,0.04225352112676056,0.0,0.0,0.014084507042253521,0.0,0.0,0.0,0.0,0.0,0.0,0.0,Non-malignant disease,
2023_Kumar_Nature_Breast|hbca_n09,0.0,0.0,0.6506849315068494,0.0,0.0,0.0,0.0,0.0,0.0,0.0,0.0,0.0,0.3493150684931507,0.0,0.0,0.0,0.0,0.0,0.0,0.0,0.0,0.0,0.0,0.0,Control,
2021_Pal_EMBO_Breast|GSM4909317_ER-MH0173-T,0.0,0.0,0.03829160530191458,0.0,0.9366715758468336,0.0,0.0,0.0,0.0,0.004418262150220913,0.0,0.0,0.0,0.0,0.020618556701030927,0.0,0.0,0.0,0.0,0.0,0.0,0.0,0.0,0.0,Cancer_Tumor,BRCA
2022_Hwang_NatGenet_PDAC|U10_Untreated,0.0,0.0,0.0,0.0,0.20490367775831875,0.0,0.0,0.0,0.0,0.0,0.0,0.0,0.7950963222416813,0.0,0.0,0.0,0.0,0.0,0.0,0.0,0.0,0.0,0.0,0.0,Cancer_Tumor,PC
2023_Kumar_Nature_Breast|hbca_c58,0.5077772202709483,0.04565980933266432,0.4024084295032614,0.021073758153537382,0.02308078273958856,0.0,0.0,0.0,0.0,0.0,0.0,0.0,0.0,0.0,0.0,0.0,0.0,0.0,0.0,0.0,0.0,0.0,0.0,0.0,Control,
2023_Hickey_Nature_Intestine|B008-A-401,0.0,0.0,0.1574074074074074,0.0,0.0,0.0,0.0,0.0,0.0,0.0,0.0,0.0,0.10185185185185185,0.0,0.0,0.0,0.0,0.0,0.0,0.0,0.0,0.0,0.0,0.7407407407407407,Control,
2023_Fonseca_NatGenet_Endometriosis|sample25,0.15055762081784388,0.007434944237918215,0.44423791821561337,0.0,0.23048327137546468,0.0,0.0,0.0018587360594795538,0.0,0.0,0.0,0.0,0.007434944237918215,0.0,0.0,0.0,0.0,0.0,0.0,0.1579925650557621,0.0,0.0,0.0,0.0,Non-malignant disease,
2021_Pelka_Cell_CRC|C168_T_1_1_0_c1_v3,0.0,0.0,0.0,0.0,0.43333333333333335,0.5666666666666667,0.0,0.0,0.0,0.0,0.0,0.0,0.0,0.0,0.0,0.0,0.0,0.0,0.0,0.0,0.0,0.0,0.0,0.0,Cancer_Tumor,CRC
2021_Pelka_Cell_CRC|C155_N_0_0_0_c1_v3,0.0,0.0,0.9714285714285714,0.0,0.0,0.0,0.0,0.0,0.0,0.02857142857142857,0.0,0.0,0.0,0.0,0.0,0.0,0.0,0.0,0.0,0.0,0.0,0.0,0.0,0.0,Control,
2023_Kumar_Nature_Breast|hbca_n19,0.0,0.0,0.1044613710554951,0.0,0.0,0.0,0.0,0.0,0.0,0.0,0.0,0.0,0.8955386289445049,0.0,0.0,0.0,0.0,0.0,0.0,0.0,0.0,0.0,0.0,0.0,Control,
2022_Gur_Cell_Sceleroderma|GSM5837411_AB7750,0.0,0.0,0.7162162162162162,0.0,0.0,0.0,0.0,0.0,0.0,0.06756756756756757,0.013513513513513514,0.0,0.013513513513513514,0.13513513513513514,0.0,0.0,0.05405405405405406,0.0,0.0,0.0,0.0,0.0,0.0,0.0,Non-malignant disease,
2022_Emont_Nature_WAT|Hs_SAT_04-1,0.0,0.0,0.29292929292929293,0.0,0.0,0.0,0.0,0.0,0.0,0.0,0.0,0.0,0.7070707070707071,0.0,0.0,0.0,0.0,0.0,0.0,0.0,0.0,0.0,0.0,0.0,Control,
2023_Monavarfeshani_PNAS_Eye|Hu235OSpRPE,0.0,0.0,0.0,0.0,0.0,0.0,0.0,0.0,0.0,0.0,0.0,0.8401400233372228,0.15985997666277713,0.0,0.0,0.0,0.0,0.0,0.0,0.0,0.0,0.0,0.0,0.0,Control,
2023_Kumar_Nature_Breast|hbca_c76,0.5748622934401603,0.0,0.3665498247371057,0.04006009013520281,0.0,0.0,0.0,0.0,0.0,0.0,0.0,0.0,0.018527791687531298,0.0,0.0,0.0,0.0,0.0,0.0,0.0,0.0,0.0,0.0,0.0,Control,
2023_Kumar_Nature_Breast|hbca_n11,0.0,0.0,0.22419685577580314,0.0,0.0,0.0,0.0,0.0,0.002050580997949419,0.0,0.0,0.0,0.7737525632262474,0.0,0.0,0.0,0.0,0.0,0.0,0.0,0.0,0.0,0.0,0.0,Control,
2022_Gur_Cell_Sceleroderma|GSM5837492_AB8031,0.0,0.0,0.6796116504854369,0.0,0.0,0.0,0.0,0.019417475728155338,0.0,0.1650485436893204,0.009708737864077669,0.0,0.009708737864077669,0.009708737864077669,0.0,0.0,0.08737864077669903,0.0,0.019417475728155338,0.0,0.0,0.0,0.0,0.0,Non-malignant disease,
2022_Gur_Cell_Sceleroderma|GSM5837195_AB14258,0.0,0.0,0.463768115942029,0.0,0.15942028985507245,0.0,0.0,0.0,0.0,0.0,0.0,0.0,0.0,0.15942028985507245,0.0,0.0,0.21739130434782608,0.0,0.0,0.0,0.0,0.0,0.0,0.0,Non-malignant disease,
2023_Kumar_Nature_Breast|hbca_n12,0.0,0.0,0.0621301775147929,0.0,0.0,0.0,0.0,0.0,0.0,0.0,0.0,0.0,0.9378698224852071,0.0,0.0,0.0,0.0,0.0,0.0,0.0,0.0,0.0,0.0,0.0,Control,
2022_Reichart_Science_Heart|BO_H84_S00_premrna,0.0,0.0,0.0,0.0,0.0,0.0,0.0,0.0,0.0,0.0,0.0,0.0,0.5680851063829787,0.0,0.0,0.0,0.0,0.0,0.0,0.0,0.4319148936170213,0.0,0.0,0.0,Non-malignant disease,
2021_Pal_EMBO_Breast|GSM4909271_N-MH288-Total,0.8571428571428571,0.14285714285714285,0.0,0.0,0.0,0.0,0.0,0.0,0.0,0.0,0.0,0.0,0.0,0.0,0.0,0.0,0.0,0.0,0.0,0.0,0.0,0.0,0.0,0.0,Control,
2020_Litvinukova_Nature_Heart|HCAHeart7702873,0.0,0.0,0.05392156862745098,0.0,0.0,0.0,0.0,0.0,0.0,0.0,0.0,0.0,0.27941176470588236,0.0,0.0,0.0,0.0,0.0,0.0,0.0,0.6666666666666666,0.0,0.0,0.0,Control,
2023_Kumar_Nature_Breast|hbca_c60,0.8298701298701299,0.0,0.15012987012987014,0.02,0.0,0.0,0.0,0.0,0.0,0.0,0.0,0.0,0.0,0.0,0.0,0.0,0.0,0.0,0.0,0.0,0.0,0.0,0.0,0.0,Control,
2022_TabulaSapiens_Science_TabulaSapiens|TSP9_Pancreas_exocrine_10X,0.031746031746031744,0.0,0.47619047619047616,0.0,0.0,0.0,0.0,0.4126984126984127,0.015873015873015872,0.0,0.0,0.0,0.047619047619047616,0.0,0.0,0.0,0.0,0.0,0.0,0.0,0.015873015873015872,0.0,0.0,0.0,Control,
2023_Kumar_Nature_Breast|hbca_c36,0.8019517795637199,0.0,0.09988518943742825,0.0,0.0,0.07979334098737084,0.0,0.0,0.0,0.0,0.001722158438576349,0.0,0.0,0.0,0.016647531572904706,0.0,0.0,0.0,0.0,0.0,0.0,0.0,0.0,0.0,Cancer_Tumor,BRCA
2023_Monavarfeshani_PNAS_Eye|Pt10ONH,0.0,0.0,0.0,0.0,0.0,0.0,0.0,0.0,0.0,0.0,0.0,0.0,1.0,0.0,0.0,0.0,0.0,0.0,0.0,0.0,0.0,0.0,0.0,0.0,Control,
2020_Habermann_SciAdv_Lung-COVID19|GSM5226599_L21cov,0.0,0.0,0.0,0.0,0.0,0.0,0.0,0.025,0.0,0.0,0.0,0.0,0.975,0.0,0.0,0.0,0.0,0.0,0.0,0.0,0.0,0.0,0.0,0.0,Non-malignant disease,
2022_Reichart_Science_Heart|BO_H03_RV0_premrna,0.0,0.0,0.0,0.0,0.0,0.0,0.0,0.0,0.0,0.0,0.0,0.0,0.326,0.0,0.0,0.0,0.0,0.0,0.0,0.0,0.674,0.0,0.0,0.0,Non-malignant disease,
2021_Pal_EMBO_Breast|GSM4909290_HER2-PM0337,0.0,0.0,0.0,0.0,0.985,0.0,0.0,0.0,0.0,0.0,0.0,0.0,0.0,0.0,0.0,0.0,0.0,0.0,0.0,0.015,0.0,0.0,0.0,0.0,Cancer_Tumor,BRCA
2022_Madissoon_NatGenet_Lung|HCA_A_LNG9387709,0.006134969325153374,0.0,0.006134969325153374,0.0,0.0,0.0,0.0,0.0,0.006134969325153374,0.0,0.0,0.0,0.8650306748466258,0.0,0.0,0.1165644171779141,0.0,0.0,0.0,0.0,0.0,0.0,0.0,0.0,Control,
2021_Pal_EMBO_Breast|GSM4909254_N-PM0019-Total,0.9717194570135747,0.014705882352941176,0.013574660633484163,0.0,0.0,0.0,0.0,0.0,0.0,0.0,0.0,0.0,0.0,0.0,0.0,0.0,0.0,0.0,0.0,0.0,0.0,0.0,0.0,0.0,Control,
2023_Kumar_Nature_Breast|hbca_c78,0.9754137115839243,0.0,0.02458628841607565,0.0,0.0,0.0,0.0,0.0,0.0,0.0,0.0,0.0,0.0,0.0,0.0,0.0,0.0,0.0,0.0,0.0,0.0,0.0,0.0,0.0,Control,
2022_Reichart_Science_Heart|BO_H42_LV0_premrna,0.0,0.0,0.0,0.0,0.0,0.0,0.0,0.0,0.0,0.0,0.0,0.0,0.6538461538461539,0.0,0.0,0.0,0.0,0.0,0.0,0.0,0.34615384615384615,0.0,0.0,0.0,Non-malignant disease,
2022_vanZyl_PNAS_Eye|Hu220OSCSWS1,0.0,0.0,0.0,0.0,0.0,0.0,0.0,0.0,0.0199203187250996,0.0,0.0,0.36786188579017265,0.6122177954847278,0.0,0.0,0.0,0.0,0.0,0.0,0.0,0.0,0.0,0.0,0.0,Control,
2023_Kumar_Nature_Breast|hbca_c105,0.6307320997586484,0.027353177795655673,0.22847948511665325,0.10941271118262269,0.0,0.0,0.0,0.0,0.0,0.0,0.0,0.0,0.004022526146419952,0.0,0.0,0.0,0.0,0.0,0.0,0.0,0.0,0.0,0.0,0.0,Control,
2022_Hwang_NatGenet_PDAC|U13_Untreated,0.0,0.0,0.0,0.0,0.0,0.0,0.0,0.0,0.0,0.0,0.0,0.0,1.0,0.0,0.0,0.0,0.0,0.0,0.0,0.0,0.0,0.0,0.0,0.0,Cancer_Tumor,PC
2023_Monavarfeshani_PNAS_Eye|Hu220OSpRPE,0.0,0.0,0.0,0.0,0.0,0.0,0.0,0.0,0.0,0.0,0.0,0.9036144578313253,0.0963855421686747,0.0,0.0,0.0,0.0,0.0,0.0,0.0,0.0,0.0,0.0,0.0,Control,
2022_Reichart_Science_Heart|BO_H10_S00_premrna,0.0,0.0,0.02962962962962963,0.0,0.0,0.0,0.0,0.0,0.0,0.0,0.0,0.0,0.3748148148148148,0.0,0.0,0.0,0.0,0.0,0.0,0.0,0.5955555555555555,0.0,0.0,0.0,Non-malignant disease,
2022_Gur_Cell_Sceleroderma|GSM5837589_AB8672,0.0,0.0,0.7655172413793103,0.0,0.013793103448275862,0.0,0.0,0.0,0.0,0.13793103448275862,0.0,0.0,0.0,0.020689655172413793,0.0,0.0,0.04827586206896552,0.0,0.013793103448275862,0.0,0.0,0.0,0.0,0.0,Control,
2022_Gur_Cell_Sceleroderma|GSM5837628_AB8914,0.0,0.0,0.9375,0.0,0.0,0.0,0.0,0.0,0.0,0.03125,0.0,0.0,0.0,0.0,0.0,0.0,0.015625,0.0,0.015625,0.0,0.0,0.0,0.0,0.0,Non-malignant disease,
2022_Gur_Cell_Sceleroderma|GSM5837149_AB13816,0.0,0.0,0.7409638554216867,0.0,0.0,0.0,0.0,0.0,0.0,0.25301204819277107,0.006024096385542169,0.0,0.0,0.0,0.0,0.0,0.0,0.0,0.0,0.0,0.0,0.0,0.0,0.0,Control,
2023_Hickey_Nature_Intestine|B008-A-501,0.0,0.0,0.0,0.0,0.0,0.0,0.0,0.0,0.0,0.0,0.0,0.0,0.24324324324324326,0.0,0.0,0.0,0.0,0.0,0.0,0.0,0.0,0.0,0.22972972972972974,0.527027027027027,Control,
2022_Nee_NatGenet_Breast|GSM5320152_scRNA_ctrl1,0.8608395629672225,0.0,0.13916043703277745,0.0,0.0,0.0,0.0,0.0,0.0,0.0,0.0,0.0,0.0,0.0,0.0,0.0,0.0,0.0,0.0,0.0,0.0,0.0,0.0,0.0,Control,
2020_Litvinukova_Nature_Heart|HCAHeartST11350193,0.0,0.0,0.09473684210526316,0.0,0.0,0.0,0.0,0.0,0.0,0.0,0.0,0.0,0.6280701754385964,0.0,0.0,0.0,0.0,0.0,0.0,0.0,0.2771929824561403,0.0,0.0,0.0,Control,
2022_vanZyl_PNAS_Eye|Hu2160SCSW,0.0,0.0,0.0,0.0,0.0,0.0,0.0,0.0,0.1,0.2,0.0,0.25555555555555554,0.4444444444444444,0.0,0.0,0.0,0.0,0.0,0.0,0.0,0.0,0.0,0.0,0.0,Control,
2021_Pal_EMBO_Breast|GSM4909253_N-PM0092-Total,0.9471458773784355,0.052854122621564484,0.0,0.0,0.0,0.0,0.0,0.0,0.0,0.0,0.0,0.0,0.0,0.0,0.0,0.0,0.0,0.0,0.0,0.0,0.0,0.0,0.0,0.0,Control,
2023_Monavarfeshani_PNAS_Eye|Hu220OSON,0.0,0.0,0.0,0.0,0.0,0.0,0.0,0.0,0.0,0.0,0.0,0.0,1.0,0.0,0.0,0.0,0.0,0.0,0.0,0.0,0.0,0.0,0.0,0.0,Control,
2022_Gur_Cell_Sceleroderma|GSM5837126_AB13787,0.0,0.0,0.19658119658119658,0.0,0.0,0.0,0.0,0.0,0.0,0.008547008547008548,0.03418803418803419,0.0,0.0,0.0,0.0,0.0,0.5811965811965812,0.0,0.1794871794871795,0.0,0.0,0.0,0.0,0.0,Non-malignant disease,
2021_Wu_NatGenet_Breast|CID44991,0.0,0.004694835680751174,0.0,0.0,0.8732394366197183,0.07511737089201878,0.0,0.0,0.0,0.0,0.0,0.0,0.0,0.0,0.046948356807511735,0.0,0.0,0.0,0.0,0.0,0.0,0.0,0.0,0.0,Cancer_Tumor,BRCA
2023_Hickey_Nature_Intestine|B008-A-001,0.0,0.0,0.01282051282051282,0.0,0.0,0.0,0.0,0.0,0.0,0.0,0.0,0.0,0.16666666666666666,0.0,0.0,0.0,0.0,0.0,0.0,0.0,0.0,0.0,0.19230769230769232,0.6282051282051282,Control,
2020_Litvinukova_Nature_Heart|HCAHeartST10773165,0.0,0.0,0.10672853828306264,0.0,0.0,0.0,0.0,0.0,0.0,0.0,0.0,0.0,0.0,0.0,0.0,0.0,0.0,0.0,0.0,0.0,0.8932714617169374,0.0,0.0,0.0,Control,
2022_TabulaSapiens_Science_TabulaSapiens|TSP6_Trachea_nan_smartseq2,0.0,0.0,0.9438202247191011,0.0,0.0,0.033707865168539325,0.0,0.0,0.0,0.0,0.011235955056179775,0.0,0.011235955056179775,0.0,0.0,0.0,0.0,0.0,0.0,0.0,0.0,0.0,0.0,0.0,Control,
2023_Kong_Immunity_CD|N17_LP_A,0.0,0.0,0.0,0.0,0.0,0.0,0.0,0.0,0.0,0.0,0.0,0.0,0.0,0.0,0.0,0.0,0.0,0.0,0.0,0.0,0.0,0.0,0.20689655172413793,0.7931034482758621,Control,
2023_Lake_Nature_Kidney|KM69,0.0,0.0,0.0,0.0,0.0,0.0,0.0,0.0,0.0,0.0,0.0,0.0,1.0,0.0,0.0,0.0,0.0,0.0,0.0,0.0,0.0,0.0,0.0,0.0,Control,
2022_Gur_Cell_Sceleroderma|GSM5837422_AB7761,0.0,0.0,0.4642857142857143,0.0,0.0,0.0,0.03571428571428571,0.0,0.0,0.05357142857142857,0.03571428571428571,0.0,0.017857142857142856,0.17857142857142858,0.0,0.0,0.16071428571428573,0.0,0.05357142857142857,0.0,0.0,0.0,0.0,0.0,Non-malignant disease,
2023_Kong_Immunity_CD|N128624_L,0.0,0.0,0.0,0.0,0.0,0.0,0.0,0.0,0.0,0.0,0.0,0.0,0.0,0.0,0.0,0.0,0.0,0.0,0.0,0.0,0.0,0.0,0.13636363636363635,0.8636363636363636,Non-malignant disease,
2022_Gur_Cell_Sceleroderma|GSM5837573_AB8487,0.0,0.0,0.40336134453781514,0.0,0.0,0.0,0.0,0.0,0.0,0.5294117647058824,0.01680672268907563,0.0,0.0,0.0,0.0,0.0,0.05042016806722689,0.0,0.0,0.0,0.0,0.0,0.0,0.0,Control,
2022_TabulaSapiens_Science_TabulaSapiens|TSP4_Uterus_Myometrium_10X,0.9345794392523364,0.0,0.04672897196261682,0.0,0.0,0.0,0.0,0.004672897196261682,0.0,0.0,0.0,0.0,0.0,0.0,0.014018691588785047,0.0,0.0,0.0,0.0,0.0,0.0,0.0,0.0,0.0,Control,
2023_Hickey_Nature_Intestine|B012-A-001,0.0,0.0,0.0,0.0,0.0,0.0,0.0,0.0,0.0,0.0,0.0,0.0,0.1917808219178082,0.0,0.0,0.0,0.0,0.0,0.0,0.0,0.0,0.0,0.22602739726027396,0.5821917808219178,Control,
2020_Litvinukova_Nature_Heart|HCAHeart7829979,0.0,0.0,0.15384615384615385,0.0,0.0,0.0,0.0,0.0,0.0,0.0,0.0,0.0,0.8461538461538461,0.0,0.0,0.0,0.0,0.0,0.0,0.0,0.0,0.0,0.0,0.0,Control,
2023_Kumar_Nature_Breast|hbca_c41,0.9661487236403996,0.022197558268590455,0.011653718091009988,0.0,0.0,0.0,0.0,0.0,0.0,0.0,0.0,0.0,0.0,0.0,0.0,0.0,0.0,0.0,0.0,0.0,0.0,0.0,0.0,0.0,Cancer_Tumor,BRCA
2023_Kumar_Nature_Breast|hbca_c05,0.0,0.0,0.9964726631393298,0.003527336860670194,0.0,0.0,0.0,0.0,0.0,0.0,0.0,0.0,0.0,0.0,0.0,0.0,0.0,0.0,0.0,0.0,0.0,0.0,0.0,0.0,Cancer_Tumor,BRCA
2020_Litvinukova_Nature_Heart|HCAHeart7850551,0.0,0.0,0.9803921568627451,0.0,0.0,0.0,0.0,0.0,0.0,0.0,0.0,0.0,0.0,0.0,0.0,0.0,0.0,0.0,0.0,0.0,0.0196078431372549,0.0,0.0,0.0,Control,
2020_Litvinukova_Nature_Heart|HCAHeart7757639,0.0,0.0,0.0,0.0,0.12727272727272726,0.0,0.0,0.0,0.0,0.0,0.0,0.0,0.8727272727272727,0.0,0.0,0.0,0.0,0.0,0.0,0.0,0.0,0.0,0.0,0.0,Control,
2020_Litvinukova_Nature_Heart|HCAHeart7888929,0.0,0.0,0.0,0.0,0.0,0.0,0.0,0.0,0.0,0.0,0.0,0.0,0.971830985915493,0.0,0.0,0.0,0.0,0.0,0.0,0.0,0.028169014084507043,0.0,0.0,0.0,Control,
2020_Drokhlyansky_Cell_EntericNerve|H13_S62,0.0,0.0,0.0,0.0,0.0,0.0,0.0,0.0,0.0,0.0,0.0,0.0,0.9633867276887872,0.0,0.0,0.0,0.0,0.0,0.0,0.0,0.036613272311212815,0.0,0.0,0.0,Cancer_AdjNorm,CRC
2023_Kumar_Nature_Breast|hbca_c98,0.5532390171258377,0.03052866716306776,0.3849590469099032,0.03127326880119136,0.0,0.0,0.0,0.0,0.0,0.0,0.0,0.0,0.0,0.0,0.0,0.0,0.0,0.0,0.0,0.0,0.0,0.0,0.0,0.0,Control,
2022_TabulaSapiens_Science_TabulaSapiens|TSP14_Bladder_nan_10X,0.0,0.0136986301369863,0.9863013698630136,0.0,0.0,0.0,0.0,0.0,0.0,0.0,0.0,0.0,0.0,0.0,0.0,0.0,0.0,0.0,0.0,0.0,0.0,0.0,0.0,0.0,Control,
2023_Kong_Immunity_CD|H158108_N2,0.0,0.0,0.6619718309859155,0.0,0.0,0.0,0.0,0.04225352112676056,0.0,0.0,0.0,0.0,0.0,0.0,0.0,0.0,0.0,0.0,0.0,0.0,0.0,0.0,0.056338028169014086,0.23943661971830985,Control,
2023_Kong_Immunity_CD|N148519_L2,0.0,0.0,0.0,0.0,0.0,0.0,0.0,0.0,0.0,0.0,0.0,0.0,0.0,0.0,0.0,0.0,0.0,0.0,0.0,0.0,0.0,0.0,0.29591836734693877,0.7040816326530612,Non-malignant disease,
2023_Lake_Nature_Kidney|KC40,0.0,0.0,0.0,0.0,0.0,0.0,0.0,0.0,0.0,0.0,0.0,0.0,0.9615384615384616,0.0,0.0,0.0,0.0,0.0,0.0,0.038461538461538464,0.0,0.0,0.0,0.0,Control,
2022_Reichart_Science_Heart|BO_H01_S00_premrna,0.0,0.0,0.0,0.0,0.0,0.0,0.0,0.0,0.0,0.0,0.0,0.0,0.22384428223844283,0.0,0.0,0.0,0.0,0.0,0.0,0.0,0.7761557177615572,0.0,0.0,0.0,Non-malignant disease,
2023_Hickey_Nature_Intestine|B012-A-101,0.0,0.0,0.09170305676855896,0.0,0.0,0.0,0.0,0.0,0.0,0.0,0.0,0.0,0.4978165938864629,0.0,0.0,0.0,0.0,0.0,0.0,0.0,0.0,0.0,0.10480349344978165,0.3056768558951965,Control,
2022_Kumar_CancerDis_Gastric|GSM5573490_sample25,0.0,0.0,0.0,0.0,0.0,0.0,0.0,0.0,0.0,0.0,0.0,0.0,0.0,0.0,0.0,0.0,0.0,0.0,0.0,0.0,0.0,0.0,0.9894736842105263,0.010526315789473684,Cancer_AdjNorm,GC
2021_Melms_Nature_Lung-COVID19|L04cov,0.0,0.0,0.030837004405286344,0.0,0.0,0.0,0.0,0.0,0.0,0.0,0.0,0.0,0.9691629955947136,0.0,0.0,0.0,0.0,0.0,0.0,0.0,0.0,0.0,0.0,0.0,Non-malignant disease,
2023_Kumar_Nature_Breast|hbca_c130,0.2753433616742969,0.03793328973185088,0.5068672334859385,0.17593198168737736,0.0,0.0,0.0,0.0,0.0,0.0,0.0,0.0,0.003924133420536298,0.0,0.0,0.0,0.0,0.0,0.0,0.0,0.0,0.0,0.0,0.0,Control,
2022_Nee_NatGenet_Breast|GSM5320171_scRNA_brca9,1.0,0.0,0.0,0.0,0.0,0.0,0.0,0.0,0.0,0.0,0.0,0.0,0.0,0.0,0.0,0.0,0.0,0.0,0.0,0.0,0.0,0.0,0.0,0.0,Control,
2022_Reichart_Science_Heart|BS_DP1_S00_premrna,0.0,0.0,0.0,0.0,0.0,0.0,0.0,0.0,0.0,0.0,0.0,0.0,0.24079320113314448,0.0,0.0,0.0,0.0,0.0,0.0,0.0,0.7592067988668555,0.0,0.0,0.0,Non-malignant disease,
2023_Monavarfeshani_PNAS_Eye|Hu035516OSONallnuc,0.0,0.0,0.0,0.0,0.0,0.0,0.0,0.0,0.0896551724137931,0.0,0.0,0.0,0.9103448275862069,0.0,0.0,0.0,0.0,0.0,0.0,0.0,0.0,0.0,0.0,0.0,Control,
2023_Kumar_Nature_Breast|hbca_c149,0.9338786639400136,0.0081799591002045,0.05794137695978187,0.0,0.0,0.0,0.0,0.0,0.0,0.0,0.0,0.0,0.0,0.0,0.0,0.0,0.0,0.0,0.0,0.0,0.0,0.0,0.0,0.0,Control,
2023_Kong_Immunity_CD|N130064_N3,0.0,0.5629139072847682,0.2980132450331126,0.0,0.0,0.0,0.0,0.0,0.0,0.0,0.0,0.0,0.0,0.08609271523178808,0.0,0.0,0.0,0.0,0.0,0.0,0.0,0.0,0.0,0.052980132450331126,Non-malignant disease,
2022_Madissoon_NatGenet_Lung|HCA_A_LNG9387716,0.0,0.0,0.14285714285714285,0.0,0.0,0.0,0.0,0.05782312925170068,0.0,0.006802721088435374,0.0,0.0,0.7891156462585034,0.0,0.0,0.003401360544217687,0.0,0.0,0.0,0.0,0.0,0.0,0.0,0.0,Control,
2023_Kong_Immunity_CD|N10_LP_B,0.0,0.0,0.07865168539325842,0.0,0.0,0.0,0.0,0.0,0.0,0.0,0.0,0.0,0.0,0.02247191011235955,0.0,0.0,0.0,0.0,0.0,0.0,0.0,0.0,0.011235955056179775,0.8876404494382022,Control,
2022_Reichart_Science_Heart|BO_H55_LV0_premrna,0.0,0.0,0.02069857697283312,0.0,0.0,0.0,0.0,0.0,0.0,0.0,0.0,0.0,0.1332470892626132,0.0,0.0,0.0,0.0,0.0,0.0,0.0,0.8460543337645536,0.0,0.0,0.0,Control,
2022_Madissoon_NatGenet_Lung|HCA_A_LNG9387718,0.0031645569620253164,0.0,0.04430379746835443,0.0,0.0,0.0,0.0,0.028481012658227847,0.006329113924050633,0.0,0.0,0.0,0.8417721518987342,0.0,0.0,0.07278481012658228,0.0,0.0,0.0,0.0,0.0031645569620253164,0.0,0.0,0.0,Control,
2023_Hickey_Nature_Intestine|B001-A-201,0.0,0.0,0.0,0.0,0.0,0.0,0.0,0.0,0.0,0.0,0.0,0.0,0.9428571428571428,0.0,0.0,0.0,0.0,0.0,0.0,0.0,0.0,0.0,0.05714285714285714,0.0,Control,
2023_Kumar_Nature_Breast|hbca_c53,0.11830357142857142,0.0,0.8102678571428571,0.04241071428571429,0.004464285714285714,0.0,0.0,0.0,0.0,0.0,0.0,0.0,0.024553571428571428,0.0,0.0,0.0,0.0,0.0,0.0,0.0,0.0,0.0,0.0,0.0,Control,
2021_Garcia-Alonso_NatGenet_Endometrial|4861STDY7771115,0.0,0.004273504273504274,0.0,0.0,0.0,0.0,0.004273504273504274,0.008547008547008548,0.0,0.0,0.0,0.0,0.0,0.0,0.0,0.0,0.0,0.0,0.0,0.9786324786324786,0.004273504273504274,0.0,0.0,0.0,Control,
2021_Pal_EMBO_Breast|GSM4909294_HER2-MH0176,0.0,0.0,0.04242424242424243,0.0,0.8626262626262626,0.0,0.022222222222222223,0.0,0.0,0.0,0.0,0.0,0.0,0.05656565656565657,0.01616161616161616,0.0,0.0,0.0,0.0,0.0,0.0,0.0,0.0,0.0,Cancer_Tumor,BRCA
2022_Gur_Cell_Sceleroderma|GSM5837214_AB6843,0.0,0.0,0.6292134831460674,0.0,0.0,0.0,0.0,0.0,0.0,0.19101123595505617,0.02247191011235955,0.0,0.0,0.10112359550561797,0.0,0.0,0.011235955056179775,0.0,0.0449438202247191,0.0,0.0,0.0,0.0,0.0,Non-malignant disease,
2021_Wu_NatGenet_Breast|CID4066,0.0,0.12574850299401197,0.0,0.0,0.8188622754491018,0.0,0.0,0.0,0.0,0.0,0.0,0.0,0.0,0.010479041916167664,0.04491017964071856,0.0,0.0,0.0,0.0,0.0,0.0,0.0,0.0,0.0,Cancer_Tumor,BRCA
2020_Litvinukova_Nature_Heart|HCAHeart9845436,0.021361815754339118,0.0,0.0,0.0,0.0,0.0,0.0,0.0,0.0,0.0,0.0,0.0,0.9786381842456608,0.0,0.0,0.0,0.0,0.0,0.0,0.0,0.0,0.0,0.0,0.0,Control,
2022_Emont_Nature_WAT|Hs_SAT_SVF_236-1B-1,0.0,0.0,0.9969604863221885,0.0,0.0,0.0,0.0,0.0,0.0,0.0,0.0,0.0,0.0,0.0,0.0,0.0,0.0,0.0,0.0,0.0,0.00303951367781155,0.0,0.0,0.0,Control,
2020_Litvinukova_Nature_Heart|HCAHeart7888927,0.0,0.0,0.037463976945244955,0.0,0.0,0.0,0.0,0.0,0.0,0.0,0.0,0.0,0.04610951008645533,0.0,0.0,0.0,0.0,0.0,0.0,0.0,0.9164265129682997,0.0,0.0,0.0,Control,
2023_Kumar_Nature_Breast|hbca_c66,0.8622222222222222,0.005925925925925926,0.13155555555555556,0.0,0.0,0.0,0.0,0.0,0.0,0.0,0.0,0.0,0.0002962962962962963,0.0,0.0,0.0,0.0,0.0,0.0,0.0,0.0,0.0,0.0,0.0,Control,
2023_Hickey_Nature_Intestine|B011-A-201,0.0,0.0,0.0,0.0,0.0,0.0,0.0,0.0,0.0,0.0,0.0,0.0,0.6619718309859155,0.0,0.0,0.0,0.0,0.0,0.0,0.0,0.0,0.0,0.18309859154929578,0.15492957746478872,Control,
2022_TabulaSapiens_Science_TabulaSapiens|TSP14_Thymus_nan_10X,0.021494708994708994,0.0,0.955026455026455,0.0,0.0,0.0,0.00496031746031746,0.0,0.018518518518518517,0.0,0.0,0.0,0.0,0.0,0.0,0.0,0.0,0.0,0.0,0.0,0.0,0.0,0.0,0.0,Control,
2023_Kumar_Nature_Breast|hbca_c103,0.7567316620241411,0.028783658310120707,0.1977715877437326,0.016713091922005572,0.0,0.0,0.0,0.0,0.0,0.0,0.0,0.0,0.0,0.0,0.0,0.0,0.0,0.0,0.0,0.0,0.0,0.0,0.0,0.0,Control,
2022_vanZyl_PNAS_Eye|Hu235OSCSW,0.0,0.0,0.0,0.0,0.0,0.0,0.0,0.0,0.15217391304347827,0.0,0.0,0.0,0.8478260869565217,0.0,0.0,0.0,0.0,0.0,0.0,0.0,0.0,0.0,0.0,0.0,Control,
2023_Kumar_Nature_Breast|hbca_c64,0.8360153256704981,0.034482758620689655,0.08888888888888889,0.04061302681992337,0.0,0.0,0.0,0.0,0.0,0.0,0.0,0.0,0.0,0.0,0.0,0.0,0.0,0.0,0.0,0.0,0.0,0.0,0.0,0.0,Control,
2022_Madissoon_NatGenet_Lung|HCA_A_LNG9387714,0.01744186046511628,0.0,0.05232558139534884,0.0,0.0,0.0,0.0,0.046511627906976744,0.0029069767441860465,0.0029069767441860465,0.0,0.0,0.8691860465116279,0.0,0.0,0.00872093023255814,0.0,0.0,0.0,0.0,0.0,0.0,0.0,0.0,Control,
2023_Hickey_Nature_Intestine|B004-A-004,0.17204301075268819,0.0,0.0,0.0,0.0,0.0,0.0,0.0,0.0,0.0,0.0,0.0,0.6989247311827957,0.0,0.0,0.0,0.0,0.0,0.0,0.0,0.0,0.0,0.07526881720430108,0.053763440860215055,Control,
2023_Monavarfeshani_PNAS_Eye|Pt11PeripapillarySclera,0.0,0.0,0.0,0.0,0.0,0.0,0.0,0.0,0.0,0.0,0.0,0.0,1.0,0.0,0.0,0.0,0.0,0.0,0.0,0.0,0.0,0.0,0.0,0.0,Control,
2023_Kong_Immunity_CD|I130064_N1,0.0,0.4027777777777778,0.16666666666666666,0.0,0.0,0.0,0.0,0.0,0.0,0.0,0.0,0.0,0.0,0.4166666666666667,0.0,0.0,0.0,0.0,0.0,0.0,0.0,0.0,0.0,0.013888888888888888,Non-malignant disease,
2023_Wang_SciAdv_CRC|s0920_Colon_Tumor,0.0,0.0,0.09821428571428571,0.0,0.32142857142857145,0.013392857142857142,0.11607142857142858,0.03571428571428571,0.0,0.0,0.0,0.0,0.0,0.0,0.0,0.0,0.0,0.0,0.0,0.0,0.0,0.0,0.41517857142857145,0.0,Cancer_Tumor,CRC
2022_Gur_Cell_Sceleroderma|GSM5837688_AB9418,0.0,0.0,0.7796610169491526,0.0,0.0,0.0,0.0,0.0,0.0,0.1016949152542373,0.0847457627118644,0.0,0.0,0.0,0.0,0.0,0.03389830508474576,0.0,0.0,0.0,0.0,0.0,0.0,0.0,Non-malignant disease,
2023_Hickey_Nature_Intestine|B009-A-101,0.0,0.0,0.04608294930875576,0.0,0.0,0.0,0.0,0.0,0.0,0.0,0.0,0.0,0.7327188940092166,0.0,0.0,0.0,0.0,0.0,0.0,0.0,0.0,0.0,0.059907834101382486,0.16129032258064516,Control,
2023_Kumar_Nature_Breast|hbca_c61,0.9031719532554258,0.0,0.09682804674457429,0.0,0.0,0.0,0.0,0.0,0.0,0.0,0.0,0.0,0.0,0.0,0.0,0.0,0.0,0.0,0.0,0.0,0.0,0.0,0.0,0.0,Control,
2022_Reichart_Science_Heart|BO_H65_LV0_premrna,0.0,0.0,0.0,0.0,0.0,0.0,0.0,0.0,0.0,0.0,0.0,0.0,0.3588709677419355,0.0,0.0,0.0,0.0,0.0,0.0,0.0,0.6411290322580645,0.0,0.0,0.0,Non-malignant disease,
2023_Kong_Immunity_CD|I130064_N2,0.0,0.5344827586206896,0.1206896551724138,0.0,0.0,0.0,0.0,0.0,0.0,0.0,0.0,0.0,0.0,0.3448275862068966,0.0,0.0,0.0,0.0,0.0,0.0,0.0,0.0,0.0,0.0,Non-malignant disease,
2023_Fonseca_NatGenet_Endometriosis|sample7,0.0044444444444444444,0.008888888888888889,0.6459259259259259,0.0,0.0,0.0,0.003703703703703704,0.0,0.0,0.0,0.0007407407407407407,0.0,0.0,0.0,0.0,0.0,0.0,0.0,0.0,0.3362962962962963,0.0,0.0,0.0,0.0,Non-malignant disease,
2023_Kong_Immunity_CD|I139892_L2,0.0,0.0,0.0,0.0,0.0,0.0,0.0,0.03636363636363636,0.0,0.0,0.0,0.0,0.0,0.0,0.0,0.0,0.0,0.0,0.0,0.0,0.0,0.0,0.10909090909090909,0.8545454545454545,Non-malignant disease,
2023_Kumar_Nature_Breast|hbca_c01,0.0,0.0,1.0,0.0,0.0,0.0,0.0,0.0,0.0,0.0,0.0,0.0,0.0,0.0,0.0,0.0,0.0,0.0,0.0,0.0,0.0,0.0,0.0,0.0,Cancer_Tumor,BRCA
2022_Reichart_Science_Heart|BO_H22_RV0_premrna,0.0,0.0,0.0,0.0,0.0,0.0,0.0,0.009584664536741214,0.0,0.0,0.0,0.0,0.26517571884984026,0.0,0.0,0.0,0.0,0.0,0.0,0.0,0.7252396166134185,0.0,0.0,0.0,Non-malignant disease,
2023_Kumar_Nature_Breast|hbca_n03,0.0,0.0,0.0,0.0,0.0,0.0,0.0,0.0,0.0,0.0,0.0,0.0,1.0,0.0,0.0,0.0,0.0,0.0,0.0,0.0,0.0,0.0,0.0,0.0,Cancer_Tumor,BRCA
2020_Litvinukova_Nature_Heart|HCAHeartST10773169,0.0,0.0,0.4024691358024691,0.0,0.0,0.0,0.0,0.0,0.0,0.0,0.0,0.0,0.5160493827160494,0.0,0.0,0.0,0.0,0.0,0.0,0.0,0.08148148148148149,0.0,0.0,0.0,Control,
2023_Kumar_Nature_Breast|hbca_c123,0.4174757281553398,0.16990291262135923,0.35436893203883496,0.02912621359223301,0.0,0.0,0.0,0.0,0.02912621359223301,0.0,0.0,0.0,0.0,0.0,0.0,0.0,0.0,0.0,0.0,0.0,0.0,0.0,0.0,0.0,Control,
2023_Monavarfeshani_PNAS_Eye|Hu222OSON,0.0,0.0,0.0,0.0,0.0,0.0,0.0,0.0,0.0,0.0,0.0,0.0,1.0,0.0,0.0,0.0,0.0,0.0,0.0,0.0,0.0,0.0,0.0,0.0,Control,
2022_Reichart_Science_Heart|BO_H14_S01_premrna,0.0,0.0,0.0,0.0,0.0,0.0,0.0,0.0,0.0,0.0,0.0,0.0,0.20261437908496732,0.0,0.0,0.0,0.0,0.0,0.0,0.0,0.7973856209150327,0.0,0.0,0.0,Non-malignant disease,
2022_Gur_Cell_Sceleroderma|GSM5837118_AB13779,0.0,0.0,0.6461538461538462,0.0,0.0,0.0,0.015384615384615385,0.0,0.0,0.3076923076923077,0.03076923076923077,0.0,0.0,0.0,0.0,0.0,0.0,0.0,0.0,0.0,0.0,0.0,0.0,0.0,Control,
2021_Pal_EMBO_Breast|GSM4909268_N-MH0023-Total,0.9965437788018433,0.0034562211981566822,0.0,0.0,0.0,0.0,0.0,0.0,0.0,0.0,0.0,0.0,0.0,0.0,0.0,0.0,0.0,0.0,0.0,0.0,0.0,0.0,0.0,0.0,Control,
2023_Fonseca_NatGenet_Endometriosis|sample19,0.0034403669724770644,0.017775229357798166,0.9736238532110092,0.0,0.005160550458715597,0.0,0.0,0.0,0.0,0.0,0.0,0.0,0.0,0.0,0.0,0.0,0.0,0.0,0.0,0.0,0.0,0.0,0.0,0.0,Non-malignant disease,
2022_Reichart_Science_Heart|BO_H03_LV0_premrna,0.0,0.0,0.0,0.0,0.0,0.0,0.0,0.0,0.0,0.0,0.0,0.0,0.46047430830039526,0.0,0.0,0.0,0.0,0.0,0.0,0.0,0.5395256916996047,0.0,0.0,0.0,Non-malignant disease,
2023_Kumar_Nature_Breast|hbca_c42,0.9490060501296457,0.04148660328435609,0.006914433880726016,0.0,0.0,0.0,0.0,0.0,0.0,0.0,0.000864304235090752,0.0,0.001728608470181504,0.0,0.0,0.0,0.0,0.0,0.0,0.0,0.0,0.0,0.0,0.0,Cancer_Tumor,BRCA
2021_Elmentaite_Nature_Intestine|Human_colon_16S8002626,0.0,0.0,1.0,0.0,0.0,0.0,0.0,0.0,0.0,0.0,0.0,0.0,0.0,0.0,0.0,0.0,0.0,0.0,0.0,0.0,0.0,0.0,0.0,0.0,Control,
2022_Reichart_Science_Heart|BO_H29_S00_premrna,0.0,0.0,0.0,0.0,0.0,0.0,0.0,0.0,0.0,0.0,0.0,0.0,0.4423076923076923,0.0,0.0,0.0,0.0,0.0,0.0,0.0,0.5576923076923077,0.0,0.0,0.0,Non-malignant disease,
2022_Reichart_Science_Heart|BO_H53_LV0_premrna,0.0,0.0,0.0,0.0,0.0,0.0,0.0,0.0,0.0,0.0,0.0,0.0,0.22377622377622378,0.0,0.0,0.0,0.0,0.0,0.0,0.0,0.7762237762237763,0.0,0.0,0.0,Control,
2022_Zhou_NatGenet_PDAC|HT056P-S1PAA1,0.0,0.0,0.0,0.0,0.9815789473684211,0.0,0.0,0.0,0.0,0.0,0.0,0.0,0.002631578947368421,0.0,0.015789473684210527,0.0,0.0,0.0,0.0,0.0,0.0,0.0,0.0,0.0,Cancer_Tumor,PC
2023_Kong_Immunity_CD|N46_LP_A,0.0,0.0,0.0,0.0,0.0,0.0,0.0,0.0,0.0,0.0,0.0,0.0,0.0,0.0,0.0,0.0,0.0,0.0,0.0,0.0,0.0,0.0,0.07849829351535836,0.9215017064846417,Control,
2022_Gur_Cell_Sceleroderma|GSM5837119_AB13780,0.0,0.0,0.8083832335329342,0.0,0.0,0.0,0.0,0.0,0.0,0.11976047904191617,0.005988023952095809,0.0,0.0,0.011976047904191617,0.0,0.0,0.05389221556886228,0.0,0.0,0.0,0.0,0.0,0.0,0.0,Control,
2022_Gur_Cell_Sceleroderma|GSM5837656_AB9105,0.0,0.0,0.7923076923076923,0.0,0.0,0.0,0.0,0.0,0.0,0.16923076923076924,0.015384615384615385,0.0,0.0,0.0,0.0,0.0,0.0,0.0,0.023076923076923078,0.0,0.0,0.0,0.0,0.0,Control,
2021_Elmentaite_Nature_Intestine|Human_colon_16S8001873,0.0,0.0,1.0,0.0,0.0,0.0,0.0,0.0,0.0,0.0,0.0,0.0,0.0,0.0,0.0,0.0,0.0,0.0,0.0,0.0,0.0,0.0,0.0,0.0,Control,
2022_Hwang_NatGenet_PDAC|T13_CRT,0.0,0.0,0.0,0.0,0.08695652173913043,0.0,0.0,0.0,0.0,0.0,0.0,0.0,0.9130434782608695,0.0,0.0,0.0,0.0,0.0,0.0,0.0,0.0,0.0,0.0,0.0,Cancer_Tumor,PC
2023_Fonseca_NatGenet_Endometriosis|sample40,0.8238095238095238,0.009523809523809525,0.06190476190476191,0.0,0.0,0.0,0.0,0.014285714285714285,0.023809523809523808,0.0,0.0,0.0,0.023809523809523808,0.0,0.0,0.0,0.0,0.0,0.0,0.04285714285714286,0.0,0.0,0.0,0.0,Non-malignant disease,
2022_Gur_Cell_Sceleroderma|GSM5837496_AB8035,0.0,0.0,0.8024691358024691,0.0,0.0,0.0,0.0,0.0,0.0,0.0,0.0,0.0,0.0,0.09876543209876543,0.0,0.0,0.09876543209876543,0.0,0.0,0.0,0.0,0.0,0.0,0.0,Non-malignant disease,
2022_Gur_Cell_Sceleroderma|GSM5837481_AB8020,0.0,0.0,0.42857142857142855,0.0,0.0,0.0,0.0,0.0,0.0,0.44360902255639095,0.022556390977443608,0.0,0.0,0.022556390977443608,0.0,0.0,0.08270676691729323,0.0,0.0,0.0,0.0,0.0,0.0,0.0,Control,
2020_Litvinukova_Nature_Heart|HCAHeartST13168796,0.0,0.0,0.37337662337662336,0.0,0.0,0.0,0.0,0.0,0.0,0.0,0.0,0.0,0.6201298701298701,0.0,0.0,0.0,0.0,0.0,0.0,0.0,0.006493506493506494,0.0,0.0,0.0,Control,
2023_Kong_Immunity_CD|N166301_N3,0.0,0.0,0.8269230769230769,0.0,0.0,0.0,0.0,0.0,0.0,0.0,0.0,0.0,0.0,0.15384615384615385,0.0,0.0,0.0,0.0,0.0,0.0,0.0,0.0,0.0,0.019230769230769232,Non-malignant disease,
2022_Zhou_NatGenet_PDAC|HT060P1-S1R1A1G1Z1_1B2_1,0.0,0.0,0.0,0.0,0.65625,0.0,0.16964285714285715,0.17207792207792208,0.0,0.0,0.0,0.0,0.0008116883116883117,0.0,0.0,0.0,0.0,0.0,0.0,0.0,0.0,0.0,0.0012175324675324675,0.0,Cancer_Tumor,PC
2020_Habermann_SciAdv_Lung-COVID19|GSM5226576_C53ctr,0.0,0.0,0.01909307875894988,0.0,0.0,0.0,0.0,0.0,0.0,0.0,0.0,0.0,0.9809069212410502,0.0,0.0,0.0,0.0,0.0,0.0,0.0,0.0,0.0,0.0,0.0,Control,
2022_Hwang_NatGenet_PDAC|T22_Other,0.0,0.0,0.0,0.0,0.0,0.0,0.03937007874015748,0.0,0.012598425196850394,0.0,0.0,0.0,0.9480314960629921,0.0,0.0,0.0,0.0,0.0,0.0,0.0,0.0,0.0,0.0,0.0,Cancer_Tumor,PC
2022_vanZyl_PNAS_Eye|Hu218Cornea,0.0,0.0,0.0,0.0,0.0,0.0,0.0,0.0,0.0,0.0,0.0,0.0,1.0,0.0,0.0,0.0,0.0,0.0,0.0,0.0,0.0,0.0,0.0,0.0,Control,
2020_Adams_SciAdv_IPF|021I,0.27472527472527475,0.0,0.5604395604395604,0.0,0.054945054945054944,0.0,0.0,0.02197802197802198,0.0,0.0,0.0,0.0,0.08791208791208792,0.0,0.0,0.0,0.0,0.0,0.0,0.0,0.0,0.0,0.0,0.0,Non-malignant disease,
2022_Gur_Cell_Sceleroderma|GSM5837154_AB13821,0.0,0.0,0.25,0.0,0.008620689655172414,0.0,0.0,0.0,0.0,0.646551724137931,0.02586206896551724,0.0,0.0,0.0,0.0,0.0,0.02586206896551724,0.0,0.04310344827586207,0.0,0.0,0.0,0.0,0.0,Control,
2021_Elmentaite_Nature_Intestine|4918STDY7702679,0.0,0.0,0.0,0.0,0.0,0.0,0.0,0.0,0.0,0.0,0.0,0.0,0.0,0.011235955056179775,0.0,0.0,0.0,0.0,0.0,0.0,0.0,0.0,0.19101123595505617,0.797752808988764,Control,
2022_Reichart_Science_Heart|BO_H36_LV0_premrna,0.0,0.0,0.0,0.0,0.0,0.0,0.0,0.0,0.0,0.0,0.0,0.0,0.22580645161290322,0.0,0.0,0.0,0.0,0.0,0.0,0.0,0.7741935483870968,0.0,0.0,0.0,Non-malignant disease,
2023_Lake_Nature_Kidney|KB3,0.0,0.0,0.0,0.0,0.0,0.0,0.0,0.0,0.0,0.0,0.0,0.0,1.0,0.0,0.0,0.0,0.0,0.0,0.0,0.0,0.0,0.0,0.0,0.0,Non-malignant disease,
2022_Gur_Cell_Sceleroderma|GSM5837494_AB8033,0.0,0.0,0.5652173913043478,0.0,0.0,0.0,0.0,0.0,0.0,0.13043478260869565,0.057971014492753624,0.0,0.0,0.10144927536231885,0.0,0.0,0.08695652173913043,0.0,0.057971014492753624,0.0,0.0,0.0,0.0,0.0,Non-malignant disease,
2023_Kumar_Nature_Breast|hbca_n23,0.0,0.0,0.08539944903581267,0.0,0.0,0.0,0.0,0.0,0.0,0.0,0.0,0.0,0.9146005509641874,0.0,0.0,0.0,0.0,0.0,0.0,0.0,0.0,0.0,0.0,0.0,Control,
2022_Gur_Cell_Sceleroderma|GSM5837623_AB8909,0.0,0.0,0.905982905982906,0.0,0.0,0.0,0.008547008547008548,0.0,0.0,0.05128205128205128,0.0,0.0,0.0,0.03418803418803419,0.0,0.0,0.0,0.0,0.0,0.0,0.0,0.0,0.0,0.0,Control,
2021_Pelka_Cell_CRC|C162_N_0_0_0_c1_v3,0.0,0.0,0.7209302325581395,0.0,0.0,0.0,0.0,0.023255813953488372,0.0,0.0,0.0,0.0,0.0,0.0,0.0,0.0,0.0,0.0,0.0,0.0,0.0,0.0,0.11627906976744186,0.13953488372093023,Control,
2022_Reichart_Science_Heart|BS_DL2_LV0_premrna,0.0,0.0,0.0,0.0,0.0,0.0,0.0,0.0,0.0,0.0,0.0,0.0,0.1222707423580786,0.0,0.0,0.0,0.0,0.0,0.0,0.0,0.8777292576419214,0.0,0.0,0.0,Non-malignant disease,
2023_Kumar_Nature_Breast|hbca_c34,0.950381679389313,0.0,0.046755725190839696,0.0,0.0,0.0,0.0,0.0,0.0,0.0,0.0028625954198473282,0.0,0.0,0.0,0.0,0.0,0.0,0.0,0.0,0.0,0.0,0.0,0.0,0.0,Cancer_Tumor,BRCA
2023_Kumar_Nature_Breast|hbca_c85,0.6783625730994152,0.0,0.016374269005847954,0.28421052631578947,0.0,0.0035087719298245615,0.0,0.0,0.0,0.0,0.0,0.0,0.017543859649122806,0.0,0.0,0.0,0.0,0.0,0.0,0.0,0.0,0.0,0.0,0.0,Control,
2020_Litvinukova_Nature_Heart|HCAHeartST11350194,0.0,0.0,0.0847457627118644,0.0,0.0,0.0,0.0,0.0,0.0,0.0,0.0,0.0,0.5060532687651331,0.0,0.0,0.0,0.0,0.0,0.0,0.0,0.4092009685230024,0.0,0.0,0.0,Control,
2022_Gur_Cell_Sceleroderma|GSM5837489_AB8028,0.0,0.0,0.6862745098039216,0.0,0.0,0.0,0.0,0.0,0.0,0.27450980392156865,0.0392156862745098,0.0,0.0,0.0,0.0,0.0,0.0,0.0,0.0,0.0,0.0,0.0,0.0,0.0,Control,
2022_Kumar_CancerDis_Gastric|GSM5573486_sample21,0.0,0.03225806451612903,0.0,0.0,0.0,0.0,0.0,0.0,0.0,0.0,0.0,0.0,0.0,0.0,0.0,0.0,0.0,0.0,0.0,0.0,0.0,0.0,0.9516129032258065,0.016129032258064516,Cancer_AdjNorm,GC
2022_Reichart_Science_Heart|BO_H34_RV0_premrna,0.0,0.0,0.0,0.0,0.0,0.0,0.0,0.0,0.0,0.0,0.0,0.0,0.5097402597402597,0.0,0.0,0.0,0.0,0.0,0.0,0.0,0.4902597402597403,0.0,0.0,0.0,Non-malignant disease,
2022_Gur_Cell_Sceleroderma|GSM5837609_AB8771,0.0,0.0,0.4077669902912621,0.0,0.02912621359223301,0.0,0.0,0.0,0.0,0.20388349514563106,0.0,0.0,0.0,0.06796116504854369,0.0,0.0,0.18446601941747573,0.0,0.10679611650485436,0.0,0.0,0.0,0.0,0.0,Non-malignant disease,
2021_Elmentaite_Nature_Intestine|4918STDY7447825,0.0,0.0,0.0,0.0,0.0,0.0,0.0,0.0,0.0,0.0,0.0,0.0,0.0,0.02734375,0.0,0.0,0.0,0.0,0.0,0.0,0.0,0.0,0.15234375,0.8203125,Control,
2023_Kumar_Nature_Breast|hbca_c56,0.026677782409337224,0.04543559816590246,0.8591079616506878,0.05627344726969571,0.0,0.0,0.0,0.0,0.0,0.0,0.0,0.0,0.0025010421008753647,0.0,0.010004168403501459,0.0,0.0,0.0,0.0,0.0,0.0,0.0,0.0,0.0,Control,
2022_Hwang_NatGenet_PDAC|U12_Untreated,0.0,0.0,0.0,0.0,0.10416666666666667,0.0,0.049479166666666664,0.0,0.0,0.0,0.0,0.0,0.8463541666666666,0.0,0.0,0.0,0.0,0.0,0.0,0.0,0.0,0.0,0.0,0.0,Cancer_Tumor,PC
2022_Gur_Cell_Sceleroderma|GSM5837440_AB7852,0.0,0.0,0.3804347826086957,0.0,0.0,0.0,0.0,0.0,0.0,0.42391304347826086,0.03260869565217391,0.0,0.010869565217391304,0.03260869565217391,0.043478260869565216,0.0,0.021739130434782608,0.0,0.05434782608695652,0.0,0.0,0.0,0.0,0.0,Non-malignant disease,
2020_Litvinukova_Nature_Heart|HCAHeartST13189997,0.4166666666666667,0.0,0.0392156862745098,0.0,0.0,0.0,0.0,0.0,0.0,0.0,0.0,0.0,0.5441176470588235,0.0,0.0,0.0,0.0,0.0,0.0,0.0,0.0,0.0,0.0,0.0,Control,
2023_Kumar_Nature_Breast|hbca_c09,0.0,0.0,1.0,0.0,0.0,0.0,0.0,0.0,0.0,0.0,0.0,0.0,0.0,0.0,0.0,0.0,0.0,0.0,0.0,0.0,0.0,0.0,0.0,0.0,Control,
2022_Gur_Cell_Sceleroderma|GSM5837665_AB9114,0.0,0.0,0.7325581395348837,0.0,0.0,0.0,0.0,0.0,0.0,0.11627906976744186,0.08139534883720931,0.0,0.0,0.011627906976744186,0.0,0.0,0.023255813953488372,0.0,0.03488372093023256,0.0,0.0,0.0,0.0,0.0,Non-malignant disease,
2022_Hwang_NatGenet_PDAC|T18_CRTl,0.0,0.0,0.0,0.0,0.0,0.0,0.024390243902439025,0.0,0.20121951219512196,0.0,0.0,0.0,0.774390243902439,0.0,0.0,0.0,0.0,0.0,0.0,0.0,0.0,0.0,0.0,0.0,Cancer_Tumor,PC
2022_Nee_NatGenet_Breast|GSM5320153_scRNA_ctrl2,0.7734030837004405,0.0,0.0,0.0,0.0,0.22659691629955947,0.0,0.0,0.0,0.0,0.0,0.0,0.0,0.0,0.0,0.0,0.0,0.0,0.0,0.0,0.0,0.0,0.0,0.0,Control,
2022_Reichart_Science_Heart|BO_H02_LV0_premrna,0.0,0.0,0.0,0.0,0.0,0.0,0.0,0.0,0.0,0.0,0.0,0.0,0.2222222222222222,0.0,0.0,0.0,0.0,0.0,0.0,0.0,0.7777777777777778,0.0,0.0,0.0,Non-malignant disease,
2022_Gur_Cell_Sceleroderma|GSM5837493_AB8032,0.0,0.0,0.36507936507936506,0.06349206349206349,0.015873015873015872,0.0,0.015873015873015872,0.015873015873015872,0.0,0.14285714285714285,0.015873015873015872,0.0,0.015873015873015872,0.1111111111111111,0.0,0.0,0.12698412698412698,0.0,0.1111111111111111,0.0,0.0,0.0,0.0,0.0,Non-malignant disease,
2022_Zhou_NatGenet_PDAC|HT064P1-S1H9A2A1Z1_1B2_1,0.0,0.0,0.16853932584269662,0.0,0.12359550561797752,0.0,0.10112359550561797,0.24719101123595505,0.30337078651685395,0.0,0.0,0.0,0.011235955056179775,0.0449438202247191,0.0,0.0,0.0,0.0,0.0,0.0,0.0,0.0,0.0,0.0,Cancer_Tumor,PC
2020_Habermann_SciAdv_Lung-COVID19|GSM5226586_L06cov,0.0,0.0,0.0353356890459364,0.0,0.0176678445229682,0.0,0.0,0.028268551236749116,0.0,0.0,0.0,0.0,0.9187279151943463,0.0,0.0,0.0,0.0,0.0,0.0,0.0,0.0,0.0,0.0,0.0,Non-malignant disease,
2020_Habermann_SciAdv_Lung-COVID19|GSM5226588_L08cov,0.0,0.0,0.020599250936329586,0.0,0.12359550561797752,0.0,0.0,0.018726591760299626,0.0,0.0,0.0,0.0,0.8370786516853933,0.0,0.0,0.0,0.0,0.0,0.0,0.0,0.0,0.0,0.0,0.0,Non-malignant disease,
2020_Habermann_SciAdv_Lung-COVID19|GSM5226592_L12cov,0.0,0.0,0.0,0.0,0.007751937984496124,0.0,0.0,0.0,0.0,0.0,0.0,0.0,0.9922480620155039,0.0,0.0,0.0,0.0,0.0,0.0,0.0,0.0,0.0,0.0,0.0,Non-malignant disease,
2023_Kumar_Nature_Breast|hbca_c94,0.7872340425531915,0.08611955420466058,0.12056737588652482,0.00303951367781155,0.0,0.0,0.0,0.0,0.0,0.0,0.0,0.0,0.00303951367781155,0.0,0.0,0.0,0.0,0.0,0.0,0.0,0.0,0.0,0.0,0.0,Control,
2022_Gur_Cell_Sceleroderma|GSM5837635_AB8933,0.0,0.0,0.7349397590361446,0.0,0.0,0.0,0.0,0.0,0.0,0.21686746987951808,0.0,0.0,0.0,0.012048192771084338,0.0,0.0,0.024096385542168676,0.0,0.012048192771084338,0.0,0.0,0.0,0.0,0.0,Non-malignant disease,
2023_Hickey_Nature_Intestine|B005-A-201,0.043010752688172046,0.0,0.06451612903225806,0.0,0.0,0.0,0.0,0.0,0.0,0.0,0.0,0.0,0.8924731182795699,0.0,0.0,0.0,0.0,0.0,0.0,0.0,0.0,0.0,0.0,0.0,Control,
2022_Emont_Nature_WAT|Hs_SAT_SVF_238-1A-1,0.0,0.0,1.0,0.0,0.0,0.0,0.0,0.0,0.0,0.0,0.0,0.0,0.0,0.0,0.0,0.0,0.0,0.0,0.0,0.0,0.0,0.0,0.0,0.0,Control,
2022_Gur_Cell_Sceleroderma|GSM5837347_AB7450,0.0,0.0,0.8703703703703703,0.0,0.0,0.0,0.0,0.0,0.0,0.05555555555555555,0.027777777777777776,0.0,0.009259259259259259,0.037037037037037035,0.0,0.0,0.0,0.0,0.0,0.0,0.0,0.0,0.0,0.0,Non-malignant disease,
2023_Kumar_Nature_Breast|hbca_c140,0.8387096774193549,0.036738351254480286,0.09946236559139784,0.025089605734767026,0.0,0.0,0.0,0.0,0.0,0.0,0.0,0.0,0.0,0.0,0.0,0.0,0.0,0.0,0.0,0.0,0.0,0.0,0.0,0.0,Control,
2022_Reichart_Science_Heart|BO_H09_LV0_premrna,0.0,0.0,0.0,0.0,0.0,0.0,0.0,0.0,0.0,0.0,0.0,0.0,0.110752688172043,0.0,0.0,0.0,0.0,0.0,0.0,0.0,0.889247311827957,0.0,0.0,0.0,Non-malignant disease,
2022_Reichart_Science_Heart|BO_H22_LV0_premrna,0.0,0.0,0.0,0.0,0.0,0.0,0.0,0.0,0.0,0.0,0.0,0.0,0.6195121951219512,0.0,0.0,0.0,0.0,0.0,0.0,0.0,0.3804878048780488,0.0,0.0,0.0,Non-malignant disease,
2022_vanZyl_PNAS_Eye|Hu235IrisPS1,0.0,0.0,0.0,0.0,0.0,0.0,0.0,0.0,0.0,0.0,0.0,0.04114713216957606,0.9588528678304239,0.0,0.0,0.0,0.0,0.0,0.0,0.0,0.0,0.0,0.0,0.0,Control,
2022_Nee_NatGenet_Breast|GSM5320159_scRNA_ctrl8,0.009037328094302554,0.0,0.0,0.0,0.0,0.9909626719056974,0.0,0.0,0.0,0.0,0.0,0.0,0.0,0.0,0.0,0.0,0.0,0.0,0.0,0.0,0.0,0.0,0.0,0.0,Control,
2022_Gur_Cell_Sceleroderma|GSM5837346_AB7449,0.0,0.0,0.6460176991150443,0.0,0.0,0.0,0.0,0.0,0.0,0.26548672566371684,0.0,0.0,0.0,0.05309734513274336,0.0,0.0,0.035398230088495575,0.0,0.0,0.0,0.0,0.0,0.0,0.0,Control,
2023_Kong_Immunity_CD|N105598_L1,0.0,0.0,0.0,0.0,0.0,0.0,0.0,0.04716981132075472,0.0,0.0,0.0,0.0,0.0,0.0,0.0,0.0,0.0,0.0,0.0,0.0,0.0,0.0,0.25471698113207547,0.6981132075471698,Non-malignant disease,
2021_Garcia-Alonso_NatGenet_Endometrial|4861STDY7387183,0.04659498207885305,0.0,0.13978494623655913,0.0,0.0,0.0,0.0,0.021505376344086023,0.017921146953405017,0.0,0.0,0.0,0.0,0.0,0.0,0.0,0.0,0.0,0.0,0.7741935483870968,0.0,0.0,0.0,0.0,Control,
2023_Kong_Immunity_CD|N168051_L2,0.0,0.0,0.0,0.0,0.0,0.0,0.0,0.014084507042253521,0.0,0.0,0.0,0.0,0.0,0.09859154929577464,0.0,0.0,0.0,0.0,0.0,0.0,0.0,0.0,0.18309859154929578,0.704225352112676,Non-malignant disease,
2022_Emont_Nature_WAT|Hs_SAT_09-1,0.0,0.0,0.37142857142857144,0.0,0.0,0.0,0.0,0.0,0.0,0.0,0.0,0.0,0.6285714285714286,0.0,0.0,0.0,0.0,0.0,0.0,0.0,0.0,0.0,0.0,0.0,Control,
2023_Kumar_Nature_Breast|hbca_c151,0.6881028938906752,0.05305466237942122,0.2379421221864952,0.0,0.0,0.0,0.0,0.0,0.02090032154340836,0.0,0.0,0.0,0.0,0.0,0.0,0.0,0.0,0.0,0.0,0.0,0.0,0.0,0.0,0.0,Control,
2022_Emont_Nature_WAT|Hs_SAT_SVF_235-2A-2,0.0,0.0,1.0,0.0,0.0,0.0,0.0,0.0,0.0,0.0,0.0,0.0,0.0,0.0,0.0,0.0,0.0,0.0,0.0,0.0,0.0,0.0,0.0,0.0,Control,
2023_Kong_Immunity_CD|H197396_N1,0.0,0.015625,0.53125,0.0,0.0,0.0,0.0,0.03125,0.0,0.0,0.0,0.0,0.015625,0.25,0.0,0.0,0.0,0.0,0.0,0.0,0.0,0.0,0.046875,0.109375,Control,
2022_Nee_NatGenet_Breast|GSM5320168_scRNA_brca6,1.0,0.0,0.0,0.0,0.0,0.0,0.0,0.0,0.0,0.0,0.0,0.0,0.0,0.0,0.0,0.0,0.0,0.0,0.0,0.0,0.0,0.0,0.0,0.0,Control,
2023_Kumar_Nature_Breast|hbca_c80,0.9076831447290054,0.012507444907683145,0.07504466944609887,0.004764740917212627,0.0,0.0,0.0,0.0,0.0,0.0,0.0,0.0,0.0,0.0,0.0,0.0,0.0,0.0,0.0,0.0,0.0,0.0,0.0,0.0,Control,
2022_TabulaSapiens_Science_TabulaSapiens|TSP7_Tongue_Posterior_10X,0.016666666666666666,0.0,0.1,0.0,0.0,0.0,0.0,0.0,0.05,0.7666666666666667,0.0,0.0,0.0,0.0,0.0,0.0,0.0,0.0,0.0,0.0,0.0,0.06666666666666667,0.0,0.0,Control,
2022_Gur_Cell_Sceleroderma|GSM5837472_AB8011,0.0,0.018518518518518517,0.6666666666666666,0.0,0.0,0.0,0.0,0.0,0.0,0.25925925925925924,0.018518518518518517,0.0,0.0,0.0,0.0,0.0,0.037037037037037035,0.0,0.0,0.0,0.0,0.0,0.0,0.0,Control,
2022_Gur_Cell_Sceleroderma|GSM5837629_AB8915,0.0,0.0,0.725,0.0,0.0,0.0,0.0,0.0,0.0,0.15,0.0,0.0,0.0,0.05,0.0625,0.0,0.0125,0.0,0.0,0.0,0.0,0.0,0.0,0.0,Non-malignant disease,
2022_Gur_Cell_Sceleroderma|GSM5837343_AB7446,0.0,0.0,0.6052631578947368,0.0,0.013157894736842105,0.0,0.0,0.0,0.0,0.18421052631578946,0.039473684210526314,0.0,0.0,0.11842105263157894,0.0,0.0,0.039473684210526314,0.0,0.0,0.0,0.0,0.0,0.0,0.0,Non-malignant disease,
2022_vanZyl_PNAS_Eye|Pt2CB,0.0,0.0,0.0,0.0,0.0,0.0,0.0,0.0,0.0,0.0,0.0,0.8215892053973014,0.17841079460269865,0.0,0.0,0.0,0.0,0.0,0.0,0.0,0.0,0.0,0.0,0.0,Control,
2022_Gur_Cell_Sceleroderma|GSM5837181_AB14117,0.0,0.0,0.9626168224299065,0.0,0.0,0.0,0.0,0.0,0.0,0.0,0.018691588785046728,0.0,0.0,0.018691588785046728,0.0,0.0,0.0,0.0,0.0,0.0,0.0,0.0,0.0,0.0,Non-malignant disease,
2020_Litvinukova_Nature_Heart|HCAHeart7835148,0.0,0.0,0.09243697478991597,0.0,0.0,0.0,0.0,0.0,0.0,0.0,0.0,0.0,0.7142857142857143,0.0,0.0,0.0,0.0,0.0,0.0,0.0,0.19327731092436976,0.0,0.0,0.0,Control,
2023_Kong_Immunity_CD|N154787_L1,0.0,0.0,0.0,0.0,0.0,0.0,0.0,0.0,0.0,0.0,0.0,0.0,0.0,0.0,0.0,0.0,0.0,0.0,0.0,0.0,0.0,0.0,0.2159090909090909,0.7840909090909091,Non-malignant disease,
2023_Kumar_Nature_Breast|hbca_n20,0.0,0.0,0.0,0.2513181019332162,0.0,0.0035149384885764497,0.0,0.0,0.0,0.0,0.0,0.0,0.7451669595782073,0.0,0.0,0.0,0.0,0.0,0.0,0.0,0.0,0.0,0.0,0.0,Control,
2020_Drokhlyansky_Cell_EntericNerve|H10_S55,0.0,0.0,0.0,0.0,0.0,0.0,0.0,0.0,0.0,0.0,0.0,0.0,1.0,0.0,0.0,0.0,0.0,0.0,0.0,0.0,0.0,0.0,0.0,0.0,Cancer_AdjNorm,CRC
2023_Kong_Immunity_CD|N128208_L,0.0,0.0,0.0,0.0,0.0,0.0,0.0,0.0,0.0,0.0,0.0,0.0,0.0,0.01509433962264151,0.0,0.0,0.0,0.0,0.0,0.0,0.0,0.0,0.23773584905660378,0.7471698113207547,Non-malignant disease,
2023_Wang_SciAdv_CRC|s0813_Liver_Tumor,0.0,0.0,0.0,0.0,0.52,0.0,0.26857142857142857,0.15428571428571428,0.0,0.0,0.0,0.0,0.0,0.0,0.05714285714285714,0.0,0.0,0.0,0.0,0.0,0.0,0.0,0.0,0.0,Cancer_Metastasis,CRC
2022_Hwang_NatGenet_PDAC|T25_Other,0.0,0.0,0.0,0.0,0.6047297297297297,0.0,0.0,0.0,0.0,0.0,0.0,0.0,0.3952702702702703,0.0,0.0,0.0,0.0,0.0,0.0,0.0,0.0,0.0,0.0,0.0,Cancer_Tumor,PC
2020_Habermann_SciAdv_Lung-COVID19|GSM5226578_C55ctr,0.0,0.0,0.0,0.0,0.0,0.0,0.0,0.0,0.0,0.0,0.0,0.0,1.0,0.0,0.0,0.0,0.0,0.0,0.0,0.0,0.0,0.0,0.0,0.0,Control,
2020_Adams_SciAdv_IPF|034I-a,0.021739130434782608,0.0,0.22826086956521738,0.0,0.22826086956521738,0.0,0.043478260869565216,0.03260869565217391,0.0,0.0,0.0,0.0,0.43478260869565216,0.010869565217391304,0.0,0.0,0.0,0.0,0.0,0.0,0.0,0.0,0.0,0.0,Non-malignant disease,
2022_vanZyl_PNAS_Eye|Hu220235IrisCS1,0.0,0.0,0.0,0.0,0.0,0.0,0.0,0.0,0.0,0.0,0.0,0.0,1.0,0.0,0.0,0.0,0.0,0.0,0.0,0.0,0.0,0.0,0.0,0.0,Control,
2021_Elmentaite_Nature_Intestine|Human_colon_16S8117830,0.0,0.0,0.9878048780487805,0.0,0.0,0.0,0.0,0.0,0.0,0.0,0.0,0.0,0.0,0.0,0.0,0.0,0.0,0.0,0.0,0.0,0.0,0.0,0.0,0.012195121951219513,Control,
2022_Gur_Cell_Sceleroderma|GSM5837596_AB8679,0.0,0.0,0.183206106870229,0.0,0.10687022900763359,0.0,0.0,0.0,0.0,0.09923664122137404,0.015267175572519083,0.0,0.007633587786259542,0.2366412213740458,0.0,0.0,0.26717557251908397,0.0,0.08396946564885496,0.0,0.0,0.0,0.0,0.0,Non-malignant disease,
2022_Reichart_Science_Heart|BO_H27_LV0_premrna,0.0,0.0,0.0,0.0,0.0,0.0,0.0,0.0,0.0,0.0,0.0,0.0,0.276707530647986,0.0,0.0,0.0,0.0,0.0,0.0,0.0,0.723292469352014,0.0,0.0,0.0,Non-malignant disease,
2022_Reichart_Science_Heart|BO_H08_S00_premrna,0.0,0.0,0.0,0.0,0.0,0.0,0.0,0.0,0.0,0.0,0.0,0.0,0.28515625,0.0,0.0,0.0,0.0,0.0,0.0,0.0,0.71484375,0.0,0.0,0.0,Non-malignant disease,
2023_Monavarfeshani_PNAS_Eye|Hu086916ODONHallnuc,0.0,0.0,0.0,0.0,0.0,0.0,0.0,0.0,0.0,0.0,0.0,0.0,1.0,0.0,0.0,0.0,0.0,0.0,0.0,0.0,0.0,0.0,0.0,0.0,Control,
2020_Litvinukova_Nature_Heart|HCAHeart7880860,0.0,0.0,0.01282051282051282,0.0,0.0,0.0,0.0,0.0,0.0,0.0,0.0,0.0,0.02564102564102564,0.0,0.0,0.0,0.0,0.0,0.0,0.0,0.9615384615384616,0.0,0.0,0.0,Control,
2022_Gur_Cell_Sceleroderma|GSM5837634_AB8932,0.0,0.0,0.6373626373626373,0.0,0.0,0.0,0.0,0.0,0.0,0.24175824175824176,0.02197802197802198,0.0,0.0,0.02197802197802198,0.0,0.0,0.03296703296703297,0.0,0.04395604395604396,0.0,0.0,0.0,0.0,0.0,Non-malignant disease,
2021_Wu_NatGenet_Breast|CID4067,0.0,0.0,0.09482758620689655,0.0,0.8879310344827587,0.0,0.017241379310344827,0.0,0.0,0.0,0.0,0.0,0.0,0.0,0.0,0.0,0.0,0.0,0.0,0.0,0.0,0.0,0.0,0.0,Cancer_Tumor,BRCA
2023_Hickey_Nature_Intestine|B011-A-401,0.0,0.0,0.12790697674418605,0.0,0.0,0.0,0.0,0.0,0.0,0.0,0.0,0.0,0.06976744186046512,0.0,0.0,0.0,0.0,0.0,0.0,0.0,0.0,0.0,0.27906976744186046,0.5232558139534884,Control,
2022_Reichart_Science_Heart|BO_H55_RV0_premrna,0.0,0.0,0.0,0.0,0.0,0.0,0.0,0.0,0.0,0.0,0.0,0.0,0.9047619047619048,0.0,0.0,0.0,0.0,0.0,0.0,0.0,0.09523809523809523,0.0,0.0,0.0,Control,
2023_Kumar_Nature_Breast|hbca_c164,0.6260423348300193,0.2944194996792816,0.07953816549069917,0.0,0.0,0.0,0.0,0.0,0.0,0.0,0.0,0.0,0.0,0.0,0.0,0.0,0.0,0.0,0.0,0.0,0.0,0.0,0.0,0.0,Control,
2022_TabulaSapiens_Science_TabulaSapiens|TSP2_Trachea_nan_10X,0.0,0.0,0.8265895953757225,0.0,0.0,0.023121387283236993,0.0,0.0,0.0,0.15028901734104047,0.0,0.0,0.0,0.0,0.0,0.0,0.0,0.0,0.0,0.0,0.0,0.0,0.0,0.0,Control,
2023_Kumar_Nature_Breast|hbca_n17,0.0,0.0,0.20431472081218274,0.0,0.0,0.0,0.0,0.0,0.0,0.0,0.0,0.0,0.7956852791878173,0.0,0.0,0.0,0.0,0.0,0.0,0.0,0.0,0.0,0.0,0.0,Control,
2020_Drokhlyansky_Cell_EntericNerve|H10_S46,0.0,0.0,0.0,0.0,0.0,0.0,0.0,0.0,0.0,0.0,0.0,0.0,0.9861111111111112,0.0,0.0,0.0,0.0,0.0,0.0,0.0,0.013888888888888888,0.0,0.0,0.0,Cancer_AdjNorm,CRC
2023_Kumar_Nature_Breast|hbca_c97,0.8224057821373257,0.0,0.17759421786267424,0.0,0.0,0.0,0.0,0.0,0.0,0.0,0.0,0.0,0.0,0.0,0.0,0.0,0.0,0.0,0.0,0.0,0.0,0.0,0.0,0.0,Control,
2023_Monavarfeshani_PNAS_Eye|Hu235OSONH,0.0,0.0,0.0,0.0,0.0,0.0,0.0,0.0,0.0,0.0,0.0,0.0,1.0,0.0,0.0,0.0,0.0,0.0,0.0,0.0,0.0,0.0,0.0,0.0,Control,
2022_Madissoon_NatGenet_Lung|5841STDY7991486,0.0,0.0,0.7180616740088106,0.0,0.0,0.0,0.0,0.28193832599118945,0.0,0.0,0.0,0.0,0.0,0.0,0.0,0.0,0.0,0.0,0.0,0.0,0.0,0.0,0.0,0.0,Control,
2021_Melms_Nature_Lung-COVID19|C53ctr,0.0,0.0,0.01909307875894988,0.0,0.0,0.0,0.0,0.0,0.0,0.0,0.0,0.0,0.9809069212410502,0.0,0.0,0.0,0.0,0.0,0.0,0.0,0.0,0.0,0.0,0.0,Control,
2023_Kong_Immunity_CD|N192985_L,0.0,0.0,0.0,0.0,0.0,0.0,0.0,0.0,0.0,0.0,0.0,0.0,0.0,0.0,0.0,0.0,0.0,0.0,0.0,0.0,0.0,0.0,0.2677165354330709,0.7322834645669292,Non-malignant disease,
2023_Fonseca_NatGenet_Endometriosis|sample24,0.007462686567164179,0.0,0.6791044776119403,0.0,0.022388059701492536,0.0,0.014925373134328358,0.007462686567164179,0.0,0.0,0.0,0.0,0.0,0.0,0.0,0.0,0.0,0.0,0.0,0.26865671641791045,0.0,0.0,0.0,0.0,Non-malignant disease,
2022_Gur_Cell_Sceleroderma|GSM5837323_AB7339,0.0,0.0,0.8181818181818182,0.0,0.0,0.0,0.0,0.0,0.0,0.14285714285714285,0.012987012987012988,0.0,0.0,0.025974025974025976,0.0,0.0,0.0,0.0,0.0,0.0,0.0,0.0,0.0,0.0,Control,
2022_Reichart_Science_Heart|BO_H80_S00_premrna,0.0,0.0,0.0,0.0,0.0,0.0,0.0,0.0,0.0,0.0,0.0,0.0,0.18205128205128204,0.0,0.0,0.0,0.0,0.0,0.0,0.0,0.8179487179487179,0.0,0.0,0.0,Non-malignant disease,
2023_Kumar_Nature_Breast|hbca_c117,0.9283216783216783,0.032342657342657344,0.009615384615384616,0.02972027972027972,0.0,0.0,0.0,0.0,0.0,0.0,0.0,0.0,0.0,0.0,0.0,0.0,0.0,0.0,0.0,0.0,0.0,0.0,0.0,0.0,Cancer_Tumor,BRCA
2022_Reichart_Science_Heart|ED_DS3_LV0_premrna,0.0,0.0,0.0,0.0,0.0,0.0,0.0,0.0,0.0,0.0,0.0,0.0,0.3103448275862069,0.0,0.0,0.0,0.0,0.0,0.0,0.0,0.6896551724137931,0.0,0.0,0.0,Non-malignant disease,
2022_Emont_Nature_WAT|Hs_SAT_253-1,0.0,0.0,0.2956989247311828,0.0,0.0,0.0,0.0,0.0,0.0,0.0,0.0,0.0,0.7043010752688172,0.0,0.0,0.0,0.0,0.0,0.0,0.0,0.0,0.0,0.0,0.0,Control,
2022_Gur_Cell_Sceleroderma|GSM5837152_AB13819,0.0,0.0,0.6595744680851063,0.0,0.0,0.0,0.0,0.0,0.0,0.2765957446808511,0.0,0.0,0.0,0.02127659574468085,0.0,0.0,0.0425531914893617,0.0,0.0,0.0,0.0,0.0,0.0,0.0,Control,
2022_Madissoon_NatGenet_Lung|WTDAtest7732269,0.0011961722488038277,0.0,0.458133971291866,0.0,0.0,0.0,0.0,0.5406698564593302,0.0,0.0,0.0,0.0,0.0,0.0,0.0,0.0,0.0,0.0,0.0,0.0,0.0,0.0,0.0,0.0,Control,
2023_Kong_Immunity_CD|N130064_N2,0.0,0.5373134328358209,0.3880597014925373,0.0,0.0,0.0,0.0,0.0,0.0,0.0,0.0,0.0,0.0,0.05223880597014925,0.0,0.0,0.0,0.0,0.0,0.0,0.0,0.0,0.0,0.022388059701492536,Non-malignant disease,
2022_Emont_Nature_WAT|Hs_OAT_266-1,0.0,0.0,0.020316027088036117,0.0,0.0,0.0,0.0,0.0,0.0,0.0,0.0,0.0,0.9796839729119639,0.0,0.0,0.0,0.0,0.0,0.0,0.0,0.0,0.0,0.0,0.0,Control,
2023_Kumar_Nature_Breast|hbca_c33,0.9117965367965368,0.02813852813852814,0.0367965367965368,0.0,0.0,0.02002164502164502,0.0,0.0,0.0,0.0,0.0010822510822510823,0.0,0.0021645021645021645,0.0,0.0,0.0,0.0,0.0,0.0,0.0,0.0,0.0,0.0,0.0,Cancer_Tumor,BRCA
2022_TabulaSapiens_Science_TabulaSapiens|TSP4_Mammary_nan_10X,0.5830258302583026,0.03198031980319803,0.0,0.0,0.0,0.3849938499384994,0.0,0.0,0.0,0.0,0.0,0.0,0.0,0.0,0.0,0.0,0.0,0.0,0.0,0.0,0.0,0.0,0.0,0.0,Control,
2022_Reichart_Science_Heart|BO_H37_S00_premrna,0.0,0.0,0.0,0.0,0.0,0.0,0.0,0.0,0.0,0.0,0.0,0.0,0.827768014059754,0.0,0.0,0.0,0.0,0.0,0.0,0.0,0.17223198594024605,0.0,0.0,0.0,Non-malignant disease,
2022_Gur_Cell_Sceleroderma|GSM5837595_AB8678,0.0,0.0,0.6024844720496895,0.0,0.0,0.0,0.0,0.0,0.0,0.2919254658385093,0.012422360248447204,0.0,0.0,0.018633540372670808,0.0,0.0,0.037267080745341616,0.0,0.037267080745341616,0.0,0.0,0.0,0.0,0.0,Control,
2022_vanZyl_PNAS_Eye|Hu220OSCB,0.0,0.0,0.0,0.0,0.0,0.0,0.0,0.0,0.0,0.0,0.0,0.910581222056632,0.08941877794336811,0.0,0.0,0.0,0.0,0.0,0.0,0.0,0.0,0.0,0.0,0.0,Control,
2022_Reichart_Science_Heart|BO_H09_RV0_premrna,0.0,0.0,0.0,0.0,0.0,0.0,0.0,0.0,0.0,0.0,0.0,0.0,0.2515151515151515,0.0,0.0,0.0,0.0,0.0,0.0,0.0,0.7484848484848485,0.0,0.0,0.0,Non-malignant disease,
2022_Reichart_Science_Heart|BO_H59_LV0_premrna,0.0,0.0,0.0,0.0,0.0,0.0,0.0,0.0,0.0,0.0,0.0,0.0,0.9187817258883249,0.0,0.0,0.0,0.0,0.0,0.0,0.0,0.08121827411167512,0.0,0.0,0.0,Non-malignant disease,
2023_Monavarfeshani_PNAS_Eye|Pt13Cho,0.0,0.0,0.0,0.0,0.0,0.0,0.0,0.0,0.0,0.0,0.0,0.8910284463894967,0.10897155361050329,0.0,0.0,0.0,0.0,0.0,0.0,0.0,0.0,0.0,0.0,0.0,Control,
2022_Reichart_Science_Heart|BO_H31_RVW_premrna,0.0,0.0,0.0,0.0,0.0,0.0,0.0,0.0,0.0,0.0,0.0,0.0,0.875,0.0,0.0,0.0,0.0,0.0,0.0,0.0,0.125,0.0,0.0,0.0,Non-malignant disease,
2021_Pelka_Cell_CRC|C162_N_0_0_0_c2_v2,0.0,0.0,0.543859649122807,0.0,0.0,0.0,0.0,0.0,0.0,0.017543859649122806,0.0,0.0,0.0,0.0,0.0,0.0,0.0,0.0,0.0,0.0,0.0,0.0,0.19298245614035087,0.24561403508771928,Control,
2022_Gur_Cell_Sceleroderma|GSM5837421_AB7760,0.0,0.0,0.358974358974359,0.0,0.0,0.0,0.0,0.0,0.0,0.21367521367521367,0.0,0.0,0.008547008547008548,0.10256410256410256,0.0,0.0,0.1794871794871795,0.0,0.13675213675213677,0.0,0.0,0.0,0.0,0.0,Non-malignant disease,
2023_Monavarfeshani_PNAS_Eye|Pt8PPS,0.0,0.0,0.0,0.0,0.0,0.0,0.0,0.0,0.10030395136778116,0.0,0.0,0.0,0.8996960486322189,0.0,0.0,0.0,0.0,0.0,0.0,0.0,0.0,0.0,0.0,0.0,Control,
2022_Gur_Cell_Sceleroderma|GSM5837434_AB7846,0.0,0.0,0.4322033898305085,0.0,0.0,0.0,0.0,0.0,0.0,0.559322033898305,0.00847457627118644,0.0,0.0,0.0,0.0,0.0,0.0,0.0,0.0,0.0,0.0,0.0,0.0,0.0,Non-malignant disease,
2021_Elmentaite_Nature_Intestine|WTDAtest7770716,0.13043478260869565,0.0,0.8695652173913043,0.0,0.0,0.0,0.0,0.0,0.0,0.0,0.0,0.0,0.0,0.0,0.0,0.0,0.0,0.0,0.0,0.0,0.0,0.0,0.0,0.0,Control,
2022_Reichart_Science_Heart|BO_H12_RV0_premrna,0.0,0.0,0.0,0.0,0.0,0.0,0.0,0.0,0.0,0.0,0.0,0.0,0.445578231292517,0.0,0.0,0.0,0.0,0.0,0.0,0.0,0.5544217687074829,0.0,0.0,0.0,Non-malignant disease,
2023_Hickey_Nature_Intestine|B010-A-002,0.0,0.0,0.09740259740259741,0.0,0.0,0.0,0.0,0.0,0.0,0.0,0.0,0.0,0.11038961038961038,0.0,0.0,0.0,0.0,0.0,0.0,0.0,0.0,0.0,0.3116883116883117,0.4805194805194805,Control,
2022_Emont_Nature_WAT|Hs_SAT_SVF_239-3BC-1,0.0,0.0,1.0,0.0,0.0,0.0,0.0,0.0,0.0,0.0,0.0,0.0,0.0,0.0,0.0,0.0,0.0,0.0,0.0,0.0,0.0,0.0,0.0,0.0,Control,
2023_Hickey_Nature_Intestine|B008-A-301,0.0,0.0,0.03278688524590164,0.0,0.0,0.0,0.0,0.0,0.0,0.0,0.0,0.0,0.6311475409836066,0.0,0.0,0.0,0.0,0.0,0.0,0.0,0.0,0.0,0.06557377049180328,0.27049180327868855,Control,
2022_vanZyl_PNAS_Eye|Hu218OSTM,0.0,0.0,0.0,0.0,0.0,0.0,0.0,0.0,0.0,0.0,0.0,0.7764265668849392,0.2235734331150608,0.0,0.0,0.0,0.0,0.0,0.0,0.0,0.0,0.0,0.0,0.0,Control,
2022_Reichart_Science_Heart|BO_H40_S00_premrna,0.0,0.0,0.014218009478672985,0.0,0.0,0.0,0.0,0.0,0.0,0.0,0.0,0.0,0.6066350710900474,0.0,0.0,0.0,0.0,0.0,0.0,0.0,0.3791469194312796,0.0,0.0,0.0,Non-malignant disease,
2022_TabulaSapiens_Science_TabulaSapiens|TSP10_Skin_nan_10X,0.5748898678414097,0.014317180616740088,0.05286343612334802,0.0,0.0,0.30506607929515417,0.0,0.0,0.0,0.018722466960352423,0.0,0.0,0.0,0.0,0.0,0.0,0.019823788546255508,0.0,0.014317180616740088,0.0,0.0,0.0,0.0,0.0,Control,
2022_Gur_Cell_Sceleroderma|GSM5837396_AB7703,0.0,0.0,0.5346534653465347,0.0,0.0,0.0,0.0,0.0,0.0,0.09900990099009901,0.0,0.0,0.0297029702970297,0.12871287128712872,0.0,0.0,0.15841584158415842,0.0,0.04950495049504951,0.0,0.0,0.0,0.0,0.0,Non-malignant disease,
2023_Fonseca_NatGenet_Endometriosis|sample29,0.033363390441839495,0.15058611361587015,0.07303877366997295,0.0,0.26420198376916143,0.0,0.013525698827772768,0.07484220018034266,0.0,0.0,0.0,0.0,0.025247971145175834,0.0018034265103697023,0.0,0.0,0.0,0.0,0.0,0.36339044183949504,0.0,0.0,0.0,0.0,Non-malignant disease,
2022_Gur_Cell_Sceleroderma|GSM5837054_AB12596,0.0,0.0,0.7936507936507936,0.0,0.0,0.0,0.0,0.0,0.0,0.1111111111111111,0.047619047619047616,0.0,0.0,0.031746031746031744,0.0,0.0,0.0,0.0,0.015873015873015872,0.0,0.0,0.0,0.0,0.0,Control,
2022_Reichart_Science_Heart|BS_DP2_LV0_premrna,0.0,0.0,0.0,0.0,0.0,0.0,0.0,0.0,0.0,0.0,0.0,0.0,0.6739130434782609,0.0,0.0,0.0,0.0,0.0,0.0,0.0,0.32608695652173914,0.0,0.0,0.0,Non-malignant disease,
2021_Melms_Nature_Lung-COVID19|L17cov,0.0,0.0,0.0,0.0,0.0,0.0,0.0,0.011725293132328308,0.0,0.0,0.0,0.0,0.9882747068676717,0.0,0.0,0.0,0.0,0.0,0.0,0.0,0.0,0.0,0.0,0.0,Non-malignant disease,
2022_Madissoon_NatGenet_Lung|WSSS8123928,0.009900990099009901,0.0,0.8415841584158416,0.0,0.0,0.0297029702970297,0.0,0.0,0.019801980198019802,0.009900990099009901,0.0,0.0,0.0,0.0891089108910891,0.0,0.0,0.0,0.0,0.0,0.0,0.0,0.0,0.0,0.0,Control,
2020_Litvinukova_Nature_Heart|HCAHeartST11350196,0.0,0.0,0.22519083969465647,0.0,0.0,0.0,0.0,0.0,0.0,0.0,0.0,0.0,0.3816793893129771,0.0,0.0,0.0,0.0,0.0,0.0,0.0,0.3931297709923664,0.0,0.0,0.0,Control,
2022_Reichart_Science_Heart|BO_H10_RV0_premrna,0.0,0.0,0.0,0.0,0.0,0.0,0.0,0.0,0.0,0.0,0.0,0.0,0.2613365155131265,0.0,0.0,0.0,0.0,0.0,0.0,0.0,0.7386634844868735,0.0,0.0,0.0,Non-malignant disease,
2023_Fonseca_NatGenet_Endometriosis|sample12,0.15087719298245614,0.4631578947368421,0.0035087719298245615,0.0,0.07719298245614035,0.0,0.0,0.007017543859649123,0.0,0.0,0.0,0.0,0.0,0.0,0.0,0.0,0.0,0.0,0.0,0.2982456140350877,0.0,0.0,0.0,0.0,Non-malignant disease,
2023_Hickey_Nature_Intestine|B005-A-002,0.0,0.0,0.0,0.0,0.0,0.0,0.0,0.0,0.0,0.0,0.0,0.0,0.8142857142857143,0.0,0.0,0.0,0.0,0.0,0.0,0.0,0.0,0.0,0.1,0.08571428571428572,Control,
2022_Reichart_Science_Heart|BO_H26_LV0_premrna,0.0,0.0,0.0,0.0,0.0,0.0,0.0,0.0,0.0,0.0,0.0,0.0,0.7724137931034483,0.0,0.0,0.0,0.0,0.0,0.0,0.0,0.22758620689655173,0.0,0.0,0.0,Non-malignant disease,
2022_Emont_Nature_WAT|Hs_SAT_SVF_238-2B-1,0.0,0.0,0.9942196531791907,0.0,0.0,0.0,0.0,0.0,0.0,0.0,0.0,0.0,0.005780346820809248,0.0,0.0,0.0,0.0,0.0,0.0,0.0,0.0,0.0,0.0,0.0,Control,
2022_Reichart_Science_Heart|BO_H19_LV0_premrna,0.0,0.0,0.0,0.0,0.0,0.0,0.0,0.0,0.0,0.0,0.0,0.0,0.08753315649867374,0.0,0.0,0.0,0.0,0.0,0.0,0.0,0.9124668435013262,0.0,0.0,0.0,Non-malignant disease,
2022_Gur_Cell_Sceleroderma|GSM5837649_AB9098,0.0,0.0,0.3829787234042553,0.0,0.0,0.0,0.0,0.0,0.0,0.20212765957446807,0.0,0.0,0.0,0.10638297872340426,0.0,0.0,0.09574468085106383,0.0,0.2127659574468085,0.0,0.0,0.0,0.0,0.0,Control,
2022_Reichart_Science_Heart|BO_H35_S0N_premrna,0.0,0.0,0.0,0.0,0.0,0.0,0.0,0.0,0.0,0.0,0.0,0.0,0.11910669975186104,0.0,0.0,0.0,0.0,0.0,0.0,0.0,0.8808933002481389,0.0,0.0,0.0,Non-malignant disease,
2023_Lake_Nature_Kidney|KB8,0.0,0.0,0.0,0.0,0.0,0.0,0.0,0.0,0.0,0.0,0.0,0.0,1.0,0.0,0.0,0.0,0.0,0.0,0.0,0.0,0.0,0.0,0.0,0.0,Non-malignant disease,
2021_Wu_NatGenet_Breast|CID4513,0.0,0.0,0.0,0.0,0.32842105263157895,0.671578947368421,0.0,0.0,0.0,0.0,0.0,0.0,0.0,0.0,0.0,0.0,0.0,0.0,0.0,0.0,0.0,0.0,0.0,0.0,Cancer_Tumor,BRCA
2023_Kong_Immunity_CD|H197396_N3,0.0,0.03418803418803419,0.2948717948717949,0.0,0.0,0.0,0.0,0.03418803418803419,0.06837606837606838,0.0,0.0,0.0,0.0,0.17094017094017094,0.0,0.0,0.0,0.0,0.0,0.0,0.0,0.0,0.19230769230769232,0.20512820512820512,Control,
2022_Reichart_Science_Heart|BO_H02_S00_premrna,0.0,0.0,0.0,0.0,0.0,0.0,0.0,0.0,0.0,0.0,0.0,0.0,0.09867751780264497,0.0,0.0,0.0,0.0,0.0,0.0,0.0,0.901322482197355,0.0,0.0,0.0,Non-malignant disease,
2022_Gur_Cell_Sceleroderma|GSM5837597_AB8680,0.0,0.0,0.6349206349206349,0.0,0.0,0.0,0.0,0.0,0.0,0.2777777777777778,0.0,0.0,0.0,0.015873015873015872,0.0,0.0,0.015873015873015872,0.0,0.05555555555555555,0.0,0.0,0.0,0.0,0.0,Control,
2023_Kumar_Nature_Breast|hbca_c119,0.06796116504854369,0.2565880721220527,0.34257975034674065,0.289875173370319,0.0,0.0,0.0,0.0,0.0,0.0,0.0,0.0,0.04299583911234397,0.0,0.0,0.0,0.0,0.0,0.0,0.0,0.0,0.0,0.0,0.0,Control,
2023_Kumar_Nature_Breast|hbca_c44,0.7624816446402349,0.012481644640234948,0.042951541850220265,0.0,0.0,0.1787812041116006,0.0,0.0,0.0,0.0,0.0,0.0,0.003303964757709251,0.0,0.0,0.0,0.0,0.0,0.0,0.0,0.0,0.0,0.0,0.0,Cancer_Tumor,BRCA
2022_Zhou_NatGenet_PDAC|HT061P1-S1PBA1A1Z1_1B2_1,0.0,0.0,0.0,0.0,0.4631578947368421,0.042105263157894736,0.49473684210526314,0.0,0.0,0.0,0.0,0.0,0.0,0.0,0.0,0.0,0.0,0.0,0.0,0.0,0.0,0.0,0.0,0.0,Cancer_Tumor,PC
2022_Kumar_CancerDis_Gastric|GSM5573470_sample5,0.0,0.0,0.0,0.0,0.0,0.0,0.0,0.0,0.0,0.0,0.0,0.0,0.0,0.022988505747126436,0.0,0.0,0.0,0.0,0.0,0.0,0.0,0.0,0.9080459770114943,0.06896551724137931,Cancer_Tumor,GC
2022_Nee_NatGenet_Breast|GSM5320158_scRNA_ctrl7,0.9860413176996091,0.0,0.0,0.0,0.0,0.013958682300390842,0.0,0.0,0.0,0.0,0.0,0.0,0.0,0.0,0.0,0.0,0.0,0.0,0.0,0.0,0.0,0.0,0.0,0.0,Control,
2023_Fonseca_NatGenet_Endometriosis|sample30,0.36859159819465337,0.0069436407823168615,0.0,0.0,0.0,0.0,0.0,0.0,0.0,0.0,0.0,0.0,0.0,0.0,0.0,0.0,0.0,0.0,0.0,0.6244647610230297,0.0,0.0,0.0,0.0,Non-malignant disease,
2022_Madissoon_NatGenet_Lung|HCA_A_LNG9387712,0.0,0.0,0.04,0.0,0.0,0.0,0.0,0.022222222222222223,0.0,0.0044444444444444444,0.0,0.0,0.8888888888888888,0.0,0.0,0.044444444444444446,0.0,0.0,0.0,0.0,0.0,0.0,0.0,0.0,Control,
2021_Melms_Nature_Lung-COVID19|C52ctr,0.0,0.0,0.0,0.0,0.0,0.0,0.0,0.0,0.0,0.0,0.0,0.0,1.0,0.0,0.0,0.0,0.0,0.0,0.0,0.0,0.0,0.0,0.0,0.0,Control,
2023_Monavarfeshani_PNAS_Eye|Hu056416OSONHallnuc,0.0,0.0,0.0,0.0,0.0,0.0,0.0,0.0,0.0,0.0,0.0,0.0,1.0,0.0,0.0,0.0,0.0,0.0,0.0,0.0,0.0,0.0,0.0,0.0,Control,
2020_Litvinukova_Nature_Heart|HCAHeart7888925,0.0,0.0,0.041666666666666664,0.0,0.0,0.0,0.0,0.0,0.0,0.0,0.0,0.0,0.4583333333333333,0.0,0.0,0.0,0.0,0.0,0.0,0.0,0.5,0.0,0.0,0.0,Control,
2022_Gur_Cell_Sceleroderma|GSM5837261_AB7075,0.0,0.0,0.1518987341772152,0.0,0.0,0.0,0.0,0.0,0.0,0.46835443037974683,0.0379746835443038,0.0,0.012658227848101266,0.22784810126582278,0.0,0.0,0.10126582278481013,0.0,0.0,0.0,0.0,0.0,0.0,0.0,Non-malignant disease,
2022_Gur_Cell_Sceleroderma|GSM5837433_AB7845,0.0,0.0,0.46564885496183206,0.015267175572519083,0.0,0.0,0.0,0.0,0.0,0.48854961832061067,0.007633587786259542,0.0,0.0,0.022900763358778626,0.0,0.0,0.0,0.0,0.0,0.0,0.0,0.0,0.0,0.0,Non-malignant disease,
2020_Drokhlyansky_Cell_EntericNerve|H2_S12,0.0,0.0,0.0,0.0,0.0,0.0,0.0,0.0,0.0,0.0,0.0,0.0,1.0,0.0,0.0,0.0,0.0,0.0,0.0,0.0,0.0,0.0,0.0,0.0,Cancer_AdjNorm,CRC
2023_Fonseca_NatGenet_Endometriosis|sample38,0.43630573248407645,0.20063694267515925,0.021231422505307854,0.0,0.004246284501061571,0.0,0.0,0.0,0.0,0.0,0.0,0.0,0.0,0.0,0.0,0.0,0.0,0.0,0.0,0.3375796178343949,0.0,0.0,0.0,0.0,Non-malignant disease,
2023_Monavarfeshani_PNAS_Eye|Hu218OSpRPE,0.0,0.0,0.0,0.0,0.0,0.0,0.0,0.0,0.0,0.0,0.0,0.8493150684931506,0.1506849315068493,0.0,0.0,0.0,0.0,0.0,0.0,0.0,0.0,0.0,0.0,0.0,Control,
2022_Reichart_Science_Heart|BO_H16_LV0_premrna,0.0,0.0,0.0,0.0,0.0,0.0,0.0,0.0,0.0,0.0,0.0,0.0,0.09932279909706546,0.0,0.0,0.0,0.0,0.0,0.0,0.0,0.9006772009029346,0.0,0.0,0.0,Non-malignant disease,
2023_Kong_Immunity_CD|I130064_N3,0.0,0.5777777777777777,0.1,0.0,0.0,0.0,0.0,0.0,0.0,0.0,0.0,0.0,0.0,0.32222222222222224,0.0,0.0,0.0,0.0,0.0,0.0,0.0,0.0,0.0,0.0,Non-malignant disease,
2023_Kong_Immunity_CD|N51_LP_B,0.0,0.0,0.0,0.0,0.0,0.0,0.0,0.0,0.0,0.0,0.0,0.0,0.0,0.2765957446808511,0.0,0.0,0.0,0.0,0.0,0.0,0.0,0.0,0.2978723404255319,0.425531914893617,Control,
2020_Litvinukova_Nature_Heart|HCAHeart8287128,0.0,0.0,0.16101694915254236,0.0,0.0,0.0,0.0,0.0,0.0,0.0,0.0,0.0,0.6779661016949152,0.0,0.0,0.0,0.0,0.0,0.0,0.0,0.16101694915254236,0.0,0.0,0.0,Control,
2023_Fonseca_NatGenet_Endometriosis|sample22,0.32866043613707163,0.06580996884735202,0.557632398753894,0.0,0.02764797507788162,0.0,0.0,0.000778816199376947,0.0,0.0,0.0003894080996884735,0.0,0.0,0.0,0.0,0.0,0.0,0.0,0.0,0.0190809968847352,0.0,0.0,0.0,0.0,Non-malignant disease,
2021_Elmentaite_Nature_Intestine|4918STDY7923744,0.0,0.0,0.0,0.0,0.0,0.0,0.0,0.0,0.0,0.0,0.0,0.0,0.0,0.04597701149425287,0.0,0.0,0.0,0.0,0.0,0.0,0.0,0.0,0.14942528735632185,0.8045977011494253,Control,
2021_Melms_Nature_Lung-COVID19|L22cov,0.0,0.0,0.0,0.0,0.15141955835962145,0.0,0.0,0.0031545741324921135,0.0,0.0,0.0,0.0,0.8454258675078864,0.0,0.0,0.0,0.0,0.0,0.0,0.0,0.0,0.0,0.0,0.0,Non-malignant disease,
2022_Reichart_Science_Heart|BO_H35_RV0_premrna,0.0,0.0,0.0,0.0,0.0,0.0,0.0,0.0,0.0,0.0,0.0,0.0,0.21967213114754097,0.0,0.0,0.0,0.0,0.0,0.0,0.0,0.780327868852459,0.0,0.0,0.0,Non-malignant disease,
2023_Kong_Immunity_CD|N8_LP_B,0.0,0.0,0.0,0.0,0.0,0.0,0.0,0.0,0.0,0.0,0.0,0.0,0.0,0.1724137931034483,0.0,0.0,0.0,0.0,0.0,0.0,0.0,0.0,0.1896551724137931,0.6379310344827587,Control,
2022_Zhou_NatGenet_PDAC|HT061P1-S1PCA1A1Z1_1B2_1,0.0,0.0,0.0,0.0,0.43333333333333335,0.0,0.5666666666666667,0.0,0.0,0.0,0.0,0.0,0.0,0.0,0.0,0.0,0.0,0.0,0.0,0.0,0.0,0.0,0.0,0.0,Cancer_Tumor,PC
2022_TabulaSapiens_Science_TabulaSapiens|TSP5_Eye_nan_10X,0.04854368932038835,0.0,0.4368932038834951,0.0,0.0,0.0,0.0,0.0,0.0,0.0,0.0,0.5145631067961165,0.0,0.0,0.0,0.0,0.0,0.0,0.0,0.0,0.0,0.0,0.0,0.0,Control,
2022_Reichart_Science_Heart|BO_H13_LV0_premrna,0.0,0.0,0.0,0.0,0.0,0.0,0.0,0.0,0.0,0.0,0.0,0.0,0.35542168674698793,0.0,0.0,0.0,0.0,0.0,0.0,0.0,0.6445783132530121,0.0,0.0,0.0,Non-malignant disease,
2023_Lake_Nature_Kidney|KM72,0.0,0.0,0.0,0.0,0.0,0.0,0.0,0.0,0.0,0.0,0.0,0.0,1.0,0.0,0.0,0.0,0.0,0.0,0.0,0.0,0.0,0.0,0.0,0.0,Control,
2020_Adams_SciAdv_IPF|138I-a,0.4596774193548387,0.0,0.4435483870967742,0.0,0.024193548387096774,0.0,0.008064516129032258,0.03225806451612903,0.0,0.0,0.0,0.0,0.03225806451612903,0.0,0.0,0.0,0.0,0.0,0.0,0.0,0.0,0.0,0.0,0.0,Non-malignant disease,
2022_Hwang_NatGenet_PDAC|T7_CRT,0.0,0.0,0.0,0.0,0.0,0.0,0.0,0.0,0.0,0.0,0.023809523809523808,0.0,0.9761904761904762,0.0,0.0,0.0,0.0,0.0,0.0,0.0,0.0,0.0,0.0,0.0,Cancer_Tumor,PC
2023_Fonseca_NatGenet_Endometriosis|sample20,0.006772009029345372,0.018623024830699775,0.9266365688487584,0.0,0.0,0.0,0.0,0.0,0.0,0.0,0.0,0.0,0.0,0.0,0.0,0.0,0.0,0.0,0.0,0.04796839729119639,0.0,0.0,0.0,0.0,Non-malignant disease,
2020_Adams_SciAdv_IPF|022I,0.010101010101010102,0.0,0.6363636363636364,0.0,0.0707070707070707,0.0,0.020202020202020204,0.1111111111111111,0.0,0.010101010101010102,0.0,0.0,0.1414141414141414,0.0,0.0,0.0,0.0,0.0,0.0,0.0,0.0,0.0,0.0,0.0,Non-malignant disease,
2022_Gur_Cell_Sceleroderma|GSM5837370_AB7494,0.0,0.0,0.8110236220472441,0.0,0.0,0.0,0.0,0.0,0.0,0.1889763779527559,0.0,0.0,0.0,0.0,0.0,0.0,0.0,0.0,0.0,0.0,0.0,0.0,0.0,0.0,Control,
2022_Gur_Cell_Sceleroderma|GSM5837392_AB7699,0.0,0.0,0.5408163265306123,0.0,0.0,0.0,0.0,0.0,0.0,0.2755102040816326,0.0,0.0,0.0,0.01020408163265306,0.0,0.0,0.11224489795918367,0.0,0.061224489795918366,0.0,0.0,0.0,0.0,0.0,Control,
2022_Gur_Cell_Sceleroderma|GSM5837544_AB8454,0.0,0.0,0.5180722891566265,0.0,0.024096385542168676,0.0,0.0,0.0,0.0,0.2289156626506024,0.0,0.0,0.0,0.08433734939759036,0.0,0.0,0.14457831325301204,0.0,0.0,0.0,0.0,0.0,0.0,0.0,Non-malignant disease,
2022_Kumar_CancerDis_Gastric|GSM5573483_sample18,0.0,0.05649717514124294,0.0,0.0,0.0,0.0,0.0,0.0,0.0,0.0,0.0,0.0,0.0,0.0,0.0,0.0,0.0,0.0,0.0,0.0,0.0,0.0,0.847457627118644,0.096045197740113,Cancer_Tumor,GC
2022_Gur_Cell_Sceleroderma|GSM5837468_AB8007,0.0,0.0,0.6440677966101694,0.0,0.0,0.0,0.0,0.0,0.0,0.15254237288135594,0.0,0.0,0.0,0.11864406779661017,0.0,0.0,0.0847457627118644,0.0,0.0,0.0,0.0,0.0,0.0,0.0,Non-malignant disease,
2020_Litvinukova_Nature_Heart|HCAHeartST13146206,0.018691588785046728,0.0,0.0,0.0,0.0,0.0,0.0,0.0,0.0,0.0,0.0,0.0,0.9813084112149533,0.0,0.0,0.0,0.0,0.0,0.0,0.0,0.0,0.0,0.0,0.0,Control,
2023_Kong_Immunity_CD|N166301_N2,0.0,0.0,0.6753246753246753,0.0,0.0,0.0,0.0,0.0,0.0,0.0,0.0,0.0,0.0,0.3246753246753247,0.0,0.0,0.0,0.0,0.0,0.0,0.0,0.0,0.0,0.0,Non-malignant disease,
2020_Habermann_SciAdv_Lung-COVID19|GSM5226585_L05cov,0.0,0.0,0.0,0.0,0.08837209302325581,0.0,0.0,0.0,0.0,0.0,0.0,0.0,0.9116279069767442,0.0,0.0,0.0,0.0,0.0,0.0,0.0,0.0,0.0,0.0,0.0,Non-malignant disease,
2020_Litvinukova_Nature_Heart|HCAHeart7702875,0.0,0.0,0.04516129032258064,0.0,0.0,0.0,0.0,0.0,0.0,0.0,0.0,0.0,0.5032258064516129,0.0,0.0,0.0,0.0,0.0,0.0,0.0,0.45161290322580644,0.0,0.0,0.0,Control,
2023_Fonseca_NatGenet_Endometriosis|sample47,0.0,0.005434782608695652,0.9836956521739131,0.0,0.0,0.0,0.0,0.010869565217391304,0.0,0.0,0.0,0.0,0.0,0.0,0.0,0.0,0.0,0.0,0.0,0.0,0.0,0.0,0.0,0.0,Non-malignant disease,
2022_Emont_Nature_WAT|Hs_SAT_SVF_240-1B-1,0.0,0.0,0.9962406015037594,0.0,0.0,0.0,0.0,0.0,0.0,0.0,0.0,0.0,0.0037593984962406013,0.0,0.0,0.0,0.0,0.0,0.0,0.0,0.0,0.0,0.0,0.0,Control,
2022_Hwang_NatGenet_PDAC|T12_CRT,0.0,0.0,0.0,0.0,0.0,0.0,0.0,0.0,0.04225352112676056,0.0,0.0,0.0,0.9577464788732394,0.0,0.0,0.0,0.0,0.0,0.0,0.0,0.0,0.0,0.0,0.0,Cancer_Tumor,PC
2022_Madissoon_NatGenet_Lung|WTDAtest8550127,0.0,0.0,0.022857142857142857,0.0,0.0,0.0,0.0,0.005714285714285714,0.0,0.0,0.0,0.0,0.9714285714285714,0.0,0.0,0.0,0.0,0.0,0.0,0.0,0.0,0.0,0.0,0.0,Control,
2021_Elmentaite_Nature_Intestine|Human_colon_16S8159194,0.09259259259259259,0.0,0.9074074074074074,0.0,0.0,0.0,0.0,0.0,0.0,0.0,0.0,0.0,0.0,0.0,0.0,0.0,0.0,0.0,0.0,0.0,0.0,0.0,0.0,0.0,Control,
2021_Garcia-Alonso_NatGenet_Endometrial|4861STDY7387182,0.0,0.0,0.0,0.0,0.0,0.0,0.0,0.0,0.0,0.0,0.0,0.0,0.0,0.0,0.0,0.0,0.0,0.0,0.0,1.0,0.0,0.0,0.0,0.0,Control,
2023_Kong_Immunity_CD|N127693_L1,0.0,0.0,0.0,0.0,0.0,0.0,0.0,0.0,0.0,0.0,0.0,0.0,0.0,0.0,0.0,0.0,0.0,0.0,0.0,0.0,0.0,0.0,0.20833333333333334,0.7916666666666666,Non-malignant disease,
2022_Kumar_CancerDis_Gastric|GSM5573494_sample29,0.0,0.0,0.0,0.0,0.0,0.12727272727272726,0.0,0.0,0.0,0.0,0.0,0.0,0.0,0.0,0.0,0.0,0.0,0.0,0.0,0.0,0.0,0.0,0.8727272727272727,0.0,Cancer_AdjNorm,GC
2020_Litvinukova_Nature_Heart|HCAHeartST13146203,0.1004566210045662,0.0,0.0593607305936073,0.0,0.0,0.0,0.0,0.0,0.0,0.0,0.0,0.0,0.8401826484018264,0.0,0.0,0.0,0.0,0.0,0.0,0.0,0.0,0.0,0.0,0.0,Control,
2022_Reichart_Science_Heart|BO_H46_LV0_R2_premrna,0.0,0.0,0.0,0.0,0.0,0.0,0.0,0.0,0.0,0.0,0.0,0.0,0.7336956521739131,0.0,0.0,0.0,0.0,0.0,0.0,0.0,0.266304347826087,0.0,0.0,0.0,Control,
2023_Kumar_Nature_Breast|hbca_c32,0.3112324492979719,0.02574102964118565,0.11466458658346333,0.0,0.0,0.5327613104524181,0.0,0.0,0.0,0.0,0.0,0.0,0.015600624024960999,0.0,0.0,0.0,0.0,0.0,0.0,0.0,0.0,0.0,0.0,0.0,Control,
2020_Habermann_SciAdv_Lung-COVID19|GSM5226579_C56ctr,0.0,0.0,0.0,0.0,0.7941176470588235,0.0,0.0,0.0,0.0,0.0,0.0,0.0,0.20588235294117646,0.0,0.0,0.0,0.0,0.0,0.0,0.0,0.0,0.0,0.0,0.0,Control,
2023_Kumar_Nature_Breast|hbca_c46,0.6139080043462514,0.12241941325606664,0.263672582397682,0.0,0.0,0.0,0.0,0.0,0.0,0.0,0.0,0.0,0.0,0.0,0.0,0.0,0.0,0.0,0.0,0.0,0.0,0.0,0.0,0.0,Cancer_Tumor,BRCA
2021_Wu_NatGenet_Breast|CID4040,0.0,0.0,0.13846153846153847,0.0,0.4461538461538462,0.0,0.015384615384615385,0.0,0.0,0.0,0.0,0.0,0.0,0.0,0.4,0.0,0.0,0.0,0.0,0.0,0.0,0.0,0.0,0.0,Cancer_Tumor,BRCA
2022_Reichart_Science_Heart|BO_H13_S00_premrna,0.0,0.0,0.0,0.0,0.0,0.0,0.0,0.0,0.0,0.0,0.0,0.0,0.05029013539651837,0.0,0.0,0.0,0.0,0.0,0.0,0.0,0.9497098646034816,0.0,0.0,0.0,Non-malignant disease,
2021_Garcia-Alonso_NatGenet_Endometrial|MRC_Endo8625698,0.0,0.0,0.0,0.0,0.0,0.0,0.0,0.0,0.0,0.0,0.0,0.0,0.0,0.0,0.0,0.0,0.0,0.0,0.0,1.0,0.0,0.0,0.0,0.0,Control,
2022_Emont_Nature_WAT|Hs_SAT_256-1,0.0,0.0,0.35096642929806715,0.0,0.0,0.0,0.0,0.0,0.0,0.0,0.0,0.0,0.6490335707019329,0.0,0.0,0.0,0.0,0.0,0.0,0.0,0.0,0.0,0.0,0.0,Control,
2023_Hickey_Nature_Intestine|B001-A-501,0.0,0.0,0.0,0.0,0.0,0.0,0.0,0.0,0.0,0.0,0.0,0.0,0.8695652173913043,0.0,0.0,0.0,0.0,0.0,0.0,0.0,0.0,0.0,0.13043478260869565,0.0,Control,
2020_Adams_SciAdv_IPF|098C-a,0.07936507936507936,0.0,0.8888888888888888,0.0,0.0,0.0,0.0,0.031746031746031744,0.0,0.0,0.0,0.0,0.0,0.0,0.0,0.0,0.0,0.0,0.0,0.0,0.0,0.0,0.0,0.0,Control,
2022_Reichart_Science_Heart|BO_H44_LV0_premrna,0.0,0.0,0.053763440860215055,0.0,0.0,0.0,0.0,0.0,0.0,0.0,0.0,0.0,0.9032258064516129,0.0,0.0,0.0,0.0,0.0,0.0,0.0,0.043010752688172046,0.0,0.0,0.0,Non-malignant disease,
2022_Hwang_NatGenet_PDAC|T6_CRT,0.0,0.0,0.0,0.0,0.4375,0.0,0.0,0.0,0.0,0.0,0.0,0.0,0.5625,0.0,0.0,0.0,0.0,0.0,0.0,0.0,0.0,0.0,0.0,0.0,Cancer_Tumor,PC
2023_Fonseca_NatGenet_Endometriosis|sample5,0.0,0.0,0.8228346456692913,0.0,0.04330708661417323,0.0,0.011811023622047244,0.003937007874015748,0.0,0.0,0.0,0.0,0.01968503937007874,0.0,0.0,0.0,0.0,0.0,0.0,0.0984251968503937,0.0,0.0,0.0,0.0,Non-malignant disease,
2020_Litvinukova_Nature_Heart|HCAHeartST10773170,0.0,0.0,0.6404040404040404,0.0,0.0,0.0,0.0,0.0,0.0,0.0,0.0,0.0,0.2740740740740741,0.0,0.0,0.0,0.0,0.0,0.0,0.0,0.08552188552188553,0.0,0.0,0.0,Control,
2023_Kumar_Nature_Breast|hbca_c110,0.1528046421663443,0.0,0.07930367504835589,0.7156673114119922,0.013539651837524178,0.0,0.0,0.0,0.017408123791102514,0.0,0.0,0.0,0.017408123791102514,0.0,0.0,0.0,0.0038684719535783366,0.0,0.0,0.0,0.0,0.0,0.0,0.0,Control,
2022_Gur_Cell_Sceleroderma|GSM5837310_AB7271,0.0,0.0,0.5949367088607594,0.0,0.0,0.0,0.0,0.0,0.0,0.0759493670886076,0.0,0.0,0.012658227848101266,0.0379746835443038,0.0,0.0,0.20253164556962025,0.0,0.0759493670886076,0.0,0.0,0.0,0.0,0.0,Non-malignant disease,
2020_Habermann_SciAdv_Lung-COVID19|GSM5226596_L17cov,0.0,0.0,0.0,0.0,0.0,0.0,0.0,0.008375209380234505,0.0,0.0,0.0,0.0,0.9916247906197655,0.0,0.0,0.0,0.0,0.0,0.0,0.0,0.0,0.0,0.0,0.0,Non-malignant disease,
2023_Kumar_Nature_Breast|hbca_c135,0.9238095238095239,0.026984126984126985,0.049206349206349205,0.0,0.0,0.0,0.0,0.0,0.0,0.0,0.0,0.0,0.0,0.0,0.0,0.0,0.0,0.0,0.0,0.0,0.0,0.0,0.0,0.0,Control,
2022_Zhou_NatGenet_PDAC|TWCE-HT060P1-S1PAA1A1Z1B1,0.0,0.0,0.0,0.0,0.669098869025903,0.0,0.16672747172564759,0.16417365924844948,0.0,0.0,0.0,0.0,0.0,0.0,0.0,0.0,0.0,0.0,0.0,0.0,0.0,0.0,0.0,0.0,Cancer_Tumor,PC
2022_Gur_Cell_Sceleroderma|GSM5837006_AB10155,0.0,0.0,0.7361111111111112,0.0,0.125,0.0,0.0,0.0,0.0,0.0,0.013888888888888888,0.0,0.0,0.06944444444444445,0.0,0.0,0.041666666666666664,0.0,0.013888888888888888,0.0,0.0,0.0,0.0,0.0,Non-malignant disease,
2021_Pal_EMBO_Breast|GSM4909295_ER-AH0319,0.0,0.0,0.326271186440678,0.0,0.4915254237288136,0.1440677966101695,0.0,0.0,0.0,0.0,0.0,0.0,0.012711864406779662,0.0,0.025423728813559324,0.0,0.0,0.0,0.0,0.0,0.0,0.0,0.0,0.0,Cancer_Tumor,BRCA
2022_TabulaSapiens_Science_TabulaSapiens|TSP2_Thymus_nan_smartseq2,0.0,0.0,1.0,0.0,0.0,0.0,0.0,0.0,0.0,0.0,0.0,0.0,0.0,0.0,0.0,0.0,0.0,0.0,0.0,0.0,0.0,0.0,0.0,0.0,Control,
2022_Emont_Nature_WAT|Hs_SAT_SVF_235-1A-2,0.0,0.0,0.9736842105263158,0.0,0.0,0.0,0.0,0.0,0.0,0.0,0.0,0.0,0.02631578947368421,0.0,0.0,0.0,0.0,0.0,0.0,0.0,0.0,0.0,0.0,0.0,Control,
2023_Hickey_Nature_Intestine|B008-A-402,0.0,0.0,0.01282051282051282,0.0,0.0,0.0,0.0,0.0,0.0,0.0,0.0,0.0,0.16666666666666666,0.0,0.0,0.0,0.0,0.0,0.0,0.0,0.0,0.0,0.11538461538461539,0.7051282051282052,Control,
2022_Gur_Cell_Sceleroderma|GSM5837657_AB9106,0.0,0.014814814814814815,0.6814814814814815,0.0,0.0,0.0,0.0,0.0,0.0,0.2740740740740741,0.007407407407407408,0.0,0.0,0.0,0.0,0.0,0.007407407407407408,0.0,0.014814814814814815,0.0,0.0,0.0,0.0,0.0,Control,
2022_Gur_Cell_Sceleroderma|GSM5837610_AB8772,0.0,0.0,0.31097560975609756,0.0,0.0,0.0,0.0,0.0,0.0,0.5426829268292683,0.0,0.0,0.0,0.04878048780487805,0.0,0.0,0.04878048780487805,0.0,0.04878048780487805,0.0,0.0,0.0,0.0,0.0,Control,
2022_TabulaSapiens_Science_TabulaSapiens|TSP2_Muscle_nan_smartseq2,0.0,0.0,0.9245283018867925,0.0,0.0,0.0,0.0,0.0,0.0,0.0,0.0,0.0,0.009433962264150943,0.0,0.0,0.0,0.0,0.0,0.0,0.0,0.0,0.0660377358490566,0.0,0.0,Control,
2022_TabulaSapiens_Science_TabulaSapiens|TSP14_Large_Intestine_Proximal_10X,0.2,0.37727272727272726,0.36363636363636365,0.0,0.0,0.0,0.0,0.00909090909090909,0.0,0.0,0.0,0.0,0.0,0.0,0.0,0.0,0.0,0.0,0.0,0.0,0.0,0.0,0.05,0.0,Control,
2020_Litvinukova_Nature_Heart|HCAHeart7905329,0.0,0.0,0.7605633802816901,0.0,0.0,0.0,0.07042253521126761,0.1267605633802817,0.0,0.0,0.0,0.0,0.0,0.0,0.0,0.0,0.0,0.0,0.0,0.0,0.04225352112676056,0.0,0.0,0.0,Control,
2023_Kumar_Nature_Breast|hbca_c73,0.18621575342465754,0.0,0.8137842465753424,0.0,0.0,0.0,0.0,0.0,0.0,0.0,0.0,0.0,0.0,0.0,0.0,0.0,0.0,0.0,0.0,0.0,0.0,0.0,0.0,0.0,Control,
2022_Gur_Cell_Sceleroderma|GSM5836989_AB10138,0.0,0.0,0.6103896103896104,0.0,0.0,0.0,0.0,0.0,0.0,0.2857142857142857,0.012987012987012988,0.0,0.0,0.09090909090909091,0.0,0.0,0.0,0.0,0.0,0.0,0.0,0.0,0.0,0.0,Control,
2023_Kumar_Nature_Breast|hbca_c88,0.6611111111111111,0.0,0.31587301587301586,0.012698412698412698,0.0,0.0,0.0,0.0,0.010317460317460317,0.0,0.0,0.0,0.0,0.0,0.0,0.0,0.0,0.0,0.0,0.0,0.0,0.0,0.0,0.0,Control,
2021_Elmentaite_Nature_Intestine|Human_colon_16S8002629,0.0,0.0,0.991304347826087,0.0,0.0,0.0,0.008695652173913044,0.0,0.0,0.0,0.0,0.0,0.0,0.0,0.0,0.0,0.0,0.0,0.0,0.0,0.0,0.0,0.0,0.0,Control,
2022_Gur_Cell_Sceleroderma|GSM5836992_AB10141,0.0,0.0,0.9056603773584906,0.0,0.0,0.0,0.0,0.0,0.0,0.0,0.03773584905660377,0.0,0.0,0.03773584905660377,0.0,0.0,0.018867924528301886,0.0,0.0,0.0,0.0,0.0,0.0,0.0,Non-malignant disease,
2020_Drokhlyansky_Cell_EntericNerve|H14_S61,0.0,0.0,0.0,0.0,0.0,0.0,0.0,0.0,0.013953488372093023,0.0,0.0,0.0,0.986046511627907,0.0,0.0,0.0,0.0,0.0,0.0,0.0,0.0,0.0,0.0,0.0,Cancer_AdjNorm,CRC
2020_Litvinukova_Nature_Heart|HCAHeart7702874,0.0,0.0,0.030303030303030304,0.0,0.0,0.0,0.0,0.0,0.0,0.0,0.0,0.0,0.6136363636363636,0.0,0.0,0.0,0.0,0.0,0.0,0.0,0.3560606060606061,0.0,0.0,0.0,Control,
2020_Litvinukova_Nature_Heart|HCAHeart7702879,0.0,0.0,0.3034188034188034,0.0,0.0,0.0,0.0,0.01282051282051282,0.0,0.0,0.0,0.0,0.49145299145299143,0.0,0.0,0.0,0.0,0.0,0.0,0.0,0.19230769230769232,0.0,0.0,0.0,Control,
2023_Kumar_Nature_Breast|hbca_c87,0.5787798408488064,0.07320954907161804,0.3480106100795756,0.0,0.0,0.0,0.0,0.0,0.0,0.0,0.0,0.0,0.0,0.0,0.0,0.0,0.0,0.0,0.0,0.0,0.0,0.0,0.0,0.0,Control,
2021_Elmentaite_Nature_Intestine|Human_colon_16S8002623,0.0,0.0,1.0,0.0,0.0,0.0,0.0,0.0,0.0,0.0,0.0,0.0,0.0,0.0,0.0,0.0,0.0,0.0,0.0,0.0,0.0,0.0,0.0,0.0,Control,
2022_Reichart_Science_Heart|BO_H20_RV0_premrna,0.0,0.0,0.0,0.0,0.0,0.0,0.0,0.0,0.0,0.0,0.0,0.0,0.2408026755852843,0.0,0.0,0.0,0.0,0.0,0.0,0.0,0.7591973244147158,0.0,0.0,0.0,Non-malignant disease,
2021_Wu_NatGenet_Breast|CID4495,0.0,0.0,0.20754716981132076,0.0,0.0,0.0,0.0,0.0,0.0,0.0,0.0,0.0,0.0,0.006289308176100629,0.7861635220125787,0.0,0.0,0.0,0.0,0.0,0.0,0.0,0.0,0.0,Cancer_Tumor,BRCA
2023_Kumar_Nature_Breast|hbca_c144,0.08690254500310367,0.6362507759155804,0.27250155183116076,0.004345127250155183,0.0,0.0,0.0,0.0,0.0,0.0,0.0,0.0,0.0,0.0,0.0,0.0,0.0,0.0,0.0,0.0,0.0,0.0,0.0,0.0,Control,
2023_Kumar_Nature_Breast|hbca_c10,0.5540983606557377,0.18360655737704917,0.14754098360655737,0.0,0.0,0.11475409836065574,0.0,0.0,0.0,0.0,0.0,0.0,0.0,0.0,0.0,0.0,0.0,0.0,0.0,0.0,0.0,0.0,0.0,0.0,Control,
2023_Kumar_Nature_Breast|hbca_c155,0.5434985968194574,0.2675397567820393,0.1833489242282507,0.0,0.0,0.0,0.0,0.0,0.0,0.0,0.0,0.0,0.005612722170252572,0.0,0.0,0.0,0.0,0.0,0.0,0.0,0.0,0.0,0.0,0.0,Cancer_Tumor,BRCA
2020_Litvinukova_Nature_Heart|HCAHeart7702878,0.0,0.0,0.41954022988505746,0.0,0.0,0.0,0.0,0.0,0.0,0.0,0.0,0.0,0.43103448275862066,0.0,0.0,0.0,0.0,0.0,0.0,0.0,0.14942528735632185,0.0,0.0,0.0,Control,
2023_Kong_Immunity_CD|N18_LP_A,0.0,0.0,0.0,0.0,0.0,0.0,0.0,0.0,0.0,0.0,0.0,0.0,0.0,0.0,0.0,0.0,0.0,0.0,0.0,0.0,0.0,0.0,0.375,0.625,Control,
2022_Gur_Cell_Sceleroderma|GSM5837669_AB9345,0.0,0.011494252873563218,0.8850574712643678,0.0,0.0,0.0,0.0,0.0,0.0,0.05747126436781609,0.04597701149425287,0.0,0.0,0.0,0.0,0.0,0.0,0.0,0.0,0.0,0.0,0.0,0.0,0.0,Non-malignant disease,
2022_Madissoon_NatGenet_Lung|WTDAtest7732267,0.0,0.0035211267605633804,0.8098591549295775,0.0,0.0,0.0,0.0,0.1795774647887324,0.007042253521126761,0.0,0.0,0.0,0.0,0.0,0.0,0.0,0.0,0.0,0.0,0.0,0.0,0.0,0.0,0.0,Control,
2020_Adams_SciAdv_IPF|152CO-a,0.26666666666666666,0.0,0.3333333333333333,0.0,0.02666666666666667,0.0,0.0,0.3466666666666667,0.0,0.0,0.0,0.0,0.02666666666666667,0.0,0.0,0.0,0.0,0.0,0.0,0.0,0.0,0.0,0.0,0.0,Non-malignant disease,
2022_Gur_Cell_Sceleroderma|GSM5837194_AB14257,0.0,0.0,0.37254901960784315,0.0,0.0,0.0,0.0,0.0,0.0,0.0784313725490196,0.029411764705882353,0.0,0.0,0.21568627450980393,0.0,0.0,0.27450980392156865,0.0,0.029411764705882353,0.0,0.0,0.0,0.0,0.0,Non-malignant disease,
2021_Elmentaite_Nature_Intestine|4918STDY7273964,0.0,0.0,0.0,0.0,0.0,0.390625,0.0,0.0,0.0,0.0,0.0,0.0,0.0,0.46875,0.0,0.0,0.0,0.0,0.0,0.0,0.0,0.0,0.015625,0.125,Non-malignant disease,
2022_TabulaSapiens_Science_TabulaSapiens|TSP14_Large_Intestine_Distal_10X,0.0,0.2647058823529412,0.7264705882352941,0.0,0.0,0.0,0.0,0.0,0.0,0.0,0.0,0.0,0.0,0.0,0.0,0.0,0.0,0.0,0.0,0.0,0.0,0.0,0.008823529411764706,0.0,Control,
2022_Zhou_NatGenet_PDAC|HT061P1-S1R1A1A1Z1_B2_1,0.0,0.0,0.018404907975460124,0.0,0.0,0.0,0.6380368098159509,0.3128834355828221,0.018404907975460124,0.0,0.0,0.0,0.012269938650306749,0.0,0.0,0.0,0.0,0.0,0.0,0.0,0.0,0.0,0.0,0.0,Cancer_Tumor,PC
2022_Reichart_Science_Heart|BO_H24_S00_premrna,0.0,0.0,0.0,0.0,0.0,0.0,0.0,0.0,0.0,0.0,0.0,0.0,0.6118598382749326,0.0,0.0,0.0,0.0,0.0,0.0,0.0,0.3881401617250674,0.0,0.0,0.0,Non-malignant disease,
2021_Pal_EMBO_Breast|GSM4909270_N-PM0342-Total,0.9478908188585607,0.045492142266335814,0.006617038875103391,0.0,0.0,0.0,0.0,0.0,0.0,0.0,0.0,0.0,0.0,0.0,0.0,0.0,0.0,0.0,0.0,0.0,0.0,0.0,0.0,0.0,Control,
2020_Habermann_SciAdv_Lung-COVID19|GSM5226600_L22cov,0.0,0.0,0.0,0.0,0.15141955835962145,0.0,0.0,0.0031545741324921135,0.0,0.0,0.0,0.0,0.8454258675078864,0.0,0.0,0.0,0.0,0.0,0.0,0.0,0.0,0.0,0.0,0.0,Non-malignant disease,
2022_Gur_Cell_Sceleroderma|GSM5837594_AB8677,0.0,0.0,0.6885245901639344,0.0,0.01639344262295082,0.0,0.0,0.0,0.0,0.14754098360655737,0.03278688524590164,0.0,0.0,0.04918032786885246,0.0,0.0,0.06557377049180328,0.0,0.0,0.0,0.0,0.0,0.0,0.0,Non-malignant disease,
2022_Reichart_Science_Heart|BO_H41_LV0_premrna,0.0,0.0,0.0,0.0,0.0,0.0,0.0,0.0,0.0,0.0,0.0,0.0,0.4573643410852713,0.0,0.0,0.0,0.0,0.0,0.0,0.0,0.5426356589147286,0.0,0.0,0.0,Non-malignant disease,
2023_Kong_Immunity_CD|I178961_L,0.0,0.0,0.0,0.0,0.0,0.04225352112676056,0.0,0.0,0.0,0.0,0.0,0.0,0.0,0.0,0.0,0.0,0.0,0.0,0.0,0.0,0.0,0.0,0.14084507042253522,0.8169014084507042,Non-malignant disease,
2022_Kumar_CancerDis_Gastric|GSM5573468_sample3,0.0,0.0,0.0,0.0,0.0,0.0,0.0,0.0,0.0,0.0,0.0,0.0,0.0,0.0,0.0,0.0,0.0,0.0,0.0,0.0,0.0,0.0,1.0,0.0,Cancer_Tumor,GC
2020_Litvinukova_Nature_Heart|HCAHeart9845433,0.0,0.0,0.0,0.0,0.0,0.0,0.0,0.0,0.0,0.0,0.0,0.0,0.7934782608695652,0.0,0.0,0.0,0.0,0.0,0.0,0.0,0.20652173913043478,0.0,0.0,0.0,Control,
2020_Litvinukova_Nature_Heart|HCAHeart7702881,0.0,0.0,0.011450381679389313,0.0,0.0,0.0,0.0,0.0,0.0,0.0,0.0,0.0,0.42748091603053434,0.0,0.0,0.0,0.0,0.0,0.0,0.0,0.5610687022900763,0.0,0.0,0.0,Control,
2021_Melms_Nature_Lung-COVID19|L04covaddon,0.0,0.0,0.0502283105022831,0.0,0.0,0.0,0.0,0.0,0.0,0.0,0.0,0.0,0.9497716894977168,0.0,0.0,0.0,0.0,0.0,0.0,0.0,0.0,0.0,0.0,0.0,Non-malignant disease,
2021_Melms_Nature_Lung-COVID19|L19cov,0.0,0.0,0.0,0.0,0.0,0.0,0.0,0.0,0.0,0.0,0.0,0.0,0.9565217391304348,0.0,0.043478260869565216,0.0,0.0,0.0,0.0,0.0,0.0,0.0,0.0,0.0,Non-malignant disease,
2022_Reichart_Science_Heart|BO_H08_LV1_premrna,0.0,0.0,0.0,0.0,0.0,0.0,0.0,0.0,0.0,0.0,0.0,0.0,0.7797619047619048,0.0,0.0,0.0,0.0,0.0,0.0,0.0,0.22023809523809523,0.0,0.0,0.0,Non-malignant disease,
2021_Elmentaite_Nature_Intestine|4918STDY7962470,0.0,0.0,0.0,0.0,0.0,0.0,0.0,0.0,0.0,0.0,0.0,0.0,0.0,0.011152416356877323,0.0,0.0,0.0,0.0,0.0,0.0,0.0,0.0,0.137546468401487,0.8513011152416357,Non-malignant disease,
2020_Litvinukova_Nature_Heart|HCAHeart7702876,0.0,0.0,0.09417040358744394,0.0,0.0,0.0,0.0,0.0,0.0,0.0,0.0,0.0,0.5089686098654709,0.0,0.0,0.0,0.0,0.0,0.0,0.0,0.3968609865470852,0.0,0.0,0.0,Control,
2021_Elmentaite_Nature_Intestine|4918STDY7273965,0.0,0.0,0.0,0.0,0.035175879396984924,0.6231155778894473,0.0,0.0,0.0,0.0,0.0,0.0,0.0,0.05025125628140704,0.0,0.0,0.0,0.0,0.0,0.0,0.0,0.0,0.02512562814070352,0.2663316582914573,Non-malignant disease,
2022_Emont_Nature_WAT|Hs_SAT_SVF_248-1A-1,0.0,0.0,0.9813953488372092,0.0,0.0,0.0,0.0,0.0,0.0,0.013953488372093023,0.0,0.0,0.004651162790697674,0.0,0.0,0.0,0.0,0.0,0.0,0.0,0.0,0.0,0.0,0.0,Control,
2021_Pal_EMBO_Breast|GSM4909288_TN-B1-MH0177,0.0,0.0,0.2571428571428571,0.01098901098901099,0.5824175824175825,0.02857142857142857,0.0,0.0,0.0,0.0,0.0,0.0,0.008791208791208791,0.07032967032967033,0.041758241758241756,0.0,0.0,0.0,0.0,0.0,0.0,0.0,0.0,0.0,Cancer_Tumor,BRCA
2023_Hickey_Nature_Intestine|B011-A-405,0.0,0.0,0.0,0.0,0.0,0.0,0.0,0.0,0.0,0.0,0.0,0.0,0.40425531914893614,0.0,0.0,0.0,0.0,0.0,0.0,0.0,0.0,0.0,0.3723404255319149,0.22340425531914893,Control,
2022_Gur_Cell_Sceleroderma|GSM5837608_AB8770,0.0,0.0,0.2125,0.0,0.0,0.0,0.0125,0.0,0.0,0.775,0.0,0.0,0.0,0.0,0.0,0.0,0.0,0.0,0.0,0.0,0.0,0.0,0.0,0.0,Control,
2022_Gur_Cell_Sceleroderma|GSM5837486_AB8025,0.0,0.0,0.2109375,0.015625,0.0,0.0,0.0,0.0,0.0,0.7265625,0.015625,0.0,0.0,0.0,0.0078125,0.0,0.0,0.0,0.0234375,0.0,0.0,0.0,0.0,0.0,Non-malignant disease,
2022_Reichart_Science_Heart|BO_H02_RV0_premrna,0.0,0.0,0.0,0.0,0.0,0.0,0.0,0.0,0.0,0.0,0.0,0.0,0.3308270676691729,0.0,0.0,0.0,0.0,0.0,0.0,0.0,0.6691729323308271,0.0,0.0,0.0,Non-malignant disease,
2022_Emont_Nature_WAT|Hs_SAT_SVF_236-1A-1,0.0,0.0,1.0,0.0,0.0,0.0,0.0,0.0,0.0,0.0,0.0,0.0,0.0,0.0,0.0,0.0,0.0,0.0,0.0,0.0,0.0,0.0,0.0,0.0,Control,
2022_Reichart_Science_Heart|BO_H74_LV0_premrna,0.0,0.0,0.0,0.0,0.0,0.0,0.0,0.0,0.0,0.0,0.0,0.0,0.1843137254901961,0.0,0.0,0.0,0.0,0.0,0.0,0.0,0.8156862745098039,0.0,0.0,0.0,Non-malignant disease,
2022_TabulaSapiens_Science_TabulaSapiens|TSP14_Muscle_Abdomen_10X,0.0,0.0,0.6674876847290641,0.0,0.0,0.0,0.0,0.0,0.003518648838845883,0.0,0.0,0.0,0.0,0.0,0.0,0.0,0.0,0.0,0.0,0.0,0.0,0.3289936664320901,0.0,0.0,Control,
2021_Pal_EMBO_Breast|GSM4909281_TN-MH0126,0.0,0.0,0.0,0.0,0.7978723404255319,0.010638297872340425,0.0,0.0,0.0,0.0,0.0,0.0,0.0,0.0,0.19148936170212766,0.0,0.0,0.0,0.0,0.0,0.0,0.0,0.0,0.0,Cancer_Tumor,BRCA
2022_Reichart_Science_Heart|BO_H08_LV0_premrna,0.0,0.0,0.0,0.0,0.0,0.0,0.0,0.0,0.0,0.0,0.0,0.0,0.3850129198966408,0.0,0.0,0.0,0.0,0.0,0.0,0.0,0.6149870801033591,0.0,0.0,0.0,Non-malignant disease,
2022_Emont_Nature_WAT|Hs_OAT_254-1,0.0,0.0,0.08742463393626185,0.0,0.0,0.0,0.0,0.0,0.0,0.0,0.0,0.0,0.780792420327304,0.0,0.0,0.0,0.0,0.0,0.0,0.0,0.13178294573643412,0.0,0.0,0.0,Control,
2023_Hickey_Nature_Intestine|B005-A-101,0.0,0.0,0.05555555555555555,0.0,0.0,0.0,0.0,0.0,0.0,0.0,0.0,0.0,0.9444444444444444,0.0,0.0,0.0,0.0,0.0,0.0,0.0,0.0,0.0,0.0,0.0,Control,
2022_Gur_Cell_Sceleroderma|GSM5837578_AB8492,0.0,0.0,0.9529411764705882,0.0,0.0,0.0,0.0,0.0,0.0,0.047058823529411764,0.0,0.0,0.0,0.0,0.0,0.0,0.0,0.0,0.0,0.0,0.0,0.0,0.0,0.0,Non-malignant disease,
2022_Gur_Cell_Sceleroderma|GSM5837606_AB8768,0.0,0.0,0.5586206896551724,0.0,0.0,0.0,0.0,0.006896551724137931,0.0,0.4068965517241379,0.0,0.0,0.006896551724137931,0.006896551724137931,0.0,0.0,0.0,0.0,0.013793103448275862,0.0,0.0,0.0,0.0,0.0,Non-malignant disease,
2023_Kong_Immunity_CD|N130084_L,0.0,0.0,0.0,0.0,0.0,0.0,0.0,0.0,0.0,0.0,0.0,0.0,0.0,0.0,0.0,0.0,0.0,0.0,0.0,0.0,0.0,0.0,0.18787878787878787,0.8121212121212121,Non-malignant disease,
2022_Gur_Cell_Sceleroderma|GSM5837549_AB8459,0.0,0.0,0.46846846846846846,0.0,0.0,0.0,0.0,0.0,0.0,0.44144144144144143,0.02702702702702703,0.0,0.0,0.009009009009009009,0.0,0.0,0.04504504504504504,0.0,0.009009009009009009,0.0,0.0,0.0,0.0,0.0,Control,
2022_TabulaSapiens_Science_TabulaSapiens|TSP2_Thymus_nan_10X,0.0,0.0,1.0,0.0,0.0,0.0,0.0,0.0,0.0,0.0,0.0,0.0,0.0,0.0,0.0,0.0,0.0,0.0,0.0,0.0,0.0,0.0,0.0,0.0,Control,
2023_Kumar_Nature_Breast|hbca_c37,0.807153965785381,0.016329704510108865,0.03421461897356143,0.0,0.0,0.12752721617418353,0.0,0.0,0.0,0.0,0.0,0.0,0.014774494556765163,0.0,0.0,0.0,0.0,0.0,0.0,0.0,0.0,0.0,0.0,0.0,Cancer_Tumor,BRCA
2022_Emont_Nature_WAT|Hs_OAT_01-2,0.0,0.0,0.04031919361612768,0.0,0.0,0.0,0.0,0.0,0.0,0.0,0.0,0.0,0.9596808063838723,0.0,0.0,0.0,0.0,0.0,0.0,0.0,0.0,0.0,0.0,0.0,Control,
2021_Pal_EMBO_Breast|GSM4909306_ER-MH0029-9C,0.0,0.0,0.0,0.0,0.975609756097561,0.0,0.0,0.0,0.0,0.0,0.0,0.0,0.0,0.024390243902439025,0.0,0.0,0.0,0.0,0.0,0.0,0.0,0.0,0.0,0.0,Cancer_Tumor,BRCA
2023_Kong_Immunity_CD|H158108_N3,0.0,0.0,0.7530864197530864,0.0,0.0,0.0,0.0,0.040123456790123455,0.0,0.0,0.0,0.0,0.0,0.05246913580246913,0.0,0.0,0.0,0.0,0.0,0.0,0.0030864197530864196,0.0,0.033950617283950615,0.11728395061728394,Control,
2023_Kong_Immunity_CD|N172428_L1,0.0,0.0,0.0,0.0,0.0,0.0,0.0,0.0,0.0,0.0,0.0,0.0,0.0,0.0,0.0,0.0,0.0,0.0,0.0,0.0,0.0,0.0,0.24324324324324326,0.7567567567567568,Non-malignant disease,
2022_Emont_Nature_WAT|Hs_SAT_SVF_236-1A-2,0.0,0.0,0.9986072423398329,0.0,0.0,0.0,0.0,0.0,0.0,0.0,0.0,0.0,0.001392757660167131,0.0,0.0,0.0,0.0,0.0,0.0,0.0,0.0,0.0,0.0,0.0,Control,
2020_Litvinukova_Nature_Heart|HCAHeart7888926,0.0,0.0,0.11971830985915492,0.0,0.0,0.0,0.0,0.0,0.0,0.0,0.0,0.0,0.0,0.0,0.0,0.0,0.0,0.0,0.0,0.0,0.8802816901408451,0.0,0.0,0.0,Control,
2022_Madissoon_NatGenet_Lung|WSSS_A_LNG8620065,0.0,0.010309278350515464,0.9845360824742269,0.0,0.0,0.0,0.0,0.0,0.0,0.0,0.0,0.0,0.0,0.005154639175257732,0.0,0.0,0.0,0.0,0.0,0.0,0.0,0.0,0.0,0.0,Control,
2022_Gur_Cell_Sceleroderma|GSM5837541_AB8451,0.0,0.0,0.9022556390977443,0.0,0.0,0.0,0.0,0.0,0.0,0.09774436090225563,0.0,0.0,0.0,0.0,0.0,0.0,0.0,0.0,0.0,0.0,0.0,0.0,0.0,0.0,Non-malignant disease,
2023_Kumar_Nature_Breast|hbca_c127,0.7868080094228505,0.048292108362779744,0.1570475068708284,0.007852375343541421,0.0,0.0,0.0,0.0,0.0,0.0,0.0,0.0,0.0,0.0,0.0,0.0,0.0,0.0,0.0,0.0,0.0,0.0,0.0,0.0,Control,
2021_Elmentaite_Nature_Intestine|Human_colon_16S8002625,0.2014388489208633,0.0,0.7985611510791367,0.0,0.0,0.0,0.0,0.0,0.0,0.0,0.0,0.0,0.0,0.0,0.0,0.0,0.0,0.0,0.0,0.0,0.0,0.0,0.0,0.0,Control,
2021_Melms_Nature_Lung-COVID19|L11cov,0.0,0.0,0.0,0.0,0.2631578947368421,0.0,0.0,0.0,0.0,0.0,0.0,0.0,0.7368421052631579,0.0,0.0,0.0,0.0,0.0,0.0,0.0,0.0,0.0,0.0,0.0,Non-malignant disease,
2023_Hickey_Nature_Intestine|B008-A-201,0.0,0.0,0.07796610169491526,0.0,0.0,0.0,0.0,0.0,0.0,0.0,0.0,0.0,0.6779661016949152,0.0,0.0,0.0,0.0,0.0,0.0,0.0,0.1152542372881356,0.0,0.03389830508474576,0.09491525423728814,Control,
2021_Melms_Nature_Lung-COVID19|L01cov,0.0,0.0,0.06547619047619048,0.0,0.0,0.0,0.0,0.0,0.0,0.0,0.0,0.0,0.9345238095238095,0.0,0.0,0.0,0.0,0.0,0.0,0.0,0.0,0.0,0.0,0.0,Non-malignant disease,
2022_Gur_Cell_Sceleroderma|GSM5837658_AB9107,0.0,0.0,0.4298245614035088,0.0,0.0,0.0,0.0,0.017543859649122806,0.0,0.21052631578947367,0.008771929824561403,0.0,0.0,0.2719298245614035,0.0,0.0,0.017543859649122806,0.0,0.043859649122807015,0.0,0.0,0.0,0.0,0.0,Control,
2020_Habermann_SciAdv_Lung-COVID19|GSM5226593_L13cov,0.0,0.0,0.0,0.0,0.0,0.0,0.0,0.0,0.0,0.0,0.0,0.0,1.0,0.0,0.0,0.0,0.0,0.0,0.0,0.0,0.0,0.0,0.0,0.0,Non-malignant disease,
2021_Pal_EMBO_Breast|GSM4909316_ER-MH0167-LN,0.0,0.0,0.8360655737704918,0.0,0.1557377049180328,0.0,0.0,0.0,0.0,0.0,0.0,0.0,0.00819672131147541,0.0,0.0,0.0,0.0,0.0,0.0,0.0,0.0,0.0,0.0,0.0,Cancer_Tumor,BRCA
2021_Wu_NatGenet_Breast|CID4465,0.0,0.018691588785046728,0.1308411214953271,0.0,0.794392523364486,0.0,0.0,0.0,0.0,0.0,0.0,0.0,0.0,0.0,0.056074766355140186,0.0,0.0,0.0,0.0,0.0,0.0,0.0,0.0,0.0,Cancer_Tumor,BRCA
2023_Monavarfeshani_PNAS_Eye|Pt6ON,0.0,0.0,0.0,0.0,0.0,0.0,0.0,0.0,0.0,0.0,0.0,0.0,1.0,0.0,0.0,0.0,0.0,0.0,0.0,0.0,0.0,0.0,0.0,0.0,Control,
2023_Kumar_Nature_Breast|hbca_c139,0.6293888166449935,0.09362808842652796,0.2555266579973992,0.017555266579973992,0.0,0.0,0.0,0.0,0.0,0.0,0.0,0.0,0.0,0.0,0.0039011703511053317,0.0,0.0,0.0,0.0,0.0,0.0,0.0,0.0,0.0,Control,
2021_Chan_CancerCell_SCLC|RU682_T,0.1320754716981132,0.0,0.0,0.0,0.5471698113207547,0.07547169811320754,0.0,0.0,0.0,0.0,0.0,0.0,0.0,0.09433962264150944,0.1509433962264151,0.0,0.0,0.0,0.0,0.0,0.0,0.0,0.0,0.0,Cancer_Tumor,NSCLC
2023_Lake_Nature_Kidney|KC36,0.0,0.0,0.0,0.0,0.0,0.0,0.0,0.0,0.0,0.0,0.0,0.0,1.0,0.0,0.0,0.0,0.0,0.0,0.0,0.0,0.0,0.0,0.0,0.0,Control,
2021_Elmentaite_Nature_Intestine|Human_colon_16S8000511,0.0,0.0,0.3684210526315789,0.0,0.0,0.0,0.0,0.0,0.0,0.0,0.0,0.0,0.017543859649122806,0.0,0.0,0.0,0.0,0.0,0.0,0.0,0.0,0.0,0.0,0.6140350877192983,Control,
2022_Emont_Nature_WAT|Hs_SAT_SVF_242-1B-1,0.0,0.0,0.9899497487437185,0.0,0.0,0.0,0.0,0.0,0.0,0.0,0.0,0.0,0.010050251256281407,0.0,0.0,0.0,0.0,0.0,0.0,0.0,0.0,0.0,0.0,0.0,Control,
2022_Reichart_Science_Heart|BO_H79_RV0_premrna,0.0,0.0,0.0,0.0,0.0,0.0,0.0,0.0,0.0,0.0,0.0,0.0,1.0,0.0,0.0,0.0,0.0,0.0,0.0,0.0,0.0,0.0,0.0,0.0,Non-malignant disease,
2022_Gur_Cell_Sceleroderma|GSM5837114_AB13775,0.0,0.0,0.8202247191011236,0.0,0.0,0.0,0.0,0.0,0.0,0.0898876404494382,0.0449438202247191,0.0,0.0,0.0449438202247191,0.0,0.0,0.0,0.0,0.0,0.0,0.0,0.0,0.0,0.0,Control,
2022_Hwang_NatGenet_PDAC|T8_CRT,0.0,0.0,0.38333333333333336,0.0,0.0,0.0,0.0,0.0,0.13333333333333333,0.0,0.0,0.0,0.48333333333333334,0.0,0.0,0.0,0.0,0.0,0.0,0.0,0.0,0.0,0.0,0.0,Cancer_Tumor,PC
2021_Pelka_Cell_CRC|C157_T_0_0_0_c1_v3,0.0,0.0,0.6373626373626373,0.0,0.054945054945054944,0.0,0.0,0.03296703296703297,0.0,0.0,0.0,0.0,0.0,0.0,0.0,0.0,0.0,0.0,0.0,0.0,0.0,0.0,0.22527472527472528,0.04945054945054945,Cancer_Tumor,CRC
2022_Nee_NatGenet_Breast|GSM5320161_scRNA_ctrl10,0.8678286129266521,0.0,0.0,0.0,0.0,0.13217138707334786,0.0,0.0,0.0,0.0,0.0,0.0,0.0,0.0,0.0,0.0,0.0,0.0,0.0,0.0,0.0,0.0,0.0,0.0,Control,
2023_Kumar_Nature_Breast|hbca_c77,0.45631891433418154,0.0,0.4431721798134012,0.09329940627650551,0.0,0.0,0.0,0.0,0.0,0.0,0.0,0.0,0.00720949957591179,0.0,0.0,0.0,0.0,0.0,0.0,0.0,0.0,0.0,0.0,0.0,Control,
2022_Gur_Cell_Sceleroderma|GSM5836983_AB10132,0.0,0.0,0.6111111111111112,0.0,0.0,0.0,0.0,0.0,0.0,0.2962962962962963,0.018518518518518517,0.0,0.0,0.018518518518518517,0.0,0.0,0.05555555555555555,0.0,0.0,0.0,0.0,0.0,0.0,0.0,Control,
2022_vanZyl_PNAS_Eye|Hu220OSCSWS2,0.0,0.0,0.0,0.0,0.0,0.0,0.0,0.0,0.015471167369901548,0.0,0.0,0.3080168776371308,0.6765119549929677,0.0,0.0,0.0,0.0,0.0,0.0,0.0,0.0,0.0,0.0,0.0,Control,
2021_Pal_EMBO_Breast|GSM4909279_B1-MH0023,0.8303457106274008,0.16965428937259924,0.0,0.0,0.0,0.0,0.0,0.0,0.0,0.0,0.0,0.0,0.0,0.0,0.0,0.0,0.0,0.0,0.0,0.0,0.0,0.0,0.0,0.0,Non-malignant disease,
2022_TabulaSapiens_Science_TabulaSapiens|TSP15_Eye_Sclera-etc_10X,0.0,0.0,0.9476923076923077,0.0,0.0,0.0,0.0,0.0,0.018461538461538463,0.033846153846153845,0.0,0.0,0.0,0.0,0.0,0.0,0.0,0.0,0.0,0.0,0.0,0.0,0.0,0.0,Control,
2023_Kumar_Nature_Breast|hbca_c112,0.8963093145869947,0.03427065026362039,0.06854130052724078,0.0,0.0,0.0,0.0,0.0,0.0,0.0,0.0,0.0,0.0,0.0,0.0,0.0,0.0008787346221441124,0.0,0.0,0.0,0.0,0.0,0.0,0.0,Cancer_Tumor,BRCA
2023_Lake_Nature_Kidney|KM71,0.0,0.0,0.0,0.0,0.0,0.0,0.0,0.0,0.0,0.0,0.0,0.0,1.0,0.0,0.0,0.0,0.0,0.0,0.0,0.0,0.0,0.0,0.0,0.0,Control,
2022_Hwang_NatGenet_PDAC|T2_CRT,0.0,0.0,0.0,0.0,0.0,0.0,0.0,0.0,0.011527377521613832,0.0,0.0,0.0,0.9884726224783862,0.0,0.0,0.0,0.0,0.0,0.0,0.0,0.0,0.0,0.0,0.0,Cancer_Tumor,PC
2022_Emont_Nature_WAT|Hs_SAT_13-1,0.0,0.0,0.5068268705625342,0.0,0.0,0.0,0.0,0.0,0.0,0.0,0.0,0.0,0.4931731294374659,0.0,0.0,0.0,0.0,0.0,0.0,0.0,0.0,0.0,0.0,0.0,Control,
2022_Reichart_Science_Heart|BO_H56_LV0_premrna,0.0,0.0,0.0,0.0,0.0,0.0,0.0,0.0,0.0,0.0,0.0,0.0,0.17450682852807284,0.0,0.0,0.0,0.0,0.0,0.0,0.0,0.8254931714719271,0.0,0.0,0.0,Non-malignant disease,
2023_Kong_Immunity_CD|I130084_L,0.0,0.02,0.0,0.0,0.22,0.63,0.0,0.0,0.0,0.0,0.0,0.0,0.0,0.06,0.0,0.0,0.0,0.0,0.0,0.0,0.0,0.0,0.05,0.02,Non-malignant disease,
2022_Reichart_Science_Heart|BO_H53_S00_premrna,0.0,0.0,0.0,0.0,0.0,0.0,0.0,0.0,0.0,0.0,0.0,0.0,0.07504078303425775,0.0,0.0,0.0,0.0,0.0,0.0,0.0,0.9249592169657422,0.0,0.0,0.0,Control,
2021_Pelka_Cell_CRC|C165_N_0_0_0_c1_v3,0.0,0.0,0.9259259259259259,0.0,0.0,0.0,0.0,0.0,0.0,0.0,0.0,0.0,0.0,0.0,0.0,0.0,0.0,0.0,0.0,0.0,0.0,0.0,0.06172839506172839,0.012345679012345678,Control,
2022_Gur_Cell_Sceleroderma|GSM5837504_AB8043,0.0,0.0,0.21666666666666667,0.0,0.0,0.0,0.0,0.0,0.0,0.65,0.016666666666666666,0.0,0.0,0.03333333333333333,0.0,0.0,0.06666666666666667,0.0,0.016666666666666666,0.0,0.0,0.0,0.0,0.0,Non-malignant disease,
2020_Habermann_SciAdv_Lung-COVID19|GSM5226597_L18cov,0.0,0.0,0.0,0.0,0.17475728155339806,0.0,0.0,0.0,0.0,0.0,0.0,0.0,0.8252427184466019,0.0,0.0,0.0,0.0,0.0,0.0,0.0,0.0,0.0,0.0,0.0,Non-malignant disease,
2022_Reichart_Science_Heart|BO_H08_RV0_premrna,0.0,0.0,0.0,0.0,0.0,0.0,0.0,0.0,0.0,0.0,0.0,0.0,0.884020618556701,0.0,0.0,0.0,0.0,0.0,0.0,0.0,0.11597938144329897,0.0,0.0,0.0,Non-malignant disease,
2020_Litvinukova_Nature_Heart|HCAHeart7664654,0.0,0.0,0.0,0.0,0.0,0.0,0.0,0.0,0.0,0.0,0.0,0.0,1.0,0.0,0.0,0.0,0.0,0.0,0.0,0.0,0.0,0.0,0.0,0.0,Control,
2022_Gur_Cell_Sceleroderma|GSM5837473_AB8012,0.0,0.0,0.79,0.0,0.0,0.0,0.0,0.0,0.0,0.17,0.02,0.0,0.02,0.0,0.0,0.0,0.0,0.0,0.0,0.0,0.0,0.0,0.0,0.0,Control,
2023_Kumar_Nature_Breast|hbca_c148,0.8445807770961146,0.026584867075664622,0.08282208588957055,0.03885480572597137,0.0,0.0,0.0,0.0,0.0,0.0,0.0,0.0,0.007157464212678937,0.0,0.0,0.0,0.0,0.0,0.0,0.0,0.0,0.0,0.0,0.0,Control,
2023_Fonseca_NatGenet_Endometriosis|sample43,0.05555555555555555,0.0,0.702020202020202,0.0,0.0,0.0,0.0,0.020202020202020204,0.2222222222222222,0.0,0.0,0.0,0.0,0.0,0.0,0.0,0.0,0.0,0.0,0.0,0.0,0.0,0.0,0.0,Non-malignant disease,
2023_Kumar_Nature_Breast|hbca_c55,0.034532897128316975,0.029807342784442022,0.8985823336968375,0.03707742639040349,0.0,0.0,0.0,0.0,0.0,0.0,0.0,0.0,0.0,0.0,0.0,0.0,0.0,0.0,0.0,0.0,0.0,0.0,0.0,0.0,Control,
2020_Park_Science_Thymus|WSSS8062669,0.0,0.056179775280898875,0.5168539325842697,0.0,0.0,0.0,0.0,0.0,0.0,0.0,0.0,0.0,0.0,0.42696629213483145,0.0,0.0,0.0,0.0,0.0,0.0,0.0,0.0,0.0,0.0,Control,
2020_Litvinukova_Nature_Heart|HCAHeart9845431,0.0,0.0,0.0,0.0,0.0,0.0,0.0,0.0,0.0,0.0,0.0,0.0,0.1900709219858156,0.0,0.0,0.0,0.0,0.0,0.0,0.0,0.8099290780141843,0.0,0.0,0.0,Control,
2022_Reichart_Science_Heart|BO_H28_LV0_premrna,0.0,0.0,0.0,0.0,0.0,0.0,0.0,0.0,0.0,0.0,0.0,0.0,0.2730496453900709,0.0,0.0,0.0,0.0,0.0,0.0,0.0,0.7269503546099291,0.0,0.0,0.0,Non-malignant disease,
2020_Habermann_SciAdv_Lung-COVID19|GSM5226574_C51ctr,0.0,0.0,0.0,0.0,0.0,0.0,0.0,0.0,0.0,0.0,0.0,0.0,1.0,0.0,0.0,0.0,0.0,0.0,0.0,0.0,0.0,0.0,0.0,0.0,Control,
2022_Gur_Cell_Sceleroderma|GSM5837308_AB7269,0.0,0.0,0.875,0.0,0.016666666666666666,0.0,0.0,0.0,0.0,0.016666666666666666,0.0,0.0,0.0,0.025,0.0,0.0,0.008333333333333333,0.0,0.058333333333333334,0.0,0.0,0.0,0.0,0.0,Non-malignant disease,
2023_Kumar_Nature_Breast|hbca_c03,0.0,0.0,1.0,0.0,0.0,0.0,0.0,0.0,0.0,0.0,0.0,0.0,0.0,0.0,0.0,0.0,0.0,0.0,0.0,0.0,0.0,0.0,0.0,0.0,Cancer_Tumor,BRCA
2022_Madissoon_NatGenet_Lung|WSSS_A_LNG8757927,0.0,0.0,0.05545927209705372,0.0,0.0,0.0,0.0,0.0017331022530329288,0.012131715771230503,0.0,0.0,0.0,0.6984402079722704,0.0,0.0,0.20623916811091855,0.0,0.0,0.0,0.0,0.025996533795493933,0.0,0.0,0.0,Control,
2022_Madissoon_NatGenet_Lung|5841STDY7991482,0.00847457627118644,0.0,0.9661016949152542,0.0,0.0,0.0,0.0,0.025423728813559324,0.0,0.0,0.0,0.0,0.0,0.0,0.0,0.0,0.0,0.0,0.0,0.0,0.0,0.0,0.0,0.0,Control,
2023_Kumar_Nature_Breast|hbca_c125,0.09240573552841211,0.056293149229952204,0.8412108337758896,0.009028146574614976,0.0,0.0,0.0,0.0,0.0,0.0,0.0,0.0,0.0010621348911311736,0.0,0.0,0.0,0.0,0.0,0.0,0.0,0.0,0.0,0.0,0.0,Control,
2020_Litvinukova_Nature_Heart|HCAHeart7905330,0.01904761904761905,0.047619047619047616,0.638095238095238,0.0,0.0,0.0,0.0,0.2761904761904762,0.0,0.0,0.0,0.0,0.0,0.0,0.0,0.0,0.0,0.0,0.0,0.0,0.01904761904761905,0.0,0.0,0.0,Control,
2021_Melms_Nature_Lung-COVID19|L05cov,0.0,0.0,0.0,0.0,0.08837209302325581,0.0,0.0,0.0,0.0,0.0,0.0,0.0,0.9116279069767442,0.0,0.0,0.0,0.0,0.0,0.0,0.0,0.0,0.0,0.0,0.0,Non-malignant disease,
2023_Hickey_Nature_Intestine|B004-A-008,0.0,0.0,0.031914893617021274,0.0,0.0,0.0,0.0,0.0,0.0,0.0,0.0,0.0,0.8031914893617021,0.0,0.0,0.0,0.0,0.0,0.0,0.0,0.0,0.0,0.09574468085106383,0.06914893617021277,Control,
2023_Hickey_Nature_Intestine|B011-A-101,0.0,0.0,0.0,0.0,0.0,0.0,0.0,0.0,0.0,0.0,0.0,0.0,0.4326923076923077,0.0,0.0,0.0,0.0,0.0,0.0,0.0,0.0,0.0,0.27884615384615385,0.28846153846153844,Control,
2022_vanZyl_PNAS_Eye|Hu216OSTMS2,0.0,0.0,0.0,0.0,0.0,0.0,0.0,0.0,0.0,0.0,0.0,0.8210352422907489,0.1789647577092511,0.0,0.0,0.0,0.0,0.0,0.0,0.0,0.0,0.0,0.0,0.0,Control,
2021_Pal_EMBO_Breast|GSM4909276_N-PM0372-Total,0.9501779359430605,0.046263345195729534,0.0035587188612099642,0.0,0.0,0.0,0.0,0.0,0.0,0.0,0.0,0.0,0.0,0.0,0.0,0.0,0.0,0.0,0.0,0.0,0.0,0.0,0.0,0.0,Control,
2022_TabulaSapiens_Science_TabulaSapiens|TSP7_Salivary_Gland_Parotid_10X,0.0,0.0,0.983926521239954,0.0,0.0,0.0,0.0,0.0,0.0,0.0,0.0,0.0,0.0,0.016073478760045924,0.0,0.0,0.0,0.0,0.0,0.0,0.0,0.0,0.0,0.0,Control,
2020_Litvinukova_Nature_Heart|HCAHeart7698015,0.0,0.0,0.037037037037037035,0.0,0.0,0.0,0.0,0.0,0.0,0.0,0.0,0.0,0.2222222222222222,0.0,0.0,0.0,0.0,0.0,0.0,0.0,0.7407407407407407,0.0,0.0,0.0,Control,
2022_Gur_Cell_Sceleroderma|GSM5837373_AB7497,0.0,0.0,0.6631578947368421,0.0,0.0,0.0,0.0,0.0,0.0,0.17894736842105263,0.0,0.0,0.0,0.021052631578947368,0.0,0.0,0.06315789473684211,0.0,0.07368421052631578,0.0,0.0,0.0,0.0,0.0,Non-malignant disease,
2023_Kumar_Nature_Breast|hbca_c146,0.48896434634974534,0.03904923599320883,0.4142614601018676,0.04923599320882852,0.0,0.0,0.0,0.0,0.0,0.0,0.0,0.0,0.0,0.0,0.008488964346349746,0.0,0.0,0.0,0.0,0.0,0.0,0.0,0.0,0.0,Control,
2020_Litvinukova_Nature_Heart|HCAHeart7964513,0.0,0.0,0.14606741573033707,0.0,0.0,0.0,0.0,0.0,0.0,0.0,0.0,0.0,0.4044943820224719,0.0,0.0,0.0,0.0,0.0,0.0,0.0,0.449438202247191,0.0,0.0,0.0,Control,
2023_Hickey_Nature_Intestine|B012-A-405,0.0,0.0,0.0,0.0,0.0,0.0,0.0,0.0,0.0,0.0,0.0,0.0,0.27848101265822783,0.0,0.0,0.0,0.0,0.0,0.0,0.0,0.0,0.0,0.0379746835443038,0.6835443037974683,Control,
2021_Melms_Nature_Lung-COVID19|L18cov,0.0,0.0,0.0,0.0,0.1650943396226415,0.0,0.0,0.0,0.0,0.0,0.0,0.0,0.8349056603773585,0.0,0.0,0.0,0.0,0.0,0.0,0.0,0.0,0.0,0.0,0.0,Non-malignant disease,
2023_Kumar_Nature_Breast|hbca_c167,0.3024390243902439,0.05853658536585366,0.21138211382113822,0.4276422764227642,0.0,0.0,0.0,0.0,0.0,0.0,0.0,0.0,0.0,0.0,0.0,0.0,0.0,0.0,0.0,0.0,0.0,0.0,0.0,0.0,Control,
2022_vanZyl_PNAS_Eye|Hu235IrisPS2,0.0,0.0,0.0,0.0,0.0,0.0,0.0,0.0,0.0,0.0,0.0,0.028503562945368172,0.9714964370546318,0.0,0.0,0.0,0.0,0.0,0.0,0.0,0.0,0.0,0.0,0.0,Control,
2021_Pelka_Cell_CRC|C170_T_0_0_0_c1_v3,0.0,0.0,0.0,0.0,0.4457831325301205,0.5542168674698795,0.0,0.0,0.0,0.0,0.0,0.0,0.0,0.0,0.0,0.0,0.0,0.0,0.0,0.0,0.0,0.0,0.0,0.0,Cancer_Tumor,CRC
2023_Kumar_Nature_Breast|hbca_c81,0.8123324396782842,0.0,0.18230563002680966,0.005361930294906166,0.0,0.0,0.0,0.0,0.0,0.0,0.0,0.0,0.0,0.0,0.0,0.0,0.0,0.0,0.0,0.0,0.0,0.0,0.0,0.0,Control,
2020_Litvinukova_Nature_Heart|HCAHeart8102868,0.01935483870967742,0.0,0.9548387096774194,0.0,0.0,0.0,0.0064516129032258064,0.01935483870967742,0.0,0.0,0.0,0.0,0.0,0.0,0.0,0.0,0.0,0.0,0.0,0.0,0.0,0.0,0.0,0.0,Control,
2021_Pal_EMBO_Breast|GSM4909258_N-NF-Epi,0.978494623655914,0.0,0.0,0.0,0.0,0.021505376344086023,0.0,0.0,0.0,0.0,0.0,0.0,0.0,0.0,0.0,0.0,0.0,0.0,0.0,0.0,0.0,0.0,0.0,0.0,Control,
2021_Pal_EMBO_Breast|GSM4909297_ER-MH0125,0.0,0.0,0.18055555555555555,0.0,0.7916666666666666,0.0,0.0,0.0,0.0,0.0,0.0,0.0,0.0,0.027777777777777776,0.0,0.0,0.0,0.0,0.0,0.0,0.0,0.0,0.0,0.0,Cancer_Tumor,BRCA
2023_Kong_Immunity_CD|H197396_N2,0.0,0.004149377593360996,0.34854771784232363,0.0,0.0,0.0,0.0,0.04979253112033195,0.04979253112033195,0.0,0.0,0.0,0.0,0.15767634854771784,0.0,0.0,0.0,0.0,0.0,0.0,0.0,0.0,0.23651452282157676,0.15352697095435686,Control,
2022_vanZyl_PNAS_Eye|Hu216CiliaryBody,0.0,0.0,0.0,0.0,0.0,0.0,0.0,0.0,0.0,0.0,0.0,0.8251445086705202,0.17485549132947978,0.0,0.0,0.0,0.0,0.0,0.0,0.0,0.0,0.0,0.0,0.0,Control,
2022_Reichart_Science_Heart|BO_H49_RV0_premrna,0.0,0.0,0.030425963488843813,0.0,0.0,0.0,0.0,0.0,0.0,0.0,0.0,0.0,0.40973630831643004,0.0,0.0,0.0,0.0,0.0,0.0,0.0,0.5598377281947262,0.0,0.0,0.0,Control,
2023_Kumar_Nature_Breast|hbca_c39,0.8764478764478765,0.03185328185328185,0.060810810810810814,0.0,0.0,0.025096525096525095,0.0,0.0,0.0,0.0,0.0,0.0,0.005791505791505791,0.0,0.0,0.0,0.0,0.0,0.0,0.0,0.0,0.0,0.0,0.0,Cancer_Tumor,BRCA
2022_Gur_Cell_Sceleroderma|GSM5837264_AB7078,0.0,0.00980392156862745,0.5980392156862745,0.0196078431372549,0.0,0.0,0.0,0.0,0.0,0.13725490196078433,0.0196078431372549,0.0,0.0,0.0,0.0,0.0,0.21568627450980393,0.0,0.0,0.0,0.0,0.0,0.0,0.0,Non-malignant disease,
2023_Kong_Immunity_CD|N125985_L1,0.0,0.0,0.0,0.0,0.0,0.0,0.0,0.005917159763313609,0.05917159763313609,0.0,0.0,0.0,0.0,0.0,0.0,0.0,0.0,0.0,0.0,0.0,0.0,0.0,0.1242603550295858,0.8106508875739645,Non-malignant disease,
2023_Kumar_Nature_Breast|hbca_c06,0.0,0.0,0.9907024793388429,0.009297520661157025,0.0,0.0,0.0,0.0,0.0,0.0,0.0,0.0,0.0,0.0,0.0,0.0,0.0,0.0,0.0,0.0,0.0,0.0,0.0,0.0,Cancer_Tumor,BRCA
2022_Reichart_Science_Heart|BO_H13_RV0_premrna,0.0,0.0,0.0,0.0,0.0,0.0,0.0,0.0,0.0,0.0,0.0,0.0,0.2352168199737188,0.0,0.0,0.0,0.0,0.0,0.0,0.0,0.7647831800262812,0.0,0.0,0.0,Non-malignant disease,
2022_Nee_NatGenet_Breast|GSM5320162_scRNA_ctrl11,0.3023255813953488,0.0,0.0,0.0,0.0,0.6976744186046512,0.0,0.0,0.0,0.0,0.0,0.0,0.0,0.0,0.0,0.0,0.0,0.0,0.0,0.0,0.0,0.0,0.0,0.0,Control,
2023_Kumar_Nature_Breast|hbca_n05,0.0,0.0,0.0,0.0,0.0,0.0,0.0,0.0,0.0,0.0,0.0,0.0,1.0,0.0,0.0,0.0,0.0,0.0,0.0,0.0,0.0,0.0,0.0,0.0,Cancer_AdjNorm,BRCA
2022_Gur_Cell_Sceleroderma|GSM5837394_AB7701,0.0,0.0,0.580952380952381,0.0,0.0,0.0,0.009523809523809525,0.0,0.0,0.14285714285714285,0.0,0.0,0.0,0.047619047619047616,0.0,0.0,0.18095238095238095,0.0,0.0380952380952381,0.0,0.0,0.0,0.0,0.0,Non-malignant disease,
2020_Litvinukova_Nature_Heart|HCAHeart7829976,0.14814814814814814,0.0,0.09259259259259259,0.0,0.0,0.0,0.0,0.0,0.0,0.0,0.0,0.0,0.7592592592592593,0.0,0.0,0.0,0.0,0.0,0.0,0.0,0.0,0.0,0.0,0.0,Control,
2023_Fonseca_NatGenet_Endometriosis|sample15,0.8782961460446247,0.06389452332657201,0.0010141987829614604,0.0,0.0,0.0,0.0,0.0,0.0,0.0,0.0,0.0,0.006085192697768763,0.0,0.0,0.0,0.0,0.0,0.0,0.05070993914807302,0.0,0.0,0.0,0.0,Non-malignant disease,
2022_Hwang_NatGenet_PDAC|T4_CRT,0.0,0.0,0.0,0.0,0.20634920634920634,0.0,0.0,0.0,0.0,0.0,0.0,0.0,0.7936507936507936,0.0,0.0,0.0,0.0,0.0,0.0,0.0,0.0,0.0,0.0,0.0,Cancer_Tumor,PC
2022_TabulaSapiens_Science_TabulaSapiens|TSP1_Muscle_nan_smartseq2,0.0,0.0,0.7380952380952381,0.0,0.0,0.0,0.0,0.003968253968253968,0.0,0.0,0.0,0.0,0.0,0.0,0.0,0.0,0.0,0.0,0.0,0.0,0.07936507936507936,0.17857142857142858,0.0,0.0,Control,
2021_Melms_Nature_Lung-COVID19|L15cov,0.0,0.0,0.0,0.0,0.0,0.0,0.0,0.0,0.0,0.0,0.0,0.0,1.0,0.0,0.0,0.0,0.0,0.0,0.0,0.0,0.0,0.0,0.0,0.0,Non-malignant disease,
2022_Zhou_NatGenet_PDAC|HT056P-S1R1A1,0.0,0.0,0.13167259786476868,0.0,0.43238434163701067,0.0,0.304270462633452,0.08540925266903915,0.04092526690391459,0.0,0.0,0.0,0.0,0.0,0.0,0.0,0.005338078291814947,0.0,0.0,0.0,0.0,0.0,0.0,0.0,Cancer_Tumor,PC
2022_Gur_Cell_Sceleroderma|GSM5837600_AB8762,0.0,0.0,0.2913907284768212,0.0,0.0,0.0,0.0,0.0,0.0,0.5231788079470199,0.0,0.0,0.006622516556291391,0.046357615894039736,0.0,0.0,0.09933774834437085,0.0,0.033112582781456956,0.0,0.0,0.0,0.0,0.0,Control,
2022_Reichart_Science_Heart|BO_H42_S00_premrna,0.0,0.0,0.0,0.0,0.0,0.0,0.0,0.0,0.0,0.0,0.0,0.0,0.556390977443609,0.0,0.0,0.0,0.0,0.0,0.0,0.0,0.44360902255639095,0.0,0.0,0.0,Non-malignant disease,
2022_Gur_Cell_Sceleroderma|GSM5837668_AB9344,0.0,0.0,0.8962264150943396,0.0,0.0,0.0,0.0,0.0,0.0,0.02830188679245283,0.02830188679245283,0.0,0.0,0.018867924528301886,0.0,0.0,0.0,0.0,0.02830188679245283,0.0,0.0,0.0,0.0,0.0,Non-malignant disease,
2022_vanZyl_PNAS_Eye|Hu220235IrisCS2,0.0,0.0,0.0,0.0,0.0,0.0,0.0,0.0,0.0,0.0,0.0,0.0,1.0,0.0,0.0,0.0,0.0,0.0,0.0,0.0,0.0,0.0,0.0,0.0,Control,
2022_Kumar_CancerDis_Gastric|GSM5573479_sample14,0.03278688524590164,0.21311475409836064,0.03278688524590164,0.0,0.0,0.03278688524590164,0.01639344262295082,0.0,0.0,0.0,0.0,0.0,0.0,0.04918032786885246,0.0,0.0,0.0,0.0,0.0,0.0,0.0,0.0,0.6065573770491803,0.01639344262295082,Cancer_Tumor,GC
2022_Gur_Cell_Sceleroderma|GSM5837415_AB7754,0.0,0.0,0.45614035087719296,0.0,0.0,0.0,0.0,0.0,0.0,0.38596491228070173,0.017543859649122806,0.0,0.017543859649122806,0.05263157894736842,0.0,0.0,0.05263157894736842,0.0,0.017543859649122806,0.0,0.0,0.0,0.0,0.0,Non-malignant disease,
2022_TabulaSapiens_Science_TabulaSapiens|TSP2_Muscle_rectusabdominus_10X,0.0014184397163120568,0.0,0.5695035460992908,0.0,0.0,0.0,0.0,0.0007092198581560284,0.0,0.0,0.0,0.0,0.0,0.0,0.0,0.0,0.0,0.0,0.0,0.0,0.06619385342789598,0.3621749408983452,0.0,0.0,Control,
2023_Monavarfeshani_PNAS_Eye|Hu222ODScl,0.0,0.0,0.0,0.0,0.0,0.0,0.0,0.0,0.023668639053254437,0.0,0.0,0.17751479289940827,0.7988165680473372,0.0,0.0,0.0,0.0,0.0,0.0,0.0,0.0,0.0,0.0,0.0,Control,
2020_Litvinukova_Nature_Heart|HCAHeartST13146202,0.0,0.0,0.02702702702702703,0.0,0.0,0.0,0.0,0.0,0.0,0.0,0.0,0.0,0.972972972972973,0.0,0.0,0.0,0.0,0.0,0.0,0.0,0.0,0.0,0.0,0.0,Control,
2022_Gur_Cell_Sceleroderma|GSM5837567_AB8481,0.0,0.0,0.6582278481012658,0.0,0.0,0.0,0.0,0.0,0.0,0.22151898734177214,0.0,0.0,0.0,0.0189873417721519,0.0,0.0,0.08860759493670886,0.0,0.012658227848101266,0.0,0.0,0.0,0.0,0.0,Control,
2022_Zhou_NatGenet_PDAC|TWCE-HT060P1-S1PBA1A1Z1B1,0.0,0.0,0.0,0.0,0.5177095631641087,0.0,0.16646989374262103,0.3122786304604486,0.0,0.0,0.0,0.0,0.0035419126328217238,0.0,0.0,0.0,0.0,0.0,0.0,0.0,0.0,0.0,0.0,0.0,Cancer_Tumor,PC
2022_Madissoon_NatGenet_Lung|HCA_A_LNG9387711,0.0,0.0,0.039711191335740074,0.0,0.0,0.0,0.0,0.061371841155234655,0.0036101083032490976,0.0036101083032490976,0.0,0.0,0.851985559566787,0.0,0.0,0.039711191335740074,0.0,0.0,0.0,0.0,0.0,0.0,0.0,0.0,Control,
2022_Kumar_CancerDis_Gastric|GSM5573493_sample28,0.0,0.006711409395973154,0.0,0.0,0.0,0.0,0.0,0.0,0.0,0.0,0.0,0.0,0.0,0.0,0.0,0.0,0.0,0.0,0.0,0.0,0.0,0.0,0.9261744966442953,0.06711409395973154,Cancer_Tumor,GC
2022_Reichart_Science_Heart|BO_H28_S00_premrna,0.0,0.0,0.0,0.0,0.0,0.0,0.0,0.0,0.0,0.0,0.0,0.0,0.2018348623853211,0.0,0.0,0.0,0.0,0.0,0.0,0.0,0.7981651376146789,0.0,0.0,0.0,Non-malignant disease,
2022_Zhou_NatGenet_PDAC|HT056P-S1PBA3,0.0,0.0,0.0,0.0,0.4,0.0,0.04838709677419355,0.5387096774193548,0.0,0.0,0.0,0.0,0.012903225806451613,0.0,0.0,0.0,0.0,0.0,0.0,0.0,0.0,0.0,0.0,0.0,Cancer_Tumor,PC
2022_vanZyl_PNAS_Eye|Hu235Cornea,0.0,0.0,0.0,0.0,0.0,0.0,0.0,0.0,0.0,0.0,0.0,0.0,1.0,0.0,0.0,0.0,0.0,0.0,0.0,0.0,0.0,0.0,0.0,0.0,Control,
2022_Madissoon_NatGenet_Lung|HCA_A_LNG9387713,0.013927576601671309,0.0,0.04178272980501393,0.0,0.0,0.0,0.0,0.052924791086350974,0.002785515320334262,0.0,0.0,0.0,0.8857938718662952,0.0,0.0,0.002785515320334262,0.0,0.0,0.0,0.0,0.0,0.0,0.0,0.0,Control,
2020_Litvinukova_Nature_Heart|HCAHeart7702882,0.0,0.0,0.15948275862068967,0.0,0.0,0.0,0.0,0.0,0.0,0.0,0.0,0.0,0.3577586206896552,0.0,0.0,0.0,0.0,0.0,0.0,0.0,0.4827586206896552,0.0,0.0,0.0,Control,
2023_Monavarfeshani_PNAS_Eye|Hu056316ODONHallnuc,0.0,0.0,0.0,0.0,0.0,0.0,0.0,0.0,0.0,0.0,0.0,0.0,1.0,0.0,0.0,0.0,0.0,0.0,0.0,0.0,0.0,0.0,0.0,0.0,Control,
2020_Litvinukova_Nature_Heart|HCAHeartST13189996,0.30324909747292417,0.0,0.05776173285198556,0.0,0.0,0.0,0.0,0.0,0.0,0.0,0.0,0.0,0.6389891696750902,0.0,0.0,0.0,0.0,0.0,0.0,0.0,0.0,0.0,0.0,0.0,Control,
2023_Kumar_Nature_Breast|hbca_c23,0.829683698296837,0.0,0.0,0.0,0.0,0.11192214111922141,0.0,0.0,0.0,0.0,0.0,0.0,0.0,0.0,0.058394160583941604,0.0,0.0,0.0,0.0,0.0,0.0,0.0,0.0,0.0,Control,
2020_Habermann_SciAdv_Lung-COVID19|GSM5226587_L07cov,0.0,0.0,0.0,0.0,0.02158273381294964,0.0,0.0,0.0,0.0,0.0,0.0,0.0,0.9784172661870504,0.0,0.0,0.0,0.0,0.0,0.0,0.0,0.0,0.0,0.0,0.0,Non-malignant disease,
2020_Litvinukova_Nature_Heart|HCAHeart9508629,0.0,0.0,0.0,0.0,0.0,0.0,0.0,0.0,0.0,0.0,0.0,0.0,0.19338422391857507,0.0,0.0,0.0,0.0,0.0,0.0,0.0,0.806615776081425,0.0,0.0,0.0,Control,
2021_Garcia-Alonso_NatGenet_Endometrial|MRC_Endo8712032,0.0,0.0,0.0,0.0,0.0,0.0,0.0,0.0,0.0,0.0,0.0,0.0,0.0,0.0,0.0,0.0,0.0,0.0,0.0,1.0,0.0,0.0,0.0,0.0,Control,
2022_Gur_Cell_Sceleroderma|GSM5837613_AB8775,0.0,0.0,0.28125,0.0,0.0,0.0,0.0,0.0,0.0,0.234375,0.046875,0.0,0.0,0.046875,0.0,0.0,0.234375,0.0,0.15625,0.0,0.0,0.0,0.0,0.0,Non-malignant disease,
2023_Fonseca_NatGenet_Endometriosis|sample18,0.017478152309612985,0.0,0.9600499375780275,0.0,0.0,0.0,0.0,0.0,0.0,0.0,0.0,0.0,0.0,0.0,0.0,0.0,0.0,0.0,0.0,0.02247191011235955,0.0,0.0,0.0,0.0,Non-malignant disease,
2022_Reichart_Science_Heart|BO_H84_RV0_premrna,0.0,0.0,0.0,0.0,0.0,0.0,0.0,0.0,0.0,0.0,0.0,0.0,0.6756756756756757,0.0,0.0,0.0,0.0,0.0,0.0,0.0,0.32432432432432434,0.0,0.0,0.0,Non-malignant disease,
2022_Gur_Cell_Sceleroderma|GSM5837543_AB8453,0.0,0.0,0.4,0.014285714285714285,0.05714285714285714,0.0,0.0,0.0,0.0,0.24285714285714285,0.014285714285714285,0.0,0.0,0.11428571428571428,0.0,0.0,0.05714285714285714,0.0,0.1,0.0,0.0,0.0,0.0,0.0,Non-malignant disease,
2023_Fonseca_NatGenet_Endometriosis|sample41,0.020833333333333332,0.9305555555555556,0.013888888888888888,0.0,0.0,0.0,0.0,0.0,0.0,0.0,0.0,0.0,0.013888888888888888,0.0,0.0,0.0,0.006944444444444444,0.0,0.0,0.013888888888888888,0.0,0.0,0.0,0.0,Non-malignant disease,
2022_Emont_Nature_WAT|Hs_SAT_SVF_235-1A-1,0.0,0.0,1.0,0.0,0.0,0.0,0.0,0.0,0.0,0.0,0.0,0.0,0.0,0.0,0.0,0.0,0.0,0.0,0.0,0.0,0.0,0.0,0.0,0.0,Control,
2023_Monavarfeshani_PNAS_Eye|Hu220OSONH,0.0,0.0,0.0,0.0,0.0,0.0,0.0,0.0,0.0,0.0,0.0,0.0,1.0,0.0,0.0,0.0,0.0,0.0,0.0,0.0,0.0,0.0,0.0,0.0,Control,
2021_Melms_Nature_Lung-COVID19|L08cov,0.0,0.0,0.020599250936329586,0.0,0.12359550561797752,0.0,0.0,0.018726591760299626,0.0,0.0,0.0,0.0,0.8370786516853933,0.0,0.0,0.0,0.0,0.0,0.0,0.0,0.0,0.0,0.0,0.0,Non-malignant disease,
2023_Kumar_Nature_Breast|hbca_c96,0.8877092690894243,0.005308289097590854,0.10698244181298489,0.0,0.0,0.0,0.0,0.0,0.0,0.0,0.0,0.0,0.0,0.0,0.0,0.0,0.0,0.0,0.0,0.0,0.0,0.0,0.0,0.0,Control,
2022_Gur_Cell_Sceleroderma|GSM5837447_AB7859,0.0,0.0,0.6690647482014388,0.0,0.0,0.0,0.0,0.0,0.0,0.1510791366906475,0.007194244604316547,0.0,0.0,0.03597122302158273,0.0,0.0,0.1079136690647482,0.0,0.02877697841726619,0.0,0.0,0.0,0.0,0.0,Control,
2021_Melms_Nature_Lung-COVID19|L12cov,0.0,0.0,0.0,0.0,0.029069767441860465,0.0,0.0,0.0,0.0,0.0,0.0,0.0,0.9709302325581395,0.0,0.0,0.0,0.0,0.0,0.0,0.0,0.0,0.0,0.0,0.0,Non-malignant disease,
2023_Kumar_Nature_Breast|hbca_c145,0.10157618213660245,0.07005253940455342,0.3450087565674256,0.47810858143607704,0.0,0.0,0.0,0.0,0.0,0.0,0.0,0.0,0.0017513134851138354,0.0,0.0035026269702276708,0.0,0.0,0.0,0.0,0.0,0.0,0.0,0.0,0.0,Control,
2022_Reichart_Science_Heart|BO_H49_S0N_premrna,0.0,0.0,0.0,0.0,0.0,0.0,0.0,0.0,0.0,0.0,0.0,0.0,0.41475826972010177,0.0,0.0,0.0,0.0,0.0,0.0,0.0,0.5852417302798982,0.0,0.0,0.0,Control,
2022_Gur_Cell_Sceleroderma|GSM5837654_AB9103,0.0,0.0,0.8130841121495327,0.0,0.0,0.0,0.0,0.0,0.0,0.028037383177570093,0.08411214953271028,0.0,0.037383177570093455,0.009345794392523364,0.0,0.0,0.028037383177570093,0.0,0.0,0.0,0.0,0.0,0.0,0.0,Non-malignant disease,
2022_Emont_Nature_WAT|Hs_SAT_SVF_239-1B-2,0.015901060070671377,0.0,0.9840989399293286,0.0,0.0,0.0,0.0,0.0,0.0,0.0,0.0,0.0,0.0,0.0,0.0,0.0,0.0,0.0,0.0,0.0,0.0,0.0,0.0,0.0,Control,
2023_Hickey_Nature_Intestine|B012-A-401,0.0,0.0,0.1506849315068493,0.0,0.0,0.0,0.0,0.0,0.0,0.0,0.0,0.0,0.136986301369863,0.0,0.0,0.0,0.0,0.0,0.0,0.0,0.0,0.0,0.0,0.7123287671232876,Control,
2022_Reichart_Science_Heart|BO_H19_S00_R2_premrna,0.0,0.0,0.0,0.0,0.0,0.0,0.0,0.003861003861003861,0.0,0.0,0.0,0.0,0.16216216216216217,0.0,0.0,0.0,0.0,0.0,0.0,0.0,0.833976833976834,0.0,0.0,0.0,Non-malignant disease,
2022_Gur_Cell_Sceleroderma|GSM5837449_AB7861,0.0,0.0,0.6296296296296297,0.0,0.0,0.0,0.0,0.0,0.0,0.21296296296296297,0.0,0.0,0.0,0.037037037037037035,0.0,0.0,0.06481481481481481,0.0,0.05555555555555555,0.0,0.0,0.0,0.0,0.0,Control,
2022_Nee_NatGenet_Breast|GSM5320154_scRNA_ctrl3,0.5441664154356346,0.0,0.0,0.0,0.0,0.4558335845643654,0.0,0.0,0.0,0.0,0.0,0.0,0.0,0.0,0.0,0.0,0.0,0.0,0.0,0.0,0.0,0.0,0.0,0.0,Control,
2022_Reichart_Science_Heart|BO_H06_LV0_premrna,0.0,0.0,0.0,0.0,0.0,0.0,0.0,0.0,0.0,0.0,0.0,0.0,0.5570652173913043,0.0,0.0,0.0,0.0,0.0,0.0,0.0,0.4429347826086957,0.0,0.0,0.0,Non-malignant disease,
2022_Gur_Cell_Sceleroderma|GSM5837344_AB7447,0.0,0.0,0.6190476190476191,0.0,0.0,0.0,0.0,0.0,0.0,0.2857142857142857,0.015873015873015872,0.0,0.0,0.031746031746031744,0.0,0.0,0.015873015873015872,0.0,0.031746031746031744,0.0,0.0,0.0,0.0,0.0,Non-malignant disease,
2022_Reichart_Science_Heart|BO_H20_LVN_premrna,0.0,0.0,0.0,0.0,0.0,0.0,0.0,0.0,0.0,0.0,0.0,0.0,0.08808290155440414,0.0,0.0,0.0,0.0,0.0,0.0,0.0,0.9119170984455959,0.0,0.0,0.0,Non-malignant disease,
2022_Gur_Cell_Sceleroderma|GSM5837436_AB7848,0.0,0.0,0.6864406779661016,0.0,0.0,0.0,0.0,0.0,0.0,0.15254237288135594,0.0,0.0,0.0,0.07627118644067797,0.0,0.0,0.0,0.0,0.0847457627118644,0.0,0.0,0.0,0.0,0.0,Non-malignant disease,
2022_Reichart_Science_Heart|BO_H81_LV0_premrna,0.0,0.0,0.0,0.0,0.0,0.0,0.0,0.0,0.0,0.0,0.0,0.0,0.2616822429906542,0.0,0.0,0.0,0.0,0.0,0.0,0.0,0.7383177570093458,0.0,0.0,0.0,Non-malignant disease,
2022_Reichart_Science_Heart|BO_H37_LV0_premrna,0.0,0.0,0.0,0.0,0.0,0.0,0.0,0.0,0.0,0.0,0.0,0.0,0.5555555555555556,0.0,0.0,0.0,0.0,0.0,0.0,0.0,0.4444444444444444,0.0,0.0,0.0,Non-malignant disease,
2020_Litvinukova_Nature_Heart|HCAHeart9845435,0.0,0.0,0.0182648401826484,0.0,0.0,0.0,0.0,0.0,0.0,0.0,0.0,0.0,0.033268101761252444,0.0,0.0,0.0,0.0,0.0,0.0,0.0,0.9484670580560991,0.0,0.0,0.0,Control,
2022_Reichart_Science_Heart|BO_H15_RV0_premrna,0.0,0.0,0.0,0.0,0.0,0.0,0.0,0.0,0.0,0.0,0.0,0.0,0.2804878048780488,0.0,0.0,0.0,0.0,0.0,0.0,0.0,0.7195121951219512,0.0,0.0,0.0,Non-malignant disease,
2022_Emont_Nature_WAT|Hs_SAT_SVF_248-2A-1,0.0,0.0,0.9264705882352942,0.0,0.0,0.0,0.0,0.0,0.0,0.0,0.0,0.0,0.058823529411764705,0.0,0.0,0.0,0.0,0.0,0.0,0.0,0.014705882352941176,0.0,0.0,0.0,Control,
2021_Pal_EMBO_Breast|GSM4909257_N-PM0095-Total,0.9693877551020408,0.030612244897959183,0.0,0.0,0.0,0.0,0.0,0.0,0.0,0.0,0.0,0.0,0.0,0.0,0.0,0.0,0.0,0.0,0.0,0.0,0.0,0.0,0.0,0.0,Control,
2023_Kumar_Nature_Breast|hbca_c50,0.6494974874371859,0.04648241206030151,0.2952261306532663,0.00628140703517588,0.0,0.0,0.0,0.0,0.0,0.0,0.0,0.0,0.002512562814070352,0.0,0.0,0.0,0.0,0.0,0.0,0.0,0.0,0.0,0.0,0.0,Control,
2022_Reichart_Science_Heart|BO_H55_S00_premrna,0.0,0.0,0.0,0.0,0.0,0.0,0.0,0.0,0.0,0.0,0.0,0.0,0.11073253833049404,0.0,0.0,0.0,0.0,0.0,0.0,0.0,0.889267461669506,0.0,0.0,0.0,Control,
2022_Hwang_NatGenet_PDAC|U1_Untreated,0.0,0.0,0.0,0.0,0.0,0.0,0.027245206861755803,0.0,0.029263370332996974,0.0,0.0,0.0,0.9434914228052472,0.0,0.0,0.0,0.0,0.0,0.0,0.0,0.0,0.0,0.0,0.0,Cancer_Tumor,PC
2023_Fonseca_NatGenet_Endometriosis|sample27,0.01510361784334387,0.006498068141903758,0.9578503688092729,0.0,0.005619950825430277,0.0,0.0,0.0,0.0,0.0,0.0,0.0,0.0,0.0,0.0,0.0,0.0,0.0,0.0,0.014927994380049174,0.0,0.0,0.0,0.0,Non-malignant disease,
2022_Reichart_Science_Heart|BO_H01_LV0_premrna,0.0,0.0,0.0,0.0,0.0,0.0,0.0,0.0,0.0,0.0,0.0,0.0,0.3624401913875598,0.0,0.0,0.0,0.0,0.0,0.0,0.0,0.6375598086124402,0.0,0.0,0.0,Non-malignant disease,
2021_Pal_EMBO_Breast|GSM4909272_N-MH0021-Total,1.0,0.0,0.0,0.0,0.0,0.0,0.0,0.0,0.0,0.0,0.0,0.0,0.0,0.0,0.0,0.0,0.0,0.0,0.0,0.0,0.0,0.0,0.0,0.0,Control,
2022_Gur_Cell_Sceleroderma|GSM5837626_AB8912,0.0,0.0,0.4576271186440678,0.0,0.0,0.0,0.0,0.0,0.0,0.3220338983050847,0.03389830508474576,0.0,0.0,0.11864406779661017,0.0,0.0,0.0,0.0,0.06779661016949153,0.0,0.0,0.0,0.0,0.0,Control,
2021_Elmentaite_Nature_Intestine|4918STDY7901096,0.0,0.0,0.0,0.0,0.027227722772277228,0.46534653465346537,0.0,0.0,0.0,0.0,0.0,0.0,0.0,0.44801980198019803,0.0,0.0,0.0,0.0,0.0,0.0,0.0,0.0,0.012376237623762377,0.04702970297029703,Non-malignant disease,
2022_TabulaSapiens_Science_TabulaSapiens|TSP14_Fat_SCAT_10X,0.0,0.0,1.0,0.0,0.0,0.0,0.0,0.0,0.0,0.0,0.0,0.0,0.0,0.0,0.0,0.0,0.0,0.0,0.0,0.0,0.0,0.0,0.0,0.0,Control,
2022_Reichart_Science_Heart|BO_H07_RV0_premrna,0.0,0.0,0.0,0.0,0.0,0.0,0.0,0.0,0.0,0.0,0.0,0.0,0.5794392523364486,0.0,0.0,0.0,0.0,0.0,0.0,0.0,0.4205607476635514,0.0,0.0,0.0,Non-malignant disease,
2022_TabulaSapiens_Science_TabulaSapiens|TSP2_Vasculature_nan_smartseq2,0.0,0.0,1.0,0.0,0.0,0.0,0.0,0.0,0.0,0.0,0.0,0.0,0.0,0.0,0.0,0.0,0.0,0.0,0.0,0.0,0.0,0.0,0.0,0.0,Control,
2023_Kumar_Nature_Breast|hbca_c104,0.8010630220197419,0.03644646924829157,0.15793470007593013,0.004555808656036446,0.0,0.0,0.0,0.0,0.0,0.0,0.0,0.0,0.0,0.0,0.0,0.0,0.0,0.0,0.0,0.0,0.0,0.0,0.0,0.0,Control,
2023_Kumar_Nature_Breast|hbca_n04,0.0,0.0,0.0,0.0,0.0,0.0,0.0,0.0,0.0,0.0,0.0,0.0,1.0,0.0,0.0,0.0,0.0,0.0,0.0,0.0,0.0,0.0,0.0,0.0,Cancer_Tumor,BRCA
2023_Fonseca_NatGenet_Endometriosis|sample44,0.0,0.0,1.0,0.0,0.0,0.0,0.0,0.0,0.0,0.0,0.0,0.0,0.0,0.0,0.0,0.0,0.0,0.0,0.0,0.0,0.0,0.0,0.0,0.0,Non-malignant disease,
2022_Reichart_Science_Heart|BO_H58_LV0_premrna,0.0,0.0,0.0,0.0,0.0,0.0,0.0,0.0,0.0,0.0,0.0,0.0,0.4034582132564842,0.0,0.0,0.0,0.0,0.0,0.0,0.0,0.5965417867435159,0.0,0.0,0.0,Non-malignant disease,
2023_Kumar_Nature_Breast|hbca_c27,0.8787210584343991,0.025358324145534728,0.05181918412348401,0.0,0.0,0.044101433296582136,0.0,0.0,0.0,0.0,0.0,0.0,0.0,0.0,0.0,0.0,0.0,0.0,0.0,0.0,0.0,0.0,0.0,0.0,Cancer_Tumor,BRCA
2022_Gur_Cell_Sceleroderma|GSM5837180_AB14116,0.0,0.0,0.9185185185185185,0.037037037037037035,0.0,0.0,0.0,0.007407407407407408,0.0,0.0,0.0,0.0,0.0,0.022222222222222223,0.0,0.0,0.0,0.0,0.014814814814814815,0.0,0.0,0.0,0.0,0.0,Non-malignant disease,
2022_Reichart_Science_Heart|BO_H11_LV0_premrna,0.0,0.0,0.0,0.0,0.0,0.0,0.0,0.0,0.0,0.0,0.0,0.0,0.2368024132730015,0.0,0.0,0.0,0.0,0.0,0.0,0.0,0.7631975867269984,0.0,0.0,0.0,Non-malignant disease,
2022_Kumar_CancerDis_Gastric|GSM5573471_sample6,0.0,0.09615384615384616,0.0,0.0,0.0,0.0,0.0,0.0,0.0,0.0,0.0,0.0,0.0,0.0,0.0,0.0,0.0,0.0,0.0,0.0,0.0,0.0,0.9038461538461539,0.0,Cancer_AdjNorm,GC
2022_TabulaSapiens_Science_TabulaSapiens|TSP14_Salivary_Gland_Submandibular_10X,0.08895705521472393,0.03067484662576687,0.8650306748466258,0.0,0.015337423312883436,0.0,0.0,0.0,0.0,0.0,0.0,0.0,0.0,0.0,0.0,0.0,0.0,0.0,0.0,0.0,0.0,0.0,0.0,0.0,Control,
2022_Gur_Cell_Sceleroderma|GSM5837637_AB8935,0.0,0.0,0.8070175438596491,0.0,0.0,0.0,0.0,0.017543859649122806,0.017543859649122806,0.0,0.0,0.0,0.017543859649122806,0.017543859649122806,0.0,0.0,0.08771929824561403,0.0,0.03508771929824561,0.0,0.0,0.0,0.0,0.0,Non-malignant disease,
2022_Emont_Nature_WAT|Hs_OAT_09-1,0.0,0.0,0.011846001974333662,0.0,0.0,0.0,0.0,0.0,0.0,0.0,0.0,0.0,0.9881539980256664,0.0,0.0,0.0,0.0,0.0,0.0,0.0,0.0,0.0,0.0,0.0,Control,
2023_Fonseca_NatGenet_Endometriosis|sample32,0.3488552151310696,0.19677026877557793,0.0,0.0,0.0,0.0,0.0,0.0,0.0,0.0,0.0,0.0,0.001437894038270103,0.0,0.0,0.0,0.0,0.0,0.0,0.4529366220550824,0.0,0.0,0.0,0.0,Non-malignant disease,
2023_Hickey_Nature_Intestine|B011-A-002,0.0,0.0,0.052884615384615384,0.0,0.0,0.0,0.0,0.0,0.0,0.0,0.0,0.0,0.19230769230769232,0.0,0.0,0.0,0.0,0.0,0.0,0.0,0.0,0.0,0.2692307692307692,0.4855769230769231,Control,
2020_Drokhlyansky_Cell_EntericNerve|H3_S37,0.0,0.0,0.0,0.0,0.0,0.0,0.0,0.0,0.0,0.0,0.0,0.0,1.0,0.0,0.0,0.0,0.0,0.0,0.0,0.0,0.0,0.0,0.0,0.0,Cancer_AdjNorm,CRC
2022_Gur_Cell_Sceleroderma|GSM5837617_AB8780,0.0,0.0,0.45652173913043476,0.0,0.0,0.0,0.0,0.0,0.0,0.17391304347826086,0.0,0.0,0.0,0.010869565217391304,0.0,0.0,0.2608695652173913,0.0,0.09782608695652174,0.0,0.0,0.0,0.0,0.0,Control,
2020_Litvinukova_Nature_Heart|HCAHeart7880861,0.0,0.0,0.6758241758241759,0.0,0.0,0.0,0.0,0.0,0.0,0.0,0.0,0.0,0.005494505494505495,0.0,0.0,0.0,0.0,0.0,0.0,0.0,0.31868131868131866,0.0,0.0,0.0,Control,
2021_Melms_Nature_Lung-COVID19|L09cov,0.0,0.0,0.07222222222222222,0.0,0.1,0.0,0.0,0.0,0.0,0.0,0.0,0.0,0.8277777777777777,0.0,0.0,0.0,0.0,0.0,0.0,0.0,0.0,0.0,0.0,0.0,Non-malignant disease,
2023_Monavarfeshani_PNAS_Eye|Pt6ONH,0.0,0.0,0.0,0.0,0.0,0.0,0.0,0.0,0.0,0.0,0.0,0.0,1.0,0.0,0.0,0.0,0.0,0.0,0.0,0.0,0.0,0.0,0.0,0.0,Control,
2022_TabulaSapiens_Science_TabulaSapiens|TSP14_Skin_Chest_10X,0.8704318936877077,0.0,0.016611295681063124,0.0,0.0,0.11295681063122924,0.0,0.0,0.0,0.0,0.0,0.0,0.0,0.0,0.0,0.0,0.0,0.0,0.0,0.0,0.0,0.0,0.0,0.0,Control,
2022_Madissoon_NatGenet_Lung|WSSS8062681,0.14418604651162792,0.0,0.30697674418604654,0.0,0.009302325581395349,0.0,0.0,0.5069767441860465,0.013953488372093023,0.0,0.0,0.0,0.0,0.018604651162790697,0.0,0.0,0.0,0.0,0.0,0.0,0.0,0.0,0.0,0.0,Control,
2022_Kumar_CancerDis_Gastric|GSM5573503_sample38,0.6176470588235294,0.0,0.37058823529411766,0.0,0.0,0.0,0.0,0.0,0.0,0.0,0.0,0.0,0.0,0.0,0.0,0.0,0.0,0.0,0.0,0.011764705882352941,0.0,0.0,0.0,0.0,Cancer_Metastasis,GC
2023_Kumar_Nature_Breast|hbca_c120,0.8852087114337568,0.002268602540834846,0.047186932849364795,0.0,0.06533575317604355,0.0,0.0,0.0,0.0,0.0,0.0,0.0,0.0,0.0,0.0,0.0,0.0,0.0,0.0,0.0,0.0,0.0,0.0,0.0,Cancer_Tumor,BRCA
2022_Gur_Cell_Sceleroderma|GSM5837352_AB7455,0.0,0.0,0.6823529411764706,0.0,0.0,0.0,0.0,0.0,0.0,0.058823529411764705,0.0,0.0,0.0,0.0,0.0,0.0,0.25882352941176473,0.0,0.0,0.0,0.0,0.0,0.0,0.0,Non-malignant disease,
2022_Gur_Cell_Sceleroderma|GSM5837476_AB8015,0.0,0.0,0.2112676056338028,0.0,0.0,0.0,0.0,0.014084507042253521,0.0,0.7605633802816901,0.0,0.0,0.0,0.014084507042253521,0.0,0.0,0.0,0.0,0.0,0.0,0.0,0.0,0.0,0.0,Non-malignant disease,
2022_Gur_Cell_Sceleroderma|GSM5837516_AB8312,0.0,0.0,0.19298245614035087,0.0,0.0,0.0,0.0,0.0,0.0,0.2631578947368421,0.07017543859649122,0.0,0.0,0.21052631578947367,0.0,0.0,0.2631578947368421,0.0,0.0,0.0,0.0,0.0,0.0,0.0,Non-malignant disease,
2023_Kumar_Nature_Breast|hbca_c28,0.0,0.0,0.8746594005449592,0.035422343324250684,0.0,0.0,0.0,0.0,0.0,0.08446866485013624,0.0,0.0,0.005449591280653951,0.0,0.0,0.0,0.0,0.0,0.0,0.0,0.0,0.0,0.0,0.0,Cancer_Tumor,BRCA
2022_Reichart_Science_Heart|BO_H40_LV1_premrna,0.0,0.0,0.0,0.0,0.0,0.0,0.0,0.0,0.0,0.0,0.0,0.0,0.6580976863753213,0.0,0.0,0.0,0.0,0.0,0.0,0.0,0.34190231362467866,0.0,0.0,0.0,Non-malignant disease,
2022_Emont_Nature_WAT|Hs_SAT_SVF_235-2B-2,0.0,0.0,0.9984375,0.0,0.0,0.0,0.0,0.0,0.0,0.0,0.0,0.0,0.0015625,0.0,0.0,0.0,0.0,0.0,0.0,0.0,0.0,0.0,0.0,0.0,Control,
2022_Emont_Nature_WAT|Hs_OAT_13-1,0.0,0.0,0.0629800307219662,0.0,0.0,0.0,0.0,0.0,0.0,0.0,0.0,0.0,0.9370199692780338,0.0,0.0,0.0,0.0,0.0,0.0,0.0,0.0,0.0,0.0,0.0,Control,
2022_Hwang_NatGenet_PDAC|T14_CRT,0.0,0.0,0.0,0.0,0.0,0.0,0.0,0.0,0.0,0.0,0.0,0.0,1.0,0.0,0.0,0.0,0.0,0.0,0.0,0.0,0.0,0.0,0.0,0.0,Cancer_Tumor,PC
2022_Gur_Cell_Sceleroderma|GSM5837354_AB7457,0.0,0.0,0.6190476190476191,0.0,0.015873015873015872,0.0,0.0,0.0,0.0,0.14285714285714285,0.0,0.0,0.0,0.047619047619047616,0.0,0.0,0.1111111111111111,0.0,0.06349206349206349,0.0,0.0,0.0,0.0,0.0,Non-malignant disease,
2023_Kumar_Nature_Breast|hbca_c154,0.4261168384879725,0.33075601374570446,0.23109965635738833,0.012027491408934709,0.0,0.0,0.0,0.0,0.0,0.0,0.0,0.0,0.0,0.0,0.0,0.0,0.0,0.0,0.0,0.0,0.0,0.0,0.0,0.0,Cancer_Tumor,BRCA
2022_Gur_Cell_Sceleroderma|GSM5837495_AB8034,0.0,0.0,0.7578947368421053,0.0,0.0,0.0,0.0,0.0,0.0,0.0,0.021052631578947368,0.0,0.0,0.0,0.0,0.0,0.18947368421052632,0.0,0.031578947368421054,0.0,0.0,0.0,0.0,0.0,Non-malignant disease,
2022_TabulaSapiens_Science_TabulaSapiens|TSP14_Vasculature_AortaVeneCava_10X,0.014268727705112961,0.0,0.9524375743162902,0.0,0.0,0.0,0.03329369797859691,0.0,0.0,0.0,0.0,0.0,0.0,0.0,0.0,0.0,0.0,0.0,0.0,0.0,0.0,0.0,0.0,0.0,Control,
2023_Kumar_Nature_Breast|hbca_c14,0.7682619647355163,0.0,0.13350125944584382,0.0,0.0,0.0982367758186398,0.0,0.0,0.0,0.0,0.0,0.0,0.0,0.0,0.0,0.0,0.0,0.0,0.0,0.0,0.0,0.0,0.0,0.0,Control,
2022_Gur_Cell_Sceleroderma|GSM5837163_AB13830,0.0,0.0,0.2318840579710145,0.0,0.0,0.0,0.0,0.0,0.0,0.0,0.014492753623188406,0.0,0.0,0.057971014492753624,0.0,0.0,0.6086956521739131,0.0,0.08695652173913043,0.0,0.0,0.0,0.0,0.0,Non-malignant disease,
2023_Kumar_Nature_Breast|hbca_c158,0.5635528330781011,0.14854517611026033,0.1439509954058193,0.1362940275650842,0.0,0.0,0.0,0.007656967840735069,0.0,0.0,0.0,0.0,0.0,0.0,0.0,0.0,0.0,0.0,0.0,0.0,0.0,0.0,0.0,0.0,Cancer_Tumor,BRCA
2022_Emont_Nature_WAT|Hs_SAT_SVF_235-2A-1,0.0,0.0,1.0,0.0,0.0,0.0,0.0,0.0,0.0,0.0,0.0,0.0,0.0,0.0,0.0,0.0,0.0,0.0,0.0,0.0,0.0,0.0,0.0,0.0,Control,
2022_Nee_NatGenet_Breast|GSM5320156_scRNA_ctrl5,0.840045377197958,0.0,0.0,0.0,0.0,0.15995462280204198,0.0,0.0,0.0,0.0,0.0,0.0,0.0,0.0,0.0,0.0,0.0,0.0,0.0,0.0,0.0,0.0,0.0,0.0,Control,
2022_Reichart_Science_Heart|BO_H78_S00_premrna,0.0,0.0,0.0,0.0,0.0,0.0,0.0,0.0,0.0,0.0,0.0,0.0,0.1830601092896175,0.0,0.0,0.0,0.0,0.0,0.0,0.0,0.8169398907103825,0.0,0.0,0.0,Non-malignant disease,
2023_Kong_Immunity_CD|N46_LP_B,0.0,0.0,0.0,0.0,0.0,0.0,0.0,0.0,0.0,0.0,0.0,0.0,0.0,0.0,0.0,0.0,0.0,0.0,0.0,0.0,0.0,0.0,0.5844155844155844,0.4155844155844156,Control,
2022_Gur_Cell_Sceleroderma|GSM5837585_AB8668,0.0,0.0,0.6666666666666666,0.0,0.0,0.0,0.0,0.0,0.0,0.1568627450980392,0.0196078431372549,0.0,0.00980392156862745,0.0392156862745098,0.0,0.0,0.10784313725490197,0.0,0.0,0.0,0.0,0.0,0.0,0.0,Control,
2020_Adams_SciAdv_IPF|098C-b,0.0,0.0,0.9285714285714286,0.0,0.0,0.0,0.0,0.07142857142857142,0.0,0.0,0.0,0.0,0.0,0.0,0.0,0.0,0.0,0.0,0.0,0.0,0.0,0.0,0.0,0.0,Control,
2022_Madissoon_NatGenet_Lung|5841STDY7991485,0.04716981132075472,0.0,0.9386792452830188,0.0,0.0,0.0,0.0,0.0047169811320754715,0.0,0.0,0.0,0.0,0.0,0.009433962264150943,0.0,0.0,0.0,0.0,0.0,0.0,0.0,0.0,0.0,0.0,Control,
2022_Zhou_NatGenet_PDAC|HT231P1-S1H3Fc2A2N1Z1_1Bmn1_1,0.0,0.0,0.0,0.0,0.0,0.0,0.0,0.0,0.0,0.0,0.0,0.0,1.0,0.0,0.0,0.0,0.0,0.0,0.0,0.0,0.0,0.0,0.0,0.0,Cancer_Tumor,PC
2022_Reichart_Science_Heart|BS_DL3_LV0_premrna,0.0,0.0,0.4166666666666667,0.0,0.0,0.0,0.0,0.01282051282051282,0.0,0.0,0.0,0.0,0.34615384615384615,0.0,0.0,0.0,0.0,0.0,0.0,0.0,0.22435897435897437,0.0,0.0,0.0,Non-malignant disease,
2023_Kumar_Nature_Breast|hbca_c84,0.9047923322683706,0.0012779552715654952,0.07348242811501597,0.020447284345047924,0.0,0.0,0.0,0.0,0.0,0.0,0.0,0.0,0.0,0.0,0.0,0.0,0.0,0.0,0.0,0.0,0.0,0.0,0.0,0.0,Control,
2022_Gur_Cell_Sceleroderma|GSM5837367_AB7491,0.0,0.0,0.9056603773584906,0.0,0.03773584905660377,0.0,0.0,0.0,0.0,0.009433962264150943,0.0,0.0,0.0,0.04716981132075472,0.0,0.0,0.0,0.0,0.0,0.0,0.0,0.0,0.0,0.0,Non-malignant disease,
2020_Drokhlyansky_Cell_EntericNerve|H13_S59,0.0,0.0,0.0,0.0,0.0,0.0,0.0,0.0,0.0,0.0,0.0,0.0,1.0,0.0,0.0,0.0,0.0,0.0,0.0,0.0,0.0,0.0,0.0,0.0,Cancer_AdjNorm,CRC
2022_Zhou_NatGenet_PDAC|HT061P1-S1PAA1A1Z1_1B2_1,0.0,0.0,0.0,0.0,0.0,0.0,0.632183908045977,0.3333333333333333,0.034482758620689655,0.0,0.0,0.0,0.0,0.0,0.0,0.0,0.0,0.0,0.0,0.0,0.0,0.0,0.0,0.0,Cancer_Tumor,PC
2021_Melms_Nature_Lung-COVID19|L07cov,0.0,0.0,0.0,0.0,0.02158273381294964,0.0,0.0,0.0,0.0,0.0,0.0,0.0,0.9784172661870504,0.0,0.0,0.0,0.0,0.0,0.0,0.0,0.0,0.0,0.0,0.0,Non-malignant disease,
2022_Reichart_Science_Heart|BO_H12_LV0_premrna,0.0,0.0,0.02154398563734291,0.0,0.0,0.0,0.0,0.0,0.0,0.0,0.0,0.0,0.24236983842010773,0.0,0.0,0.0,0.0,0.0,0.0,0.0,0.7360861759425493,0.0,0.0,0.0,Non-malignant disease,
2023_Kumar_Nature_Breast|hbca_c30,0.6578793204452256,0.019332161687170474,0.03163444639718805,0.01757469244288225,0.0,0.2595196250732279,0.0,0.0,0.0,0.0,0.0023432923257176333,0.0,0.011716461628588167,0.0,0.0,0.0,0.0,0.0,0.0,0.0,0.0,0.0,0.0,0.0,Cancer_Tumor,BRCA
2022_Gur_Cell_Sceleroderma|GSM5837675_AB9351,0.0,0.0,0.8870967741935484,0.0,0.0,0.0,0.0,0.0,0.0,0.03225806451612903,0.08064516129032258,0.0,0.0,0.0,0.0,0.0,0.0,0.0,0.0,0.0,0.0,0.0,0.0,0.0,Non-malignant disease,
2022_Reichart_Science_Heart|BO_H33_S00_premrna,0.0,0.0,0.0,0.0,0.0,0.0,0.0,0.014563106796116505,0.0,0.0,0.0,0.0,0.6262135922330098,0.0,0.0,0.0,0.0,0.0,0.0,0.0,0.3592233009708738,0.0,0.0,0.0,Non-malignant disease,
2021_Pal_EMBO_Breast|GSM4909263_N-MH0064-Total,1.0,0.0,0.0,0.0,0.0,0.0,0.0,0.0,0.0,0.0,0.0,0.0,0.0,0.0,0.0,0.0,0.0,0.0,0.0,0.0,0.0,0.0,0.0,0.0,Control,
2022_Zhou_NatGenet_PDAC|HT284P1-S1H2Fc2A2N1Z1_1Bmn1_1,0.0,0.0,0.0,0.0,0.0,0.0,0.0,0.0,0.12172774869109948,0.0,0.0,0.0,0.8782722513089005,0.0,0.0,0.0,0.0,0.0,0.0,0.0,0.0,0.0,0.0,0.0,Cancer_Tumor,PC
2023_Kong_Immunity_CD|N18_LP_B,0.0,0.0,0.0,0.0,0.0,0.0,0.0,0.0,0.0,0.0,0.0,0.0,0.0,0.0,0.0,0.0,0.0,0.0,0.0,0.0,0.0,0.0,0.35555555555555557,0.6444444444444445,Control,
2020_Drokhlyansky_Cell_EntericNerve|H10_S49,0.0,0.0,0.0,0.0,0.0,0.0,0.0,0.0,0.0,0.0,0.0,0.0,1.0,0.0,0.0,0.0,0.0,0.0,0.0,0.0,0.0,0.0,0.0,0.0,Cancer_AdjNorm,CRC
2022_Reichart_Science_Heart|BO_H78_RV0_premrna,0.0,0.0,0.0,0.0,0.0,0.0,0.0,0.0,0.0,0.0,0.0,0.0,0.2597402597402597,0.0,0.0,0.0,0.0,0.0,0.0,0.0,0.7402597402597403,0.0,0.0,0.0,Non-malignant disease,
2023_Lake_Nature_Kidney|KC77,0.0,0.0,0.0,0.0,0.0,0.0,0.0,0.0,0.0,0.0,0.0,0.0,1.0,0.0,0.0,0.0,0.0,0.0,0.0,0.0,0.0,0.0,0.0,0.0,Control,
2022_TabulaSapiens_Science_TabulaSapiens|TSP2_Bladder_nan_10X,0.19464882943143813,0.010033444816053512,0.7953177257525084,0.0,0.0,0.0,0.0,0.0,0.0,0.0,0.0,0.0,0.0,0.0,0.0,0.0,0.0,0.0,0.0,0.0,0.0,0.0,0.0,0.0,Control,
2022_Hwang_NatGenet_PDAC|T20_Other,0.0,0.0,0.0,0.0,0.0,0.0,0.0,0.0,0.37398373983739835,0.0,0.0,0.0,0.6260162601626016,0.0,0.0,0.0,0.0,0.0,0.0,0.0,0.0,0.0,0.0,0.0,Cancer_Tumor,PC
2022_Reichart_Science_Heart|BO_H51_LV1_premrna,0.0,0.0,0.0,0.0,0.0,0.0,0.0,0.0,0.0,0.0,0.0,0.0,0.16281512605042017,0.0,0.0,0.0,0.0,0.0,0.0,0.0,0.8371848739495799,0.0,0.0,0.0,Control,
2020_Adams_SciAdv_IPF|063I-b,0.0,0.0,0.10606060606060606,0.0,0.7121212121212122,0.0,0.015151515151515152,0.12121212121212122,0.0,0.0,0.0,0.0,0.030303030303030304,0.015151515151515152,0.0,0.0,0.0,0.0,0.0,0.0,0.0,0.0,0.0,0.0,Non-malignant disease,
2023_Fonseca_NatGenet_Endometriosis|sample36,0.0,0.9542857142857143,0.04,0.0,0.0,0.0,0.0,0.0,0.0,0.0,0.0,0.0,0.0,0.0,0.0,0.0,0.005714285714285714,0.0,0.0,0.0,0.0,0.0,0.0,0.0,Control,
2023_Kumar_Nature_Breast|hbca_c133,0.5107169253510717,0.011825572801182557,0.43902439024390244,0.038433111603843315,0.0,0.0,0.0,0.0,0.0,0.0,0.0,0.0,0.0,0.0,0.0,0.0,0.0,0.0,0.0,0.0,0.0,0.0,0.0,0.0,Control,
2021_Pal_EMBO_Breast|GSM4909274_N-MH275-Total,0.9361702127659575,0.06382978723404255,0.0,0.0,0.0,0.0,0.0,0.0,0.0,0.0,0.0,0.0,0.0,0.0,0.0,0.0,0.0,0.0,0.0,0.0,0.0,0.0,0.0,0.0,Control,
2023_Kong_Immunity_CD|I105446_L,0.0,0.0,0.0,0.0,0.0,0.0,0.006535947712418301,0.0,0.0,0.0,0.0,0.0,0.0,0.0,0.0,0.0,0.0,0.0,0.0,0.0,0.0,0.0,0.20261437908496732,0.7908496732026143,Non-malignant disease,
2021_Elmentaite_Nature_Intestine|Human_colon_16S8000481,0.0,0.0,0.9887640449438202,0.0,0.0,0.0,0.0,0.0,0.0,0.0,0.0,0.0,0.0,0.0,0.0,0.0,0.0,0.0,0.0,0.0,0.0,0.0,0.0,0.011235955056179775,Control,
2022_Hwang_NatGenet_PDAC|T24_Other,0.0,0.0,0.0,0.0,0.0,0.0,0.0,0.0,0.0,0.0,0.0,0.0,1.0,0.0,0.0,0.0,0.0,0.0,0.0,0.0,0.0,0.0,0.0,0.0,Cancer_Tumor,PC
2023_Wang_SciAdv_CRC|s0115_Liver_Tumor,0.020202020202020204,0.0,0.0,0.0,0.2297979797979798,0.0,0.7070707070707071,0.027777777777777776,0.0,0.0,0.0,0.0,0.0025252525252525255,0.0025252525252525255,0.010101010101010102,0.0,0.0,0.0,0.0,0.0,0.0,0.0,0.0,0.0,Cancer_Metastasis,CRC
2023_Lake_Nature_Kidney|KB5,0.0,0.0,0.034129692832764506,0.0,0.0,0.0,0.0,0.0,0.0,0.0,0.0,0.0,0.7337883959044369,0.0,0.0,0.0,0.0,0.0,0.0,0.0,0.20819112627986347,0.023890784982935155,0.0,0.0,Non-malignant disease,
2022_Reichart_Science_Heart|BO_H14_LV0_premrna,0.0,0.0,0.0,0.0,0.0,0.0,0.0,0.0,0.0,0.0,0.0,0.0,0.20126782884310618,0.0,0.0,0.0,0.0,0.0,0.0,0.0,0.7987321711568938,0.0,0.0,0.0,Non-malignant disease,
2022_Madissoon_NatGenet_Lung|5841STDY7991483,0.0,0.0,0.993543179983858,0.0,0.0,0.0,0.0,0.0016142050040355124,0.003228410008071025,0.0,0.0,0.0,0.0,0.0008071025020177562,0.0,0.0008071025020177562,0.0,0.0,0.0,0.0,0.0,0.0,0.0,0.0,Control,
2022_TabulaSapiens_Science_TabulaSapiens|TSP14_Tongue_Anterior_10X,0.0,0.0,0.4444444444444444,0.0,0.0,0.0,0.0,0.0,0.041666666666666664,0.25,0.0,0.0,0.0,0.0,0.0,0.0,0.0,0.0,0.0,0.0,0.0,0.2638888888888889,0.0,0.0,Control,
2022_Zhou_NatGenet_PDAC|HT306P1-S1H1Fc2A2N1Z1_1Bmn1_1,0.0,0.0,0.0,0.0,0.0,0.0,0.0,0.0,0.0,0.0,0.0,0.0,1.0,0.0,0.0,0.0,0.0,0.0,0.0,0.0,0.0,0.0,0.0,0.0,Cancer_Tumor,PC
2023_Fonseca_NatGenet_Endometriosis|sample34,0.0,0.3069164265129683,0.007204610951008645,0.0,0.0,0.0,0.0,0.0,0.0,0.0,0.0,0.0,0.001440922190201729,0.0,0.0,0.0,0.010086455331412104,0.0,0.0,0.6743515850144092,0.0,0.0,0.0,0.0,Non-malignant disease,
2021_Melms_Nature_Lung-COVID19|L06cov,0.0,0.0,0.035211267605633804,0.0,0.017605633802816902,0.0,0.0,0.028169014084507043,0.0,0.0,0.0,0.0,0.9190140845070423,0.0,0.0,0.0,0.0,0.0,0.0,0.0,0.0,0.0,0.0,0.0,Non-malignant disease,
2020_Litvinukova_Nature_Heart|HCAHeartST11064575,0.0,0.0,0.10704225352112676,0.0,0.0,0.0,0.0,0.0,0.0,0.0,0.0,0.0,0.03943661971830986,0.0,0.0,0.0,0.0,0.0,0.0,0.0,0.8535211267605634,0.0,0.0,0.0,Control,
2022_Gur_Cell_Sceleroderma|GSM5837351_AB7454,0.0,0.0,0.6759259259259259,0.0,0.0,0.0,0.0,0.0,0.0,0.09259259259259259,0.0,0.0,0.0,0.0,0.0,0.0,0.23148148148148148,0.0,0.0,0.0,0.0,0.0,0.0,0.0,Non-malignant disease,
2022_Gur_Cell_Sceleroderma|GSM5837693_AB9423,0.0,0.0,0.9636363636363636,0.0,0.0,0.0,0.0,0.0,0.0,0.0,0.01818181818181818,0.0,0.0,0.0,0.0,0.0,0.01818181818181818,0.0,0.0,0.0,0.0,0.0,0.0,0.0,Control,
2023_Kumar_Nature_Breast|hbca_c63,0.8561076604554866,0.010869565217391304,0.13302277432712215,0.0,0.0,0.0,0.0,0.0,0.0,0.0,0.0,0.0,0.0,0.0,0.0,0.0,0.0,0.0,0.0,0.0,0.0,0.0,0.0,0.0,Control,
2022_Gur_Cell_Sceleroderma|GSM5837470_AB8009,0.0,0.0,0.7115384615384616,0.0,0.0,0.0,0.0,0.0,0.0,0.038461538461538464,0.0,0.0,0.0,0.23076923076923078,0.0,0.0,0.019230769230769232,0.0,0.0,0.0,0.0,0.0,0.0,0.0,Non-malignant disease,
2022_Emont_Nature_WAT|Hs_OAT_255-1,0.0,0.0,0.18212104386451972,0.0,0.0,0.0,0.0,0.0,0.0,0.0,0.0,0.0,0.8178789561354803,0.0,0.0,0.0,0.0,0.0,0.0,0.0,0.0,0.0,0.0,0.0,Control,
2023_Kumar_Nature_Breast|hbca_c92,0.4322916666666667,0.0,0.5677083333333334,0.0,0.0,0.0,0.0,0.0,0.0,0.0,0.0,0.0,0.0,0.0,0.0,0.0,0.0,0.0,0.0,0.0,0.0,0.0,0.0,0.0,Control,
2022_Madissoon_NatGenet_Lung|WSSS8062682,0.21428571428571427,0.0,0.2785714285714286,0.0,0.007142857142857143,0.0,0.0,0.45,0.014285714285714285,0.0,0.0,0.0,0.0,0.03571428571428571,0.0,0.0,0.0,0.0,0.0,0.0,0.0,0.0,0.0,0.0,Control,
2023_Kumar_Nature_Breast|hbca_c157,0.0625,0.0,0.8132022471910112,0.12429775280898876,0.0,0.0,0.0,0.0,0.0,0.0,0.0,0.0,0.0,0.0,0.0,0.0,0.0,0.0,0.0,0.0,0.0,0.0,0.0,0.0,Cancer_Tumor,BRCA
2023_Kumar_Nature_Breast|hbca_c136,0.8342412451361868,0.0,0.16575875486381322,0.0,0.0,0.0,0.0,0.0,0.0,0.0,0.0,0.0,0.0,0.0,0.0,0.0,0.0,0.0,0.0,0.0,0.0,0.0,0.0,0.0,Control,
2022_Zhou_NatGenet_PDAC|HT412P1-S1H1A3N1Z1_1Bmn1_1,0.0,0.0,0.0,0.0,0.0,0.0,0.0,0.0,0.0885558583106267,0.0,0.0,0.0,0.9114441416893733,0.0,0.0,0.0,0.0,0.0,0.0,0.0,0.0,0.0,0.0,0.0,Cancer_Tumor,PC
2022_Emont_Nature_WAT|Hs_SAT_255-1,0.0,0.0,0.5266821345707656,0.0,0.0,0.0,0.0,0.0,0.0,0.0,0.0,0.0,0.4733178654292343,0.0,0.0,0.0,0.0,0.0,0.0,0.0,0.0,0.0,0.0,0.0,Control,
2021_Pal_EMBO_Breast|GSM4909284_TN-MH0114-T2,0.0,0.0,0.0,0.0,1.0,0.0,0.0,0.0,0.0,0.0,0.0,0.0,0.0,0.0,0.0,0.0,0.0,0.0,0.0,0.0,0.0,0.0,0.0,0.0,Cancer_Tumor,BRCA
2023_Hickey_Nature_Intestine|B012-A-501,0.0,0.0,0.0625,0.0,0.0,0.0,0.0,0.0,0.0,0.0,0.0,0.0,0.45625,0.0,0.0,0.0,0.0,0.0,0.0,0.0,0.0,0.0,0.10625,0.375,Control,
2023_Kong_Immunity_CD|N195045_L1,0.0,0.0,0.0,0.0,0.0,0.0,0.0,0.0,0.0,0.0,0.0,0.0,0.0,0.0,0.0,0.0,0.0,0.0,0.0,0.0,0.0,0.0,0.20535714285714285,0.7946428571428571,Non-malignant disease,
2022_Emont_Nature_WAT|Hs_SAT_02-1,0.0,0.0,0.46304675716440424,0.0,0.0,0.0,0.0,0.0,0.0,0.0,0.0,0.0,0.5369532428355958,0.0,0.0,0.0,0.0,0.0,0.0,0.0,0.0,0.0,0.0,0.0,Control,
2022_Gur_Cell_Sceleroderma|GSM5837386_AB7693,0.0,0.0,0.35772357723577236,0.0,0.0,0.0,0.0,0.0,0.0,0.11382113821138211,0.008130081300813009,0.0,0.0,0.12195121951219512,0.0,0.0,0.3089430894308943,0.0,0.08943089430894309,0.0,0.0,0.0,0.0,0.0,Non-malignant disease,
2022_Hwang_NatGenet_PDAC|T23_Other,0.0,0.0,0.0777479892761394,0.0,0.0,0.0,0.0,0.0,0.032171581769437,0.0,0.0,0.0,0.8900804289544236,0.0,0.0,0.0,0.0,0.0,0.0,0.0,0.0,0.0,0.0,0.0,Cancer_Tumor,PC
2023_Kumar_Nature_Breast|hbca_c26,0.1258741258741259,0.007692307692307693,0.3741258741258741,0.0,0.0,0.48671328671328673,0.0,0.0,0.0,0.0,0.0,0.0,0.005594405594405594,0.0,0.0,0.0,0.0,0.0,0.0,0.0,0.0,0.0,0.0,0.0,Control,
2022_Reichart_Science_Heart|BS_DO1_LV0_premrna,0.0,0.0,0.0,0.0,0.0,0.0,0.0,0.0,0.0,0.0,0.0,0.0,1.0,0.0,0.0,0.0,0.0,0.0,0.0,0.0,0.0,0.0,0.0,0.0,Non-malignant disease,
2022_Gur_Cell_Sceleroderma|GSM5837049_AB11882,0.0,0.0,0.8,0.0,0.0,0.0,0.0,0.0,0.0,0.058823529411764705,0.023529411764705882,0.0,0.0,0.10588235294117647,0.0,0.0,0.0,0.0,0.011764705882352941,0.0,0.0,0.0,0.0,0.0,Non-malignant disease,
2020_Litvinukova_Nature_Heart|HCAHeart9508627,0.0,0.0,0.0,0.0,0.05421686746987952,0.0,0.018072289156626505,0.0,0.0,0.0,0.0,0.0,0.927710843373494,0.0,0.0,0.0,0.0,0.0,0.0,0.0,0.0,0.0,0.0,0.0,Control,
2022_Gur_Cell_Sceleroderma|GSM5837305_AB7266,0.0,0.0,0.7647058823529411,0.0,0.0,0.0,0.0,0.0,0.0,0.04411764705882353,0.014705882352941176,0.0,0.014705882352941176,0.058823529411764705,0.0,0.0,0.07352941176470588,0.0,0.029411764705882353,0.0,0.0,0.0,0.0,0.0,Non-malignant disease,
2022_Reichart_Science_Heart|BO_H06_S00_premrna,0.0,0.0,0.0,0.0,0.0,0.0,0.0,0.0,0.0,0.0,0.0,0.0,0.9090909090909091,0.0,0.0,0.0,0.0,0.0,0.0,0.0,0.09090909090909091,0.0,0.0,0.0,Non-malignant disease,
2021_Chan_CancerCell_SCLC|RU1134-CN2,0.0,0.06140350877192982,0.008771929824561403,0.0,0.07894736842105263,0.0,0.17543859649122806,0.03508771929824561,0.0,0.0,0.0,0.0,0.0,0.6403508771929824,0.0,0.0,0.0,0.0,0.0,0.0,0.0,0.0,0.0,0.0,Cancer_Tumor,NSCLC
2022_Reichart_Science_Heart|BO_H84_LV0_premrna,0.0,0.0,0.0,0.0,0.0,0.0,0.0,0.0,0.0,0.0,0.0,0.0,0.309255079006772,0.0,0.0,0.0,0.0,0.0,0.0,0.0,0.690744920993228,0.0,0.0,0.0,Non-malignant disease,
2023_Kumar_Nature_Breast|hbca_c83,0.3626991565135895,0.014058106841611996,0.60543580131209,0.0,0.0,0.0,0.0,0.0,0.00937207122774133,0.0,0.0,0.0,0.008434864104967198,0.0,0.0,0.0,0.0,0.0,0.0,0.0,0.0,0.0,0.0,0.0,Control,
2023_Kumar_Nature_Breast|hbca_c107,0.8115338882282996,0.04518430439952437,0.13198573127229488,0.011296076099881093,0.0,0.0,0.0,0.0,0.0,0.0,0.0,0.0,0.0,0.0,0.0,0.0,0.0,0.0,0.0,0.0,0.0,0.0,0.0,0.0,Control,
2022_Reichart_Science_Heart|BO_H46_S00_premrna,0.0,0.0,0.0,0.0,0.0,0.0,0.0,0.0,0.0,0.0,0.0,0.0,0.6851851851851852,0.0,0.0,0.0,0.0,0.0,0.0,0.0,0.3148148148148148,0.0,0.0,0.0,Control,
2022_Reichart_Science_Heart|BO_H11_RV0_premrna,0.0,0.0,0.0,0.0,0.0,0.0,0.0,0.0,0.0,0.0,0.0,0.0,0.7444633730834753,0.0,0.0,0.0,0.0,0.0,0.0,0.0,0.2555366269165247,0.0,0.0,0.0,Non-malignant disease,
2022_Gur_Cell_Sceleroderma|GSM5837437_AB7849,0.0,0.0,0.5851851851851851,0.0,0.0,0.0,0.0,0.0,0.0,0.18518518518518517,0.037037037037037035,0.0,0.007407407407407408,0.08148148148148149,0.0,0.0,0.007407407407407408,0.0,0.0962962962962963,0.0,0.0,0.0,0.0,0.0,Non-malignant disease,
2023_Kumar_Nature_Breast|hbca_c52,0.00686106346483705,0.008576329331046312,0.9554030874785592,0.029159519725557463,0.0,0.0,0.0,0.0,0.0,0.0,0.0,0.0,0.0,0.0,0.0,0.0,0.0,0.0,0.0,0.0,0.0,0.0,0.0,0.0,Control,
2023_Kumar_Nature_Breast|hbca_c114,0.7896935933147632,0.037604456824512536,0.15459610027855153,0.013927576601671309,0.0,0.0,0.0,0.0,0.0,0.0,0.0,0.0,0.0,0.0,0.004178272980501393,0.0,0.0,0.0,0.0,0.0,0.0,0.0,0.0,0.0,Control,
2022_Reichart_Science_Heart|BO_H25_RVN_premrna,0.0,0.0,0.0,0.0,0.0,0.0,0.0,0.0,0.0,0.0,0.0,0.0,0.47018739352640543,0.0,0.0,0.0,0.0,0.0,0.0,0.0,0.5298126064735945,0.0,0.0,0.0,Non-malignant disease,
2020_Litvinukova_Nature_Heart|HCAHeart7905328,0.0,0.0,0.8782608695652174,0.0,0.0,0.0,0.0,0.10434782608695652,0.0,0.0,0.0,0.0,0.0,0.0,0.0,0.0,0.0,0.0,0.0,0.0,0.017391304347826087,0.0,0.0,0.0,Control,
2020_Habermann_SciAdv_Lung-COVID19|GSM5226575_C52ctr,0.0,0.0,0.0,0.0,0.0,0.0,0.0,0.0,0.0,0.0,0.0,0.0,1.0,0.0,0.0,0.0,0.0,0.0,0.0,0.0,0.0,0.0,0.0,0.0,Control,
2023_Kumar_Nature_Breast|hbca_n15,0.0,0.0,0.22910216718266255,0.0,0.0,0.0,0.0,0.0,0.0,0.0,0.0,0.0,0.7708978328173375,0.0,0.0,0.0,0.0,0.0,0.0,0.0,0.0,0.0,0.0,0.0,Control,
2020_Litvinukova_Nature_Heart|HCAHeart9845432,0.0,0.0,0.0,0.0,0.0,0.0,0.0,0.0,0.0,0.0,0.0,0.0,0.125,0.0,0.0,0.0,0.0,0.0,0.0,0.0,0.875,0.0,0.0,0.0,Control,
2022_Reichart_Science_Heart|BO_H72_LV0_premrna,0.0,0.0,0.0,0.0,0.0,0.0,0.0,0.0,0.0,0.0,0.0,0.0,0.26879271070615035,0.0,0.0,0.0,0.0,0.0,0.0,0.0,0.7312072892938497,0.0,0.0,0.0,Non-malignant disease,
2023_Kumar_Nature_Breast|hbca_c153,0.9278169014084507,0.0,0.0721830985915493,0.0,0.0,0.0,0.0,0.0,0.0,0.0,0.0,0.0,0.0,0.0,0.0,0.0,0.0,0.0,0.0,0.0,0.0,0.0,0.0,0.0,Control,
2022_Madissoon_NatGenet_Lung|WSSS8123930,0.0,0.012195121951219513,0.25609756097560976,0.0,0.0,0.0,0.0,0.7073170731707317,0.0,0.0,0.0,0.0,0.0,0.024390243902439025,0.0,0.0,0.0,0.0,0.0,0.0,0.0,0.0,0.0,0.0,Control,
2021_Pal_EMBO_Breast|GSM4909265_N-PM0233-Total,0.7387580299785867,0.11134903640256959,0.14989293361884368,0.0,0.0,0.0,0.0,0.0,0.0,0.0,0.0,0.0,0.0,0.0,0.0,0.0,0.0,0.0,0.0,0.0,0.0,0.0,0.0,0.0,Control,
2022_Reichart_Science_Heart|BO_H49_LV1_premrna,0.0,0.0,0.045454545454545456,0.0,0.0,0.0,0.0,0.0,0.0,0.0,0.0,0.0,0.2966507177033493,0.0,0.0,0.0,0.0,0.0,0.0,0.0,0.6578947368421053,0.0,0.0,0.0,Control,
2023_Kong_Immunity_CD|N195045_L2,0.0,0.0,0.0,0.0,0.0,0.0,0.0,0.0,0.0,0.0,0.0,0.0,0.0,0.15789473684210525,0.0,0.0,0.0,0.0,0.0,0.0,0.0,0.0,0.18421052631578946,0.6578947368421053,Non-malignant disease,
2023_Kumar_Nature_Breast|hbca_c38,0.8716417910447761,0.023880597014925373,0.0,0.0,0.0,0.1044776119402985,0.0,0.0,0.0,0.0,0.0,0.0,0.0,0.0,0.0,0.0,0.0,0.0,0.0,0.0,0.0,0.0,0.0,0.0,Control,
2022_Reichart_Science_Heart|BO_H57_LV0_premrna,0.0,0.0,0.0,0.0,0.0,0.0,0.0,0.0,0.0,0.0,0.0,0.0,0.7178217821782178,0.0,0.0,0.0,0.0,0.0,0.0,0.0,0.28217821782178215,0.0,0.0,0.0,Non-malignant disease,
2022_Reichart_Science_Heart|BO_H49_LV0_premrna,0.0,0.0,0.03134796238244514,0.0,0.0,0.0,0.0,0.0,0.0,0.0,0.0,0.0,0.40752351097178685,0.0,0.0,0.0,0.0,0.0,0.0,0.0,0.5611285266457681,0.0,0.0,0.0,Control,
2022_Gur_Cell_Sceleroderma|GSM5837497_AB8036,0.0,0.0,0.8395061728395061,0.0,0.0,0.0,0.0,0.0,0.0,0.0,0.037037037037037035,0.0,0.0,0.04938271604938271,0.0,0.0,0.07407407407407407,0.0,0.0,0.0,0.0,0.0,0.0,0.0,Non-malignant disease,
2022_Gur_Cell_Sceleroderma|GSM5837443_AB7855,0.0,0.0,0.39655172413793105,0.0,0.0,0.0,0.0,0.0,0.0,0.41379310344827586,0.008620689655172414,0.0,0.0,0.0,0.0,0.0,0.10344827586206896,0.0,0.07758620689655173,0.0,0.0,0.0,0.0,0.0,Control,
2022_Emont_Nature_WAT|Hs_SAT_SVF_239-3A-1,0.0,0.0,1.0,0.0,0.0,0.0,0.0,0.0,0.0,0.0,0.0,0.0,0.0,0.0,0.0,0.0,0.0,0.0,0.0,0.0,0.0,0.0,0.0,0.0,Control,
2023_Kumar_Nature_Breast|hbca_c160,0.5885286783042394,0.1596009975062344,0.1770573566084788,0.05236907730673317,0.0,0.0,0.0,0.0,0.0,0.0199501246882793,0.0024937655860349127,0.0,0.0,0.0,0.0,0.0,0.0,0.0,0.0,0.0,0.0,0.0,0.0,0.0,Cancer_Tumor,BRCA
2022_Nee_NatGenet_Breast|GSM5320170_scRNA_brca8,0.9515706806282722,0.0,0.0,0.0,0.0,0.04842931937172775,0.0,0.0,0.0,0.0,0.0,0.0,0.0,0.0,0.0,0.0,0.0,0.0,0.0,0.0,0.0,0.0,0.0,0.0,Control,
2022_Zhou_NatGenet_PDAC|HT288P1-S1H4Fc2A2N1Z1_1Bmn1_1,0.0,0.0,0.0,0.0,0.05194805194805195,0.0,0.0,0.0,0.0,0.0,0.0,0.0,0.948051948051948,0.0,0.0,0.0,0.0,0.0,0.0,0.0,0.0,0.0,0.0,0.0,Cancer_Tumor,PC
2022_Gur_Cell_Sceleroderma|GSM5837540_AB8450,0.0,0.0,0.8270676691729323,0.0,0.0,0.0,0.0,0.0,0.0,0.12030075187969924,0.0,0.0,0.0,0.015037593984962405,0.0,0.0,0.022556390977443608,0.0,0.015037593984962405,0.0,0.0,0.0,0.0,0.0,Non-malignant disease,
2022_Kumar_CancerDis_Gastric|GSM5573480_sample15,0.0,0.005747126436781609,0.0,0.0,0.04597701149425287,0.06896551724137931,0.0,0.0,0.0,0.0,0.0,0.0,0.0,0.0,0.0,0.0,0.0,0.0,0.0,0.0,0.0,0.0,0.8793103448275862,0.0,Cancer_Tumor,GC
2021_Garcia-Alonso_NatGenet_Endometrial|4861STDY7771123,0.07547169811320754,0.2188679245283019,0.0,0.0,0.0,0.0,0.0,0.0,0.0,0.0,0.0,0.0,0.0,0.0,0.0,0.0,0.0,0.0,0.0,0.7056603773584905,0.0,0.0,0.0,0.0,Control,
2020_Litvinukova_Nature_Heart|HCAHeartST11064576,0.0,0.0,0.015151515151515152,0.0,0.0,0.0,0.0,0.07575757575757576,0.0,0.0,0.0,0.0,0.16666666666666666,0.0,0.0,0.0,0.0,0.0,0.0,0.0,0.7424242424242424,0.0,0.0,0.0,Control,
2022_Reichart_Science_Heart|BO_H40_LV2_premrna,0.0,0.0,0.0,0.0,0.0,0.0,0.0,0.0,0.0,0.0,0.0,0.0,0.5411334552102377,0.0,0.0,0.0,0.0,0.0,0.0,0.0,0.45886654478976235,0.0,0.0,0.0,Non-malignant disease,
2021_Chan_CancerCell_SCLC|RU426B,0.0,0.0,0.0,0.0,0.7714285714285715,0.014285714285714285,0.07142857142857142,0.07142857142857142,0.0,0.0,0.0,0.0,0.0,0.0,0.07142857142857142,0.0,0.0,0.0,0.0,0.0,0.0,0.0,0.0,0.0,Cancer_Tumor,SCLC
2022_Gur_Cell_Sceleroderma|GSM5836984_AB10133,0.0,0.0,0.7247706422018348,0.0,0.0,0.0,0.0,0.0,0.0,0.11926605504587157,0.03669724770642202,0.0,0.0,0.01834862385321101,0.0,0.0,0.10091743119266056,0.0,0.0,0.0,0.0,0.0,0.0,0.0,Control,
2022_Emont_Nature_WAT|Hs_SAT_SVF_235-2B-1,0.0,0.0,1.0,0.0,0.0,0.0,0.0,0.0,0.0,0.0,0.0,0.0,0.0,0.0,0.0,0.0,0.0,0.0,0.0,0.0,0.0,0.0,0.0,0.0,Control,
2021_Wu_NatGenet_Breast|CID4290A,0.0,0.07729468599033816,0.0,0.0,0.893719806763285,0.0,0.0,0.0,0.0,0.0,0.0,0.0,0.0,0.028985507246376812,0.0,0.0,0.0,0.0,0.0,0.0,0.0,0.0,0.0,0.0,Cancer_Tumor,BRCA
2020_Habermann_SciAdv_Lung-COVID19|GSM5226590_L10cov,0.0,0.0,0.0,0.0,0.0,0.0,0.0,0.0,0.0,0.0,0.0,0.0,1.0,0.0,0.0,0.0,0.0,0.0,0.0,0.0,0.0,0.0,0.0,0.0,Non-malignant disease,
2021_Pal_EMBO_Breast|GSM4909308_ER-MH0040-LN,0.0,0.0,0.0,0.0,0.9629629629629629,0.0,0.0,0.0,0.0,0.0,0.0,0.0,0.0,0.0,0.037037037037037035,0.0,0.0,0.0,0.0,0.0,0.0,0.0,0.0,0.0,Cancer_Tumor,BRCA
2022_Madissoon_NatGenet_Lung|WSSS8062679,0.30412371134020616,0.010309278350515464,0.07216494845360824,0.0,0.04639175257731959,0.005154639175257732,0.0,0.5618556701030928,0.0,0.0,0.0,0.0,0.0,0.0,0.0,0.0,0.0,0.0,0.0,0.0,0.0,0.0,0.0,0.0,Control,
2022_Hwang_NatGenet_PDAC|T10_CRT,0.0,0.0,0.0,0.0,0.0,0.0,0.0,0.0,0.0,0.0,0.0,0.0,1.0,0.0,0.0,0.0,0.0,0.0,0.0,0.0,0.0,0.0,0.0,0.0,Cancer_Tumor,PC
2022_Reichart_Science_Heart|BO_H35_LV0_premrna,0.0,0.0,0.0,0.0,0.0,0.0,0.0,0.0,0.0,0.0,0.0,0.0,0.3512396694214876,0.0,0.0,0.0,0.0,0.0,0.0,0.0,0.6487603305785123,0.0,0.0,0.0,Non-malignant disease,
2022_Madissoon_NatGenet_Lung|5841STDY7991484,0.0136986301369863,0.0,0.958904109589041,0.0,0.0,0.0,0.0,0.0,0.0136986301369863,0.0,0.0,0.0,0.0,0.00684931506849315,0.0,0.00684931506849315,0.0,0.0,0.0,0.0,0.0,0.0,0.0,0.0,Control,
2021_Elmentaite_Nature_Intestine|WTDAtest7770719,0.25,0.0,0.5689655172413793,0.0,0.0,0.0,0.0,0.017241379310344827,0.0,0.0,0.0,0.0,0.0,0.0603448275862069,0.0,0.0,0.0,0.0,0.0,0.0,0.0,0.0,0.0,0.10344827586206896,Control,
2022_Hwang_NatGenet_PDAC|U18_Untreated,0.0,0.0,0.0,0.0,0.3971631205673759,0.0,0.0,0.0,0.0,0.0,0.0,0.0,0.6028368794326241,0.0,0.0,0.0,0.0,0.0,0.0,0.0,0.0,0.0,0.0,0.0,Cancer_Tumor,PC
2020_Litvinukova_Nature_Heart|HCAHeart7745969,0.0,0.03508771929824561,0.8947368421052632,0.0,0.0,0.0,0.017543859649122806,0.017543859649122806,0.0,0.0,0.0,0.0,0.017543859649122806,0.017543859649122806,0.0,0.0,0.0,0.0,0.0,0.0,0.0,0.0,0.0,0.0,Control,
2022_Emont_Nature_WAT|Hs_SAT_SVF_238-1B-1,0.0,0.0,1.0,0.0,0.0,0.0,0.0,0.0,0.0,0.0,0.0,0.0,0.0,0.0,0.0,0.0,0.0,0.0,0.0,0.0,0.0,0.0,0.0,0.0,Control,
2023_Lake_Nature_Kidney|KB10,0.0,0.0,0.0,0.0,0.0,0.0,0.0,0.0,0.0,0.0,0.0,0.0,1.0,0.0,0.0,0.0,0.0,0.0,0.0,0.0,0.0,0.0,0.0,0.0,Non-malignant disease,
2020_Litvinukova_Nature_Heart|HCAHeart7664653,0.0,0.0,0.038135593220338986,0.0,0.0,0.0,0.0,0.0,0.0,0.0,0.0,0.0,0.3389830508474576,0.0,0.0,0.0,0.0,0.0,0.0,0.0,0.6228813559322034,0.0,0.0,0.0,Control,
2022_Kumar_CancerDis_Gastric|GSM5573497_sample32,0.0,0.0,0.0,0.0,0.15254237288135594,0.0,0.0,0.03389830508474576,0.0,0.0,0.0,0.0,0.0,0.0,0.0,0.0,0.0,0.0,0.0,0.0,0.0,0.0,0.8135593220338984,0.0,Cancer_Tumor,GC
2021_Wu_NatGenet_Breast|CID3586,0.0,0.7472527472527473,0.02197802197802198,0.0,0.0989010989010989,0.0,0.0,0.0,0.0,0.0,0.0,0.0,0.0,0.07692307692307693,0.054945054945054944,0.0,0.0,0.0,0.0,0.0,0.0,0.0,0.0,0.0,Cancer_Tumor,BRCA
2023_Kumar_Nature_Breast|hbca_c69,0.07820136852394917,0.36884978820462694,0.5386119257086999,0.009449332029977192,0.0,0.0,0.0,0.0,0.0,0.0,0.0,0.0,0.0,0.0,0.004887585532746823,0.0,0.0,0.0,0.0,0.0,0.0,0.0,0.0,0.0,Control,
2021_Elmentaite_Nature_Intestine|Human_colon_16S8123908,0.05202312138728324,0.0,0.5375722543352601,0.0,0.0,0.0,0.0,0.0,0.0,0.0,0.0,0.0,0.06936416184971098,0.0,0.0,0.0,0.0,0.0,0.0,0.0,0.0,0.0,0.10404624277456648,0.23699421965317918,Control,
2022_Reichart_Science_Heart|BO_H10_LV0_premrna,0.0,0.0,0.0,0.0,0.0,0.0,0.0,0.0,0.0,0.0,0.0,0.0,0.29591836734693877,0.0,0.0,0.0,0.0,0.0,0.0,0.0,0.7040816326530612,0.0,0.0,0.0,Non-malignant disease,
2022_Hwang_NatGenet_PDAC|U5_Untreated,0.0,0.0,0.0011723329425556857,0.0,0.0,0.0,0.0,0.0,0.015240328253223915,0.0,0.0,0.0,0.9835873388042204,0.0,0.0,0.0,0.0,0.0,0.0,0.0,0.0,0.0,0.0,0.0,Cancer_Tumor,PC
2020_Litvinukova_Nature_Heart|HCAHeartST11350198,0.0,0.0,0.6958174904942965,0.0,0.0,0.0,0.0,0.0,0.0,0.0,0.0,0.0,0.2889733840304182,0.0,0.0,0.0,0.0,0.0,0.0,0.0,0.015209125475285171,0.0,0.0,0.0,Control,
2020_Litvinukova_Nature_Heart|HCAHeartST11350187,0.0,0.0,0.6666666666666666,0.0,0.0,0.0,0.0,0.014814814814814815,0.0,0.0,0.0,0.0,0.2518518518518518,0.0,0.0,0.0,0.0,0.0,0.0,0.0,0.06666666666666667,0.0,0.0,0.0,Control,
2020_Litvinukova_Nature_Heart|HCAHeart9508628,0.0,0.0,0.0,0.0,0.0,0.0,0.0,0.0,0.0,0.0,0.0,0.0,1.0,0.0,0.0,0.0,0.0,0.0,0.0,0.0,0.0,0.0,0.0,0.0,Control,
2020_Adams_SciAdv_IPF|051I,0.13846153846153847,0.0,0.5692307692307692,0.0,0.2,0.0,0.0,0.0,0.0,0.0,0.0,0.0,0.09230769230769231,0.0,0.0,0.0,0.0,0.0,0.0,0.0,0.0,0.0,0.0,0.0,Non-malignant disease,
2020_Litvinukova_Nature_Heart|HCAHeartST13180616,0.07407407407407407,0.0,0.41534391534391535,0.0,0.0,0.0,0.0,0.010582010582010581,0.0,0.0,0.0,0.0,0.5,0.0,0.0,0.0,0.0,0.0,0.0,0.0,0.0,0.0,0.0,0.0,Control,
2022_Zhou_NatGenet_PDAC|HT232P1-S1H1Fc2A2_1N1Bmn1_1,0.0,0.0,0.0,0.0,0.0,0.0,0.0,0.0,0.0,0.0,0.0,0.0,1.0,0.0,0.0,0.0,0.0,0.0,0.0,0.0,0.0,0.0,0.0,0.0,Cancer_Tumor,PC
2022_Nee_NatGenet_Breast|GSM5320164_scRNA_brca2,0.6920289855072463,0.0,0.0,0.0,0.0,0.3079710144927536,0.0,0.0,0.0,0.0,0.0,0.0,0.0,0.0,0.0,0.0,0.0,0.0,0.0,0.0,0.0,0.0,0.0,0.0,Control,
2022_Reichart_Science_Heart|BO_H36_RV0_premrna,0.0,0.0,0.0,0.0,0.0,0.0,0.0,0.0,0.0,0.0,0.0,0.0,0.26260504201680673,0.0,0.0,0.0,0.0,0.0,0.0,0.0,0.7373949579831933,0.0,0.0,0.0,Non-malignant disease,
2021_Pelka_Cell_CRC|C155_T_0_0_0_c1_v3,0.0,0.0,0.0,0.0,0.46153846153846156,0.057692307692307696,0.0,0.0,0.0,0.0,0.0,0.0,0.0,0.0,0.0,0.0,0.0,0.0,0.0,0.0,0.0,0.0,0.3076923076923077,0.17307692307692307,Cancer_Tumor,CRC
2022_Emont_Nature_WAT|Hs_SAT_SVF_236-2A-2,0.0,0.0,1.0,0.0,0.0,0.0,0.0,0.0,0.0,0.0,0.0,0.0,0.0,0.0,0.0,0.0,0.0,0.0,0.0,0.0,0.0,0.0,0.0,0.0,Control,
2023_Kumar_Nature_Breast|hbca_c11,0.0,0.0,1.0,0.0,0.0,0.0,0.0,0.0,0.0,0.0,0.0,0.0,0.0,0.0,0.0,0.0,0.0,0.0,0.0,0.0,0.0,0.0,0.0,0.0,Cancer_Tumor,BRCA
2021_Melms_Nature_Lung-COVID19|C51ctr,0.0,0.0,0.0,0.0,0.0,0.0,0.0,0.0,0.0,0.0,0.0,0.0,1.0,0.0,0.0,0.0,0.0,0.0,0.0,0.0,0.0,0.0,0.0,0.0,Control,
2023_Kumar_Nature_Breast|hbca_c22,0.7863501483679525,0.0,0.0,0.0,0.0,0.17507418397626112,0.0,0.0,0.0,0.0,0.0,0.0,0.0,0.0,0.03857566765578635,0.0,0.0,0.0,0.0,0.0,0.0,0.0,0.0,0.0,Control,
2022_Gur_Cell_Sceleroderma|GSM5837625_AB8911,0.0,0.0,0.589041095890411,0.0,0.0,0.0,0.0,0.0,0.0,0.2191780821917808,0.0273972602739726,0.0,0.0,0.1232876712328767,0.0410958904109589,0.0,0.0,0.0,0.0,0.0,0.0,0.0,0.0,0.0,Non-malignant disease,
2023_Kong_Immunity_CD|I117351_L,0.0,0.0,0.0,0.0,0.0,0.0,0.0,0.0,0.0,0.0,0.0,0.0,0.0,0.10909090909090909,0.12727272727272726,0.0,0.0,0.0,0.0,0.0,0.0,0.0,0.14545454545454545,0.6181818181818182,Non-malignant disease,
2022_Emont_Nature_WAT|Hs_SAT_SVF_248-1B-1,0.0,0.0,0.9891891891891892,0.0,0.0,0.0,0.0,0.0,0.0,0.0,0.0,0.0,0.005405405405405406,0.0,0.0,0.0,0.0,0.0,0.0,0.005405405405405406,0.0,0.0,0.0,0.0,Control,
2022_Kumar_CancerDis_Gastric|GSM5573475_sample10,0.0,0.017543859649122806,0.0,0.0,0.0,0.0,0.0,0.0,0.0,0.0,0.0,0.0,0.0,0.0,0.0,0.0,0.0,0.0,0.0,0.0,0.0,0.0,0.9824561403508771,0.0,Cancer_Tumor,GC
2020_Litvinukova_Nature_Heart|HCAHeart7844001,0.0,0.0,0.8933333333333333,0.0,0.0,0.0,0.06666666666666667,0.04,0.0,0.0,0.0,0.0,0.0,0.0,0.0,0.0,0.0,0.0,0.0,0.0,0.0,0.0,0.0,0.0,Control,
2022_TabulaSapiens_Science_TabulaSapiens|TSP4_Uterus_nan_smartseq2,0.3424657534246575,0.0958904109589041,0.0,0.0,0.0,0.0684931506849315,0.0,0.0,0.0,0.0,0.0,0.0,0.0410958904109589,0.0,0.0,0.0,0.0,0.0,0.0,0.4520547945205479,0.0,0.0,0.0,0.0,Control,
2022_Gur_Cell_Sceleroderma|GSM5837483_AB8022,0.0,0.0,0.4954128440366973,0.0,0.0,0.0,0.0,0.0,0.0,0.30275229357798167,0.009174311926605505,0.0,0.0,0.09174311926605505,0.0,0.0,0.08256880733944955,0.0,0.01834862385321101,0.0,0.0,0.0,0.0,0.0,Control,
2022_Gur_Cell_Sceleroderma|GSM5837554_AB8468,0.0,0.0,0.7222222222222222,0.0,0.027777777777777776,0.0,0.0,0.0,0.0,0.027777777777777776,0.0,0.0,0.0,0.08333333333333333,0.0,0.0,0.125,0.0,0.013888888888888888,0.0,0.0,0.0,0.0,0.0,Non-malignant disease,
2023_Hickey_Nature_Intestine|B008-A-002,0.0,0.0,0.0,0.0,0.0,0.0,0.0,0.0,0.0,0.0,0.0,0.0,0.41875,0.0,0.0,0.0,0.0,0.0,0.0,0.0,0.0,0.0,0.2375,0.34375,Control,
2023_Kong_Immunity_CD|N191305_L1,0.0,0.0,0.0,0.0,0.0,0.0,0.0,0.0,0.0,0.0,0.0,0.0,0.0,0.0,0.0,0.0,0.0,0.0,0.0,0.0,0.0,0.0,0.0,1.0,Non-malignant disease,
2022_Zhou_NatGenet_PDAC|HT064P1-S1H1A2A1Z1_1B2_1,0.0,0.0,0.0,0.0,0.09302325581395349,0.0,0.7906976744186046,0.0,0.10465116279069768,0.0,0.0,0.0,0.011627906976744186,0.0,0.0,0.0,0.0,0.0,0.0,0.0,0.0,0.0,0.0,0.0,Cancer_Tumor,PC
2023_Kumar_Nature_Breast|hbca_c129,0.9334243769204507,0.01604643222942984,0.0505291908501195,0.0,0.0,0.0,0.0,0.0,0.0,0.0,0.0,0.0,0.0,0.0,0.0,0.0,0.0,0.0,0.0,0.0,0.0,0.0,0.0,0.0,Control,
2022_Gur_Cell_Sceleroderma|GSM5837416_AB7755,0.0,0.0,0.5,0.0,0.0625,0.0,0.0,0.0,0.0,0.0375,0.0,0.0,0.0,0.1125,0.0,0.0,0.1375,0.0,0.15,0.0,0.0,0.0,0.0,0.0,Non-malignant disease,
2021_Wu_NatGenet_Breast|CID4515,0.17692307692307693,0.0,0.038461538461538464,0.0,0.43846153846153846,0.0,0.0,0.0,0.0,0.0,0.0,0.0,0.0,0.046153846153846156,0.3,0.0,0.0,0.0,0.0,0.0,0.0,0.0,0.0,0.0,Cancer_Tumor,BRCA
2022_Gur_Cell_Sceleroderma|GSM5837121_AB13782,0.0,0.0,0.5338983050847458,0.0,0.0,0.0,0.0,0.0,0.0,0.3135593220338983,0.0,0.0,0.0,0.025423728813559324,0.0,0.0,0.0847457627118644,0.0,0.0423728813559322,0.0,0.0,0.0,0.0,0.0,Non-malignant disease,
2023_Kumar_Nature_Breast|hbca_c89,0.7555341674687199,0.0,0.22906641000962463,0.015399422521655439,0.0,0.0,0.0,0.0,0.0,0.0,0.0,0.0,0.0,0.0,0.0,0.0,0.0,0.0,0.0,0.0,0.0,0.0,0.0,0.0,Control,
2021_Pal_EMBO_Breast|GSM4909303_ER-MH0151,0.0,0.11926605504587157,0.18807339449541285,0.24770642201834864,0.4036697247706422,0.0,0.027522935779816515,0.0,0.0,0.013761467889908258,0.0,0.0,0.0,0.0,0.0,0.0,0.0,0.0,0.0,0.0,0.0,0.0,0.0,0.0,Cancer_Tumor,BRCA
2022_Gur_Cell_Sceleroderma|GSM5837574_AB8488,0.0,0.0,0.6375838926174496,0.0,0.0,0.0,0.0,0.0,0.0,0.26174496644295303,0.0,0.0,0.0,0.0,0.0,0.0,0.08053691275167785,0.0,0.020134228187919462,0.0,0.0,0.0,0.0,0.0,Control,
2023_Kumar_Nature_Breast|hbca_c59,0.43514150943396224,0.04009433962264151,0.5129716981132075,0.01179245283018868,0.0,0.0,0.0,0.0,0.0,0.0,0.0,0.0,0.0,0.0,0.0,0.0,0.0,0.0,0.0,0.0,0.0,0.0,0.0,0.0,Control,
2022_Madissoon_NatGenet_Lung|WTDAtest7732266,0.0,0.0,0.7937649880095923,0.0,0.0,0.0,0.0,0.2014388489208633,0.0,0.0,0.0,0.0,0.0,0.0,0.004796163069544364,0.0,0.0,0.0,0.0,0.0,0.0,0.0,0.0,0.0,Control,
2022_TabulaSapiens_Science_TabulaSapiens|TSP7_Salivary_Gland_parotid_smartseq2,0.0,0.0,0.9272727272727272,0.0,0.0,0.0,0.0,0.0,0.0,0.0,0.0,0.0,0.0,0.006060606060606061,0.0,0.0,0.0,0.0,0.0,0.0,0.06666666666666667,0.0,0.0,0.0,Control,
2022_Gur_Cell_Sceleroderma|GSM5837418_AB7757,0.0,0.0,0.4712041884816754,0.0,0.0,0.0,0.0,0.0,0.0,0.45549738219895286,0.0,0.0,0.0,0.031413612565445025,0.0,0.0,0.03664921465968586,0.0,0.005235602094240838,0.0,0.0,0.0,0.0,0.0,Non-malignant disease,
2022_Reichart_Science_Heart|BO_H67_LV0_premrna,0.0,0.0,0.0,0.0,0.0,0.0,0.0,0.0,0.0,0.0,0.0,0.0,0.6728624535315985,0.0,0.0,0.0,0.0,0.0,0.0,0.0,0.3271375464684015,0.0,0.0,0.0,Control,
2022_Reichart_Science_Heart|BO_H40_LVW_premrna,0.0,0.0,0.0,0.0,0.0,0.0,0.0,0.0,0.0,0.0,0.0,0.0,0.35092348284960423,0.0,0.0,0.0,0.0,0.0,0.0,0.0,0.6490765171503958,0.0,0.0,0.0,Non-malignant disease,
2023_Fonseca_NatGenet_Endometriosis|sample14,0.14300791556728232,0.07176781002638523,0.558311345646438,0.0,0.016886543535620052,0.0,0.0,0.0,0.0,0.0,0.0,0.0,0.0,0.0,0.0,0.0,0.0,0.0,0.0,0.21002638522427441,0.0,0.0,0.0,0.0,Non-malignant disease,
2023_Kumar_Nature_Breast|hbca_c82,0.10557184750733138,0.030498533724340176,0.8639296187683284,0.0,0.0,0.0,0.0,0.0,0.0,0.0,0.0,0.0,0.0,0.0,0.0,0.0,0.0,0.0,0.0,0.0,0.0,0.0,0.0,0.0,Control,
2021_Pal_EMBO_Breast|GSM4909296_ER-MH0001,0.0,0.0,0.0,0.0,1.0,0.0,0.0,0.0,0.0,0.0,0.0,0.0,0.0,0.0,0.0,0.0,0.0,0.0,0.0,0.0,0.0,0.0,0.0,0.0,Cancer_Tumor,BRCA
2022_Gur_Cell_Sceleroderma|GSM5837140_AB13801,0.0,0.0,0.4530612244897959,0.0,0.0,0.0,0.0,0.0,0.0,0.5183673469387755,0.0,0.0,0.00816326530612245,0.0,0.0,0.0,0.0,0.0,0.02040816326530612,0.0,0.0,0.0,0.0,0.0,Non-malignant disease,
2021_Wu_NatGenet_Breast|CID44971,0.004545454545454545,0.2863636363636364,0.20454545454545456,0.30454545454545456,0.16363636363636364,0.0,0.004545454545454545,0.0,0.0,0.0,0.0,0.0,0.0,0.031818181818181815,0.0,0.0,0.0,0.0,0.0,0.0,0.0,0.0,0.0,0.0,Cancer_Tumor,BRCA
2020_Litvinukova_Nature_Heart|HCAHeartST13180617,0.09814814814814815,0.0,0.29259259259259257,0.0,0.0,0.0,0.0,0.0,0.0,0.0,0.0,0.0,0.6092592592592593,0.0,0.0,0.0,0.0,0.0,0.0,0.0,0.0,0.0,0.0,0.0,Control,
2021_Pal_EMBO_Breast|GSM4909287_TN-B1-Tum0554,0.36548223350253806,0.08121827411167512,0.0,0.0,0.24873096446700507,0.116751269035533,0.0,0.0,0.0,0.0,0.0,0.0,0.0,0.050761421319796954,0.13705583756345177,0.0,0.0,0.0,0.0,0.0,0.0,0.0,0.0,0.0,Cancer_Tumor,BRCA
2022_Nee_NatGenet_Breast|GSM5320167_scRNA_brca5,1.0,0.0,0.0,0.0,0.0,0.0,0.0,0.0,0.0,0.0,0.0,0.0,0.0,0.0,0.0,0.0,0.0,0.0,0.0,0.0,0.0,0.0,0.0,0.0,Control,
2021_Chan_CancerCell_SCLC|RU1137,0.4574468085106383,0.10638297872340426,0.0,0.0,0.2712765957446808,0.010638297872340425,0.0,0.0851063829787234,0.0,0.0,0.0,0.0,0.0,0.06914893617021277,0.0,0.0,0.0,0.0,0.0,0.0,0.0,0.0,0.0,0.0,Cancer_Tumor,NSCLC
2020_Litvinukova_Nature_Heart|HCAHeart8287127,0.14516129032258066,0.0,0.25806451612903225,0.0,0.0,0.0,0.0,0.0,0.0,0.0,0.0,0.0,0.5268817204301075,0.0,0.0,0.0,0.0,0.0,0.0,0.0,0.06989247311827956,0.0,0.0,0.0,Control,
2020_Litvinukova_Nature_Heart|HCAHeartST13180615,0.14092664092664092,0.0,0.3030888030888031,0.0,0.0,0.0,0.0,0.0,0.0,0.0,0.0,0.0,0.555984555984556,0.0,0.0,0.0,0.0,0.0,0.0,0.0,0.0,0.0,0.0,0.0,Control,
2022_Emont_Nature_WAT|Hs_SAT_11-1,0.0,0.0,0.5985074626865672,0.0,0.0,0.0,0.0,0.0,0.0,0.0,0.0,0.0,0.4014925373134328,0.0,0.0,0.0,0.0,0.0,0.0,0.0,0.0,0.0,0.0,0.0,Control,
2022_TabulaSapiens_Science_TabulaSapiens|TSP15_Eye_Cornea-etc_10X,0.08653846153846154,0.0,0.5384615384615384,0.0,0.0,0.0,0.0,0.0,0.0,0.057692307692307696,0.3173076923076923,0.0,0.0,0.0,0.0,0.0,0.0,0.0,0.0,0.0,0.0,0.0,0.0,0.0,Control,
2020_Litvinukova_Nature_Heart|HCAHeartST11350192,0.0,0.0,0.51875,0.0,0.0,0.0,0.0,0.0,0.0,0.0,0.0,0.0,0.48125,0.0,0.0,0.0,0.0,0.0,0.0,0.0,0.0,0.0,0.0,0.0,Control,
2023_Hickey_Nature_Intestine|B011-A-301,0.0,0.0,0.10344827586206896,0.0,0.0,0.0,0.0,0.0,0.0,0.0,0.0,0.0,0.5344827586206896,0.0,0.0,0.0,0.0,0.0,0.0,0.0,0.0,0.0,0.0,0.3620689655172414,Control,
2020_Litvinukova_Nature_Heart|HCAHeart8287126,0.0,0.0,0.22826086956521738,0.0,0.0,0.0,0.0,0.010869565217391304,0.0,0.0,0.0,0.0,0.3804347826086957,0.0,0.0,0.0,0.0,0.0,0.0,0.0,0.3804347826086957,0.0,0.0,0.0,Control,
2021_Pelka_Cell_CRC|C173_T_0_0_0_c1_v3,0.0,0.0,0.0,0.0,0.6326530612244898,0.3673469387755102,0.0,0.0,0.0,0.0,0.0,0.0,0.0,0.0,0.0,0.0,0.0,0.0,0.0,0.0,0.0,0.0,0.0,0.0,Cancer_Tumor,CRC
2022_Reichart_Science_Heart|IC_H02_LV0_premrna,0.0,0.0,0.0,0.0,0.0,0.0,0.0,0.0,0.0,0.0,0.0,0.0,0.5572916666666666,0.0,0.0,0.0,0.0,0.0,0.0,0.0,0.4427083333333333,0.0,0.0,0.0,Non-malignant disease,
2022_Gur_Cell_Sceleroderma|GSM5837653_AB9102,0.0,0.0,0.35185185185185186,0.0,0.0,0.0,0.0,0.0,0.0,0.05555555555555555,0.0,0.0,0.0,0.018518518518518517,0.0,0.0,0.4444444444444444,0.0,0.12962962962962962,0.0,0.0,0.0,0.0,0.0,Non-malignant disease,
2022_Nee_NatGenet_Breast|GSM5320163_scRNA_brca1,1.0,0.0,0.0,0.0,0.0,0.0,0.0,0.0,0.0,0.0,0.0,0.0,0.0,0.0,0.0,0.0,0.0,0.0,0.0,0.0,0.0,0.0,0.0,0.0,Control,
2022_Reichart_Science_Heart|BO_H41_S00_premrna,0.0,0.0,0.0,0.0,0.0,0.0,0.0,0.0,0.0,0.0,0.0,0.0,0.18724559023066487,0.0,0.0,0.0,0.0,0.0,0.0,0.0,0.8127544097693351,0.0,0.0,0.0,Non-malignant disease,
2023_Kong_Immunity_CD|N128346_L2,0.0,0.0,0.0,0.0,0.0,0.0,0.0,0.0,0.0,0.0,0.0,0.0,0.0,0.058823529411764705,0.0,0.0,0.0,0.0,0.0,0.0,0.0,0.0,0.1323529411764706,0.8088235294117647,Non-malignant disease,
2020_Litvinukova_Nature_Heart|HCAHeart7833853,0.0,0.0,0.0,0.0,0.0,0.0,0.0,0.0,0.0,0.0,0.0,0.0,1.0,0.0,0.0,0.0,0.0,0.0,0.0,0.0,0.0,0.0,0.0,0.0,Control,
2023_Kumar_Nature_Breast|hbca_c152,0.8865435356200527,0.0,0.11345646437994723,0.0,0.0,0.0,0.0,0.0,0.0,0.0,0.0,0.0,0.0,0.0,0.0,0.0,0.0,0.0,0.0,0.0,0.0,0.0,0.0,0.0,Control,
2022_Gur_Cell_Sceleroderma|GSM5837650_AB9099,0.0,0.0,0.43661971830985913,0.0,0.014084507042253521,0.0,0.0,0.0,0.02112676056338028,0.028169014084507043,0.0,0.0,0.0,0.0,0.0,0.0,0.49295774647887325,0.0,0.007042253521126761,0.0,0.0,0.0,0.0,0.0,Non-malignant disease,
2023_Kumar_Nature_Breast|hbca_c138,0.8557046979865772,0.0,0.12607861936720996,0.01102588686481304,0.0,0.0,0.0,0.0,0.0,0.0,0.0,0.0,0.007190795781399808,0.0,0.0,0.0,0.0,0.0,0.0,0.0,0.0,0.0,0.0,0.0,Control,
2022_Gur_Cell_Sceleroderma|GSM5837444_AB7856,0.0,0.0,0.6416666666666667,0.0,0.0,0.0,0.0,0.0,0.0,0.20833333333333334,0.008333333333333333,0.0,0.0,0.016666666666666666,0.0,0.0,0.08333333333333333,0.0,0.041666666666666664,0.0,0.0,0.0,0.0,0.0,Control,
2020_Drokhlyansky_Cell_EntericNerve|H4_S24,0.0,0.0,0.0,0.0,0.0,0.0,0.0,0.0,0.0,0.0,0.0,0.0,0.9615384615384616,0.0,0.0,0.0,0.0,0.0,0.0,0.0,0.038461538461538464,0.0,0.0,0.0,Cancer_AdjNorm,CRC
2022_Reichart_Science_Heart|BO_H32_LVN_premrna,0.0,0.0,0.0,0.0,0.0,0.0,0.0,0.0,0.0,0.0,0.0,0.0,0.34986945169712796,0.0,0.0,0.0,0.0,0.0,0.0,0.0,0.6501305483028721,0.0,0.0,0.0,Non-malignant disease,
2022_TabulaSapiens_Science_TabulaSapiens|TSP14_Salivary_Gland_Parotid_10X,0.0,0.0,0.9972067039106145,0.0,0.0,0.0,0.0,0.0,0.0,0.0,0.0,0.0,0.0,0.0,0.0,0.0,0.0,0.0,0.0,0.002793296089385475,0.0,0.0,0.0,0.0,Control,
2023_Kumar_Nature_Breast|hbca_c101,0.8188277087033747,0.0,0.17761989342806395,0.003552397868561279,0.0,0.0,0.0,0.0,0.0,0.0,0.0,0.0,0.0,0.0,0.0,0.0,0.0,0.0,0.0,0.0,0.0,0.0,0.0,0.0,Control,
2023_Kong_Immunity_CD|N189696_L,0.0,0.0,0.0,0.0,0.0,0.0,0.0,0.0,0.0,0.0,0.0,0.0,0.0,0.0,0.0,0.0,0.0,0.0,0.0,0.0,0.0,0.0,0.125,0.875,Non-malignant disease,
2022_Gur_Cell_Sceleroderma|GSM5836994_AB10143,0.0,0.0,0.8125,0.0,0.03125,0.0,0.0,0.0,0.0,0.046875,0.03125,0.0,0.0,0.03125,0.0,0.0,0.046875,0.0,0.0,0.0,0.0,0.0,0.0,0.0,Non-malignant disease,
2022_Reichart_Science_Heart|BO_H39_RV0_premrna,0.0,0.0,0.0,0.0,0.0,0.0,0.0,0.0,0.0,0.0,0.0,0.0,0.7545787545787546,0.0,0.0,0.0,0.0,0.0,0.0,0.0,0.2454212454212454,0.0,0.0,0.0,Non-malignant disease,
2022_vanZyl_PNAS_Eye|Hu216218IrisCS2,0.0,0.0,0.0,0.0,0.0,0.0,0.0,0.0,0.0,0.0,0.0,0.0,1.0,0.0,0.0,0.0,0.0,0.0,0.0,0.0,0.0,0.0,0.0,0.0,Control,
2023_Monavarfeshani_PNAS_Eye|Hu222ODCho,0.0,0.0,0.0,0.0,0.0,0.0,0.0,0.0,0.0,0.0,0.0,0.9527220630372493,0.04727793696275072,0.0,0.0,0.0,0.0,0.0,0.0,0.0,0.0,0.0,0.0,0.0,Control,
2020_Litvinukova_Nature_Heart|HCAHeartST11064577,0.0,0.0,0.06012024048096192,0.0,0.0,0.0,0.0,0.0,0.0,0.0,0.0,0.0,0.04208416833667335,0.0,0.0,0.0,0.0,0.0,0.0,0.0,0.8977955911823647,0.0,0.0,0.0,Control,
2023_Kumar_Nature_Breast|hbca_c126,0.7627450980392156,0.018627450980392157,0.12941176470588237,0.0892156862745098,0.0,0.0,0.0,0.0,0.0,0.0,0.0,0.0,0.0,0.0,0.0,0.0,0.0,0.0,0.0,0.0,0.0,0.0,0.0,0.0,Control,
2022_Madissoon_NatGenet_Lung|WSSS8123931,0.0,0.05555555555555555,0.375,0.0,0.0,0.013888888888888888,0.013888888888888888,0.5,0.0,0.0,0.0,0.0,0.0,0.027777777777777776,0.0,0.0,0.013888888888888888,0.0,0.0,0.0,0.0,0.0,0.0,0.0,Control,
2020_Park_Science_Thymus|WSSS8062670,0.0,0.0,0.6506894287590282,0.0,0.0,0.0,0.0,0.0,0.0,0.0,0.0,0.0,0.0,0.34931057124097176,0.0,0.0,0.0,0.0,0.0,0.0,0.0,0.0,0.0,0.0,Control,
2022_Hwang_NatGenet_PDAC|T15_CRTl,0.0,0.0,0.0,0.0,0.0,0.0,0.0,0.0,0.13647058823529412,0.0,0.0,0.0,0.8635294117647059,0.0,0.0,0.0,0.0,0.0,0.0,0.0,0.0,0.0,0.0,0.0,Cancer_Tumor,PC
2022_Gur_Cell_Sceleroderma|GSM5837630_AB8916,0.0,0.0,0.5853658536585366,0.0,0.0,0.0,0.0,0.0,0.0,0.2926829268292683,0.07317073170731707,0.0,0.0,0.04878048780487805,0.0,0.0,0.0,0.0,0.0,0.0,0.0,0.0,0.0,0.0,Non-malignant disease,
2022_Hwang_NatGenet_PDAC|T16_CRTl,0.0,0.0,0.0,0.0,0.0,0.0,0.0,0.0,0.0,0.0,0.0,0.0,1.0,0.0,0.0,0.0,0.0,0.0,0.0,0.0,0.0,0.0,0.0,0.0,Cancer_Tumor,PC
2020_Habermann_SciAdv_Lung-COVID19|GSM5226594_L15cov,0.0,0.0,0.0,0.0,0.0,0.0,0.0,0.0,0.0,0.0,0.0,0.0,1.0,0.0,0.0,0.0,0.0,0.0,0.0,0.0,0.0,0.0,0.0,0.0,Non-malignant disease,
2023_Kong_Immunity_CD|H139073_N,0.0,0.0,0.0,0.0,0.0,0.0,0.0,0.0,0.0,0.0,0.0,0.0,0.0,0.0,0.0,0.0,0.0,0.0,0.0,0.0,0.0,0.0,0.06179775280898876,0.9382022471910112,Control,
2020_Litvinukova_Nature_Heart|HCAHeart9845434,0.0,0.0,0.0,0.0,0.0,0.0,0.0,0.0,0.0,0.0,0.0,0.0,0.38690792974986693,0.0,0.0,0.0,0.0,0.0,0.0,0.0,0.613092070250133,0.0,0.0,0.0,Control,
2023_Kumar_Nature_Breast|hbca_c65,0.912004662004662,0.0,0.06060606060606061,0.027389277389277388,0.0,0.0,0.0,0.0,0.0,0.0,0.0,0.0,0.0,0.0,0.0,0.0,0.0,0.0,0.0,0.0,0.0,0.0,0.0,0.0,Control,
2023_Kumar_Nature_Breast|hbca_c163,0.5623762376237624,0.18811881188118812,0.23564356435643563,0.013861386138613862,0.0,0.0,0.0,0.0,0.0,0.0,0.0,0.0,0.0,0.0,0.0,0.0,0.0,0.0,0.0,0.0,0.0,0.0,0.0,0.0,Cancer_Tumor,BRCA
2021_Melms_Nature_Lung-COVID19|L10cov,0.0,0.0,0.0,0.0,0.0,0.0,0.0,0.0,0.0,0.0,0.0,0.0,1.0,0.0,0.0,0.0,0.0,0.0,0.0,0.0,0.0,0.0,0.0,0.0,Non-malignant disease,
2023_Kumar_Nature_Breast|hbca_c108,0.9197761194029851,0.0457089552238806,0.03451492537313433,0.0,0.0,0.0,0.0,0.0,0.0,0.0,0.0,0.0,0.0,0.0,0.0,0.0,0.0,0.0,0.0,0.0,0.0,0.0,0.0,0.0,Control,
2021_Pal_EMBO_Breast|GSM4909304_ER-MH0163,0.0,0.0,0.01818181818181818,0.0,0.9636363636363636,0.0,0.0,0.0,0.0,0.0,0.0,0.0,0.0,0.0,0.01818181818181818,0.0,0.0,0.0,0.0,0.0,0.0,0.0,0.0,0.0,Cancer_Tumor,BRCA
2022_Gur_Cell_Sceleroderma|GSM5837604_AB8766,0.0,0.0,0.5185185185185185,0.0,0.0,0.0,0.0,0.0,0.0,0.09876543209876543,0.0,0.0,0.0,0.1111111111111111,0.0,0.0,0.24691358024691357,0.0,0.024691358024691357,0.0,0.0,0.0,0.0,0.0,Non-malignant disease,
2022_Reichart_Science_Heart|BS_DP1_LV0_premrna,0.0,0.0,0.0,0.0,0.0,0.0,0.0,0.0,0.0,0.0,0.0,0.0,0.5057971014492754,0.0,0.0,0.0,0.0,0.0,0.0,0.0,0.49420289855072463,0.0,0.0,0.0,Non-malignant disease,
