,Mural|FGF7,Mural|RERGL,Mural|CD36,Mural|TNFAIP6,Mural|SPINT2,Mural|LAMC3,Mural|ISG,Mural|ROBO2,Cancer_Tissue,Cancer_Type
GSE180878_RM_D,0.5576923076923077,0.4230769230769231,0.019230769230769232,0.0,0.0,0.0,0.0,0.0,Control,
GSE131778_rca4-1,0.018617021276595744,0.07446808510638298,0.0,0.0,0.9069148936170213,0.0,0.0,0.0,Non-malignant disease,
GSE136103_cirrhotic3_cd45plus_1,0.0,0.8482142857142857,0.15178571428571427,0.0,0.0,0.0,0.0,0.0,Non-malignant disease,
GSE176417_Sc_W2,0.3947180585296217,0.5017844396859387,0.0,0.10349750178443969,0.0,0.0,0.0,0.0,Non-malignant disease,
GSE155683_G1700193007191_Adult_Cornea,0.28846153846153844,0.5769230769230769,0.1346153846153846,0.0,0.0,0.0,0.0,0.0,Control,
GSE156905_Human_Colon_4602,0.0,0.03367003367003367,0.030303030303030304,0.0,0.936026936026936,0.0,0.0,0.0,Control,
GSE160756_h-AF-1zhong,0.19393939393939394,0.6,0.16363636363636364,0.024242424242424242,0.01818181818181818,0.0,0.0,0.0,Control,
GSE181957_SC230,0.4913294797687861,0.43352601156069365,0.07514450867052024,0.0,0.0,0.0,0.0,0.0,Non-malignant disease,
GSE183219_HSA_JGR_522SN_G,0.04247104247104247,0.7837837837837838,0.0,0.0,0.019305019305019305,0.15444015444015444,0.0,0.0,Cancer_AdjNorm,NSCLC
GSE146123_human_molar_pulp,0.0,0.6752136752136753,0.3247863247863248,0.0,0.0,0.0,0.0,0.0,Control,
GSE159677_02dat20190717tisCARconDIS,0.0,0.059670781893004114,0.0,0.0,0.9403292181069959,0.0,0.0,0.0,Non-malignant disease,
GSE158692_19G02977_Small_TN,0.10656934306569343,0.6642335766423357,0.04671532846715328,0.13284671532846715,0.033576642335766425,0.0,0.016058394160583942,0.0,Cancer_Metastasis,CRC
GSE175817_D406H,0.2579185520361991,0.7375565610859729,0.004524886877828055,0.0,0.0,0.0,0.0,0.0,Non-malignant disease,
GSE158970_Polydactyly_04,0.35629453681710216,0.4323040380047506,0.21140142517814728,0.0,0.0,0.0,0.0,0.0,Non-malignant disease,
GSE145927_Bx45A,0.0,0.4349775784753363,0.5650224215246636,0.0,0.0,0.0,0.0,0.0,Non-malignant disease,
GSE181316_scar_3_scRNA,0.5536062378167641,0.3898635477582846,0.056530214424951264,0.0,0.0,0.0,0.0,0.0,Non-malignant disease,
GSE157277_012319CORTEX_HHT,0.0,0.948051948051948,0.012987012987012988,0.0,0.03896103896103896,0.0,0.0,0.0,Non-malignant disease,
GSE154778_T2,0.03361344537815126,0.058823529411764705,0.3865546218487395,0.48739495798319327,0.0,0.0,0.03361344537815126,0.0,Cancer_Tumor,PC
GSE183852_TWCM-H8-lib1,0.027522935779816515,0.23519599666388658,0.737281067556297,0.0,0.0,0.0,0.0,0.0,Non-malignant disease,
GSE183031_EF01_3V3_NextGem,0.11842105263157894,0.7105263157894737,0.17105263157894737,0.0,0.0,0.0,0.0,0.0,Non-malignant disease,
GSE155468_10x_RPP_TAA_5,0.04201680672268908,0.3865546218487395,0.07563025210084033,0.03361344537815126,0.4579831932773109,0.0,0.004201680672268907,0.0,Non-malignant disease,
GSE181316_keloid_2_scRNA,0.4194139194139194,0.2838827838827839,0.2967032967032967,0.0,0.0,0.0,0.0,0.0,Non-malignant disease,
GSE181316_keloid_3L_scRNA,0.513550135501355,0.3333333333333333,0.14498644986449866,0.008130081300813009,0.0,0.0,0.0,0.0,Non-malignant disease,
GSE181919_P33_R,0.05333333333333334,0.92,0.02666666666666667,0.0,0.0,0.0,0.0,0.0,Cancer_Tumor,Leukoplakia
GSE155683_3-1D,0.17424242424242425,0.29545454545454547,0.0,0.0,0.5303030303030303,0.0,0.0,0.0,Control,
GSE173252_sf1,0.22678571428571428,0.7732142857142857,0.0,0.0,0.0,0.0,0.0,0.0,Control,
GSE183219_HSA_JGR_571ST_G,0.02564102564102564,0.36538461538461536,0.07051282051282051,0.0,0.08974358974358974,0.44871794871794873,0.0,0.0,Cancer_Tumor,NSCLC
GSE158692_19G00635_Tnbis,0.025,0.32,0.115,0.465,0.075,0.0,0.0,0.0,Cancer_Metastasis,CRC
GSE180544_MSG21,0.05343511450381679,0.8015267175572519,0.1450381679389313,0.0,0.0,0.0,0.0,0.0,Control,
GSE153834_COHP_34150_1_UN_Whole_C1_XCSCR_L27414_HVGW2DSXX_AGCATGGT,0.0,0.6078431372549019,0.39215686274509803,0.0,0.0,0.0,0.0,0.0,Control,
GSE147979_IrisStroma76,0.0,0.06666666666666667,0.0,0.0,0.9333333333333333,0.0,0.0,0.0,Control,
GSE178481_SCG_RCC-BM2-P-T1,0.0,0.38461538461538464,0.48717948717948717,0.038461538461538464,0.07692307692307693,0.0,0.01282051282051282,0.0,Cancer_Tumor,RCC
GSE168933_NASH1_LIB037229,0.0,1.0,0.0,0.0,0.0,0.0,0.0,0.0,Non-malignant disease,
GSE159677_02dat20190515tisCARconDIS,0.0,0.04801477377654663,0.0,0.0,0.9519852262234534,0.0,0.0,0.0,Non-malignant disease,
GSE183219_HSA_JGR_514SN_G,0.013333333333333334,0.8933333333333333,0.0,0.0,0.02666666666666667,0.06666666666666667,0.0,0.0,Cancer_AdjNorm,NSCLC
GSE141526_ADWST11,0.44036697247706424,0.5596330275229358,0.0,0.0,0.0,0.0,0.0,0.0,Cancer_AdjNorm,BCC
GSE130646_muscle1V1,0.02617801047120419,0.5287958115183246,0.44502617801047123,0.0,0.0,0.0,0.0,0.0,Control,
GSE184526_mix,0.0,0.9571428571428572,0.04285714285714286,0.0,0.0,0.0,0.0,0.0,Cancer_AdjNorm,SGTs
GSE178481_RCC-PR3-T1,0.0,0.0,1.0,0.0,0.0,0.0,0.0,0.0,Cancer_Tumor,RCC
GSE147979_IrisStroma75,0.0,0.576271186440678,0.0,0.0,0.423728813559322,0.0,0.0,0.0,Control,
GSE182208_SC_NS-2,0.2422145328719723,0.7577854671280276,0.0,0.0,0.0,0.0,0.0,0.0,Control,
GSE178481_RCC-PR7-T,0.0,0.11080074487895716,0.8891992551210428,0.0,0.0,0.0,0.0,0.0,Cancer_Tumor,RCC
GSE164241_BM158,0.19289340101522842,0.8071065989847716,0.0,0.0,0.0,0.0,0.0,0.0,Control,
GSE136103_cirrhotic3_cd45plus_2,0.0,0.8648648648648649,0.13513513513513514,0.0,0.0,0.0,0.0,0.0,Non-malignant disease,
GSE143704_Sample_103476_HVGL3BGXB_hu_021219,0.22033898305084745,0.3615819209039548,0.4180790960451977,0.0,0.0,0.0,0.0,0.0,Control,
GSE158970_Polydactyly_03,0.45323741007194246,0.39568345323741005,0.1510791366906475,0.0,0.0,0.0,0.0,0.0,Non-malignant disease,
GSE155468_10x_RPP_Con_6,0.0,0.12129380053908356,0.0,0.0,0.8787061994609164,0.0,0.0,0.0,Control,
GSE155468_10x_RPP_TAA_6,0.046153846153846156,0.33076923076923076,0.046153846153846156,0.0,0.5769230769230769,0.0,0.0,0.0,Non-malignant disease,
GSE171381_COVID_4__decidua__HHT,0.7961783439490446,0.0,0.15286624203821655,0.0,0.0,0.0,0.050955414012738856,0.0,Non-malignant disease,
GSE181957_SC163,0.22382671480144403,0.7545126353790613,0.021660649819494584,0.0,0.0,0.0,0.0,0.0,Non-malignant disease,
GSE131778_rca1-2,0.14606741573033707,0.5730337078651685,0.06741573033707865,0.0,0.21348314606741572,0.0,0.0,0.0,Non-malignant disease,
GSE142784_CC32S-10XSC3,0.018154311649016642,0.9818456883509834,0.0,0.0,0.0,0.0,0.0,0.0,Cancer_Tumor,CCA
GSE161267_Pulp2,0.03513770180436847,0.5289648622981956,0.4358974358974359,0.0,0.0,0.0,0.0,0.0,Control,
GSE132771_N2W,0.06927710843373494,0.2620481927710843,0.0,0.0,0.04819277108433735,0.6204819277108434,0.0,0.0,Control,
GSE156776_A16,0.25333333333333335,0.6,0.14666666666666667,0.0,0.0,0.0,0.0,0.0,Non-malignant disease,
GSE168933_NASH2_POOL_20190318_NASH_2,0.09803921568627451,0.8627450980392157,0.0392156862745098,0.0,0.0,0.0,0.0,0.0,Non-malignant disease,
GSE183852_TWCM-H4,0.026690391459074734,0.29655990510083036,0.6767497034400949,0.0,0.0,0.0,0.0,0.0,Non-malignant disease,
GSE146123_No5_24_yo_healthy_retained,0.0,0.49606299212598426,0.5039370078740157,0.0,0.0,0.0,0.0,0.0,Control,
GSE183219_HSA_JGR_458SN_G,0.2158273381294964,0.22302158273381295,0.0,0.0,0.06474820143884892,0.49640287769784175,0.0,0.0,Cancer_AdjNorm,NSCLC
GSE178481_RCC-PR5-T1,0.0,0.07620041753653445,0.9133611691022965,0.0,0.010438413361169102,0.0,0.0,0.0,Cancer_Tumor,RCC
GSE182208_SC_NS-3,0.045454545454545456,0.9545454545454546,0.0,0.0,0.0,0.0,0.0,0.0,Non-malignant disease,
GSE145927_Bx45B,0.0,0.4868421052631579,0.4868421052631579,0.0,0.021929824561403508,0.0,0.0043859649122807015,0.0,Non-malignant disease,
GSE164241_GM169,0.018571428571428572,0.9814285714285714,0.0,0.0,0.0,0.0,0.0,0.0,Control,
GSE130646_muscle2V2,0.0,0.4864864864864865,0.5135135135135135,0.0,0.0,0.0,0.0,0.0,Control,
GSE164241_GM184a,0.13537117903930132,0.6506550218340611,0.21397379912663755,0.0,0.0,0.0,0.0,0.0,Control,
GSE172225_192561SKN_GEX_HHT,0.40350877192982454,0.5964912280701754,0.0,0.0,0.0,0.0,0.0,0.0,Control,
GSE178481_RCC-PR8-N,0.0,0.8586956521739131,0.14130434782608695,0.0,0.0,0.0,0.0,0.0,Cancer_AdjNorm,RCC
GSE164241_GM147,0.0673076923076923,0.7980769230769231,0.0673076923076923,0.0673076923076923,0.0,0.0,0.0,0.0,Control,
GSE173252_dd1A,0.4408033826638478,0.5591966173361522,0.0,0.0,0.0,0.0,0.0,0.0,Non-malignant disease,
GSE132771_F4W,0.5360230547550432,0.3227665706051873,0.002881844380403458,0.0,0.11527377521613832,0.023054755043227664,0.0,0.0,Non-malignant disease,
GSE132802_SKIN_HV1_F2,0.327217125382263,0.672782874617737,0.0,0.0,0.0,0.0,0.0,0.0,Control,
GSE181919_N22,0.0,0.41025641025641024,0.38461538461538464,0.0,0.20512820512820512,0.0,0.0,0.0,Cancer_AdjNorm,HNSCC
GSE176417_Sc_skin4,0.4057971014492754,0.40901771336553944,0.16908212560386474,0.0,0.01610305958132045,0.0,0.0,0.0,Control,
GSE181957_SC240,0.5555555555555556,0.3055555555555556,0.08333333333333333,0.05555555555555555,0.0,0.0,0.0,0.0,Non-malignant disease,
GSE164241_PD164c,0.08755760368663594,0.8110599078341014,0.059907834101382486,0.041474654377880185,0.0,0.0,0.0,0.0,Non-malignant disease,
GSE132771_F5W,0.6212121212121212,0.25757575757575757,0.07575757575757576,0.0,0.0,0.045454545454545456,0.0,0.0,Non-malignant disease,
GSE159677_01dat20190717tisCARconHEA,0.11526479750778816,0.557632398753894,0.0,0.0,0.32710280373831774,0.0,0.0,0.0,Non-malignant disease,
GSE160536_SC223_affected_RPMI,0.22988505747126436,0.7701149425287356,0.0,0.0,0.0,0.0,0.0,0.0,Non-malignant disease,
GSE183031_HC03,0.5100171722953635,0.48483113909559244,0.0,0.0,0.005151688609044075,0.0,0.0,0.0,Control,
GSE181316_skin_7_scRNA_3,0.23670212765957446,0.7287234042553191,0.0,0.0,0.034574468085106384,0.0,0.0,0.0,Control,
GSE146123_human_molar_healthy_1,0.0,0.6330845771144279,0.36691542288557216,0.0,0.0,0.0,0.0,0.0,Control,
GSE155512_RPE004,0.0,0.0222809667673716,0.0,0.0,0.9777190332326284,0.0,0.0,0.0,Non-malignant disease,
GSE160536_SC222_affected_Cryostor,0.17054263565891473,0.8294573643410853,0.0,0.0,0.0,0.0,0.0,0.0,Non-malignant disease,
GSE178481_RCC-PR6-N,0.0,0.9583333333333334,0.041666666666666664,0.0,0.0,0.0,0.0,0.0,Cancer_AdjNorm,RCC
GSE183219_HSA_JGR_536SN_G,0.05454545454545454,0.06363636363636363,0.0,0.0,0.08181818181818182,0.8,0.0,0.0,Cancer_AdjNorm,NSCLC
GSE178481_RCC-RCC1-N,0.0,0.966804979253112,0.03319502074688797,0.0,0.0,0.0,0.0,0.0,Cancer_AdjNorm,RCC
GSE155468_10x_RPP_ATT_2,0.061452513966480445,0.17318435754189945,0.0446927374301676,0.0,0.7206703910614525,0.0,0.0,0.0,Non-malignant disease,
GSE143704_Sample_84100_HFVWYBGX9_hu_092718,0.6190476190476191,0.38095238095238093,0.0,0.0,0.0,0.0,0.0,0.0,Control,
GSE181957_SC229,0.2191780821917808,0.6986301369863014,0.0,0.0,0.0821917808219178,0.0,0.0,0.0,Non-malignant disease,
GSE147520_hThy29,0.21087588210875882,0.7596513075965131,0.0273972602739726,0.0,0.0020755500207555004,0.0,0.0,0.0,Control,
GSE178481_RCC-PR6-T,0.0,0.028901734104046242,0.9710982658959537,0.0,0.0,0.0,0.0,0.0,Cancer_Tumor,RCC
GSE132771_F1L,0.2717973697028738,0.6536775450560156,0.00535801266439357,0.004870920603994155,0.012177301509985387,0.05211885046273746,0.0,0.0,Non-malignant disease,
GSE164690_HN09_CD45n,0.012658227848101266,0.06329113924050633,0.05063291139240506,0.8354430379746836,0.0,0.0,0.0379746835443038,0.0,Cancer_Tumor,HNSCC
GSE181919_P16,0.17333333333333334,0.72,0.0,0.08,0.02666666666666667,0.0,0.0,0.0,Cancer_Tumor,Leukoplakia
GSE183219_HSA_JGR_555ST_G,0.01015228426395939,0.383248730964467,0.10152284263959391,0.0,0.050761421319796954,0.4543147208121827,0.0,0.0,Cancer_Tumor,NSCLC
GSE153947_Cr3,0.20202020202020202,0.5858585858585859,0.1919191919191919,0.0,0.020202020202020204,0.0,0.0,0.0,Non-malignant disease,
GSE178481_RCC-PR5-T3,0.007909604519774011,0.11751412429378531,0.8745762711864407,0.0,0.0,0.0,0.0,0.0,Cancer_Tumor,RCC
GSE136103_cirrhotic2_cd45plus_2,0.0196078431372549,0.9803921568627451,0.0,0.0,0.0,0.0,0.0,0.0,Non-malignant disease,
GSE147979_Iris74,0.0,0.07547169811320754,0.0,0.0,0.9245283018867925,0.0,0.0,0.0,Control,
GSE172225_192566SKN_GEX_HHT,0.25217391304347825,0.6747826086956522,0.0,0.0,0.07304347826086957,0.0,0.0,0.0,Control,
GSE158924_scHealthy2_HHT,0.5,0.5,0.0,0.0,0.0,0.0,0.0,0.0,Control,
GSE131778_rca3-3,0.33940774487471526,0.3120728929384966,0.0,0.0,0.34851936218678814,0.0,0.0,0.0,Non-malignant disease,
GSE132802_SKIN_HV2,0.28091872791519434,0.7190812720848057,0.0,0.0,0.0,0.0,0.0,0.0,Control,
GSE161266_Perio3,0.3407821229050279,0.3854748603351955,0.2569832402234637,0.01675977653631285,0.0,0.0,0.0,0.0,Control,
GSE180878_PM_F,0.48757763975155277,0.5124223602484472,0.0,0.0,0.0,0.0,0.0,0.0,Control,
GSE131778_rca3-2,0.32040816326530613,0.3469387755102041,0.0,0.0,0.3326530612244898,0.0,0.0,0.0,Non-malignant disease,
GSE160536_SC273,0.3277777777777778,0.5666666666666667,0.10555555555555556,0.0,0.0,0.0,0.0,0.0,Non-malignant disease,
GSE181316_keloid_3R_scRNA,0.6126760563380281,0.2323943661971831,0.15492957746478872,0.0,0.0,0.0,0.0,0.0,Non-malignant disease,
GSE164241_BM168,0.148005148005148,0.851994851994852,0.0,0.0,0.0,0.0,0.0,0.0,Control,
GSE183852_TWCM-H5,0.09043478260869565,0.5414492753623188,0.3681159420289855,0.0,0.0,0.0,0.0,0.0,Control,
GSE173252_dd2,0.3433628318584071,0.5893805309734513,0.021238938053097345,0.04601769911504425,0.0,0.0,0.0,0.0,Non-malignant disease,
GSE132771_F6L,0.44363979848866497,0.48268261964735515,0.04581234256926952,0.0,0.01873425692695214,0.009130982367758186,0.0,0.0,Non-malignant disease,
GSE175817_D407H,0.3262518968133536,0.6737481031866465,0.0,0.0,0.0,0.0,0.0,0.0,Non-malignant disease,
GSE145927_Bx45C,0.0,0.49321266968325794,0.4796380090497738,0.0,0.027149321266968326,0.0,0.0,0.0,Non-malignant disease,
GSE145927_Bx39B,0.0,0.42857142857142855,0.5714285714285714,0.0,0.0,0.0,0.0,0.0,Non-malignant disease,
GSE180544_MSG11,0.21978021978021978,0.5677655677655677,0.21245421245421245,0.0,0.0,0.0,0.0,0.0,Control,
GSE131778_rca2-1,0.41708542713567837,0.11055276381909548,0.0,0.0,0.4723618090452261,0.0,0.0,0.0,Non-malignant disease,
GSE181316_skin_7_scRNA_4,0.26217228464419473,0.6779026217228464,0.0149812734082397,0.0,0.0449438202247191,0.0,0.0,0.0,Control,
GSE153947_Cr2,0.03485254691689008,0.8900804289544236,0.045576407506702415,0.0,0.029490616621983913,0.0,0.0,0.0,Non-malignant disease,
GSE132771_F1W,0.32989690721649484,0.4896907216494845,0.061855670103092786,0.0,0.005154639175257732,0.08762886597938144,0.0,0.02577319587628866,Non-malignant disease,
GSE176417_Sc_skin3,0.2546816479400749,0.7453183520599251,0.0,0.0,0.0,0.0,0.0,0.0,Control,
GSE183219_HSA_JGR_532ST_G,0.05555555555555555,0.5740740740740741,0.07407407407407407,0.0,0.05555555555555555,0.24074074074074073,0.0,0.0,Cancer_Tumor,NSCLC
GSE181957_SC184,0.20776255707762556,0.5068493150684932,0.04337899543378995,0.0,0.2420091324200913,0.0,0.0,0.0,Non-malignant disease,
GSE183219_HSA_JGR_536ST_G,0.015384615384615385,0.36923076923076925,0.046153846153846156,0.0,0.23076923076923078,0.3384615384615385,0.0,0.0,Cancer_Tumor,NSCLC
GSE155683_G170019300257T_Adult_Cornea,0.3706896551724138,0.4396551724137931,0.0,0.0,0.1896551724137931,0.0,0.0,0.0,Control,
GSE178481_RCC-PR5-T2,0.0,0.13878326996197718,0.8403041825095057,0.005703422053231939,0.015209125475285171,0.0,0.0,0.0,Cancer_Tumor,RCC
GSE172225_192566SKL_GEX_HHT,0.56575682382134,0.40198511166253104,0.0,0.0,0.03225806451612903,0.0,0.0,0.0,Non-malignant disease,
GSE164241_BM157,0.04798464491362764,0.9213051823416507,0.030710172744721688,0.0,0.0,0.0,0.0,0.0,Control,
GSE162122_061919Myometrium_GEXL,0.0196078431372549,0.29411764705882354,0.0196078431372549,0.0,0.6666666666666666,0.0,0.0,0.0,Control,
GSE143704_Sample_84099_HMYWJBGX7_hu_092618,0.0,0.18423855165069222,0.8157614483493077,0.0,0.0,0.0,0.0,0.0,Control,
GSE175817_D408A,0.3580858085808581,0.5907590759075908,0.013201320132013201,0.01485148514851485,0.0231023102310231,0.0,0.0,0.0,Non-malignant disease,
GSE161267_Pulp5,0.01556420233463035,0.27626459143968873,0.708171206225681,0.0,0.0,0.0,0.0,0.0,Control,
GSE199515_APD_M,0.5160349854227405,0.40233236151603496,0.05830903790087463,0.0,0.0,0.0,0.023323615160349854,0.0,Cancer_Tumor,BRCA
GSE132802_Skin_Dress1,0.5051020408163265,0.43112244897959184,0.02040816326530612,0.04336734693877551,0.0,0.0,0.0,0.0,Non-malignant disease,
GSE169657_h61AP-GEX,0.15,0.35625,0.025,0.1125,0.0,0.0,0.35625,0.0,Cancer_Tumor,BRCA
GSE175817_D406A,0.38509316770186336,0.4720496894409938,0.11180124223602485,0.0,0.031055900621118012,0.0,0.0,0.0,Non-malignant disease,
GSE173252_dd1B,0.4430379746835443,0.5411392405063291,0.012658227848101266,0.0,0.0031645569620253164,0.0,0.0,0.0,Non-malignant disease,
GSE183219_HSA_JGR_HS190415T_G,0.2878228782287823,0.09225092250922509,0.0,0.0,0.15129151291512916,0.2730627306273063,0.0,0.19557195571955718,Cancer_Tumor,NSCLC
GSE164241_GM136,0.028846153846153848,0.7596153846153846,0.08653846153846154,0.09615384615384616,0.0,0.0,0.028846153846153848,0.0,Control,
GSE178481_RCC-PR2-N,0.0,0.9789473684210527,0.021052631578947368,0.0,0.0,0.0,0.0,0.0,Cancer_AdjNorm,RCC
GSE136103_healthy2_cd45-_1,0.02254428341384863,0.9774557165861514,0.0,0.0,0.0,0.0,0.0,0.0,Control,
GSE172225_192564SKL_GEX_HHT,0.4087301587301587,0.4365079365079365,0.1388888888888889,0.0,0.0,0.0,0.015873015873015872,0.0,Non-malignant disease,
GSE199515_APD_Triple,0.0,0.1,0.4888888888888889,0.06666666666666667,0.0,0.0,0.34444444444444444,0.0,Cancer_Tumor,BRCA
GSE172225_192565SKL_GEX_HHT,0.16176470588235295,0.47794117647058826,0.20955882352941177,0.11764705882352941,0.0,0.0,0.03308823529411765,0.0,Non-malignant disease,
GSE180878_PM_A,0.40853658536585363,0.5548780487804879,0.036585365853658534,0.0,0.0,0.0,0.0,0.0,Control,
GSE181919_N46,0.0,0.7843137254901961,0.0,0.0,0.21568627450980393,0.0,0.0,0.0,Cancer_AdjNorm,HNSCC
GSE181957_SC202,0.18421052631578946,0.5350877192982456,0.11403508771929824,0.0,0.16666666666666666,0.0,0.0,0.0,Non-malignant disease,
GSE158692_20G00953_Metastase_TN,0.020761245674740483,0.49480968858131485,0.09688581314878893,0.3494809688581315,0.03806228373702422,0.0,0.0,0.0,Cancer_Metastasis,CRC
GSE175817_D408H2,0.5,0.4300847457627119,0.06991525423728813,0.0,0.0,0.0,0.0,0.0,Non-malignant disease,
GSE183219_HSA_JGR_514ST_G,0.11764705882352941,0.38823529411764707,0.0,0.11764705882352941,0.011764705882352941,0.36470588235294116,0.0,0.0,Cancer_Tumor,NSCLC
GSE181957_SC169,0.27391304347826084,0.6652173913043479,0.02608695652173913,0.0,0.034782608695652174,0.0,0.0,0.0,Non-malignant disease,
GSE169062_15494X2,0.03319502074688797,0.9045643153526971,0.06224066390041494,0.0,0.0,0.0,0.0,0.0,Non-malignant disease,
GSE131778_rca2-2,0.36363636363636365,0.16477272727272727,0.0,0.0,0.4715909090909091,0.0,0.0,0.0,Non-malignant disease,
GSE164241_PD164b,0.0625,0.578125,0.0703125,0.171875,0.0,0.0,0.1171875,0.0,Non-malignant disease,
GSE111976_endo_57,0.3316831683168317,0.29207920792079206,0.30198019801980197,0.07425742574257425,0.0,0.0,0.0,0.0,Control,
GSE183219_HSA_JGR_714SN_G,0.10144927536231885,0.7391304347826086,0.0,0.0,0.11594202898550725,0.043478260869565216,0.0,0.0,Cancer_AdjNorm,NSCLC
GSE178481_RCC-PR3-T3,0.0,0.03618421052631579,0.9638157894736842,0.0,0.0,0.0,0.0,0.0,Cancer_Tumor,RCC
GSE162167_human_10X,0.0,0.0,0.0,0.0,1.0,0.0,0.0,0.0,Control,
GSE173252_dd3,0.3344262295081967,0.6213114754098361,0.021311475409836064,0.022950819672131147,0.0,0.0,0.0,0.0,Non-malignant disease,
GSE194129_U1,0.0,1.0,0.0,0.0,0.0,0.0,0.0,0.0,Control,
GSE143704_Sample_103478_HVGTNBGXB_hu_062419,0.022058823529411766,0.4411764705882353,0.5367647058823529,0.0,0.0,0.0,0.0,0.0,Control,
GSE128892_Hu_Tm-Fib,0.27323943661971833,0.6873239436619718,0.03943661971830986,0.0,0.0,0.0,0.0,0.0,Control,
GSE181919_P17,0.21875,0.775,0.00625,0.0,0.0,0.0,0.0,0.0,Cancer_Tumor,Leukoplakia
GSE132771_F3W,0.3567567567567568,0.5513513513513514,0.043243243243243246,0.0,0.0,0.010810810810810811,0.03783783783783784,0.0,Non-malignant disease,
GSE128066_SC68,0.08849557522123894,0.6858407079646017,0.0,0.0,0.22566371681415928,0.0,0.0,0.0,Control,
GSE158970_Polydactyly_02,0.35984848484848486,0.5113636363636364,0.12878787878787878,0.0,0.0,0.0,0.0,0.0,Non-malignant disease,
GSE132771_N1L,0.2539912917271408,0.38243831640058057,0.005805515239477504,0.0,0.08563134978229318,0.27213352685050796,0.0,0.0,Control,
GSE164241_BM169,0.27440633245382584,0.7255936675461742,0.0,0.0,0.0,0.0,0.0,0.0,Control,
GSE181957_SC237,0.07352941176470588,0.6970588235294117,0.0,0.0,0.22941176470588234,0.0,0.0,0.0,Non-malignant disease,
GSE155468_10x_RPP_TAA_7,0.05750407830342578,0.12479608482871125,0.0,0.0,0.817699836867863,0.0,0.0,0.0,Non-malignant disease,
GSE136103_cirrhotic1_cd45-B,0.07407407407407407,0.9111111111111111,0.014814814814814815,0.0,0.0,0.0,0.0,0.0,Non-malignant disease,
GSE180878_PM_B,0.24503311258278146,0.6821192052980133,0.0728476821192053,0.0,0.0,0.0,0.0,0.0,Control,
GSE161153_P14601_5005,0.11920529801324503,0.17880794701986755,0.5033112582781457,0.004415011037527594,0.19426048565121412,0.0,0.0,0.0,Non-malignant disease,
GSE181316_skin_7_scRNA_1,0.19421487603305784,0.7520661157024794,0.0,0.0,0.05371900826446281,0.0,0.0,0.0,Control,
GSE155683_G170019300246Z_Cornea,0.3131868131868132,0.6758241758241759,0.01098901098901099,0.0,0.0,0.0,0.0,0.0,Control,
GSE171381_CNTRL_3__villi__HCR,0.01276595744680851,0.31063829787234043,0.1148936170212766,0.0,0.0,0.5617021276595745,0.0,0.0,Control,
GSE181297_Keloid1,0.7200211304807185,0.11780243000528262,0.0,0.16217643951399893,0.0,0.0,0.0,0.0,Non-malignant disease,
GSE158924_scGA1__HHT,0.49444444444444446,0.38333333333333336,0.08333333333333333,0.0,0.0,0.0,0.03888888888888889,0.0,Non-malignant disease,
GSE130646_muscle2V1,0.0,0.47297297297297297,0.527027027027027,0.0,0.0,0.0,0.0,0.0,Control,
GSE180878_PM_G,0.524390243902439,0.47560975609756095,0.0,0.0,0.0,0.0,0.0,0.0,Control,
GSE181957_SC164,0.20714285714285716,0.6071428571428571,0.0,0.0,0.18571428571428572,0.0,0.0,0.0,Non-malignant disease,
GSE141526_BCC2,0.7695852534562212,0.10599078341013825,0.0,0.12442396313364056,0.0,0.0,0.0,0.0,Cancer_Tumor,BCC
GSE164241_GM183,0.08666666666666667,0.8533333333333334,0.013333333333333334,0.0,0.0,0.0,0.04666666666666667,0.0,Control,
GSE182786_18369X1_201002_A00421_0246_AHKMLGDSXY,0.08450704225352113,0.5821596244131455,0.3333333333333333,0.0,0.0,0.0,0.0,0.0,Control,
GSE161266_Perio4,0.088,0.44,0.048,0.344,0.0,0.0,0.08,0.0,Control,
GSE180878_PM_D,0.17034700315457413,0.8296529968454258,0.0,0.0,0.0,0.0,0.0,0.0,Control,
GSE143704_Sample_87378_HH3Y5BGX9_hu_111418,0.05343511450381679,0.45648854961832064,0.467175572519084,0.0,0.022900763358778626,0.0,0.0,0.0,Control,
GSE173252_sf3,0.14432989690721648,0.8556701030927835,0.0,0.0,0.0,0.0,0.0,0.0,Control,
GSE182208_SC_NS-6,0.24207011686143573,0.7445742904841403,0.0,0.0,0.01335559265442404,0.0,0.0,0.0,Control,
GSE172225_192567SKN_GEX_HHT,0.5548902195608783,0.4311377245508982,0.0,0.0,0.013972055888223553,0.0,0.0,0.0,Control,
GSE201348_B004-A-204,0.0,0.4807692307692308,0.0,0.0,0.5192307692307693,0.0,0.0,0.0,Control,
GSE171381_CNTRL_1__decidua__HCR,0.8,0.0,0.2,0.0,0.0,0.0,0.0,0.0,Control,
GSE182208_SC_NS-5,0.21893491124260356,0.7810650887573964,0.0,0.0,0.0,0.0,0.0,0.0,Non-malignant disease,
GSE132771_F5L,0.5529290853031861,0.2846865364850976,0.0,0.0,0.03494347379239465,0.12744090441932168,0.0,0.0,Non-malignant disease,
GSE146123_human_germ_molar_apical_papilla_female_15yo,0.0643312101910828,0.6745222929936305,0.2611464968152866,0.0,0.0,0.0,0.0,0.0,Control,
GSE181316_scar_1_scRNA,0.43373493975903615,0.5301204819277109,0.0,0.0,0.03614457831325301,0.0,0.0,0.0,Non-malignant disease,
GSE132771_F6W,0.419284940411701,0.4485373781148429,0.0628385698808234,0.0,0.03683640303358613,0.032502708559046585,0.0,0.0,Non-malignant disease,
GSE128066_SC124,0.3264150943396226,0.5226415094339623,0.0,0.0,0.1509433962264151,0.0,0.0,0.0,Control,
GSE111976_endo_58,0.2641509433962264,0.6037735849056604,0.011320754716981131,0.12075471698113208,0.0,0.0,0.0,0.0,Control,
GSE145927_Bx39D,0.014285714285714285,0.5071428571428571,0.4785714285714286,0.0,0.0,0.0,0.0,0.0,Non-malignant disease,
GSE140393_441_Sample19619_11_9_2018,0.0,0.9186991869918699,0.08130081300813008,0.0,0.0,0.0,0.0,0.0,Non-malignant disease,
GSE159677_02dat20190620tisCARconDIS,0.10755813953488372,0.2131782945736434,0.09205426356589147,0.0,0.5872093023255814,0.0,0.0,0.0,Non-malignant disease,
GSE180878_RM_C,0.22321428571428573,0.7767857142857143,0.0,0.0,0.0,0.0,0.0,0.0,Control,
GSE161267_Pulp1,0.0,0.3639705882352941,0.6360294117647058,0.0,0.0,0.0,0.0,0.0,Control,
GSE178481_ID_BM9-P-N,0.0,0.8528678304239401,0.14713216957605985,0.0,0.0,0.0,0.0,0.0,Cancer_AdjNorm,RCC
GSE182786_18328X1_201002_A00421_0246_AHKMLGDSXY,0.11055276381909548,0.7487437185929648,0.12562814070351758,0.0,0.01507537688442211,0.0,0.0,0.0,Control,
GSE128889_Human,0.2535211267605634,0.09859154929577464,0.647887323943662,0.0,0.0,0.0,0.0,0.0,Control,
GSE145927_Bx45D,0.0,0.5229357798165137,0.4724770642201835,0.0,0.0,0.0,0.0045871559633027525,0.0,Non-malignant disease,
GSE136103_cirrhotic3_cd45plus_3,0.05504587155963303,0.8440366972477065,0.10091743119266056,0.0,0.0,0.0,0.0,0.0,Non-malignant disease,
GSE180544_MSG15,0.031914893617021274,0.8297872340425532,0.13829787234042554,0.0,0.0,0.0,0.0,0.0,Control,
GSE178481_RCC-PR9-N,0.0169971671388102,0.9008498583569405,0.0821529745042493,0.0,0.0,0.0,0.0,0.0,Cancer_AdjNorm,RCC
GSE161267_Pulp4,0.040697674418604654,0.05813953488372093,0.9011627906976745,0.0,0.0,0.0,0.0,0.0,Control,
GSE183219_HSA_JGR_574SN_G,0.04487179487179487,0.12179487179487179,0.01282051282051282,0.0,0.0,0.8205128205128205,0.0,0.0,Cancer_AdjNorm,NSCLC
GSE176417_Sc_skin2,0.32768924302788843,0.6723107569721115,0.0,0.0,0.0,0.0,0.0,0.0,Control,
GSE169062_15494X1,0.021505376344086023,0.9032258064516129,0.07526881720430108,0.0,0.0,0.0,0.0,0.0,Non-malignant disease,
GSE176417_Sc_skin1,0.2422145328719723,0.7577854671280276,0.0,0.0,0.0,0.0,0.0,0.0,Control,
GSE132771_N1W,0.1895424836601307,0.5424836601307189,0.013071895424836602,0.0,0.05228758169934641,0.20261437908496732,0.0,0.0,Control,
GSE168933_HEALTHY1_LIB037231,0.046153846153846156,0.8769230769230769,0.07692307692307693,0.0,0.0,0.0,0.0,0.0,Control,
GSE183219_HSA_JGR_800TS_0_G,0.01639344262295082,0.7759562841530054,0.0546448087431694,0.0,0.14754098360655737,0.0,0.00546448087431694,0.0,Cancer_Tumor,NSCLC
GSE155468_10x_RPP_Con_4,0.07524649714582252,0.2428645563051375,0.0,0.0,0.68188894654904,0.0,0.0,0.0,Control,
GSE176417_Sc_W1,0.3807615230460922,0.0,0.0,0.6192384769539078,0.0,0.0,0.0,0.0,Non-malignant disease,
GSE178481_RCC-PR2-T,0.0,0.02240325865580448,0.9775967413441955,0.0,0.0,0.0,0.0,0.0,Cancer_Tumor,RCC
GSE180544_MSG18,0.13872832369942195,0.630057803468208,0.23121387283236994,0.0,0.0,0.0,0.0,0.0,Control,
GSE181957_SC212,0.04964539007092199,0.8014184397163121,0.03546099290780142,0.0,0.11347517730496454,0.0,0.0,0.0,Non-malignant disease,
GSE181957_SC226,0.20270270270270271,0.6824324324324325,0.0472972972972973,0.0,0.06756756756756757,0.0,0.0,0.0,Non-malignant disease,
GSE164241_GM283,0.033210332103321034,0.8966789667896679,0.02952029520295203,0.01107011070110701,0.0,0.0,0.02952029520295203,0.0,Control,
GSE181919_P15,0.11504424778761062,0.13274336283185842,0.07964601769911504,0.21238938053097345,0.0,0.0,0.46017699115044247,0.0,Cancer_Tumor,Leukoplakia
GSE178481_RCC-PR9-T2,0.0,0.0,1.0,0.0,0.0,0.0,0.0,0.0,Cancer_Tumor,RCC
GSE160756_h-NP-1,0.5127569099929128,0.44755492558469173,0.0,0.039688164422395464,0.0,0.0,0.0,0.0,Control,
GSE183219_HSA_JGR_HS190415N_G,0.3274336283185841,0.10619469026548672,0.0,0.0,0.0,0.5663716814159292,0.0,0.0,Cancer_AdjNorm,NSCLC
GSE146123_human_molar_healthy_2,0.032,0.44,0.528,0.0,0.0,0.0,0.0,0.0,Control,
GSE181316_scar_2_scRNA,0.1851063829787234,0.8148936170212766,0.0,0.0,0.0,0.0,0.0,0.0,Non-malignant disease,
GSE164241_BM165,0.07801418439716312,0.9219858156028369,0.0,0.0,0.0,0.0,0.0,0.0,Control,
GSE132771_F4L,0.5984810126582278,0.29468354430379745,0.0410126582278481,0.0,0.034936708860759495,0.030886075949367087,0.0,0.0,Non-malignant disease,
GSE164241_BM150,0.0821917808219178,0.910958904109589,0.00684931506849315,0.0,0.0,0.0,0.0,0.0,Control,
GSE164241_PD153,0.18243243243243243,0.21621621621621623,0.06756756756756757,0.4797297297297297,0.0,0.0,0.05405405405405406,0.0,Non-malignant disease,
GSE181316_keloid_1_scRNA,0.5225806451612903,0.4774193548387097,0.0,0.0,0.0,0.0,0.0,0.0,Non-malignant disease,
GSE183219_HSA_JGR_553ST_G,0.10513447432762836,0.04156479217603912,0.06845965770171149,0.2567237163814181,0.21026894865525672,0.30073349633251834,0.017114914425427872,0.0,Cancer_Tumor,NSCLC
GSE155512_RPE006,0.0,0.03645200486026731,0.02551640340218712,0.0,0.9380315917375456,0.0,0.0,0.0,Non-malignant disease,
GSE160756_h-CEP-1qing,0.12121212121212122,0.8585858585858586,0.020202020202020204,0.0,0.0,0.0,0.0,0.0,Control,
GSE164241_GM144,0.06993006993006994,0.7832167832167832,0.06293706293706294,0.08391608391608392,0.0,0.0,0.0,0.0,Control,
GSE160536_SC267,0.248868778280543,0.7239819004524887,0.0,0.0,0.027149321266968326,0.0,0.0,0.0,Non-malignant disease,
GSE160756_h-CEP-1zhong,0.0,0.9018087855297158,0.09819121447028424,0.0,0.0,0.0,0.0,0.0,Control,
GSE180878_PM_E,0.22058823529411764,0.7058823529411765,0.07352941176470588,0.0,0.0,0.0,0.0,0.0,Control,
GSE201348_B001-A-401,0.010101010101010102,0.2222222222222222,0.04040404040404041,0.0,0.7272727272727273,0.0,0.0,0.0,Control,
GSE183219_HSA_JGR_571SN_G,0.017811704834605598,0.19592875318066158,0.02544529262086514,0.0,0.002544529262086514,0.7582697201017812,0.0,0.0,Cancer_AdjNorm,NSCLC
GSE132771_N2L,0.12112932604735883,0.48633879781420764,0.0,0.0,0.11475409836065574,0.2777777777777778,0.0,0.0,Control,
GSE161153_P13104_7006,0.0,0.16455696202531644,0.7236286919831224,0.0,0.11181434599156118,0.0,0.0,0.0,Non-malignant disease,
GSE143704_Sample_105052_H3HWCBGXC_hu_080619,0.4725274725274725,0.4725274725274725,0.01098901098901099,0.0,0.04395604395604396,0.0,0.0,0.0,Control,
GSE164241_GM148,0.02413793103448276,0.5758620689655173,0.12758620689655173,0.2413793103448276,0.0,0.0,0.03103448275862069,0.0,Control,
GSE164241_BM152,0.06315789473684211,0.9368421052631579,0.0,0.0,0.0,0.0,0.0,0.0,Control,
GSE132771_N3L,0.32806324110671936,0.15612648221343872,0.0,0.0,0.2766798418972332,0.2391304347826087,0.0,0.0,Control,
GSE178481_RCC-PR4-T,0.0,0.017326732673267328,0.9826732673267327,0.0,0.0,0.0,0.0,0.0,Cancer_Tumor,RCC
GSE160536_SC268,0.12875536480686695,0.871244635193133,0.0,0.0,0.0,0.0,0.0,0.0,Non-malignant disease,
GSE171381_CNTRL_3__decidua__HCR,0.7130434782608696,0.0,0.28695652173913044,0.0,0.0,0.0,0.0,0.0,Control,
GSE181957_SC160,0.5436893203883495,0.36893203883495146,0.02912621359223301,0.0,0.05825242718446602,0.0,0.0,0.0,Non-malignant disease,
GSE167494_D13,0.021739130434782608,0.6847826086956522,0.16304347826086957,0.0,0.13043478260869565,0.0,0.0,0.0,Non-malignant disease,
GSE180878_PM_C,0.32894736842105265,0.631578947368421,0.039473684210526314,0.0,0.0,0.0,0.0,0.0,Control,
GSE158924_scGA2_HHT,0.524390243902439,0.43902439024390244,0.036585365853658534,0.0,0.0,0.0,0.0,0.0,Non-malignant disease,
GSE160756_h-AF-1qing,0.07,0.82,0.11,0.0,0.0,0.0,0.0,0.0,Control,
GSE130646_muscle1V2,0.020833333333333332,0.5520833333333334,0.4270833333333333,0.0,0.0,0.0,0.0,0.0,Control,
GSE159677_01dat20190515tisCARconHEL,0.03308823529411765,0.22916666666666666,0.0,0.0,0.7377450980392157,0.0,0.0,0.0,Non-malignant disease,
GSE202374_RS-03378686_C23_RS-03377705,0.0,0.125,0.8409090909090909,0.03409090909090909,0.0,0.0,0.0,0.0,Cancer_Tumor,RCC
GSE175817_D407A,0.6532258064516129,0.2661290322580645,0.0,0.08064516129032258,0.0,0.0,0.0,0.0,Non-malignant disease,
GSE136103_healthy3_cd45-A,0.0,1.0,0.0,0.0,0.0,0.0,0.0,0.0,Control,
GSE155468_10x_RPP_TAA_3,0.024630541871921183,0.2413793103448276,0.0,0.0,0.7339901477832512,0.0,0.0,0.0,Non-malignant disease,
GSE183852_TWCM-H3,0.02817974105102818,0.19573495811119573,0.776085300837776,0.0,0.0,0.0,0.0,0.0,Non-malignant disease,
GSE129845_190,0.23728813559322035,0.0847457627118644,0.5423728813559322,0.0,0.13559322033898305,0.0,0.0,0.0,Non-malignant disease,
GSE181919_N21,0.10975609756097561,0.6829268292682927,0.0,0.0,0.2073170731707317,0.0,0.0,0.0,Cancer_AdjNorm,HNSCC
GSE145927_Bx39C,0.009523809523809525,0.4785714285714286,0.4928571428571429,0.0,0.01904761904761905,0.0,0.0,0.0,Non-malignant disease,
GSE183219_HSA_JGR_532SN_G,0.08928571428571429,0.35714285714285715,0.05357142857142857,0.0,0.14285714285714285,0.35714285714285715,0.0,0.0,Cancer_AdjNorm,NSCLC
GSE178481_RCC-PR4-N,0.038461538461538464,0.8846153846153846,0.07692307692307693,0.0,0.0,0.0,0.0,0.0,Cancer_AdjNorm,RCC
GSE164690_HN11_CD45n,0.05649717514124294,0.3389830508474576,0.1694915254237288,0.4350282485875706,0.0,0.0,0.0,0.0,Cancer_Tumor,HNSCC
GSE153947_N3,0.008547008547008548,0.8717948717948718,0.11965811965811966,0.0,0.0,0.0,0.0,0.0,Control,
GSE181957_SC224,0.2880658436213992,0.6049382716049383,0.04526748971193416,0.0,0.06172839506172839,0.0,0.0,0.0,Non-malignant disease,
GSE202374_RS-03378685_C1_RS-03377704,0.0,0.018018018018018018,0.9819819819819819,0.0,0.0,0.0,0.0,0.0,Cancer_Tumor,RCC
GSE155468_10x_RPP_TAA_4,0.046224961479198766,0.12942989214175654,0.0061633281972265025,0.0,0.8181818181818182,0.0,0.0,0.0,Non-malignant disease,
GSE173252_dd1C,0.4281183932346723,0.5539112050739958,0.017970401691331923,0.0,0.0,0.0,0.0,0.0,Non-malignant disease,
GSE155512_RPE005,0.00975177304964539,0.06294326241134751,0.022163120567375887,0.0,0.9051418439716312,0.0,0.0,0.0,Non-malignant disease,
GSE183219_HSA_JGR_714ST_G,0.028735632183908046,0.6781609195402298,0.11494252873563218,0.0,0.1781609195402299,0.0,0.0,0.0,Cancer_Tumor,NSCLC
GSE176417_Sc_W3,0.391304347826087,0.47157190635451507,0.07357859531772576,0.05518394648829431,0.008361204013377926,0.0,0.0,0.0,Non-malignant disease,
GSE169147_SAR2_HHT,0.34418604651162793,0.5581395348837209,0.03255813953488372,0.05116279069767442,0.0,0.0,0.013953488372093023,0.0,Non-malignant disease,
GSE140393_172_Epilepsy_specimen_14431,0.0627177700348432,0.8501742160278746,0.08710801393728224,0.0,0.0,0.0,0.0,0.0,Non-malignant disease,
GSE183219_HSA_JGR_522ST_G,0.0,0.1989247311827957,0.005376344086021506,0.521505376344086,0.16129032258064516,0.10215053763440861,0.010752688172043012,0.0,Cancer_Tumor,NSCLC
GSE182208_SC_NS-4,0.43591905564924116,0.5362563237774031,0.0,0.0,0.02782462057335582,0.0,0.0,0.0,Non-malignant disease,
GSE162122_Myometrium-55_11564_GEXL,0.09523809523809523,0.8650793650793651,0.0,0.0,0.03968253968253968,0.0,0.0,0.0,Control,
GSE156776_A04,0.10666666666666667,0.08,0.8133333333333334,0.0,0.0,0.0,0.0,0.0,Non-malignant disease,
GSE131778_rca1-1,0.24528301886792453,0.46226415094339623,0.0,0.0,0.29245283018867924,0.0,0.0,0.0,Non-malignant disease,
GSE136103_healthy2_cd45-_2,0.02711323763955343,0.9728867623604466,0.0,0.0,0.0,0.0,0.0,0.0,Control,
GSE164241_GM143,0.02,0.92,0.0,0.06,0.0,0.0,0.0,0.0,Control,
GSE178481_RCC-PR3-T2,0.0,0.0,1.0,0.0,0.0,0.0,0.0,0.0,Cancer_Tumor,RCC
GSE164241_PD164,0.04838709677419355,0.3655913978494624,0.11290322580645161,0.1935483870967742,0.0,0.0,0.27956989247311825,0.0,Non-malignant disease,
GSE180878_RM_B,0.13953488372093023,0.8604651162790697,0.0,0.0,0.0,0.0,0.0,0.0,Control,
GSE132802_SKIN_HV4,0.21745152354570638,0.7825484764542936,0.0,0.0,0.0,0.0,0.0,0.0,Control,
GSE143704_Sample_87380_HH3NGBGX9_hu_120518,0.10875331564986737,0.7374005305039788,0.13793103448275862,0.0,0.015915119363395226,0.0,0.0,0.0,Control,
GSE183031_HC02,0.10182767624020887,0.8616187989556136,0.0,0.0,0.03655352480417755,0.0,0.0,0.0,Control,
GSE155468_10x_RPP_TAA_8,0.008955223880597015,0.20597014925373133,0.06567164179104477,0.0,0.7194029850746269,0.0,0.0,0.0,Non-malignant disease,
GSE131778_rca3-1,0.33109619686800895,0.2751677852348993,0.0,0.0,0.39373601789709173,0.0,0.0,0.0,Non-malignant disease,
GSE153534_g131_mfs_root,0.056647398843930635,0.04393063583815029,0.012716763005780347,0.0,0.8867052023121387,0.0,0.0,0.0,Non-malignant disease,
GSE155683_3-1C,0.13675213675213677,0.7008547008547008,0.0,0.0,0.1623931623931624,0.0,0.0,0.0,Non-malignant disease,
GSE158692_19G02977_Big_TN,0.048834628190899,0.7780244173140954,0.05327413984461709,0.10210876803551609,0.01220865704772475,0.0,0.005549389567147614,0.0,Cancer_Metastasis,CRC
GSE156905_Human_Colon_5035,0.0,0.00975609756097561,0.0024390243902439024,0.0,0.9878048780487805,0.0,0.0,0.0,Non-malignant disease,
GSE201348_B004-A-004,0.0,0.02131782945736434,0.0,0.0,0.9786821705426356,0.0,0.0,0.0,Control,
GSE181316_skin_7_scRNA_2,0.23949579831932774,0.7226890756302521,0.0,0.0,0.037815126050420166,0.0,0.0,0.0,Control,
GSE164241_GM241,0.042704626334519574,0.9039145907473309,0.05338078291814947,0.0,0.0,0.0,0.0,0.0,Control,
GSE164241_BM156,0.0,0.906832298136646,0.09316770186335403,0.0,0.0,0.0,0.0,0.0,Control,
GSE184950_A18,0.0,0.43548387096774194,0.5645161290322581,0.0,0.0,0.0,0.0,0.0,Non-malignant disease,
GSE178481_RCC-PR5-N,0.03125,0.94375,0.025,0.0,0.0,0.0,0.0,0.0,Cancer_AdjNorm,RCC
GSE169147_SAR3_HHT,0.3,0.68125,0.01875,0.0,0.0,0.0,0.0,0.0,Non-malignant disease,
GSE164241_GM242,0.02459016393442623,0.9098360655737705,0.06147540983606557,0.0,0.0,0.0,0.004098360655737705,0.0,Control,
GSE178481_RCC-PR3-N,0.0,1.0,0.0,0.0,0.0,0.0,0.0,0.0,Cancer_AdjNorm,RCC
GSE164241_PD170,0.0625,0.2638888888888889,0.013888888888888888,0.5347222222222222,0.0,0.0,0.125,0.0,Non-malignant disease,
GSE145927_Bx39A,0.0,0.4330097087378641,0.566990291262136,0.0,0.0,0.0,0.0,0.0,Non-malignant disease,
GSE156776_D1,0.20388349514563106,0.5631067961165048,0.1262135922330097,0.0,0.10679611650485436,0.0,0.0,0.0,Control,
GSE184950_A29,0.0,0.8266666666666667,0.16,0.0,0.013333333333333334,0.0,0.0,0.0,Non-malignant disease,
GSE201348_B001-A-501,0.0,0.04451772464962902,0.0,0.0,0.955482275350371,0.0,0.0,0.0,Control,
GSE173252_sf2,0.19466666666666665,0.8053333333333333,0.0,0.0,0.0,0.0,0.0,0.0,Control,
GSE173252_dermis2,0.2222222222222222,0.7688888888888888,0.008888888888888889,0.0,0.0,0.0,0.0,0.0,Control,
GSE178481_SCG_RCC-BM2-P-N,0.0,0.9603960396039604,0.0,0.0,0.039603960396039604,0.0,0.0,0.0,Cancer_AdjNorm,RCC
GSE160536_SC272,0.723404255319149,0.23708206686930092,0.03951367781155015,0.0,0.0,0.0,0.0,0.0,Non-malignant disease,
GSE132802_SKIN_HV1_F1,0.26288659793814434,0.6597938144329897,0.061855670103092786,0.0,0.015463917525773196,0.0,0.0,0.0,Control,
GSE156905_Human_Colon_5054,0.019704433497536946,0.029556650246305417,0.0,0.0,0.9507389162561576,0.0,0.0,0.0,Non-malignant disease,
GSE111976_endo_20,0.23255813953488372,0.7093023255813954,0.05813953488372093,0.0,0.0,0.0,0.0,0.0,Control,
GSE181957_SC247,0.21965317919075145,0.6242774566473989,0.0,0.0,0.15606936416184972,0.0,0.0,0.0,Non-malignant disease,
GSE173252_dd1D,0.4398296059637913,0.556975505857295,0.0,0.0,0.003194888178913738,0.0,0.0,0.0,Non-malignant disease,
GSE178481_ID_BM9-P-T,0.021897810218978103,0.08759124087591241,0.8759124087591241,0.0,0.014598540145985401,0.0,0.0,0.0,Cancer_Tumor,RCC
GSE180678_IschemicTissue,0.05757575757575758,0.5333333333333333,0.4090909090909091,0.0,0.0,0.0,0.0,0.0,Non-malignant disease,
GSE156776_H1,0.5120481927710844,0.2710843373493976,0.21686746987951808,0.0,0.0,0.0,0.0,0.0,Control,
GSE168933_NASH2_LIB037230,0.0,0.9154929577464789,0.08450704225352113,0.0,0.0,0.0,0.0,0.0,Non-malignant disease,
GSE136103_healthy3_cd45-B,0.011594202898550725,0.9884057971014493,0.0,0.0,0.0,0.0,0.0,0.0,Control,
GSE178481_RCC-PR9-T,0.0,0.0,1.0,0.0,0.0,0.0,0.0,0.0,Cancer_Tumor,RCC
GSE132802_SKIN_HV3,0.6828675577156743,0.31713244228432563,0.0,0.0,0.0,0.0,0.0,0.0,Control,
GSE183219_HSA_JGR_458ST_G,0.06097560975609756,0.23780487804878048,0.0,0.0,0.054878048780487805,0.3231707317073171,0.0,0.3231707317073171,Cancer_Tumor,NSCLC
GSE164241_GM289,0.13636363636363635,0.75,0.03409090909090909,0.07954545454545454,0.0,0.0,0.0,0.0,Control,
GSE181919_N43,0.0,0.966183574879227,0.0,0.0,0.033816425120772944,0.0,0.0,0.0,Cancer_AdjNorm,HNSCC
GSE164241_GM238,0.029850746268656716,0.9488272921108742,0.006396588486140725,0.014925373134328358,0.0,0.0,0.0,0.0,Control,
GSE159677_01dat20190620tisCARconHEA,0.09574468085106383,0.7142857142857143,0.0182370820668693,0.0,0.1717325227963526,0.0,0.0,0.0,Non-malignant disease,
GSE178481_SCG_RCC-BM2-P-T2,0.0,0.0,0.603448275862069,0.39655172413793105,0.0,0.0,0.0,0.0,Cancer_Tumor,RCC
GSE156905_Human_Colon_4701,0.0,0.08292682926829269,0.0,0.0,0.9170731707317074,0.0,0.0,0.0,Cancer_AdjNorm,CRC
GSE155468_10x_Con_9,0.0,0.04233111046680197,0.0,0.0,0.9576688895331981,0.0,0.0,0.0,Control,
GSE184111_U1,0.0,1.0,0.0,0.0,0.0,0.0,0.0,0.0,Control,
GSE157376_Normal1_Epcam_N,0.13580246913580246,0.35802469135802467,0.0,0.0,0.1728395061728395,0.3333333333333333,0.0,0.0,Control,
GSE168933_HEALTHY2_LIB037232,0.0,0.9,0.1,0.0,0.0,0.0,0.0,0.0,Control,
GSE183219_HSA_JGR_574ST_G,0.215311004784689,0.0,0.05741626794258373,0.16267942583732056,0.18181818181818182,0.2727272727272727,0.11004784688995216,0.0,Cancer_Tumor,NSCLC
GSE164690_HN07_CD45n,0.05859375,0.0,0.0,0.875,0.0,0.0,0.06640625,0.0,Cancer_Tumor,HNSCC
GSE136103_cirrhotic3_cd45plus_4,0.0,0.8392857142857143,0.16071428571428573,0.0,0.0,0.0,0.0,0.0,Non-malignant disease,
GSE155683_G170019301283P_Adult_Cornea,0.8009708737864077,0.19902912621359223,0.0,0.0,0.0,0.0,0.0,0.0,Control,
GSE161267_Pulp3,0.0,0.7467866323907455,0.2532133676092545,0.0,0.0,0.0,0.0,0.0,Control,
GSE143704_Sample_84102_HMYWJBGX7_hu_101018,0.2529182879377432,0.5836575875486382,0.1517509727626459,0.0,0.011673151750972763,0.0,0.0,0.0,Control,
GSE172225_192567SKL_GEX_HHT,0.5459940652818991,0.3798219584569733,0.07418397626112759,0.0,0.0,0.0,0.0,0.0,Non-malignant disease,
GSE147520_hThy22B,0.022922636103151862,0.8832378223495702,0.03724928366762178,0.0,0.0,0.0,0.05659025787965616,0.0,Control,
GSE167494_D7,0.0,0.4095238095238095,0.5523809523809524,0.0,0.0380952380952381,0.0,0.0,0.0,Non-malignant disease,
GSE128066_SC125,0.2943396226415094,0.5207547169811321,0.026415094339622643,0.0,0.15849056603773584,0.0,0.0,0.0,Control,
GSE181957_SC159,0.25806451612903225,0.6451612903225806,0.0967741935483871,0.0,0.0,0.0,0.0,0.0,Non-malignant disease,
GSE158924_scHealthy3_HHT,0.3125,0.671875,0.015625,0.0,0.0,0.0,0.0,0.0,Control,
GSE132771_F3L,0.4686134743619223,0.44286042768452516,0.06346286502644286,0.0,0.0073580133363991725,0.010807082087836284,0.0068981375028742235,0.0,Non-malignant disease,
2022_Hwang_NatGenet_PDAC|T19_CRTl,0.2413793103448276,0.6379310344827587,0.05172413793103448,0.017241379310344827,0.05172413793103448,0.0,0.0,,Cancer_Tumor,PC
2023_Hirz_NatComm_Prostate|GSM5494379_SCG-PCA22-T-HG,0.2491349480968858,0.5847750865051903,0.16608996539792387,0.0,0.0,0.0,0.0,,Cancer_Tumor,PRC
2022_Nee_NatGenet_Breast|GSM5320155_scRNA_ctrl4,0.6939443535188216,0.24549918166939444,0.060556464811783964,0.0,0.0,0.0,0.0,,Control,
2023_Lake_Nature_Kidney|DKD2710039,0.0,0.9555555555555556,0.044444444444444446,0.0,0.0,0.0,0.0,,Non-malignant disease,
2022_Reichart_Science_Heart|BO_H26_S00_premrna,0.0,0.05525846702317291,0.07932263814616755,0.0,0.8654188948306596,0.0,0.0,,Non-malignant disease,
BICCN|10X387-2_S2,0.0,0.7848101265822784,0.189873417721519,0.0,0.02531645569620253,0.0,0.0,,Control,
2023_Kumar_Nature_Breast|hbca_c165,0.10967741935483871,0.864516129032258,0.025806451612903226,0.0,0.0,0.0,0.0,,Cancer_Tumor,BRCA
2022_vanZyl_PNAS_Eye|Hu220Iris,0.0,0.0,0.0,0.0,1.0,0.0,0.0,,Control,
2022_Gur_Cell_Sceleroderma|GSM5837142_AB13809,0.7592592592592593,0.24074074074074073,0.0,0.0,0.0,0.0,0.0,,Non-malignant disease,
2022_vanZyl_PNAS_Eye|Hu218OSCSW,0.028368794326241134,0.12056737588652482,0.0,0.0,0.851063829787234,0.0,0.0,,Control,
2020_Drokhlyansky_Cell_EntericNerve|H2_S11,0.0,0.0,0.0,0.0,1.0,0.0,0.0,,Cancer_AdjNorm,CRC
2020_Litvinukova_Nature_Heart|HCAHeartST13146207,0.059063136456211814,0.012219959266802444,0.03665987780040733,0.0,0.8920570264765784,0.0,0.0,,Control,
2022_TabulaSapiens_Science_TabulaSapiens|TSP14_Vasculature_CoronaryArteries_10X,0.21360544217687075,0.09863945578231292,0.004761904761904762,0.0,0.6829931972789116,0.0,0.0,,Control,
2022_Nee_NatGenet_Breast|GSM5320165_scRNA_brca3,0.3345565749235474,0.6654434250764526,0.0,0.0,0.0,0.0,0.0,,Control,
2022_Nee_NatGenet_Breast|GSM5320169_scRNA_brca7,0.7239010989010989,0.2760989010989011,0.0,0.0,0.0,0.0,0.0,,Control,
2022_Reichart_Science_Heart|BO_H28_RV0_premrna,0.0,0.11175785797438882,0.30151338766006985,0.0,0.5867287543655413,0.0,0.0,,Non-malignant disease,
2023_Kumar_Nature_Breast|hbca_c47,0.1,0.7111111111111111,0.18888888888888888,0.0,0.0,0.0,0.0,,Cancer_Tumor,BRCA
2021_Garcia-Alonso_NatGenet_Endometrial|4861STDY7387181,0.13178294573643412,0.24806201550387597,0.0,0.2868217054263566,0.3333333333333333,0.0,0.0,,Control,
2023_Kumar_Nature_Breast|hbca_c15,0.3174061433447099,0.6825938566552902,0.0,0.0,0.0,0.0,0.0,,Control,
2022_Reichart_Science_Heart|BS_DP2_RV0_premrna,0.0,0.29967948717948717,0.594551282051282,0.0,0.10576923076923077,0.0,0.0,,Non-malignant disease,
2023_Kumar_Nature_Breast|hbca_c19,0.4177215189873418,0.4936708860759494,0.08860759493670886,0.0,0.0,0.0,0.0,,Control,
2020_Drokhlyansky_Cell_EntericNerve|H10_S54,0.0,0.0,0.0,0.0,1.0,0.0,0.0,,Cancer_AdjNorm,CRC
2022_Reichart_Science_Heart|BO_H24_RV0_premrna,0.0,0.1091901728844404,0.2684258416742493,0.0,0.6223839854413102,0.0,0.0,,Non-malignant disease,
2023_Hirz_NatComm_Prostate|GSM5494366_SCG-PCA12-N-LG,0.29554655870445345,0.340080971659919,0.3643724696356275,0.0,0.0,0.0,0.0,,Cancer_AdjNorm,PRC
2020_Drokhlyansky_Cell_EntericNerve|H1_S6,0.0,0.0,0.0,0.0,1.0,0.0,0.0,,Cancer_AdjNorm,CRC
2020_Litvinukova_Nature_Heart|HCAHeartST10773168,0.0,0.007643735460285809,0.13260219341974078,0.0,0.8597540711199734,0.0,0.0,,Control,
2023_Lake_Nature_Kidney|AKI3310005,0.0,0.8854166666666666,0.11458333333333333,0.0,0.0,0.0,0.0,,Non-malignant disease,
2020_Litvinukova_Nature_Heart|HCAHeart7833854,0.0,0.020739404869251576,0.26420198376916143,0.0,0.715058611361587,0.0,0.0,,Control,
2020_Litvinukova_Nature_Heart|HCAHeart7850540,0.07028753993610223,0.3706070287539936,0.5207667731629393,0.0,0.038338658146964855,0.0,0.0,,Control,
2023_Kumar_Nature_Breast|hbca_c29,0.16129032258064516,0.3387096774193548,0.5,0.0,0.0,0.0,0.0,,Cancer_Tumor,BRCA
2023_Wang_SciAdv_CRC|s0813_Colon_Tumor,0.0,0.11848341232227488,0.037914691943127965,0.8056872037914692,0.037914691943127965,0.0,0.0,,Cancer_Tumor,CRC
2023_Kumar_Nature_Breast|hbca_c04,0.037037037037037035,0.8703703703703703,0.09259259259259259,0.0,0.0,0.0,0.0,,Cancer_Tumor,BRCA
2022_Emont_Nature_WAT|Hs_SAT_12-1,0.37662337662337664,0.36363636363636365,0.2597402597402597,0.0,0.0,0.0,0.0,,Control,
2023_Hickey_Nature_Intestine|B001-A-401,0.0,0.045714285714285714,0.0,0.0,0.9542857142857143,0.0,0.0,,Control,
2022_Reichart_Science_Heart|BO_H31_LV0_premrna,0.0,0.036834924965893585,0.15757162346521145,0.0,0.805593451568895,0.0,0.0,,Non-malignant disease,
2022_Reichart_Science_Heart|BO_H34_LVW_premrna,0.0,0.12757731958762886,0.38402061855670105,0.0,0.4884020618556701,0.0,0.0,,Non-malignant disease,
2022_Gur_Cell_Sceleroderma|GSM5837368_AB7492,0.8,0.15714285714285714,0.04285714285714286,0.0,0.0,0.0,0.0,,Non-malignant disease,
2020_Litvinukova_Nature_Heart|HCAHeart7656535,0.03125,0.65625,0.3125,0.0,0.0,0.0,0.0,,Control,
2022_Kumar_CancerDis_Gastric|GSM5573488_sample23,0.208955223880597,0.43283582089552236,0.19402985074626866,0.16417910447761194,0.0,0.0,0.0,,Cancer_AdjNorm,GC
2020_Drokhlyansky_Cell_EntericNerve|H1_S14,0.0,0.0,0.0,0.0,1.0,0.0,0.0,,Cancer_AdjNorm,CRC
2020_Litvinukova_Nature_Heart|HCAHeart7880862,0.0,0.007466168922071862,0.06859542697153523,0.0,0.9239384041063929,0.0,0.0,,Control,
2022_Reichart_Science_Heart|BO_H33_LV0_premrna,0.0,0.11285500747384156,0.3804185351270553,0.0,0.5067264573991032,0.0,0.0,,Non-malignant disease,
2021_Wu_NatGenet_Breast|CID4530N,0.11058823529411765,0.8094117647058824,0.08,0.0,0.0,0.0,0.0,,Cancer_Tumor,BRCA
2023_Hickey_Nature_Intestine|B005-A-501,0.0,0.0,0.0,0.0,1.0,0.0,0.0,,Control,
2023_Kumar_Nature_Breast|hbca_c109,0.07975460122699386,0.9202453987730062,0.0,0.0,0.0,0.0,0.0,,Control,
2021_Pal_EMBO_Breast|GSM4909277_B1-KCF0894,0.4113372093023256,0.5886627906976745,0.0,0.0,0.0,0.0,0.0,,Non-malignant disease,
2020_Drokhlyansky_Cell_EntericNerve|H1_S19,0.0,0.0,0.0,0.0,1.0,0.0,0.0,,Cancer_AdjNorm,CRC
2023_Kumar_Nature_Breast|hbca_c62,0.4015748031496063,0.5984251968503937,0.0,0.0,0.0,0.0,0.0,,Control,
2022_Reichart_Science_Heart|IC_H04_LV0_premrna,0.0,0.12931034482758622,0.5517241379310345,0.0,0.31896551724137934,0.0,0.0,,Non-malignant disease,
2023_Kumar_Nature_Breast|hbca_c132,0.7265625,0.2604166666666667,0.013020833333333334,0.0,0.0,0.0,0.0,,Control,
2023_Kumar_Nature_Breast|hbca_c166,0.08,0.92,0.0,0.0,0.0,0.0,0.0,,Control,
2022_Madissoon_NatGenet_Lung|WSSS8062680,0.24414715719063546,0.7274247491638796,0.011705685618729096,0.0,0.016722408026755852,0.0,0.0,,Control,
2023_Kumar_Nature_Breast|hbca_c118,0.4707259953161593,0.5292740046838408,0.0,0.0,0.0,0.0,0.0,,Control,
2023_Kumar_Nature_Breast|hbca_c93,0.145985401459854,0.8540145985401459,0.0,0.0,0.0,0.0,0.0,,Control,
2020_Adams_SciAdv_IPF|225I-b,0.23333333333333334,0.4,0.06666666666666667,0.0,0.011111111111111112,0.28888888888888886,0.0,,Non-malignant disease,
2020_Drokhlyansky_Cell_EntericNerve|H3_S35,0.0,0.0,0.0,0.0,1.0,0.0,0.0,,Cancer_AdjNorm,CRC
2023_Kumar_Nature_Breast|hbca_c100,0.20382165605095542,0.7961783439490446,0.0,0.0,0.0,0.0,0.0,,Control,
2021_Pelka_Cell_CRC|C109_N_0_1_0_c1_v2,0.0,0.9636363636363636,0.03636363636363636,0.0,0.0,0.0,0.0,,Control,
2022_Reichart_Science_Heart|IC_H04_RV0_premrna,0.0,0.2857142857142857,0.453781512605042,0.0,0.25210084033613445,0.008403361344537815,0.0,,Non-malignant disease,
2020_Drokhlyansky_Cell_EntericNerve|H1_S8,0.0,0.0,0.0,0.0,1.0,0.0,0.0,,Cancer_AdjNorm,CRC
2020_Drokhlyansky_Cell_EntericNerve|H10_S52,0.0,0.0,0.0,0.0,1.0,0.0,0.0,,Cancer_AdjNorm,CRC
2020_Litvinukova_Nature_Heart|HCAHeart7656538,0.0,0.6240601503759399,0.37593984962406013,0.0,0.0,0.0,0.0,,Control,
BICCN|HSB628_2_S1,0.0,0.9615384615384616,0.0,0.0,0.038461538461538464,0.0,0.0,,Control,
2022_Kumar_CancerDis_Gastric|GSM5573499_sample34,0.017985611510791366,0.07913669064748201,0.017985611510791366,0.8848920863309353,0.0,0.0,0.0,,Cancer_Tumor,GC
2020_Litvinukova_Nature_Heart|HCAHeart7833855,0.0,0.0,0.21859903381642512,0.0,0.7814009661835749,0.0,0.0,,Control,
2021_Wu_NatGenet_Breast|CID3946,0.0,0.7154150197628458,0.06719367588932806,0.17786561264822134,0.0,0.0,0.039525691699604744,,Cancer_Tumor,BRCA
2023_Kumar_Nature_Breast|hbca_n18,0.2465753424657534,0.2328767123287671,0.1643835616438356,0.0,0.3561643835616438,0.0,0.0,,Control,
2023_Kumar_Nature_Breast|hbca_c72,0.19856459330143542,0.7320574162679426,0.06937799043062201,0.0,0.0,0.0,0.0,,Control,
2020_Drokhlyansky_Cell_EntericNerve|H1_S3,0.0,0.0,0.0,0.0,1.0,0.0,0.0,,Cancer_AdjNorm,CRC
2023_Kumar_Nature_Breast|hbca_c18,0.38571428571428573,0.5285714285714286,0.08571428571428572,0.0,0.0,0.0,0.0,,Control,
2023_Lake_Nature_Kidney|DKD2910013,0.031746031746031744,0.9365079365079365,0.031746031746031744,0.0,0.0,0.0,0.0,,Non-malignant disease,
2022_Reichart_Science_Heart|BO_H24_LV0_premrna,0.0,0.054954954954954956,0.2882882882882883,0.0,0.6567567567567567,0.0,0.0,,Non-malignant disease,
2023_Kumar_Nature_Breast|hbca_c16,0.25274725274725274,0.7406593406593407,0.006593406593406593,0.0,0.0,0.0,0.0,,Control,
2023_Fonseca_NatGenet_Endometriosis|sample8,0.0053475935828877,0.9946524064171123,0.0,0.0,0.0,0.0,0.0,,Control,
2022_Reichart_Science_Heart|BO_H67_S00_premrna,0.0,0.03924528301886793,0.1811320754716981,0.0,0.779622641509434,0.0,0.0,,Control,
2020_Litvinukova_Nature_Heart|HCAHeartST13146208,0.04100946372239748,0.022082018927444796,0.025236593059936908,0.0,0.9116719242902208,0.0,0.0,,Control,
2021_Wu_NatGenet_Breast|CID3838,0.10569105691056911,0.25203252032520324,0.0,0.5853658536585366,0.0,0.0,0.056910569105691054,,Cancer_Tumor,BRCA
2020_Drokhlyansky_Cell_EntericNerve|Pool_S64,0.0,0.0,0.0,0.0,1.0,0.0,0.0,,Cancer_AdjNorm,CRC
2023_Kumar_Nature_Breast|hbca_c71,0.15897435897435896,0.7435897435897436,0.09743589743589744,0.0,0.0,0.0,0.0,,Control,
2022_vanZyl_PNAS_Eye|Hu216IrisPS1,0.0,0.0,0.0,0.0,1.0,0.0,0.0,,Control,
2022_Kumar_CancerDis_Gastric|GSM5573505_sample40,0.029288702928870293,0.1087866108786611,0.17573221757322174,0.6485355648535565,0.0,0.0,0.03765690376569038,,Cancer_Tumor,GC
2020_Litvinukova_Nature_Heart|HCAHeart8102866,0.04597701149425287,0.40558292282430214,0.548440065681445,0.0,0.0,0.0,0.0,,Control,
BICCN|HSB628_1_S1,0.0,0.8976744186046511,0.10232558139534884,0.0,0.0,0.0,0.0,,Control,
2023_Kumar_Nature_Breast|hbca_c02,0.171875,0.828125,0.0,0.0,0.0,0.0,0.0,,Cancer_Tumor,BRCA
2023_Fonseca_NatGenet_Endometriosis|sample31,0.5227272727272727,0.2756916996047431,0.17094861660079053,0.0,0.030632411067193676,0.0,0.0,,Control,
2020_Litvinukova_Nature_Heart|HCAHeart7745968,0.06140350877192982,0.3912280701754386,0.47192982456140353,0.0,0.07543859649122807,0.0,0.0,,Control,
2022_Reichart_Science_Heart|IC_H03_LV0_premrna,0.014492753623188406,0.10628019323671498,0.7681159420289855,0.0,0.1111111111111111,0.0,0.0,,Non-malignant disease,
2023_Kumar_Nature_Breast|hbca_c156,0.06905594405594405,0.9055944055944056,0.025349650349650348,0.0,0.0,0.0,0.0,,Cancer_Tumor,BRCA
2020_Litvinukova_Nature_Heart|HCAHeartST11350184,0.0,0.033950617283950615,0.037037037037037035,0.0,0.9290123456790124,0.0,0.0,,Control,
Sarah2019|MS122_NAWM,0.0,0.45454545454545453,0.5454545454545454,0.0,0.0,0.0,0.0,,Non-malignant disease,
2023_Hirz_NatComm_Prostate|GSM5494344_HP3,0.36649214659685864,0.581151832460733,0.05235602094240838,0.0,0.0,0.0,0.0,,Control,
2023_Kumar_Nature_Breast|hbca_c67,0.25452196382428943,0.7454780361757106,0.0,0.0,0.0,0.0,0.0,,Control,
2020_Drokhlyansky_Cell_EntericNerve|H1_S20,0.0,0.0,0.0,0.0,1.0,0.0,0.0,,Cancer_AdjNorm,CRC
2022_Nee_NatGenet_Breast|GSM5320173_scRNA_brca11,0.6147741147741148,0.38522588522588525,0.0,0.0,0.0,0.0,0.0,,Control,
2022_Gur_Cell_Sceleroderma|GSM5837168_AB13835,0.005952380952380952,0.9880952380952381,0.005952380952380952,0.0,0.0,0.0,0.0,,Non-malignant disease,
2023_Kumar_Nature_Breast|hbca_c142,0.4737762237762238,0.5034965034965035,0.022727272727272728,0.0,0.0,0.0,0.0,,Control,
2021_Pal_EMBO_Breast|GSM4909278_B1-MH0033,0.24642857142857144,0.7535714285714286,0.0,0.0,0.0,0.0,0.0,,Non-malignant disease,
2023_Fonseca_NatGenet_Endometriosis|sample42,0.0421216848673947,0.9520280811232449,0.005850234009360375,0.0,0.0,0.0,0.0,,Non-malignant disease,
2022_Reichart_Science_Heart|BO_H07_LV0_premrna,0.0048828125,0.0576171875,0.3603515625,0.0,0.5771484375,0.0,0.0,,Non-malignant disease,
2023_Kumar_Nature_Breast|hbca_c161,0.13855421686746988,0.8614457831325302,0.0,0.0,0.0,0.0,0.0,,Cancer_Tumor,BRCA
2023_Hickey_Nature_Intestine|B010-A-101,0.06358381502890173,0.017341040462427744,0.0,0.0,0.9190751445086706,0.0,0.0,,Control,
2022_Emont_Nature_WAT|Hs_OAT_01-1,0.3492063492063492,0.3333333333333333,0.30158730158730157,0.0,0.015873015873015872,0.0,0.0,,Control,
2023_Kumar_Nature_Breast|hbca_c115,0.13127413127413126,0.8494208494208494,0.019305019305019305,0.0,0.0,0.0,0.0,,Control,
2020_Drokhlyansky_Cell_EntericNerve|Pool_S56,0.0,0.010287443267776097,0.0,0.0,0.9897125567322239,0.0,0.0,,Cancer_AdjNorm,CRC
2022_Hwang_NatGenet_PDAC|T11_CRT,0.01673101673101673,0.10553410553410554,0.0,0.0,0.8777348777348777,0.0,0.0,,Cancer_Tumor,PC
2022_vanZyl_PNAS_Eye|Hu216IrisPS2,0.0,0.0,0.0,0.0,1.0,0.0,0.0,,Control,
2020_Drokhlyansky_Cell_EntericNerve|H3_S36,0.0,0.0,0.0,0.0,1.0,0.0,0.0,,Cancer_AdjNorm,CRC
2020_Litvinukova_Nature_Heart|HCAHeartST13146205,0.08305647840531562,0.07973421926910298,0.23255813953488372,0.0,0.6046511627906976,0.0,0.0,,Control,
2022_Emont_Nature_WAT|Hs_OAT_10-1,0.14150943396226415,0.5849056603773585,0.1509433962264151,0.0,0.12264150943396226,0.0,0.0,,Control,
2023_Hirz_NatComm_Prostate|GSM5494381_SCG-PCA24-N-Rocky,0.5738396624472574,0.38396624472573837,0.04219409282700422,0.0,0.0,0.0,0.0,,Cancer_AdjNorm,PRC
2022_vanZyl_PNAS_Eye|Hu218Iris,0.0,0.0,0.0,0.0,1.0,0.0,0.0,,Control,
2023_Hickey_Nature_Intestine|B011-A-001,0.024242424242424242,0.048484848484848485,0.006060606060606061,0.0,0.9212121212121213,0.0,0.0,,Control,
2023_Monavarfeshani_PNAS_Eye|Pt6PeripapillarySclera,0.08722741433021806,0.7383177570093458,0.0,0.0,0.17445482866043613,0.0,0.0,,Control,
2022_Reichart_Science_Heart|BO_H80_LV0_premrna,0.012059369202226345,0.05612244897959184,0.21985157699443414,0.0,0.7119666048237476,0.0,0.0,,Non-malignant disease,
2023_Kumar_Nature_Breast|hbca_c75,0.2710674157303371,0.7289325842696629,0.0,0.0,0.0,0.0,0.0,,Control,
ROSMAP|190409-B5-B_Broad_S3,0.0,0.288135593220339,0.1864406779661017,0.0,0.5254237288135594,0.0,0.0,,Control,
2022_Gur_Cell_Sceleroderma|GSM5837498_AB8037,0.39436619718309857,0.5070422535211268,0.09859154929577464,0.0,0.0,0.0,0.0,,Non-malignant disease,
2023_Kong_Immunity_CD|H197396_N4,0.19186046511627908,0.3488372093023256,0.0,0.0,0.45930232558139533,0.0,0.0,,Control,
2020_Litvinukova_Nature_Heart|HCAHeartST10773167,0.004016064257028112,0.015394912985274432,0.11378848728246319,0.0,0.8668005354752343,0.0,0.0,,Control,
2022_Reichart_Science_Heart|BO_H27_S00_premrna,0.0,0.051646223369916075,0.1078114912846998,0.0,0.8405422853453841,0.0,0.0,,Non-malignant disease,
2023_Lake_Nature_Kidney|LDSample1157EO1,0.0,1.0,0.0,0.0,0.0,0.0,0.0,,Control,
2022_Reichart_Science_Heart|BO_H12_S00_premrna,0.0,0.043812104787714544,0.2199638663053297,0.0,0.7362240289069557,0.0,0.0,,Non-malignant disease,
2023_Lake_Nature_Kidney|KC34,0.0,0.359375,0.046875,0.0,0.59375,0.0,0.0,,Control,
2023_Kong_Immunity_CD|N124246_L,0.44642857142857145,0.5178571428571429,0.0,0.0,0.03571428571428571,0.0,0.0,,Non-malignant disease,
2023_Hirz_NatComm_Prostate|GSM5494378_SCG-PCA22-N-HG,0.40145985401459855,0.3905109489051095,0.20802919708029197,0.0,0.0,0.0,0.0,,Cancer_AdjNorm,PRC
2023_Kumar_Nature_Breast|hbca_c90,0.5836177474402731,0.4061433447098976,0.010238907849829351,0.0,0.0,0.0,0.0,,Control,
2023_Kumar_Nature_Breast|hbca_c48,0.514792899408284,0.48520710059171596,0.0,0.0,0.0,0.0,0.0,,Cancer_Tumor,BRCA
2022_TabulaSapiens_Science_TabulaSapiens|TSP1_Muscle_nan_10X,0.09900990099009901,0.6435643564356436,0.11386138613861387,0.0,0.14356435643564355,0.0,0.0,,Control,
2022_Reichart_Science_Heart|BO_H01_RV0_premrna,0.0,0.16171328671328672,0.40034965034965037,0.0,0.4379370629370629,0.0,0.0,,Non-malignant disease,
2022_Gur_Cell_Sceleroderma|GSM5837217_AB6849,0.14084507042253522,0.8591549295774648,0.0,0.0,0.0,0.0,0.0,,Non-malignant disease,
2023_Kumar_Nature_Breast|hbca_c113,0.44234404536862004,0.5330812854442344,0.024574669187145556,0.0,0.0,0.0,0.0,,Control,
2020_Drokhlyansky_Cell_EntericNerve|H5_S31,0.0,0.0,0.0,0.0,1.0,0.0,0.0,,Cancer_AdjNorm,CRC
2020_Litvinukova_Nature_Heart|HCAHeart7745970,0.026785714285714284,0.32142857142857145,0.6160714285714286,0.0,0.03571428571428571,0.0,0.0,,Control,
2020_Litvinukova_Nature_Heart|HCAHeart8102861,0.06670784434836319,0.4323656578134651,0.461395923409512,0.0,0.03953057442865967,0.0,0.0,,Control,
2020_Litvinukova_Nature_Heart|HCAHeartST13180618,0.0,0.0,0.1095890410958904,0.0,0.8904109589041096,0.0,0.0,,Control,
2022_Reichart_Science_Heart|BO_H64_LV0_premrna,0.012370113805047007,0.05591291439881247,0.29440870856011875,0.0,0.6373082632360217,0.0,0.0,,Non-malignant disease,
2020_Litvinukova_Nature_Heart|HCAHeart7745966,0.030201342281879196,0.31208053691275167,0.6577181208053692,0.0,0.0,0.0,0.0,,Control,
2020_Drokhlyansky_Cell_EntericNerve|H4_S23,0.0,0.0,0.0,0.0,1.0,0.0,0.0,,Cancer_AdjNorm,CRC
2022_Madissoon_NatGenet_Lung|WTDAtest7732270,0.12658227848101267,0.1518987341772152,0.006329113924050633,0.0,0.028481012658227847,0.6867088607594937,0.0,,Control,
2022_Reichart_Science_Heart|BO_H39_LVW_premrna,0.005361930294906166,0.03753351206434316,0.11528150134048257,0.0,0.8418230563002681,0.0,0.0,,Non-malignant disease,
2023_Kong_Immunity_CD|N166301_N1,0.0410958904109589,0.6575342465753424,0.3013698630136986,0.0,0.0,0.0,0.0,,Non-malignant disease,
2020_Litvinukova_Nature_Heart|HCAHeart7833852,0.0,0.022106631989596878,0.21976592977893367,0.0,0.7581274382314694,0.0,0.0,,Control,
2020_Litvinukova_Nature_Heart|HCAHeart7844003,0.1693548387096774,0.5362903225806451,0.25806451612903225,0.0,0.036290322580645164,0.0,0.0,,Control,
2023_Fonseca_NatGenet_Endometriosis|sample26,0.05,0.7875,0.1625,0.0,0.0,0.0,0.0,,Non-malignant disease,
2022_Gur_Cell_Sceleroderma|GSM5837155_AB13822,0.0,1.0,0.0,0.0,0.0,0.0,0.0,,Control,
2021_Elmentaite_Nature_Intestine|Human_colon_16S8000513,0.0,0.8468468468468469,0.0,0.0,0.15315315315315314,0.0,0.0,,Control,
2020_Litvinukova_Nature_Heart|HCAHeart7905332,0.065,0.7225,0.2125,0.0,0.0,0.0,0.0,,Control,
2020_Litvinukova_Nature_Heart|HCAHeart7888923,0.0,0.020123839009287926,0.0,0.0,0.9798761609907121,0.0,0.0,,Control,
2022_Reichart_Science_Heart|BO_H06_RV0_premrna,0.0,0.10512129380053908,0.14465408805031446,0.0,0.7502246181491464,0.0,0.0,,Non-malignant disease,
2020_Drokhlyansky_Cell_EntericNerve|H8_S43,0.0,0.0,0.0,0.0,1.0,0.0,0.0,,Cancer_AdjNorm,CRC
2022_Emont_Nature_WAT|Hs_OAT_12-1,0.4027777777777778,0.3472222222222222,0.18055555555555555,0.0,0.06944444444444445,0.0,0.0,,Control,
2022_Reichart_Science_Heart|BS_DP2_S00_premrna,0.011342155009451797,0.13516068052930058,0.3686200378071834,0.0,0.4848771266540643,0.0,0.0,,Non-malignant disease,
2023_Kumar_Nature_Breast|hbca_c45,0.4954296160877514,0.5,0.004570383912248629,0.0,0.0,0.0,0.0,,Cancer_Tumor,BRCA
2022_Gur_Cell_Sceleroderma|GSM5837300_AB7215,0.19444444444444445,0.7777777777777778,0.027777777777777776,0.0,0.0,0.0,0.0,,Non-malignant disease,
2022_vanZyl_PNAS_Eye|Hu235OSTM,0.0,0.0,0.011806375442739079,0.0,0.9881936245572609,0.0,0.0,,Control,
2021_Pal_EMBO_Breast|GSM4909300_ER-MH0032,0.05555555555555555,0.8148148148148148,0.12962962962962962,0.0,0.0,0.0,0.0,,Cancer_Tumor,BRCA
2022_TabulaSapiens_Science_TabulaSapiens|TSP12_Heart_Ventricle_10X,0.0,0.10047281323877069,0.022458628841607566,0.0,0.8770685579196218,0.0,0.0,,Control,
2021_Elmentaite_Nature_Intestine|WTDAtest7844029,0.012048192771084338,0.9879518072289156,0.0,0.0,0.0,0.0,0.0,,Control,
2022_Reichart_Science_Heart|BO_H25_S00_premrna,0.0,0.09194029850746269,0.1928358208955224,0.0,0.7152238805970149,0.0,0.0,,Non-malignant disease,
2022_Reichart_Science_Heart|ED_DT4_LV0_premrna,0.0,0.11861111111111111,0.35,0.0,0.5313888888888889,0.0,0.0,,Non-malignant disease,
2023_Kumar_Nature_Breast|hbca_c131,0.49109653233364575,0.5089034676663543,0.0,0.0,0.0,0.0,0.0,,Control,
2022_Kumar_CancerDis_Gastric|GSM5573485_sample20,0.01639344262295082,0.0,0.0,0.9836065573770492,0.0,0.0,0.0,,Cancer_Metastasis,GC
BICCN|HSB189_3_S1,0.057971014492753624,0.7971014492753623,0.10144927536231885,0.0,0.043478260869565216,0.0,0.0,,Control,
2023_Kong_Immunity_CD|N130064_N4,0.008103727714748784,0.899513776337115,0.0,0.0,0.09238249594813615,0.0,0.0,,Non-malignant disease,
2022_Madissoon_NatGenet_Lung|HCA_A_LNG9387717,0.21739130434782608,0.13043478260869565,0.008695652173913044,0.0,0.6,0.043478260869565216,0.0,,Control,
2022_Reichart_Science_Heart|BO_H27_RV0_premrna,0.0,0.11764705882352941,0.26330532212885155,0.0,0.6190476190476191,0.0,0.0,,Non-malignant disease,
2023_Lake_Nature_Kidney|DKD2910010,0.0,0.8648648648648649,0.07207207207207207,0.0,0.06306306306306306,0.0,0.0,,Non-malignant disease,
2021_Pal_EMBO_Breast|GSM4909302_ER-MH0025,0.0,0.5339805825242718,0.2912621359223301,0.17475728155339806,0.0,0.0,0.0,,Cancer_Tumor,BRCA
2020_Drokhlyansky_Cell_EntericNerve|H1_S13,0.0,0.0,0.0,0.0,1.0,0.0,0.0,,Cancer_AdjNorm,CRC
2022_Gur_Cell_Sceleroderma|GSM5837660_AB9109,0.4788732394366197,0.4647887323943662,0.056338028169014086,0.0,0.0,0.0,0.0,,Non-malignant disease,
2023_Kong_Immunity_CD|N107306_L2,0.10869565217391304,0.1956521739130435,0.05434782608695652,0.0,0.6413043478260869,0.0,0.0,,Non-malignant disease,
2022_Reichart_Science_Heart|BO_H22_S00_premrna,0.0,0.043516873889875664,0.1811722912966252,0.0,0.7753108348134992,0.0,0.0,,Non-malignant disease,
2020_Litvinukova_Nature_Heart|HCAHeart7905327,0.039568345323741004,0.420863309352518,0.539568345323741,0.0,0.0,0.0,0.0,,Control,
2020_Litvinukova_Nature_Heart|HCAHeart7702877,0.0,0.034102306920762285,0.4262788365095286,0.0,0.5396188565697091,0.0,0.0,,Control,
2023_Hickey_Nature_Intestine|B005-A-301,0.0,0.0,0.0,0.0,1.0,0.0,0.0,,Control,
2023_Kumar_Nature_Breast|hbca_c20,0.7011494252873564,0.26436781609195403,0.034482758620689655,0.0,0.0,0.0,0.0,,Control,
2023_Lake_Nature_Kidney|KC79,0.03896103896103896,0.6753246753246753,0.09090909090909091,0.05194805194805195,0.14285714285714285,0.0,0.0,,Control,
2022_TabulaSapiens_Science_TabulaSapiens|TSP10_Fat_MAT_10X,0.2536231884057971,0.5579710144927537,0.15217391304347827,0.0,0.036231884057971016,0.0,0.0,,Control,
2023_Hirz_NatComm_Prostate|GSM5494368_SCG-PCA15-T-HG,0.1592356687898089,0.24203821656050956,0.5987261146496815,0.0,0.0,0.0,0.0,,Cancer_Tumor,PRC
2020_Adams_SciAdv_IPF|225I-a,0.25,0.3695652173913043,0.0,0.0,0.14130434782608695,0.2391304347826087,0.0,,Non-malignant disease,
2023_Fonseca_NatGenet_Endometriosis|sample33,0.13414634146341464,0.8658536585365854,0.0,0.0,0.0,0.0,0.0,,Non-malignant disease,
2022_Emont_Nature_WAT|Hs_OAT_256-1,0.1450980392156863,0.5215686274509804,0.1568627450980392,0.0,0.17647058823529413,0.0,0.0,,Control,
2023_Kong_Immunity_CD|H158108_N1,0.06382978723404255,0.44680851063829785,0.07092198581560284,0.0,0.41843971631205673,0.0,0.0,,Control,
2023_Lake_Nature_Kidney|KB6,0.0,0.16981132075471697,0.0,0.0,0.8301886792452831,0.0,0.0,,Non-malignant disease,
2022_Reichart_Science_Heart|BO_H80_RV0_premrna,0.007722007722007722,0.05083655083655084,0.18404118404118405,0.0,0.7574002574002574,0.0,0.0,,Non-malignant disease,
2022_TabulaSapiens_Science_TabulaSapiens|TSP2_Muscle_diaphragm_10X,0.15555555555555556,0.7444444444444445,0.1,0.0,0.0,0.0,0.0,,Control,
2023_Kumar_Nature_Breast|hbca_c43,0.18470790378006874,0.8152920962199313,0.0,0.0,0.0,0.0,0.0,,Cancer_Tumor,BRCA
2022_Madissoon_NatGenet_Lung|WSSS_A_LNG8757928,0.38461538461538464,0.06153846153846154,0.046153846153846156,0.0,0.5076923076923077,0.0,0.0,,Control,
2023_Kumar_Nature_Breast|hbca_c24,0.3170731707317073,0.6829268292682927,0.0,0.0,0.0,0.0,0.0,,Control,
2022_Reichart_Science_Heart|BO_H09_S00_premrna,0.01263157894736842,0.05052631578947368,0.4063157894736842,0.0,0.5305263157894737,0.0,0.0,,Non-malignant disease,
2023_Kumar_Nature_Breast|hbca_c111,0.2630718954248366,0.7369281045751634,0.0,0.0,0.0,0.0,0.0,,Control,
2022_Reichart_Science_Heart|BO_H51_S00_premrna,0.008962868117797696,0.007042253521126761,0.2861715749039693,0.0,0.6978233034571063,0.0,0.0,,Control,
2023_Kumar_Nature_Breast|hbca_c74,0.3307291666666667,0.6510416666666666,0.018229166666666668,0.0,0.0,0.0,0.0,,Control,
2021_Chan_CancerCell_SCLC|RU1057_T,0.16363636363636364,0.41818181818181815,0.045454545454545456,0.11818181818181818,0.15454545454545454,0.0,0.1,,Cancer_Tumor,NSCLC
2023_Kong_Immunity_CD|I130064_N4,0.0,0.9774436090225563,0.0,0.0,0.022556390977443608,0.0,0.0,,Non-malignant disease,
2020_Drokhlyansky_Cell_EntericNerve|H10_S51,0.0,0.0,0.0,0.0,1.0,0.0,0.0,,Cancer_AdjNorm,CRC
2023_Lake_Nature_Kidney|LDPRE038,0.0,1.0,0.0,0.0,0.0,0.0,0.0,,Control,
2022_Reichart_Science_Heart|BO_H15_S00_premrna,0.0,0.289272030651341,0.4157088122605364,0.0,0.2950191570881226,0.0,0.0,,Non-malignant disease,
2023_Kumar_Nature_Breast|hbca_c13,0.30970149253731344,0.6902985074626866,0.0,0.0,0.0,0.0,0.0,,Cancer_AdjNorm,BRCA
2020_Drokhlyansky_Cell_EntericNerve|H12_S58,0.0,0.03564184294407418,0.0,0.0,0.9643581570559259,0.0,0.0,,Cancer_AdjNorm,CRC
2023_Kumar_Nature_Breast|hbca_c150,0.35759897828863346,0.6015325670498084,0.03065134099616858,0.0,0.010217113665389528,0.0,0.0,,Control,
2021_Pal_EMBO_Breast|GSM4909266_N-MH0169-Total,0.10551558752997602,0.894484412470024,0.0,0.0,0.0,0.0,0.0,,Control,
2022_Gur_Cell_Sceleroderma|GSM5837167_AB13834,0.0,1.0,0.0,0.0,0.0,0.0,0.0,,Non-malignant disease,
2022_Reichart_Science_Heart|IC_H01_LV0_premrna,0.0,0.09539842873176206,0.14927048260381592,0.0,0.755331088664422,0.0,0.0,,Non-malignant disease,
2022_Nee_NatGenet_Breast|GSM5320160_scRNA_ctrl9,0.7080645161290322,0.29193548387096774,0.0,0.0,0.0,0.0,0.0,,Control,
2023_Kumar_Nature_Breast|hbca_c122,0.36363636363636365,0.6145454545454545,0.02181818181818182,0.0,0.0,0.0,0.0,,Control,
2020_Litvinukova_Nature_Heart|HCAHeart7835149,0.0,0.008151287903488751,0.15520052168242582,0.0,0.8366481904140854,0.0,0.0,,Control,
2020_Litvinukova_Nature_Heart|HCAHeartST13146204,0.04618473895582329,0.02610441767068273,0.14457831325301204,0.0,0.7831325301204819,0.0,0.0,,Control,
2023_Wang_SciAdv_CRC|s0107_Liver_Tumor,0.0,0.9290123456790124,0.0,0.07098765432098765,0.0,0.0,0.0,,Cancer_Metastasis,CRC
2021_Wu_NatGenet_Breast|CID4471,0.28872668288726683,0.7112733171127331,0.0,0.0,0.0,0.0,0.0,,Cancer_Tumor,BRCA
2023_Hickey_Nature_Intestine|B010-A-405,0.0,0.0,0.0,0.0,1.0,0.0,0.0,,Control,
2023_Hirz_NatComm_Prostate|GSM5494364_SCG-PCA11-N-LG,0.056179775280898875,0.898876404494382,0.0449438202247191,0.0,0.0,0.0,0.0,,Cancer_AdjNorm,PRC
2023_Kumar_Nature_Breast|hbca_c57,0.31666666666666665,0.6666666666666666,0.016666666666666666,0.0,0.0,0.0,0.0,,Control,
2020_Litvinukova_Nature_Heart|HCAHeartST13180619,0.0,0.0,0.13243243243243244,0.0,0.8675675675675676,0.0,0.0,,Control,
2022_Reichart_Science_Heart|BO_H34_S00_premrna,0.0,0.07231920199501247,0.2506234413965087,0.0,0.6770573566084788,0.0,0.0,,Non-malignant disease,
2020_Litvinukova_Nature_Heart|HCAHeart7751845,0.0,0.26973684210526316,0.7302631578947368,0.0,0.0,0.0,0.0,,Control,
2020_Litvinukova_Nature_Heart|HCAHeart7850548,0.1346153846153846,0.625,0.17307692307692307,0.0,0.0673076923076923,0.0,0.0,,Control,
2022_vanZyl_PNAS_Eye|Hu220OSTM,0.0,0.0,0.008663366336633664,0.0,0.9913366336633663,0.0,0.0,,Control,
2020_Litvinukova_Nature_Heart|HCAHeartST10773166,0.0,0.0022087244616234127,0.05540217191238726,0.0,0.9423891036259894,0.0,0.0,,Control,
2022_Reichart_Science_Heart|BO_H33_RV0_premrna,0.0,0.12889051629439766,0.33321127792017574,0.0,0.5378982057854266,0.0,0.0,,Non-malignant disease,
2023_Kumar_Nature_Breast|hbca_c21,0.28664495114006516,0.6905537459283387,0.02280130293159609,0.0,0.0,0.0,0.0,,Control,
2020_Litvinukova_Nature_Heart|HCAHeart7844004,0.11752577319587629,0.6360824742268041,0.2463917525773196,0.0,0.0,0.0,0.0,,Control,
2022_Reichart_Science_Heart|BO_H14_RV0_premrna,0.010942760942760943,0.11447811447811448,0.3114478114478115,0.0,0.5631313131313131,0.0,0.0,,Non-malignant disease,
2023_Kumar_Nature_Breast|hbca_c68,0.1180327868852459,0.8557377049180328,0.02622950819672131,0.0,0.0,0.0,0.0,,Control,
2020_Litvinukova_Nature_Heart|HCAHeart7656539,0.0,0.012958963282937365,0.0939524838012959,0.0,0.8930885529157667,0.0,0.0,,Control,
BICCN|10X359-4_S01,0.0,0.4507042253521127,0.4507042253521127,0.0,0.09859154929577464,0.0,0.0,,Control,
2023_Kumar_Nature_Breast|hbca_c162,0.19090909090909092,0.7636363636363637,0.045454545454545456,0.0,0.0,0.0,0.0,,Control,
2020_Drokhlyansky_Cell_EntericNerve|H7_S40,0.0,0.0,0.0,0.0,1.0,0.0,0.0,,Cancer_AdjNorm,CRC
2022_Reichart_Science_Heart|BO_H79_LV0_premrna,0.0,0.005241090146750524,0.06027253668763103,0.0,0.9344863731656184,0.0,0.0,,Non-malignant disease,
2020_Drokhlyansky_Cell_EntericNerve|H3_S22,0.015873015873015872,0.0,0.0,0.0,0.9841269841269841,0.0,0.0,,Cancer_AdjNorm,CRC
2020_Litvinukova_Nature_Heart|HCAHeartST11350186,0.0,0.0,0.05458089668615984,0.0,0.9454191033138402,0.0,0.0,,Control,
2020_Litvinukova_Nature_Heart|HCAHeart7888928,0.0,0.008093525179856115,0.10071942446043165,0.0,0.8911870503597122,0.0,0.0,,Control,
2022_Madissoon_NatGenet_Lung|WSSS8123927,0.23529411764705882,0.13725490196078433,0.0,0.0,0.029411764705882353,0.5980392156862745,0.0,,Control,
2022_TabulaSapiens_Science_TabulaSapiens|TSP4_Muscle_rectusabdominus_smartseq2,0.2112676056338028,0.36619718309859156,0.1267605633802817,0.0,0.29577464788732394,0.0,0.0,,Control,
2022_Madissoon_NatGenet_Lung|HCA_A_LNG9387715,0.09433962264150944,0.1320754716981132,0.03773584905660377,0.0,0.49056603773584906,0.24528301886792453,0.0,,Control,
2022_Gur_Cell_Sceleroderma|GSM5837162_AB13829,0.019138755980861243,0.9712918660287081,0.0,0.0,0.009569377990430622,0.0,0.0,,Non-malignant disease,
2022_Emont_Nature_WAT|Hs_SAT_266-1,0.3936651583710407,0.5158371040723982,0.09049773755656108,0.0,0.0,0.0,0.0,,Control,
2023_Kumar_Nature_Breast|hbca_c17,0.25057471264367814,0.7310344827586207,0.01839080459770115,0.0,0.0,0.0,0.0,,Control,
2023_Kumar_Nature_Breast|hbca_c51,0.4623541887592789,0.5376458112407211,0.0,0.0,0.0,0.0,0.0,,Control,
2022_vanZyl_PNAS_Eye|Hu216OSTMS1,0.0,0.0,0.00933852140077821,0.0,0.9906614785992218,0.0,0.0,,Control,
2023_Kumar_Nature_Breast|hbca_c106,0.2868217054263566,0.6434108527131783,0.06976744186046512,0.0,0.0,0.0,0.0,,Control,
2023_Kumar_Nature_Breast|hbca_n01,0.25,0.0,0.2222222222222222,0.0,0.5277777777777778,0.0,0.0,,Cancer_Tumor,BRCA
2023_Kumar_Nature_Breast|hbca_c102,0.21016949152542372,0.7457627118644068,0.04406779661016949,0.0,0.0,0.0,0.0,,Control,
2020_Litvinukova_Nature_Heart|HCAHeart7829977,0.0,0.010380622837370242,0.3015323776569451,0.0,0.6880869995056846,0.0,0.0,,Control,
2020_Litvinukova_Nature_Heart|HCAHeart7850545,0.05263157894736842,0.6578947368421053,0.2894736842105263,0.0,0.0,0.0,0.0,,Control,
2023_Hickey_Nature_Intestine|B010-A-401,0.04938271604938271,0.037037037037037035,0.0,0.0,0.9135802469135802,0.0,0.0,,Control,
2020_Litvinukova_Nature_Heart|HCAHeart7836682,0.0,0.03228962818003914,0.0,0.0,0.9677103718199609,0.0,0.0,,Control,
2022_Kumar_CancerDis_Gastric|GSM5573473_sample8,0.140625,0.4375,0.03125,0.390625,0.0,0.0,0.0,,Cancer_Tumor,GC
2021_Garcia-Alonso_NatGenet_Endometrial|MRC_Endo8625699,0.003952569169960474,0.9644268774703557,0.0,0.03162055335968379,0.0,0.0,0.0,,Control,
2021_Pal_EMBO_Breast|GSM4909291_HER2-MH0031,0.023529411764705882,0.7058823529411765,0.1411764705882353,0.12941176470588237,0.0,0.0,0.0,,Cancer_Tumor,BRCA
BICCN|10X359-3_S01,0.0,0.5573770491803278,0.19672131147540983,0.0,0.2459016393442623,0.0,0.0,,Control,
2023_Kumar_Nature_Breast|hbca_c91,0.5634517766497462,0.4137055837563452,0.02284263959390863,0.0,0.0,0.0,0.0,,Control,
BICCN|HSB628_4_S1,0.0,0.7912087912087912,0.16483516483516483,0.0,0.04395604395604396,0.0,0.0,,Control,
2023_Kumar_Nature_Breast|hbca_c134,0.30214424951267055,0.594541910331384,0.10331384015594541,0.0,0.0,0.0,0.0,,Control,
2021_Pal_EMBO_Breast|GSM4909261_N-PM0230-Total,0.8598484848484849,0.14015151515151514,0.0,0.0,0.0,0.0,0.0,,Control,
2022_Reichart_Science_Heart|BO_H51_LV0_premrna,0.0,0.010564997703261369,0.15020670647680295,0.0,0.8392282958199357,0.0,0.0,,Control,
2023_Kumar_Nature_Breast|hbca_c143,0.35014409221902015,0.547550432276657,0.10230547550432277,0.0,0.0,0.0,0.0,,Control,
2022_TabulaSapiens_Science_TabulaSapiens|TSP14_Skin_Abdomen_10X,0.1836734693877551,0.8163265306122449,0.0,0.0,0.0,0.0,0.0,,Control,
2023_Kumar_Nature_Breast|hbca_c31,0.43005181347150256,0.5181347150259067,0.05181347150259067,0.0,0.0,0.0,0.0,,Control,
2023_Kumar_Nature_Breast|hbca_c99,0.552755905511811,0.4062992125984252,0.04094488188976378,0.0,0.0,0.0,0.0,,Control,
2021_Pal_EMBO_Breast|GSM4909280_B1-MH0090,0.0972644376899696,0.9027355623100304,0.0,0.0,0.0,0.0,0.0,,Non-malignant disease,
2023_Kumar_Nature_Breast|hbca_c35,0.075,0.925,0.0,0.0,0.0,0.0,0.0,,Cancer_Tumor,BRCA
2020_Drokhlyansky_Cell_EntericNerve|H1_S15,0.0,0.0,0.0,0.0,1.0,0.0,0.0,,Cancer_AdjNorm,CRC
2020_Park_Science_Thymus|WSSS8062675,0.170995670995671,0.810966810966811,0.00937950937950938,0.0,0.008658008658008658,0.0,0.0,,Control,
2022_TabulaSapiens_Science_TabulaSapiens|TSP2_Lung_proxmedialdistal_10X,0.1443850267379679,0.09090909090909091,0.0,0.0,0.0374331550802139,0.7272727272727273,0.0,,Control,
2023_Kumar_Nature_Breast|hbca_c70,0.18627450980392157,0.761437908496732,0.05228758169934641,0.0,0.0,0.0,0.0,,Control,
2022_Gur_Cell_Sceleroderma|GSM5837385_AB7629,0.3968253968253968,0.5714285714285714,0.015873015873015872,0.0,0.015873015873015872,0.0,0.0,,Non-malignant disease,
2022_Reichart_Science_Heart|BO_H41_RV0_premrna,0.0,0.0328750747160789,0.26778242677824265,0.0,0.6993424985056784,0.0,0.0,,Non-malignant disease,
2022_Reichart_Science_Heart|BO_H17_LV0_premrna,0.0,0.0905115872321819,0.31132487975513773,0.0,0.5981635330126803,0.0,0.0,,Non-malignant disease,
2022_Hwang_NatGenet_PDAC|U6_Untreated,0.0,0.0,0.0,0.075,0.925,0.0,0.0,,Cancer_Tumor,PC
2020_Litvinukova_Nature_Heart|HCAHeart8287125,0.047619047619047616,0.12698412698412698,0.0,0.0,0.8253968253968254,0.0,0.0,,Control,
2020_Litvinukova_Nature_Heart|HCAHeart7728607,0.02127659574468085,0.425531914893617,0.24468085106382978,0.0,0.30851063829787234,0.0,0.0,,Control,
2023_Hirz_NatComm_Prostate|GSM5494351_SCG-PCA3-N-LG,0.39825581395348836,0.26744186046511625,0.33430232558139533,0.0,0.0,0.0,0.0,,Cancer_AdjNorm,PRC
2022_TabulaSapiens_Science_TabulaSapiens|TSP2_Vasculature_Aorta_10X,0.15491009681881052,0.07607192254495158,0.014522821576763486,0.0,0.7544951590594744,0.0,0.0,,Control,
2020_Litvinukova_Nature_Heart|HCAHeart7836683,0.0,0.019269776876267748,0.1845841784989858,0.0,0.7961460446247465,0.0,0.0,,Control,
2023_Kumar_Nature_Breast|hbca_n22,0.421875,0.390625,0.140625,0.0,0.046875,0.0,0.0,,Control,
2023_Kumar_Nature_Breast|hbca_c137,0.4263959390862944,0.4796954314720812,0.09390862944162437,0.0,0.0,0.0,0.0,,Control,
2021_Garcia-Alonso_NatGenet_Endometrial|MRC_Endo8715416,0.02564102564102564,0.5128205128205128,0.0,0.46153846153846156,0.0,0.0,0.0,,Control,
2020_Litvinukova_Nature_Heart|HCAHeart7880863,0.0,0.07003891050583658,0.038910505836575876,0.0,0.8910505836575876,0.0,0.0,,Control,
2020_Litvinukova_Nature_Heart|HCAHeart7656536,0.033444816053511704,0.7341137123745819,0.22073578595317725,0.0,0.011705685618729096,0.0,0.0,,Control,
2020_Litvinukova_Nature_Heart|HCAHeart8102863,0.0945945945945946,0.8378378378378378,0.0,0.0,0.06756756756756757,0.0,0.0,,Control,
2022_Reichart_Science_Heart|BO_H11_S00_premrna,0.005710659898477157,0.0983502538071066,0.4200507614213198,0.0,0.47588832487309646,0.0,0.0,,Non-malignant disease,
2022_TabulaSapiens_Science_TabulaSapiens|TSP1_Bladder_nan_10X,0.13592233009708737,0.7300970873786408,0.0,0.0,0.13398058252427184,0.0,0.0,,Control,
2022_Gur_Cell_Sceleroderma|GSM5837322_AB7283,0.22340425531914893,0.7553191489361702,0.02127659574468085,0.0,0.0,0.0,0.0,,Non-malignant disease,
2022_Reichart_Science_Heart|BO_H07_S00_premrna,0.0,0.04492512479201331,0.2895174708818636,0.0,0.6655574043261231,0.0,0.0,,Non-malignant disease,
2020_Litvinukova_Nature_Heart|HCAHeart7702880,0.0,0.01004566210045662,0.1141552511415525,0.0,0.8757990867579909,0.0,0.0,,Control,
2022_vanZyl_PNAS_Eye|Hu216218IrisCS1,0.0,0.0,0.0,0.0,1.0,0.0,0.0,,Control,
2023_Kumar_Nature_Breast|hbca_c49,0.6447140381282496,0.35528596187175043,0.0,0.0,0.0,0.0,0.0,,Cancer_Tumor,BRCA
2022_Reichart_Science_Heart|BO_H31_S00_premrna,0.0,0.04794520547945205,0.091324200913242,0.0,0.860730593607306,0.0,0.0,,Non-malignant disease,
2023_Wang_SciAdv_CRC|s1231_Liver_Tumor,0.013198757763975156,0.59472049689441,0.0,0.34860248447204967,0.043478260869565216,0.0,0.0,,Cancer_Metastasis,CRC
2020_Litvinukova_Nature_Heart|HCAHeart7985086,0.0,0.0,0.27639751552795033,0.0,0.7236024844720497,0.0,0.0,,Control,
2020_Drokhlyansky_Cell_EntericNerve|H9_S45,0.0,0.0,0.0,0.0,1.0,0.0,0.0,,Cancer_AdjNorm,CRC
2020_Drokhlyansky_Cell_EntericNerve|H4_S38,0.0,0.0,0.0,0.0,1.0,0.0,0.0,,Cancer_AdjNorm,CRC
2022_Reichart_Science_Heart|BO_H19_RV0_premrna,0.022887323943661973,0.12323943661971831,0.3609154929577465,0.0,0.49295774647887325,0.0,0.0,,Non-malignant disease,
2022_Nee_NatGenet_Breast|GSM5320157_scRNA_ctrl6,0.7302325581395349,0.26976744186046514,0.0,0.0,0.0,0.0,0.0,,Control,
2023_Kumar_Nature_Breast|hbca_c54,0.02,0.8,0.18,0.0,0.0,0.0,0.0,,Control,
2023_Hickey_Nature_Intestine|B010-A-201,0.017873941674506115,0.01317027281279398,0.0,0.0,0.9689557855126999,0.0,0.0,,Control,
2023_Hickey_Nature_Intestine|B012-A-002,0.05066079295154185,0.0,0.0,0.0,0.9493392070484582,0.0,0.0,,Control,
2023_Hirz_NatComm_Prostate|GSM5494345_HP4,0.42696629213483145,0.5393258426966292,0.033707865168539325,0.0,0.0,0.0,0.0,,Control,
2023_Kumar_Nature_Breast|hbca_c159,0.034334763948497854,0.9656652360515021,0.0,0.0,0.0,0.0,0.0,,Control,
2020_Litvinukova_Nature_Heart|HCAHeartST11350195,0.0,0.012048192771084338,0.06475903614457831,0.0,0.9231927710843374,0.0,0.0,,Control,
2022_vanZyl_PNAS_Eye|Hu235CiliaryBody,0.0,0.0,0.016655989750160152,0.0,0.9833440102498399,0.0,0.0,,Control,
2022_Reichart_Science_Heart|BO_H03_S00_premrna,0.0,0.05521048999309869,0.5182884748102139,0.0,0.42650103519668736,0.0,0.0,,Non-malignant disease,
2020_Drokhlyansky_Cell_EntericNerve|H1_S10,0.0,0.0,0.0,0.0,1.0,0.0,0.0,,Cancer_AdjNorm,CRC
2020_Litvinukova_Nature_Heart|HCAHeart7850547,0.07142857142857142,0.22857142857142856,0.5285714285714286,0.0,0.12857142857142856,0.0,0.04285714285714286,,Control,
2023_Kumar_Nature_Breast|hbca_c147,0.46375,0.49375,0.0425,0.0,0.0,0.0,0.0,,Control,
2022_Reichart_Science_Heart|BO_H25_LV0_premrna,0.0,0.0644927536231884,0.1927536231884058,0.0,0.7427536231884058,0.0,0.0,,Non-malignant disease,
2023_Monavarfeshani_PNAS_Eye|Pt13Scl,0.304,0.696,0.0,0.0,0.0,0.0,0.0,,Control,
2023_Kumar_Nature_Breast|hbca_c128,0.480625,0.519375,0.0,0.0,0.0,0.0,0.0,,Control,
2023_Kumar_Nature_Breast|hbca_c124,0.24010217113665389,0.7471264367816092,0.01277139208173691,0.0,0.0,0.0,0.0,,Control,
2023_Hirz_NatComm_Prostate|GSM5494371_SCG-PCA17-T-LG,0.029940119760479042,0.8922155688622755,0.07784431137724551,0.0,0.0,0.0,0.0,,Cancer_Tumor,PRC
2023_Kumar_Nature_Breast|hbca_n13,0.11042944785276074,0.049079754601226995,0.0,0.0,0.8404907975460123,0.0,0.0,,Cancer_Tumor,BRCA
2023_Hickey_Nature_Intestine|B009-A-405,0.014814814814814815,0.05185185185185185,0.0,0.0,0.9333333333333333,0.0,0.0,,Control,
2022_Reichart_Science_Heart|BO_H53_RV0_premrna,0.0,0.013953488372093023,0.17209302325581396,0.0,0.813953488372093,0.0,0.0,,Control,
2022_TabulaSapiens_Science_TabulaSapiens|TSP14_Fat_MAT_10X,0.06474820143884892,0.5035971223021583,0.4316546762589928,0.0,0.0,0.0,0.0,,Control,
2022_Kumar_CancerDis_Gastric|GSM5573484_sample19,0.5051546391752577,0.24742268041237114,0.21649484536082475,0.030927835051546393,0.0,0.0,0.0,,Cancer_AdjNorm,GC
2021_Pelka_Cell_CRC|C162_T_0_0_0_c1_v3,0.20634920634920634,0.4444444444444444,0.12698412698412698,0.1746031746031746,0.047619047619047616,0.0,0.0,,Cancer_Tumor,CRC
2023_Kumar_Nature_Breast|hbca_c86,0.2840646651270208,0.6720554272517321,0.04387990762124711,0.0,0.0,0.0,0.0,,Control,
BICCN|10X203-1_S01,0.0,0.75,0.25,0.0,0.0,0.0,0.0,,Control,
2023_Hickey_Nature_Intestine|B010-A-001,0.01973001038421599,0.0,0.0,0.0,0.980269989615784,0.0,0.0,,Control,
2020_Litvinukova_Nature_Heart|HCAHeart8102867,0.03164556962025317,0.43670886075949367,0.5316455696202531,0.0,0.0,0.0,0.0,,Control,
2020_Litvinukova_Nature_Heart|HCAHeartST11064574,0.0,0.009652509652509652,0.25096525096525096,0.0,0.7393822393822393,0.0,0.0,,Control,
2023_Wang_SciAdv_CRC|s1231_Colon_Tumor,0.09523809523809523,0.8928571428571429,0.0,0.011904761904761904,0.0,0.0,0.0,,Cancer_Tumor,CRC
2022_Reichart_Science_Heart|BO_H29_RV0_R2_premrna,0.0,0.1448234590065829,0.526032315978456,0.0,0.3291442250149611,0.0,0.0,,Non-malignant disease,
2023_Kumar_Nature_Breast|hbca_c121,0.22448979591836735,0.7219387755102041,0.05357142857142857,0.0,0.0,0.0,0.0,,Control,
2022_Madissoon_NatGenet_Lung|HCATisStab7732264,0.2028985507246377,0.08695652173913043,0.0,0.0,0.42028985507246375,0.2898550724637681,0.0,,Control,
2023_Kumar_Nature_Breast|hbca_c141,0.390282131661442,0.438871473354232,0.17084639498432602,0.0,0.0,0.0,0.0,,Control,
2023_Hickey_Nature_Intestine|B010-A-301,0.06372549019607843,0.04411764705882353,0.004901960784313725,0.0,0.8872549019607843,0.0,0.0,,Control,
2020_Litvinukova_Nature_Heart|HCAHeart7664652,0.0,0.0,0.16562694946974424,0.0,0.8343730505302558,0.0,0.0,,Control,
2022_Guilliams_Cell_Liver|CS127,0.0,1.0,0.0,0.0,0.0,0.0,0.0,,Non-malignant disease,
2022_Gur_Cell_Sceleroderma|GSM5837397_AB7704,0.9491525423728814,0.05084745762711865,0.0,0.0,0.0,0.0,0.0,,Non-malignant disease,
2020_Drokhlyansky_Cell_EntericNerve|H1_S18,0.0,0.0,0.0,0.0,1.0,0.0,0.0,,Cancer_AdjNorm,CRC
2022_Gur_Cell_Sceleroderma|GSM5837404_AB7743,0.7758620689655172,0.22413793103448276,0.0,0.0,0.0,0.0,0.0,,Non-malignant disease,
2023_Hickey_Nature_Intestine|B010-A-501,0.0,0.03550295857988166,0.04142011834319527,0.0,0.9230769230769231,0.0,0.0,,Control,
2022_Nee_NatGenet_Breast|GSM5320166_scRNA_brca4,0.4620253164556962,0.5379746835443038,0.0,0.0,0.0,0.0,0.0,,Control,
2023_Kumar_Nature_Breast|hbca_c95,0.034934497816593885,0.9650655021834061,0.0,0.0,0.0,0.0,0.0,,Control,
2023_Hirz_NatComm_Prostate|GSM5494374_SCG-PCA19-N-HG,0.1111111111111111,0.8194444444444444,0.06944444444444445,0.0,0.0,0.0,0.0,,Cancer_AdjNorm,PRC
2020_Drokhlyansky_Cell_EntericNerve|H4_S39,0.0,0.0,0.0,0.0,1.0,0.0,0.0,,Cancer_AdjNorm,CRC
2021_Wu_NatGenet_Breast|CID4535,0.0412621359223301,0.8495145631067961,0.08737864077669903,0.0048543689320388345,0.0,0.0,0.01699029126213592,,Cancer_Tumor,BRCA
BICCN|10X362-5_S11,0.0,0.9411764705882353,0.058823529411764705,0.0,0.0,0.0,0.0,,Control,
2023_Kong_Immunity_CD|N130064_N1,0.05199306759098787,0.7885615251299827,0.038128249566724434,0.0,0.12131715771230503,0.0,0.0,,Non-malignant disease,
2022_TabulaSapiens_Science_TabulaSapiens|TSP10_Fat_SCAT_10X,0.2476780185758514,0.7523219814241486,0.0,0.0,0.0,0.0,0.0,,Control,
2022_Hwang_NatGenet_PDAC|U8_Untreated,0.019174041297935103,0.02064896755162242,0.0,0.0,0.9601769911504425,0.0,0.0,,Cancer_Tumor,PC
2022_Gur_Cell_Sceleroderma|GSM5837475_AB8014,0.8679245283018868,0.07547169811320754,0.05660377358490566,0.0,0.0,0.0,0.0,,Non-malignant disease,
2021_Pal_EMBO_Breast|GSM4909299_ER-MH0114-T3,0.034482758620689655,0.9482758620689655,0.017241379310344827,0.0,0.0,0.0,0.0,,Cancer_Tumor,BRCA
2022_Reichart_Science_Heart|BO_H29_LV0_premrna,0.0,0.011607910576096303,0.12080825451418745,0.0,0.8675838349097162,0.0,0.0,,Non-malignant disease,
2022_Gur_Cell_Sceleroderma|GSM5837302_AB7217,0.42105263157894735,0.5789473684210527,0.0,0.0,0.0,0.0,0.0,,Control,
2020_Litvinukova_Nature_Heart|HCAHeartST11350197,0.0,0.02959830866807611,0.0613107822410148,0.0,0.9090909090909091,0.0,0.0,,Control,
2022_Emont_Nature_WAT|Hs_SAT_254-1,0.18471337579617833,0.5095541401273885,0.3057324840764331,0.0,0.0,0.0,0.0,,Control,
2023_Kumar_Nature_Breast|hbca_c79,0.38153846153846155,0.5692307692307692,0.04923076923076923,0.0,0.0,0.0,0.0,,Control,
2022_Reichart_Science_Heart|BO_H21_LV0_premrna,0.01624815361890694,0.11078286558345643,0.6174298375184638,0.0,0.2555391432791728,0.0,0.0,,Non-malignant disease,
2020_Litvinukova_Nature_Heart|HCAHeart7843999,0.11559888579387187,0.44846796657381616,0.3245125348189415,0.0,0.11142061281337047,0.0,0.0,,Control,
2023_Kumar_Nature_Breast|hbca_c116,0.3720626631853786,0.6279373368146214,0.0,0.0,0.0,0.0,0.0,,Cancer_Tumor,BRCA
2022_Kumar_CancerDis_Gastric|GSM5573481_sample16,0.04,0.013333333333333334,0.0,0.9466666666666667,0.0,0.0,0.0,,Cancer_Tumor,GC
2021_Pal_EMBO_Breast|GSM4909317_ER-MH0173-T,0.0,0.6515151515151515,0.13636363636363635,0.19696969696969696,0.0,0.0,0.015151515151515152,,Cancer_Tumor,BRCA
2023_Kumar_Nature_Breast|hbca_c58,0.19943019943019943,0.7863247863247863,0.014245014245014245,0.0,0.0,0.0,0.0,,Control,
2023_Fonseca_NatGenet_Endometriosis|sample25,0.0784313725490196,0.6862745098039216,0.23529411764705882,0.0,0.0,0.0,0.0,,Non-malignant disease,
2023_Kumar_Nature_Breast|hbca_n19,0.5211267605633803,0.1267605633802817,0.2676056338028169,0.0,0.08450704225352113,0.0,0.0,,Control,
2022_Gur_Cell_Sceleroderma|GSM5837411_AB7750,0.6976744186046512,0.22093023255813954,0.08139534883720931,0.0,0.0,0.0,0.0,,Non-malignant disease,
2022_Emont_Nature_WAT|Hs_SAT_04-1,0.12643678160919541,0.7586206896551724,0.10344827586206896,0.0,0.011494252873563218,0.0,0.0,,Control,
BICCN|HSB189_2_S1,0.012658227848101266,0.8860759493670886,0.0379746835443038,0.0,0.06329113924050633,0.0,0.0,,Control,
2023_Kumar_Nature_Breast|hbca_c76,0.23759791122715404,0.7441253263707572,0.018276762402088774,0.0,0.0,0.0,0.0,,Control,
2023_Kumar_Nature_Breast|hbca_n12,0.2542372881355932,0.4745762711864407,0.1016949152542373,0.0,0.1694915254237288,0.0,0.0,,Control,
2022_Reichart_Science_Heart|BO_H84_S00_premrna,0.0,0.07484769364664925,0.31157528285465624,0.0,0.6135770234986945,0.0,0.0,,Non-malignant disease,
2023_Lake_Nature_Kidney|DKD3110040,0.028409090909090908,0.8977272727272727,0.07386363636363637,0.0,0.0,0.0,0.0,,Non-malignant disease,
2021_Pal_EMBO_Breast|GSM4909271_N-MH288-Total,0.31378299120234604,0.6862170087976539,0.0,0.0,0.0,0.0,0.0,,Control,
2020_Litvinukova_Nature_Heart|HCAHeart7702873,0.0,0.017142857142857144,0.2622857142857143,0.0,0.7205714285714285,0.0,0.0,,Control,
2023_Kumar_Nature_Breast|hbca_c60,0.29537366548042704,0.6441281138790036,0.060498220640569395,0.0,0.0,0.0,0.0,,Control,
2022_TabulaSapiens_Science_TabulaSapiens|TSP9_Pancreas_exocrine_10X,0.3140495867768595,0.18181818181818182,0.5041322314049587,0.0,0.0,0.0,0.0,,Control,
2023_Kumar_Nature_Breast|hbca_c36,0.6883720930232559,0.3116279069767442,0.0,0.0,0.0,0.0,0.0,,Cancer_Tumor,BRCA
2022_Reichart_Science_Heart|BO_H03_RV0_premrna,0.0,0.09164149043303121,0.6908358509566969,0.0,0.2175226586102719,0.0,0.0,,Non-malignant disease,
2021_Pal_EMBO_Breast|GSM4909254_N-PM0019-Total,0.5714285714285714,0.42857142857142855,0.0,0.0,0.0,0.0,0.0,,Control,
2023_Kumar_Nature_Breast|hbca_c78,0.48058252427184467,0.5194174757281553,0.0,0.0,0.0,0.0,0.0,,Control,
2022_Reichart_Science_Heart|BO_H42_LV0_premrna,0.0,0.02193419740777667,0.36191425722831505,0.0,0.6161515453639083,0.0,0.0,,Non-malignant disease,
2022_vanZyl_PNAS_Eye|Hu220OSCSWS1,0.013563501849568433,0.0,0.02836004932182491,0.0,0.9580764488286067,0.0,0.0,,Control,
2023_Kumar_Nature_Breast|hbca_c105,0.43349753694581283,0.5123152709359606,0.054187192118226604,0.0,0.0,0.0,0.0,,Control,
2020_Litvinukova_Nature_Heart|HCAHeart7698017,0.0,0.02168021680216802,0.24932249322493225,0.0,0.7289972899728997,0.0,0.0,,Control,
2022_Reichart_Science_Heart|BO_H10_S00_premrna,0.034453781512605045,0.08151260504201681,0.3815126050420168,0.0,0.5025210084033613,0.0,0.0,,Non-malignant disease,
2022_Gur_Cell_Sceleroderma|GSM5837628_AB8914,0.7586206896551724,0.13793103448275862,0.10344827586206896,0.0,0.0,0.0,0.0,,Non-malignant disease,
2023_Hickey_Nature_Intestine|B008-A-501,0.0,0.0,0.0,0.0,1.0,0.0,0.0,,Control,
2022_Nee_NatGenet_Breast|GSM5320152_scRNA_ctrl1,0.28205128205128205,0.717948717948718,0.0,0.0,0.0,0.0,0.0,,Control,
2020_Litvinukova_Nature_Heart|HCAHeartST11350193,0.0,0.0214168039538715,0.06754530477759473,0.0,0.9110378912685337,0.0,0.0,,Control,
2022_vanZyl_PNAS_Eye|Hu2160SCSW,0.25263157894736843,0.47368421052631576,0.0,0.0,0.2736842105263158,0.0,0.0,,Control,
2021_Pal_EMBO_Breast|GSM4909253_N-PM0092-Total,0.375,0.625,0.0,0.0,0.0,0.0,0.0,,Control,
2023_Hickey_Nature_Intestine|B008-A-001,0.039647577092511016,0.030837004405286344,0.0,0.0,0.9295154185022027,0.0,0.0,,Control,
2020_Litvinukova_Nature_Heart|HCAHeartST10773165,0.0,0.0,0.06990881458966565,0.0,0.9300911854103343,0.0,0.0,,Control,
2023_Hirz_NatComm_Prostate|GSM5494362_SCG-PCA10-T-LG,0.047619047619047616,0.8872180451127819,0.06516290726817042,0.0,0.0,0.0,0.0,,Cancer_Tumor,PRC
2022_TabulaSapiens_Science_TabulaSapiens|TSP4_Uterus_Myometrium_10X,0.01692047377326565,0.9424703891708968,0.0,0.0,0.04060913705583756,0.0,0.0,,Control,
2023_Hickey_Nature_Intestine|B012-A-001,0.015384615384615385,0.036923076923076927,0.0,0.0,0.9476923076923077,0.0,0.0,,Control,
2020_Litvinukova_Nature_Heart|HCAHeart7829979,0.0,0.010407993338884263,0.11698584512905912,0.0,0.8726061615320566,0.0,0.0,,Control,
2023_Kumar_Nature_Breast|hbca_c41,0.5765661252900232,0.3863109048723898,0.024361948955916472,0.0,0.012761020881670533,0.0,0.0,,Cancer_Tumor,BRCA
2020_Litvinukova_Nature_Heart|HCAHeart7850551,0.03260869565217391,0.5847826086956521,0.3717391304347826,0.0,0.010869565217391304,0.0,0.0,,Control,
2020_Litvinukova_Nature_Heart|HCAHeart7757639,0.0,0.0,0.1689291101055807,0.0,0.8310708898944194,0.0,0.0,,Control,
2020_Litvinukova_Nature_Heart|HCAHeart7888929,0.0,0.0,0.07802340702210664,0.0,0.9219765929778934,0.0,0.0,,Control,
2020_Drokhlyansky_Cell_EntericNerve|H13_S62,0.0036776997659645604,0.017051153460381142,0.0,0.0,0.9792711467736543,0.0,0.0,,Cancer_AdjNorm,CRC
2023_Kumar_Nature_Breast|hbca_c98,0.4766666666666667,0.45,0.07333333333333333,0.0,0.0,0.0,0.0,,Control,
2023_Lake_Nature_Kidney|LDSample1158EO3,0.0,0.9661016949152542,0.03389830508474576,0.0,0.0,0.0,0.0,,Control,
2022_Gur_Cell_Sceleroderma|GSM5837233_AB6865,0.10309278350515463,0.865979381443299,0.030927835051546393,0.0,0.0,0.0,0.0,,Non-malignant disease,
2022_TabulaSapiens_Science_TabulaSapiens|TSP14_Bladder_nan_10X,0.044444444444444446,0.6711111111111111,0.0,0.0,0.28444444444444444,0.0,0.0,,Control,
2022_Reichart_Science_Heart|BO_H01_S00_premrna,0.014251781472684086,0.14726840855106887,0.29334916864608074,0.0,0.5451306413301663,0.0,0.0,,Non-malignant disease,
2023_Hickey_Nature_Intestine|B012-A-101,0.04,0.043333333333333335,0.0,0.0,0.9166666666666666,0.0,0.0,,Control,
2022_Gur_Cell_Sceleroderma|GSM5837193_AB14256,0.8050847457627118,0.19491525423728814,0.0,0.0,0.0,0.0,0.0,,Non-malignant disease,
2020_Litvinukova_Nature_Heart|HCAHeart8287123,0.0,0.0,0.12,0.0,0.88,0.0,0.0,,Control,
2023_Kumar_Nature_Breast|hbca_c130,0.10641627543035993,0.8810641627543035,0.012519561815336464,0.0,0.0,0.0,0.0,,Control,
2022_Nee_NatGenet_Breast|GSM5320171_scRNA_brca9,0.7603550295857988,0.23964497041420119,0.0,0.0,0.0,0.0,0.0,,Control,
2022_Reichart_Science_Heart|BS_DP1_S00_premrna,0.016241299303944315,0.23433874709976799,0.35498839907192575,0.0,0.39443155452436196,0.0,0.0,,Non-malignant disease,
2023_Kumar_Nature_Breast|hbca_c149,0.5540540540540541,0.44594594594594594,0.0,0.0,0.0,0.0,0.0,,Control,
2023_Kong_Immunity_CD|N130064_N3,0.02875399361022364,0.8562300319488818,0.009584664536741214,0.0,0.10543130990415335,0.0,0.0,,Non-malignant disease,
2022_Reichart_Science_Heart|BO_H55_LV0_premrna,0.0,0.02328897338403042,0.35361216730038025,0.0,0.6230988593155894,0.0,0.0,,Control,
2022_Madissoon_NatGenet_Lung|HCA_A_LNG9387718,0.1724137931034483,0.08620689655172414,0.0,0.0,0.7155172413793104,0.02586206896551724,0.0,,Control,
2023_Hickey_Nature_Intestine|B001-A-201,0.0,0.0,0.0,0.0,1.0,0.0,0.0,,Control,
2023_Kumar_Nature_Breast|hbca_c53,0.10714285714285714,0.7321428571428571,0.14285714285714285,0.0,0.017857142857142856,0.0,0.0,,Control,
2021_Garcia-Alonso_NatGenet_Endometrial|4861STDY7771115,0.14650698602794412,0.5141716566866268,0.0,0.0,0.3393213572854291,0.0,0.0,,Control,
2021_Pal_EMBO_Breast|GSM4909294_HER2-MH0176,0.0,0.7857142857142857,0.21428571428571427,0.0,0.0,0.0,0.0,,Cancer_Tumor,BRCA
2021_Wu_NatGenet_Breast|CID4066,0.0958904109589041,0.7103718199608611,0.1095890410958904,0.08414872798434442,0.0,0.0,0.0,,Cancer_Tumor,BRCA
2020_Litvinukova_Nature_Heart|HCAHeart9845436,0.0,0.07587181903864279,0.03722902921771913,0.0,0.8868991517436381,0.0,0.0,,Control,
2022_Gur_Cell_Sceleroderma|GSM5837143_AB13810,0.014492753623188406,0.9855072463768116,0.0,0.0,0.0,0.0,0.0,,Non-malignant disease,
2020_Litvinukova_Nature_Heart|HCAHeart7888927,0.0,0.0,0.10597826086956522,0.0,0.8940217391304348,0.0,0.0,,Control,
2023_Kumar_Nature_Breast|hbca_c66,0.32867132867132864,0.6713286713286714,0.0,0.0,0.0,0.0,0.0,,Control,
2023_Hickey_Nature_Intestine|B011-A-201,0.0,0.0,0.0,0.0,1.0,0.0,0.0,,Control,
2022_TabulaSapiens_Science_TabulaSapiens|TSP14_Thymus_nan_10X,0.3000779423226812,0.4598597038191738,0.018706157443491817,0.0,0.22135619641465315,0.0,0.0,,Control,
2023_Kumar_Nature_Breast|hbca_c103,0.3157894736842105,0.611336032388664,0.0728744939271255,0.0,0.0,0.0,0.0,,Control,
2022_vanZyl_PNAS_Eye|Hu235OSCSW,0.5,0.38461538461538464,0.0,0.0,0.11538461538461539,0.0,0.0,,Control,
2022_Madissoon_NatGenet_Lung|HCA_A_LNG9387714,0.09615384615384616,0.038461538461538464,0.0,0.0,0.5576923076923077,0.3076923076923077,0.0,,Control,
BICCN|10X390-6_S16,0.0,0.34615384615384615,0.6538461538461539,0.0,0.0,0.0,0.0,,Control,
2023_Hickey_Nature_Intestine|B004-A-004,0.0,0.016203703703703703,0.0,0.0,0.9837962962962963,0.0,0.0,,Control,
2020_Drokhlyansky_Cell_EntericNerve|H10_S48,0.0,0.0,0.0,0.0,1.0,0.0,0.0,,Cancer_AdjNorm,CRC
2020_Drokhlyansky_Cell_EntericNerve|H11_S57,0.0,0.024691358024691357,0.0,0.0,0.9753086419753086,0.0,0.0,,Cancer_AdjNorm,CRC
2023_Kong_Immunity_CD|I130064_N1,0.0,0.966903073286052,0.0,0.0,0.03309692671394799,0.0,0.0,,Non-malignant disease,
2023_Wang_SciAdv_CRC|s0920_Colon_Tumor,0.06097560975609756,0.6097560975609756,0.012195121951219513,0.3170731707317073,0.0,0.0,0.0,,Cancer_Tumor,CRC
2023_Hickey_Nature_Intestine|B009-A-101,0.019204389574759947,0.021262002743484224,0.0,0.0,0.9595336076817559,0.0,0.0,,Control,
2023_Lake_Nature_Kidney|DKD2910016,0.0,0.9827586206896551,0.017241379310344827,0.0,0.0,0.0,0.0,,Non-malignant disease,
2023_Kumar_Nature_Breast|hbca_c61,0.30980392156862746,0.6901960784313725,0.0,0.0,0.0,0.0,0.0,,Control,
2022_Reichart_Science_Heart|BO_H65_LV0_premrna,0.0026542800265428003,0.08029197080291971,0.32514930325149305,0.0,0.5919044459190445,0.0,0.0,,Non-malignant disease,
2023_Kong_Immunity_CD|I130064_N2,0.006920415224913495,0.9757785467128027,0.0,0.0,0.01730103806228374,0.0,0.0,,Non-malignant disease,
2023_Fonseca_NatGenet_Endometriosis|sample7,0.043478260869565216,0.9420289855072463,0.014492753623188406,0.0,0.0,0.0,0.0,,Non-malignant disease,
2022_Reichart_Science_Heart|BO_H22_RV0_premrna,0.0,0.17896009673518742,0.3307134220072551,0.0,0.49032648125755746,0.0,0.0,,Non-malignant disease,
2020_Litvinukova_Nature_Heart|HCAHeartST10773169,0.0,0.019417475728155338,0.06241331484049931,0.0,0.9181692094313454,0.0,0.0,,Control,
2023_Kumar_Nature_Breast|hbca_c123,0.08878504672897196,0.9018691588785047,0.009345794392523364,0.0,0.0,0.0,0.0,,Control,
2022_Reichart_Science_Heart|BO_H14_S01_premrna,0.0,0.03903243540406817,0.24299065420560748,0.0,0.7179769103903244,0.0,0.0,,Non-malignant disease,
BICCN|10X204-6_S01,0.0,0.638095238095238,0.3142857142857143,0.0,0.047619047619047616,0.0,0.0,,Control,
2021_Pal_EMBO_Breast|GSM4909268_N-MH0023-Total,0.4742857142857143,0.5257142857142857,0.0,0.0,0.0,0.0,0.0,,Control,
2023_Hickey_Nature_Intestine|B001-A-406,0.0,0.030303030303030304,0.0,0.0,0.9696969696969697,0.0,0.0,,Control,
2022_Gur_Cell_Sceleroderma|GSM5837474_AB8013,0.9548872180451128,0.045112781954887216,0.0,0.0,0.0,0.0,0.0,,Non-malignant disease,
2022_Kumar_CancerDis_Gastric|GSM5573498_sample33,0.08928571428571429,0.32142857142857145,0.07142857142857142,0.48214285714285715,0.0,0.0,0.03571428571428571,,Cancer_Tumor,GC
BICCN|HSB189_4_S1,0.07142857142857142,0.875,0.0,0.0,0.05357142857142857,0.0,0.0,,Control,
2022_Reichart_Science_Heart|BO_H03_LV0_premrna,0.0,0.06893580353295993,0.4747953468332615,0.0,0.45626884963377856,0.0,0.0,,Non-malignant disease,
2023_Kumar_Nature_Breast|hbca_c42,0.7033997655334114,0.2966002344665885,0.0,0.0,0.0,0.0,0.0,,Cancer_Tumor,BRCA
2022_Reichart_Science_Heart|BO_H29_S00_premrna,0.0,0.038630377524143986,0.2993854258121159,0.0,0.6619841966637401,0.0,0.0,,Non-malignant disease,
2022_Reichart_Science_Heart|BO_H53_LV0_premrna,0.0,0.011154011154011155,0.14714714714714713,0.0,0.8416988416988417,0.0,0.0,,Control,
2023_Hirz_NatComm_Prostate|GSM5494346_HP0,0.24719101123595505,0.6741573033707865,0.07865168539325842,0.0,0.0,0.0,0.0,,Control,
2022_Zhou_NatGenet_PDAC|HT056P-S1PAA1,0.0,0.015503875968992248,0.0,0.9844961240310077,0.0,0.0,0.0,,Cancer_Tumor,PC
2020_Drokhlyansky_Cell_EntericNerve|H8_S42,0.0,0.0,0.0,0.0,1.0,0.0,0.0,,Cancer_AdjNorm,CRC
2021_Pal_EMBO_Breast|GSM4909298_ER-PM0360,0.0,0.968421052631579,0.031578947368421054,0.0,0.0,0.0,0.0,,Cancer_Tumor,BRCA
2021_Elmentaite_Nature_Intestine|Human_colon_16S8001873,0.0,1.0,0.0,0.0,0.0,0.0,0.0,,Control,
2022_Hwang_NatGenet_PDAC|T13_CRT,0.07085346215780998,0.249597423510467,0.06924315619967794,0.0,0.6103059581320451,0.0,0.0,,Cancer_Tumor,PC
2023_Fonseca_NatGenet_Endometriosis|sample40,0.25083892617449666,0.700503355704698,0.034395973154362415,0.0,0.014261744966442953,0.0,0.0,,Non-malignant disease,
2020_Litvinukova_Nature_Heart|HCAHeartST13168796,0.0,0.027216174183514776,0.1104199066874028,0.0,0.8623639191290824,0.0,0.0,,Control,
2023_Kong_Immunity_CD|N166301_N3,0.07216494845360824,0.6907216494845361,0.23711340206185566,0.0,0.0,0.0,0.0,,Non-malignant disease,
2022_Zhou_NatGenet_PDAC|HT060P1-S1R1A1G1Z1_1B2_1,0.364,0.296,0.108,0.224,0.008,0.0,0.0,,Cancer_Tumor,PC
2020_Habermann_SciAdv_Lung-COVID19|GSM5226576_C53ctr,0.04132231404958678,0.0,0.0,0.0,0.8677685950413223,0.09090909090909091,0.0,,Control,
2023_Lake_Nature_Kidney|LDPRE0194,0.0,0.9101123595505618,0.0898876404494382,0.0,0.0,0.0,0.0,,Control,
2020_Adams_SciAdv_IPF|021I,0.4444444444444444,0.2222222222222222,0.018518518518518517,0.0,0.12962962962962962,0.18518518518518517,0.0,,Non-malignant disease,
2022_Reichart_Science_Heart|BO_H36_LV0_premrna,0.0,0.053864168618266976,0.6124121779859485,0.0,0.3337236533957845,0.0,0.0,,Non-malignant disease,
2023_Lake_Nature_Kidney|KB3,0.05970149253731343,0.11940298507462686,0.0,0.0,0.8208955223880597,0.0,0.0,,Non-malignant disease,
2023_Wang_SciAdv_CRC|s0920_Liver_Tumor,0.04807692307692308,0.6153846153846154,0.0,0.3173076923076923,0.0,0.0,0.019230769230769232,,Cancer_Metastasis,CRC
2022_Reichart_Science_Heart|BS_DL2_LV0_premrna,0.0,0.07392197125256673,0.16427104722792607,0.0,0.7618069815195072,0.0,0.0,,Non-malignant disease,
2023_Kumar_Nature_Breast|hbca_c34,0.5163787969029184,0.4836212030970816,0.0,0.0,0.0,0.0,0.0,,Cancer_Tumor,BRCA
2023_Kumar_Nature_Breast|hbca_c85,0.08870967741935484,0.8629032258064516,0.04838709677419355,0.0,0.0,0.0,0.0,,Control,
2020_Litvinukova_Nature_Heart|HCAHeartST11350194,0.0,0.009853782581055308,0.04656706929434202,0.0,0.9435791481246026,0.0,0.0,,Control,
2022_Gur_Cell_Sceleroderma|GSM5837489_AB8028,0.01834862385321101,0.981651376146789,0.0,0.0,0.0,0.0,0.0,,Control,
BICCN|10X388-2_S3,0.0,0.9090909090909091,0.0,0.0,0.09090909090909091,0.0,0.0,,Control,
2022_Reichart_Science_Heart|BO_H34_RV0_premrna,0.0,0.09473684210526316,0.23735144312393888,0.0,0.6679117147707979,0.0,0.0,,Non-malignant disease,
BICCN|HSB340_1_S1,0.0,0.8934426229508197,0.09836065573770492,0.0,0.00819672131147541,0.0,0.0,,Control,
2023_Kumar_Nature_Breast|hbca_c56,0.3375,0.525,0.1375,0.0,0.0,0.0,0.0,,Control,
2022_Hwang_NatGenet_PDAC|U12_Untreated,0.02857142857142857,0.11428571428571428,0.21428571428571427,0.07142857142857142,0.5714285714285714,0.0,0.0,,Cancer_Tumor,PC
BICCN|10X204-5_S01,0.0,0.584070796460177,0.26548672566371684,0.0,0.1504424778761062,0.0,0.0,,Control,
2020_Litvinukova_Nature_Heart|HCAHeart8102859,0.07504466944609887,0.6033353186420488,0.3216200119118523,0.0,0.0,0.0,0.0,,Control,
2020_Litvinukova_Nature_Heart|HCAHeartST13189997,0.0,0.00834326579261025,0.066746126340882,0.0,0.9249106078665077,0.0,0.0,,Control,
2023_Kumar_Nature_Breast|hbca_c09,0.11320754716981132,0.5283018867924528,0.3584905660377358,0.0,0.0,0.0,0.0,,Control,
2022_Gur_Cell_Sceleroderma|GSM5837526_AB8322,0.7222222222222222,0.19444444444444445,0.08333333333333333,0.0,0.0,0.0,0.0,,Non-malignant disease,
2022_Hwang_NatGenet_PDAC|T18_CRTl,0.047244094488188976,0.8503937007874016,0.031496062992125984,0.0,0.07086614173228346,0.0,0.0,,Cancer_Tumor,PC
2020_Drokhlyansky_Cell_EntericNerve|H1_S4,0.0,0.0,0.0,0.0,1.0,0.0,0.0,,Cancer_AdjNorm,CRC
2022_Nee_NatGenet_Breast|GSM5320153_scRNA_ctrl2,0.729312762973352,0.270687237026648,0.0,0.0,0.0,0.0,0.0,,Control,
2022_Reichart_Science_Heart|BO_H02_LV0_premrna,0.0,0.16573426573426572,0.5468531468531469,0.0,0.2874125874125874,0.0,0.0,,Non-malignant disease,
2020_Litvinukova_Nature_Heart|HCAHeart8102858,0.14111261872455902,0.44097693351424694,0.25780189959294436,0.0,0.16010854816824965,0.0,0.0,,Control,
2022_Zhou_NatGenet_PDAC|HT064P1-S1H9A2A1Z1_1B2_1,0.055,0.87,0.045,0.03,0.0,0.0,0.0,,Cancer_Tumor,PC
2023_Kumar_Nature_Breast|hbca_c94,0.03664921465968586,0.9633507853403142,0.0,0.0,0.0,0.0,0.0,,Control,
2023_Hickey_Nature_Intestine|B005-A-201,0.0,0.0,0.0,0.0,1.0,0.0,0.0,,Control,
2023_Hirz_NatComm_Prostate|GSM5494350_SCG-PCA3-T-LG,0.027842227378190254,0.7865429234338747,0.18561484918793503,0.0,0.0,0.0,0.0,,Cancer_Tumor,PRC
2023_Kumar_Nature_Breast|hbca_c140,0.42226148409893993,0.46996466431095407,0.10777385159010601,0.0,0.0,0.0,0.0,,Control,
2022_Reichart_Science_Heart|BO_H09_LV0_premrna,0.013256006628003313,0.03396851698425849,0.575807787903894,0.0,0.37696768848384427,0.0,0.0,,Non-malignant disease,
2022_Reichart_Science_Heart|BO_H22_LV0_premrna,0.0,0.1231203007518797,0.31390977443609025,0.0,0.5629699248120301,0.0,0.0,,Non-malignant disease,
2022_vanZyl_PNAS_Eye|Hu235IrisPS1,0.0,0.0,0.0,0.0,1.0,0.0,0.0,,Control,
2022_Nee_NatGenet_Breast|GSM5320159_scRNA_ctrl8,0.49119718309859156,0.4278169014084507,0.08098591549295775,0.0,0.0,0.0,0.0,,Control,
2022_Zhou_NatGenet_PDAC|HT064P1-S1H3A2A1Z1_1B2_1,0.021505376344086023,0.6236559139784946,0.053763440860215055,0.3010752688172043,0.0,0.0,0.0,,Cancer_Tumor,PC
2021_Garcia-Alonso_NatGenet_Endometrial|4861STDY7387183,0.031612903225806455,0.516774193548387,0.0,0.0,0.45161290322580644,0.0,0.0,,Control,
2023_Kumar_Nature_Breast|hbca_c151,0.31880733944954126,0.6536697247706422,0.027522935779816515,0.0,0.0,0.0,0.0,,Control,
2023_Kong_Immunity_CD|H197396_N1,0.13131313131313133,0.7373737373737373,0.04040404040404041,0.0,0.09090909090909091,0.0,0.0,,Control,
2022_Nee_NatGenet_Breast|GSM5320168_scRNA_brca6,0.6311787072243346,0.3688212927756654,0.0,0.0,0.0,0.0,0.0,,Control,
2023_Kumar_Nature_Breast|hbca_c80,0.3891213389121339,0.6108786610878661,0.0,0.0,0.0,0.0,0.0,,Control,
2020_Drokhlyansky_Cell_EntericNerve|H1_S9,0.01639344262295082,0.0,0.0,0.0,0.9836065573770492,0.0,0.0,,Cancer_AdjNorm,CRC
2022_TabulaSapiens_Science_TabulaSapiens|TSP7_Tongue_Posterior_10X,0.41379310344827586,0.5862068965517241,0.0,0.0,0.0,0.0,0.0,,Control,
2022_Gur_Cell_Sceleroderma|GSM5837472_AB8011,0.02158273381294964,0.9784172661870504,0.0,0.0,0.0,0.0,0.0,,Control,
2022_Gur_Cell_Sceleroderma|GSM5837343_AB7446,0.7912087912087912,0.2087912087912088,0.0,0.0,0.0,0.0,0.0,,Non-malignant disease,
2022_vanZyl_PNAS_Eye|Pt2CB,0.0,0.0,0.0,0.0,1.0,0.0,0.0,,Control,
2020_Litvinukova_Nature_Heart|HCAHeart7844002,0.17355371900826447,0.5371900826446281,0.10743801652892562,0.0,0.18181818181818182,0.0,0.0,,Control,
2020_Litvinukova_Nature_Heart|HCAHeart7835148,0.0,0.004161331626120359,0.09795134443021766,0.0,0.897887323943662,0.0,0.0,,Control,
2022_Gur_Cell_Sceleroderma|GSM5837125_AB13786,0.175,0.7875,0.0375,0.0,0.0,0.0,0.0,,Non-malignant disease,
2020_Drokhlyansky_Cell_EntericNerve|H10_S55,0.0,0.0,0.0,0.0,1.0,0.0,0.0,,Cancer_AdjNorm,CRC
2023_Wang_SciAdv_CRC|s0813_Liver_Tumor,0.036036036036036036,0.24324324324324326,0.0,0.6306306306306306,0.0,0.0,0.09009009009009009,,Cancer_Metastasis,CRC
2020_Adams_SciAdv_IPF|034I-a,0.21019108280254778,0.18471337579617833,0.0,0.03821656050955414,0.050955414012738856,0.5159235668789809,0.0,,Non-malignant disease,
2022_vanZyl_PNAS_Eye|Hu220235IrisCS1,0.0,0.0,0.0,0.0,1.0,0.0,0.0,,Control,
2022_Reichart_Science_Heart|BO_H27_LV0_premrna,0.0,0.05053598774885146,0.3223583460949464,0.0,0.6271056661562021,0.0,0.0,,Non-malignant disease,
2022_Reichart_Science_Heart|BO_H08_S00_premrna,0.0,0.07139608913142337,0.20600272851296045,0.0,0.7226011823556162,0.0,0.0,,Non-malignant disease,
2020_Litvinukova_Nature_Heart|HCAHeart7880860,0.0,0.0,0.044964028776978415,0.0,0.9550359712230215,0.0,0.0,,Control,
2023_Lake_Nature_Kidney|LDPRE19025,0.024390243902439025,0.9512195121951219,0.0,0.0,0.024390243902439025,0.0,0.0,,Control,
2020_Litvinukova_Nature_Heart|HCAHeart7606896,0.05,0.85,0.1,0.0,0.0,0.0,0.0,,Control,
2021_Wu_NatGenet_Breast|CID4067,0.0,0.7166666666666667,0.23333333333333334,0.05,0.0,0.0,0.0,,Cancer_Tumor,BRCA
2022_Reichart_Science_Heart|BO_H55_RV0_premrna,0.0,0.11330049261083744,0.23645320197044334,0.0,0.6502463054187192,0.0,0.0,,Control,
2023_Kumar_Nature_Breast|hbca_c164,0.23636363636363636,0.7636363636363637,0.0,0.0,0.0,0.0,0.0,,Control,
2023_Kumar_Nature_Breast|hbca_n17,0.2571428571428571,0.22857142857142856,0.1523809523809524,0.0,0.3619047619047619,0.0,0.0,,Control,
2020_Drokhlyansky_Cell_EntericNerve|H10_S46,0.0,0.0,0.0,0.0,1.0,0.0,0.0,,Cancer_AdjNorm,CRC
2023_Kumar_Nature_Breast|hbca_c97,0.2849462365591398,0.6989247311827957,0.0,0.0,0.016129032258064516,0.0,0.0,,Control,
2023_Hirz_NatComm_Prostate|GSM5494343_HP2,0.058823529411764705,0.8627450980392157,0.0784313725490196,0.0,0.0,0.0,0.0,,Control,
2020_Litvinukova_Nature_Heart|HCAHeart7850542,0.041666666666666664,0.5833333333333334,0.2777777777777778,0.0,0.09722222222222222,0.0,0.0,,Control,
2021_Melms_Nature_Lung-COVID19|C53ctr,0.04132231404958678,0.0,0.0,0.0,0.8677685950413223,0.09090909090909091,0.0,,Control,
2022_Reichart_Science_Heart|BO_H80_S00_premrna,0.0,0.03823008849557522,0.16389380530973452,0.0,0.7978761061946903,0.0,0.0,,Non-malignant disease,
2023_Kumar_Nature_Breast|hbca_c117,0.5064695009242144,0.4454713493530499,0.04805914972273567,0.0,0.0,0.0,0.0,,Cancer_Tumor,BRCA
2020_Drokhlyansky_Cell_EntericNerve|H1_S5,0.0,0.0,0.0,0.0,1.0,0.0,0.0,,Cancer_AdjNorm,CRC
2022_Reichart_Science_Heart|ED_DS3_LV0_premrna,0.0,0.1518716577540107,0.6556149732620321,0.0,0.1925133689839572,0.0,0.0,,Non-malignant disease,
2020_Litvinukova_Nature_Heart|HCAHeart7985089,0.0,0.0,0.04358974358974359,0.0,0.9564102564102565,0.0,0.0,,Control,
2020_Litvinukova_Nature_Heart|HCAHeart7985088,0.0,0.028077753779697623,0.16630669546436286,0.0,0.8056155507559395,0.0,0.0,,Control,
2023_Kong_Immunity_CD|N130064_N2,0.005154639175257732,0.8814432989690721,0.0,0.0,0.1134020618556701,0.0,0.0,,Non-malignant disease,
2022_Emont_Nature_WAT|Hs_OAT_266-1,0.2549019607843137,0.45098039215686275,0.29411764705882354,0.0,0.0,0.0,0.0,,Control,
ROSMAP|191213-B7-A_Broad_S1,0.0,0.6714285714285714,0.014285714285714285,0.0,0.3142857142857143,0.0,0.0,,Control,
2023_Kumar_Nature_Breast|hbca_c33,0.7457627118644068,0.2542372881355932,0.0,0.0,0.0,0.0,0.0,,Cancer_Tumor,BRCA
2022_TabulaSapiens_Science_TabulaSapiens|TSP4_Mammary_nan_10X,0.42063492063492064,0.5,0.07936507936507936,0.0,0.0,0.0,0.0,,Control,
2022_Reichart_Science_Heart|BO_H37_S00_premrna,0.0046449900464499,0.0497677504976775,0.1479761114797611,0.0,0.7976111479761114,0.0,0.0,,Non-malignant disease,
2023_Hirz_NatComm_Prostate|GSM5494358_SCG-PCA7-T-HG,0.1044776119402985,0.8059701492537313,0.08955223880597014,0.0,0.0,0.0,0.0,,Cancer_Tumor,PRC
2022_vanZyl_PNAS_Eye|Hu220OSCB,0.0,0.0,0.005408653846153846,0.0,0.9945913461538461,0.0,0.0,,Control,
2022_Reichart_Science_Heart|BO_H09_RV0_premrna,0.018376722817764167,0.10719754977029096,0.55895865237366,0.0,0.31546707503828486,0.0,0.0,,Non-malignant disease,
2022_Reichart_Science_Heart|BO_H59_LV0_premrna,0.0,0.09149484536082474,0.3427835051546392,0.0,0.5657216494845361,0.0,0.0,,Non-malignant disease,
2023_Monavarfeshani_PNAS_Eye|Pt13Cho,0.25,0.2875,0.05,0.0,0.4125,0.0,0.0,,Control,
2022_Reichart_Science_Heart|BO_H31_RVW_premrna,0.0,0.053401609363569864,0.13825896122896855,0.0,0.8083394294074616,0.0,0.0,,Non-malignant disease,
2020_Litvinukova_Nature_Heart|HCAHeart7745967,0.0,0.34328358208955223,0.6567164179104478,0.0,0.0,0.0,0.0,,Control,
2023_Monavarfeshani_PNAS_Eye|Pt8PPS,0.15083798882681565,0.7541899441340782,0.0,0.0,0.09497206703910614,0.0,0.0,,Control,
2022_Reichart_Science_Heart|BO_H12_RV0_premrna,0.0,0.03471941865159467,0.21921679450948728,0.0,0.746063786838918,0.0,0.0,,Non-malignant disease,
2023_Hickey_Nature_Intestine|B010-A-002,0.12658227848101267,0.13924050632911392,0.0379746835443038,0.0,0.6962025316455697,0.0,0.0,,Control,
2023_Hickey_Nature_Intestine|B008-A-301,0.08737864077669903,0.0,0.02912621359223301,0.0,0.883495145631068,0.0,0.0,,Control,
2022_vanZyl_PNAS_Eye|Hu218OSTM,0.0,0.0,0.008924776880577986,0.0,0.991075223119422,0.0,0.0,,Control,
2022_Reichart_Science_Heart|BO_H40_S00_premrna,0.0,0.09736842105263158,0.24736842105263157,0.0,0.6552631578947369,0.0,0.0,,Non-malignant disease,
2022_TabulaSapiens_Science_TabulaSapiens|TSP10_Skin_nan_10X,0.7014925373134329,0.29850746268656714,0.0,0.0,0.0,0.0,0.0,,Control,
2022_Gur_Cell_Sceleroderma|GSM5837396_AB7703,0.8461538461538461,0.1346153846153846,0.019230769230769232,0.0,0.0,0.0,0.0,,Non-malignant disease,
2023_Fonseca_NatGenet_Endometriosis|sample29,0.2337962962962963,0.7129629629629629,0.018518518518518517,0.011574074074074073,0.023148148148148147,0.0,0.0,,Non-malignant disease,
2023_Hirz_NatComm_Prostate|GSM5494360_SCG-PCA9-T-LG,0.025423728813559324,0.8305084745762712,0.1440677966101695,0.0,0.0,0.0,0.0,,Cancer_Tumor,PRC
2022_Reichart_Science_Heart|BS_DP2_LV0_premrna,0.023976023976023976,0.21078921078921078,0.4205794205794206,0.0,0.34465534465534464,0.0,0.0,,Non-malignant disease,
2021_Pelka_Cell_CRC|C162_T_0_0_0_c2_v2,0.20967741935483872,0.4838709677419355,0.0967741935483871,0.1774193548387097,0.03225806451612903,0.0,0.0,,Cancer_Tumor,CRC
2020_Litvinukova_Nature_Heart|HCAHeartST11350196,0.0,0.0,0.027613412228796843,0.0,0.9723865877712031,0.0,0.0,,Control,
2022_Reichart_Science_Heart|BO_H10_RV0_premrna,0.014402003757044458,0.07639323731997495,0.38697557921102066,0.0,0.5222291797119599,0.0,0.0,,Non-malignant disease,
Xie2021|R1_TP,0.0,0.979381443298969,0.010309278350515464,0.0,0.010309278350515464,0.0,0.0,,Control,
2023_Fonseca_NatGenet_Endometriosis|sample12,0.04838709677419355,0.28225806451612906,0.04838709677419355,0.0,0.6209677419354839,0.0,0.0,,Non-malignant disease,
2023_Hickey_Nature_Intestine|B005-A-002,0.039473684210526314,0.0,0.0,0.0,0.9605263157894737,0.0,0.0,,Control,
2020_Drokhlyansky_Cell_EntericNerve|H5_S29,0.0,0.0,0.0,0.0,1.0,0.0,0.0,,Cancer_AdjNorm,CRC
2022_Reichart_Science_Heart|BO_H26_LV0_premrna,0.0,0.03254132231404959,0.07747933884297521,0.0,0.8899793388429752,0.0,0.0,,Non-malignant disease,
2022_Reichart_Science_Heart|BO_H19_LV0_premrna,0.0,0.0866783013379872,0.5037812681791739,0.0,0.40954043048283884,0.0,0.0,,Non-malignant disease,
2022_Reichart_Science_Heart|BO_H35_S0N_premrna,0.0,0.07648494711147275,0.5174938974776241,0.0,0.40602115541090317,0.0,0.0,,Non-malignant disease,
2020_Litvinukova_Nature_Heart|HCAHeart7985087,0.0,0.013008130081300813,0.14471544715447154,0.0,0.8422764227642277,0.0,0.0,,Control,
2023_Lake_Nature_Kidney|KB8,0.0,0.12048192771084337,0.0,0.0,0.8795180722891566,0.0,0.0,,Non-malignant disease,
2023_Kong_Immunity_CD|H197396_N3,0.10126582278481013,0.4240506329113924,0.0759493670886076,0.0,0.3987341772151899,0.0,0.0,,Control,
2022_Reichart_Science_Heart|BO_H02_S00_premrna,0.0,0.1322314049586777,0.5734265734265734,0.0,0.29434202161474887,0.0,0.0,,Non-malignant disease,
2023_Kumar_Nature_Breast|hbca_c119,0.27901234567901234,0.662962962962963,0.05802469135802469,0.0,0.0,0.0,0.0,,Control,
2023_Kumar_Nature_Breast|hbca_c44,0.40963855421686746,0.5903614457831325,0.0,0.0,0.0,0.0,0.0,,Cancer_Tumor,BRCA
2022_Nee_NatGenet_Breast|GSM5320158_scRNA_ctrl7,0.7096774193548387,0.2857142857142857,0.004608294930875576,0.0,0.0,0.0,0.0,,Control,
2020_Litvinukova_Nature_Heart|HCAHeart7888925,0.0,0.0,0.10316742081447963,0.0,0.8968325791855204,0.0,0.0,,Control,
2020_Drokhlyansky_Cell_EntericNerve|H2_S12,0.0,0.0,0.0,0.0,1.0,0.0,0.0,,Cancer_AdjNorm,CRC
2023_Fonseca_NatGenet_Endometriosis|sample38,0.1689291101055807,0.803921568627451,0.027149321266968326,0.0,0.0,0.0,0.0,,Non-malignant disease,
2022_Reichart_Science_Heart|BO_H16_LV0_premrna,0.0,0.05695963787250094,0.22557525462089778,0.0,0.7174651075066013,0.0,0.0,,Non-malignant disease,
2023_Kong_Immunity_CD|I130064_N3,0.0,0.9753694581280788,0.0,0.0,0.024630541871921183,0.0,0.0,,Non-malignant disease,
2020_Litvinukova_Nature_Heart|HCAHeart8287128,0.0,0.04037854889589906,0.14384858044164037,0.0,0.8157728706624605,0.0,0.0,,Control,
2021_Chan_CancerCell_SCLC|RU1128,0.2876712328767123,0.0821917808219178,0.0,0.0,0.1506849315068493,0.4794520547945205,0.0,,Cancer_Tumor,NSCLC
2023_Fonseca_NatGenet_Endometriosis|sample22,0.5869565217391305,0.15217391304347827,0.2608695652173913,0.0,0.0,0.0,0.0,,Non-malignant disease,
2022_Reichart_Science_Heart|BO_H35_RV0_premrna,0.0,0.06332905434317501,0.34959349593495936,0.0,0.5870774497218656,0.0,0.0,,Non-malignant disease,
2022_Zhou_NatGenet_PDAC|HT061P1-S1PCA1A1Z1_1B2_1,0.009900990099009901,0.6336633663366337,0.0,0.18811881188118812,0.16831683168316833,0.0,0.0,,Cancer_Tumor,PC
2022_Reichart_Science_Heart|BO_H13_LV0_premrna,0.009410801963993453,0.05319148936170213,0.25777414075286414,0.0,0.6796235679214403,0.0,0.0,,Non-malignant disease,
2023_Fonseca_NatGenet_Endometriosis|sample20,0.26595744680851063,0.7021276595744681,0.0,0.0,0.031914893617021274,0.0,0.0,,Non-malignant disease,
2020_Adams_SciAdv_IPF|022I,0.29523809523809524,0.29523809523809524,0.05714285714285714,0.0,0.11428571428571428,0.23809523809523808,0.0,,Non-malignant disease,
2020_Litvinukova_Nature_Heart|HCAHeartST13146206,0.0345679012345679,0.04197530864197531,0.17037037037037037,0.0,0.7530864197530864,0.0,0.0,,Control,
2023_Kong_Immunity_CD|N166301_N2,0.0,0.8275862068965517,0.1724137931034483,0.0,0.0,0.0,0.0,,Non-malignant disease,
2020_Drokhlyansky_Cell_EntericNerve|H3_S34,0.0,0.0,0.0,0.0,1.0,0.0,0.0,,Cancer_AdjNorm,CRC
2020_Litvinukova_Nature_Heart|HCAHeart7702875,0.0,0.026215182960131075,0.2577826324412889,0.0,0.71600218459858,0.0,0.0,,Control,
2022_Gur_Cell_Sceleroderma|GSM5837297_AB7212,0.18181818181818182,0.7878787878787878,0.030303030303030304,0.0,0.0,0.0,0.0,,Non-malignant disease,
2021_Garcia-Alonso_NatGenet_Endometrial|4861STDY7387182,0.0,0.35877862595419846,0.0,0.2900763358778626,0.3511450381679389,0.0,0.0,,Control,
2022_Kumar_CancerDis_Gastric|GSM5573494_sample29,0.0,0.3230769230769231,0.0,0.676923076923077,0.0,0.0,0.0,,Cancer_AdjNorm,GC
2020_Litvinukova_Nature_Heart|HCAHeartST13146203,0.008,0.008,0.136,0.0,0.848,0.0,0.0,,Control,
2022_Reichart_Science_Heart|BO_H46_LV0_R2_premrna,0.0,0.02849441663457836,0.24913361571043513,0.0,0.7223719676549866,0.0,0.0,,Control,
2023_Kumar_Nature_Breast|hbca_c32,0.4145758661887694,0.5854241338112306,0.0,0.0,0.0,0.0,0.0,,Control,
2020_Litvinukova_Nature_Heart|HCAHeart7836681,0.0,0.028169014084507043,0.13421706710853357,0.0,0.8376139188069595,0.0,0.0,,Control,
2023_Kumar_Nature_Breast|hbca_c46,0.5209003215434084,0.44855305466237944,0.03054662379421222,0.0,0.0,0.0,0.0,,Cancer_Tumor,BRCA
2021_Wu_NatGenet_Breast|CID4040,0.12169312169312169,0.47619047619047616,0.026455026455026454,0.15608465608465608,0.0,0.0,0.21957671957671956,,Cancer_Tumor,BRCA
2022_Reichart_Science_Heart|BO_H13_S00_premrna,0.014519056261343012,0.09195402298850575,0.46098003629764067,0.0,0.4325468844525106,0.0,0.0,,Non-malignant disease,
2020_Litvinukova_Nature_Heart|HCAHeart7850549,0.04054054054054054,0.7207207207207207,0.23873873873873874,0.0,0.0,0.0,0.0,,Control,
2022_Emont_Nature_WAT|Hs_SAT_256-1,0.14864864864864866,0.7905405405405406,0.060810810810810814,0.0,0.0,0.0,0.0,,Control,
2023_Hickey_Nature_Intestine|B001-A-501,0.0,0.0,0.0022354694485842027,0.0,0.9977645305514158,0.0,0.0,,Control,
2022_Reichart_Science_Heart|BO_H44_LV0_premrna,0.05128205128205128,0.02564102564102564,0.43162393162393164,0.0,0.49145299145299143,0.0,0.0,,Non-malignant disease,
2022_Hwang_NatGenet_PDAC|T6_CRT,0.0,0.0,0.014370245139475908,0.0,0.9856297548605241,0.0,0.0,,Cancer_Tumor,PC
2020_Litvinukova_Nature_Heart|HCAHeartST10773170,0.024838012958963283,0.0,0.09503239740820735,0.0,0.8801295896328294,0.0,0.0,,Control,
2023_Kumar_Nature_Breast|hbca_c110,0.37112010796221323,0.5263157894736842,0.10256410256410256,0.0,0.0,0.0,0.0,,Control,
2023_Kumar_Nature_Breast|hbca_c135,0.44680851063829785,0.5531914893617021,0.0,0.0,0.0,0.0,0.0,,Control,
2022_Zhou_NatGenet_PDAC|TWCE-HT060P1-S1PAA1A1Z1B1,0.14042553191489363,0.42127659574468085,0.26382978723404255,0.14893617021276595,0.02553191489361702,0.0,0.0,,Cancer_Tumor,PC
2022_TabulaSapiens_Science_TabulaSapiens|TSP2_Thymus_nan_smartseq2,0.1276595744680851,0.8368794326241135,0.03546099290780142,0.0,0.0,0.0,0.0,,Control,
2023_Hirz_NatComm_Prostate|GSM5494347_SCG-PCA21-N-LG,0.23728813559322035,0.4406779661016949,0.3220338983050847,0.0,0.0,0.0,0.0,,Cancer_AdjNorm,PRC
2020_Litvinukova_Nature_Heart|HCAHeart7905329,0.08,0.5,0.3333333333333333,0.0,0.08666666666666667,0.0,0.0,,Control,
2023_Kumar_Nature_Breast|hbca_c73,0.06486486486486487,0.8324324324324325,0.10270270270270271,0.0,0.0,0.0,0.0,,Control,
2023_Kumar_Nature_Breast|hbca_c88,0.08053691275167785,0.8624161073825504,0.05704697986577181,0.0,0.0,0.0,0.0,,Control,
2020_Drokhlyansky_Cell_EntericNerve|H14_S61,0.0,0.010055304172951232,0.0,0.0,0.9899446958270488,0.0,0.0,,Cancer_AdjNorm,CRC
2020_Litvinukova_Nature_Heart|HCAHeart7702874,0.0,0.023428571428571427,0.25142857142857145,0.0,0.7251428571428571,0.0,0.0,,Control,
2020_Litvinukova_Nature_Heart|HCAHeart7702879,0.0,0.040787623066104076,0.09282700421940929,0.0,0.8663853727144867,0.0,0.0,,Control,
BICCN|HSB340_2_S1,0.0,0.7640449438202247,0.15730337078651685,0.0,0.07865168539325842,0.0,0.0,,Control,
2023_Kumar_Nature_Breast|hbca_c87,0.20491803278688525,0.7663934426229508,0.028688524590163935,0.0,0.0,0.0,0.0,,Control,
2022_Reichart_Science_Heart|BO_H20_RV0_premrna,0.0,0.08480413258717176,0.3336203185535945,0.0,0.5815755488592338,0.0,0.0,,Non-malignant disease,
2021_Wu_NatGenet_Breast|CID4495,0.0,0.0673076923076923,0.10576923076923077,0.0,0.0,0.0,0.8269230769230769,,Cancer_Tumor,BRCA
2023_Kumar_Nature_Breast|hbca_c144,0.3827751196172249,0.6172248803827751,0.0,0.0,0.0,0.0,0.0,,Control,
2023_Kumar_Nature_Breast|hbca_c10,0.4117647058823529,0.5882352941176471,0.0,0.0,0.0,0.0,0.0,,Control,
2023_Kumar_Nature_Breast|hbca_c155,0.18798283261802576,0.8120171673819743,0.0,0.0,0.0,0.0,0.0,,Cancer_Tumor,BRCA
2020_Litvinukova_Nature_Heart|HCAHeart7702878,0.0,0.03426791277258567,0.06230529595015576,0.0,0.9034267912772586,0.0,0.0,,Control,
2022_Madissoon_NatGenet_Lung|WTDAtest7732267,0.0970873786407767,0.11650485436893204,0.07766990291262135,0.0,0.32038834951456313,0.3883495145631068,0.0,,Control,
2022_Zhou_NatGenet_PDAC|HT061P1-S1R1A1A1Z1_B2_1,0.2457627118644068,0.6949152542372882,0.059322033898305086,0.0,0.0,0.0,0.0,,Cancer_Tumor,PC
2022_Reichart_Science_Heart|BO_H24_S00_premrna,0.01813110181311018,0.0397489539748954,0.25313807531380755,0.0,0.6889818688981869,0.0,0.0,,Non-malignant disease,
2021_Pal_EMBO_Breast|GSM4909270_N-PM0342-Total,0.35098522167487683,0.6490147783251231,0.0,0.0,0.0,0.0,0.0,,Control,
2022_TabulaSapiens_Science_TabulaSapiens|TSP8_Prostate_nan_10X,0.16,0.84,0.0,0.0,0.0,0.0,0.0,,Control,
2023_Hirz_NatComm_Prostate|GSM5494365_SCG-PCA12-T-LG,0.14857142857142858,0.7485714285714286,0.10285714285714286,0.0,0.0,0.0,0.0,,Cancer_Tumor,PRC
2022_TabulaSapiens_Science_TabulaSapiens|TSP12_Heart_Atria_10X,0.0,0.03520390379923318,0.014987800627396306,0.0,0.9498082955733705,0.0,0.0,,Control,
2022_Reichart_Science_Heart|BO_H41_LV0_premrna,0.0,0.028476506881822496,0.2097769340294257,0.0,0.7617465590887518,0.0,0.0,,Non-malignant disease,
2020_Litvinukova_Nature_Heart|HCAHeart7850543,0.06140350877192982,0.40350877192982454,0.49122807017543857,0.0,0.043859649122807015,0.0,0.0,,Control,
2022_Kumar_CancerDis_Gastric|GSM5573468_sample3,0.03571428571428571,0.08928571428571429,0.05357142857142857,0.75,0.07142857142857142,0.0,0.0,,Cancer_Tumor,GC
2020_Litvinukova_Nature_Heart|HCAHeart9845433,0.0,0.005359394703656999,0.04129886506935687,0.0,0.9533417402269861,0.0,0.0,,Control,
2020_Litvinukova_Nature_Heart|HCAHeart7702881,0.0,0.006944444444444444,0.2601851851851852,0.0,0.7328703703703704,0.0,0.0,,Control,
2022_Reichart_Science_Heart|BO_H08_LV1_premrna,0.0,0.04009936124911285,0.25798438608942514,0.0,0.7019162526614621,0.0,0.0,,Non-malignant disease,
2020_Litvinukova_Nature_Heart|HCAHeart7702876,0.0,0.03894839337877313,0.4196689386562804,0.0,0.5413826679649465,0.0,0.0,,Control,
2021_Pal_EMBO_Breast|GSM4909288_TN-B1-MH0177,0.012048192771084338,0.4939759036144578,0.03614457831325301,0.27710843373493976,0.0,0.0,0.18072289156626506,,Cancer_Tumor,BRCA
2023_Hickey_Nature_Intestine|B011-A-405,0.0,0.0,0.0,0.0,1.0,0.0,0.0,,Control,
2022_Reichart_Science_Heart|BO_H02_RV0_premrna,0.007847533632286996,0.13228699551569506,0.242152466367713,0.0,0.6177130044843049,0.0,0.0,,Non-malignant disease,
2022_Reichart_Science_Heart|BO_H74_LV0_premrna,0.0076077768385460695,0.11834319526627218,0.4243448858833474,0.0,0.44970414201183434,0.0,0.0,,Non-malignant disease,
2022_TabulaSapiens_Science_TabulaSapiens|TSP14_Muscle_Abdomen_10X,0.1330049261083744,0.4876847290640394,0.3793103448275862,0.0,0.0,0.0,0.0,,Control,
2022_Reichart_Science_Heart|BO_H08_LV0_premrna,0.0,0.04190377651319193,0.21469218830832903,0.0,0.7434040351784791,0.0,0.0,,Non-malignant disease,
2022_Emont_Nature_WAT|Hs_OAT_254-1,0.18604651162790697,0.3521594684385382,0.46179401993355484,0.0,0.0,0.0,0.0,,Control,
2023_Hickey_Nature_Intestine|B005-A-101,0.0150093808630394,0.0,0.0,0.0,0.9849906191369606,0.0,0.0,,Control,
2022_Gur_Cell_Sceleroderma|GSM5837319_AB7280,0.5612244897959183,0.41836734693877553,0.02040816326530612,0.0,0.0,0.0,0.0,,Control,
2022_Gur_Cell_Sceleroderma|GSM5837361_AB7464,0.21649484536082475,0.6185567010309279,0.16494845360824742,0.0,0.0,0.0,0.0,,Non-malignant disease,
2020_Litvinukova_Nature_Heart|HCAHeart8102862,0.09753787878787878,0.375,0.5274621212121212,0.0,0.0,0.0,0.0,,Control,
2023_Kong_Immunity_CD|N130084_L,0.3888888888888889,0.2037037037037037,0.12962962962962962,0.0,0.2777777777777778,0.0,0.0,,Non-malignant disease,
2022_TabulaSapiens_Science_TabulaSapiens|TSP2_Thymus_nan_10X,0.15425531914893617,0.6382978723404256,0.13829787234042554,0.0,0.06914893617021277,0.0,0.0,,Control,
2023_Kumar_Nature_Breast|hbca_c37,0.5200698080279232,0.4799301919720768,0.0,0.0,0.0,0.0,0.0,,Cancer_Tumor,BRCA
2023_Kong_Immunity_CD|H158108_N3,0.17886178861788618,0.2682926829268293,0.08130081300813008,0.0,0.4715447154471545,0.0,0.0,,Control,
2020_Drokhlyansky_Cell_EntericNerve|H4_S26,0.0,0.0,0.0,0.0,1.0,0.0,0.0,,Cancer_AdjNorm,CRC
2020_Litvinukova_Nature_Heart|HCAHeart7888926,0.0,0.016783216783216783,0.06293706293706294,0.0,0.9202797202797203,0.0,0.0,,Control,
2022_Gur_Cell_Sceleroderma|GSM5837355_AB7458,0.75,0.21875,0.03125,0.0,0.0,0.0,0.0,,Non-malignant disease,
2023_Kumar_Nature_Breast|hbca_c127,0.4457193292144748,0.5401588702559577,0.01412180052956752,0.0,0.0,0.0,0.0,,Control,
2023_Hickey_Nature_Intestine|B008-A-201,0.01750380517503805,0.0167427701674277,0.0,0.0,0.9657534246575342,0.0,0.0,,Control,
BICCN|10X389-4_S7,0.0392156862745098,0.6862745098039216,0.23529411764705882,0.0,0.0392156862745098,0.0,0.0,,Control,
2020_Litvinukova_Nature_Heart|HCAHeart8287124,0.0,0.0,0.15819209039548024,0.0,0.8418079096045198,0.0,0.0,,Control,
2021_Wu_NatGenet_Breast|CID4465,0.01680672268907563,0.9159663865546218,0.03361344537815126,0.03361344537815126,0.0,0.0,0.0,,Cancer_Tumor,BRCA
2020_Litvinukova_Nature_Heart|HCAHeart7888924,0.0,0.0,0.10337698139214335,0.0,0.8966230186078566,0.0,0.0,,Control,
2023_Hickey_Nature_Intestine|B004-A-204,0.0,0.11578947368421053,0.0,0.0,0.8842105263157894,0.0,0.0,,Control,
2023_Hirz_NatComm_Prostate|GSM5494370_SCG-PCA17-N-LG,0.04285714285714286,0.8857142857142857,0.07142857142857142,0.0,0.0,0.0,0.0,,Cancer_AdjNorm,PRC
2020_Drokhlyansky_Cell_EntericNerve|H7_S41,0.0,0.0,0.0,0.0,1.0,0.0,0.0,,Cancer_AdjNorm,CRC
2023_Kumar_Nature_Breast|hbca_c139,0.3884943181818182,0.6015625,0.009943181818181818,0.0,0.0,0.0,0.0,,Control,
BICCN|10X362-5_S13,0.0,0.9375,0.0,0.0,0.0625,0.0,0.0,,Control,
2021_Elmentaite_Nature_Intestine|Human_colon_16S8000511,0.13333333333333333,0.7166666666666667,0.0,0.0,0.15,0.0,0.0,,Control,
2022_Reichart_Science_Heart|BO_H79_RV0_premrna,0.0,0.024721878862793572,0.0865265760197775,0.0,0.8887515451174289,0.0,0.0,,Non-malignant disease,
2022_Gur_Cell_Sceleroderma|GSM5837491_AB8030,0.9867549668874173,0.013245033112582781,0.0,0.0,0.0,0.0,0.0,,Non-malignant disease,
2022_Hwang_NatGenet_PDAC|T8_CRT,0.2542372881355932,0.3728813559322034,0.0,0.0,0.3728813559322034,0.0,0.0,,Cancer_Tumor,PC
2021_Pelka_Cell_CRC|C157_T_0_0_0_c1_v3,0.07766990291262135,0.4174757281553398,0.019417475728155338,0.17475728155339806,0.3106796116504854,0.0,0.0,,Cancer_Tumor,CRC
2022_Nee_NatGenet_Breast|GSM5320161_scRNA_ctrl10,0.6552380952380953,0.34476190476190477,0.0,0.0,0.0,0.0,0.0,,Control,
2023_Kumar_Nature_Breast|hbca_c77,0.14516129032258066,0.7983870967741935,0.056451612903225805,0.0,0.0,0.0,0.0,,Control,
2022_vanZyl_PNAS_Eye|Hu220OSCSWS2,0.02030456852791878,0.017766497461928935,0.0,0.0,0.9619289340101523,0.0,0.0,,Control,
2021_Pal_EMBO_Breast|GSM4909279_B1-MH0023,0.03505154639175258,0.9649484536082474,0.0,0.0,0.0,0.0,0.0,,Non-malignant disease,
2022_TabulaSapiens_Science_TabulaSapiens|TSP15_Eye_Sclera-etc_10X,0.10666666666666667,0.7333333333333333,0.09333333333333334,0.0,0.06666666666666667,0.0,0.0,,Control,
2023_Kumar_Nature_Breast|hbca_c112,0.23232323232323232,0.7575757575757576,0.010101010101010102,0.0,0.0,0.0,0.0,,Cancer_Tumor,BRCA
2022_Reichart_Science_Heart|BO_H56_LV0_premrna,0.0,0.07926829268292683,0.4425087108013937,0.0,0.47822299651567945,0.0,0.0,,Non-malignant disease,
2022_Reichart_Science_Heart|BO_H53_S00_premrna,0.0,0.016708860759493672,0.17164556962025315,0.0,0.8116455696202531,0.0,0.0,,Control,
2022_Reichart_Science_Heart|BO_H08_RV0_premrna,0.04177545691906005,0.27676240208877284,0.2845953002610966,0.0,0.3968668407310705,0.0,0.0,,Non-malignant disease,
BICCN|HSB340_4_S1,0.00847457627118644,0.8813559322033898,0.059322033898305086,0.0,0.05084745762711865,0.0,0.0,,Control,
2020_Litvinukova_Nature_Heart|HCAHeart7664654,0.0,0.0,0.2015810276679842,0.0,0.7984189723320159,0.0,0.0,,Control,
2023_Kumar_Nature_Breast|hbca_c148,0.5992217898832685,0.40077821011673154,0.0,0.0,0.0,0.0,0.0,,Control,
2020_Drokhlyansky_Cell_EntericNerve|H1_S7,0.0,0.0,0.0,0.0,1.0,0.0,0.0,,Cancer_AdjNorm,CRC
2023_Fonseca_NatGenet_Endometriosis|sample43,0.09302325581395349,0.9069767441860465,0.0,0.0,0.0,0.0,0.0,,Non-malignant disease,
2023_Kumar_Nature_Breast|hbca_c55,0.26119402985074625,0.5970149253731343,0.1417910447761194,0.0,0.0,0.0,0.0,,Control,
2020_Park_Science_Thymus|WSSS8062669,0.3584905660377358,0.5849056603773585,0.03773584905660377,0.0,0.0,0.0,0.018867924528301886,,Control,
2020_Litvinukova_Nature_Heart|HCAHeart9845431,0.0,0.00720675944333996,0.11928429423459244,0.0,0.8735089463220675,0.0,0.0,,Control,
2023_Hirz_NatComm_Prostate|GSM5494375_SCG-PCA19-T-HG,0.09411764705882353,0.9058823529411765,0.0,0.0,0.0,0.0,0.0,,Cancer_Tumor,PRC
2022_Reichart_Science_Heart|BO_H28_LV0_premrna,0.0,0.03861386138613861,0.19603960396039605,0.0,0.7653465346534654,0.0,0.0,,Non-malignant disease,
2020_Habermann_SciAdv_Lung-COVID19|GSM5226574_C51ctr,0.018518518518518517,0.0,0.0,0.0,0.6296296296296297,0.35185185185185186,0.0,,Control,
2023_Kumar_Nature_Breast|hbca_c03,0.0,0.35294117647058826,0.6470588235294118,0.0,0.0,0.0,0.0,,Cancer_Tumor,BRCA
2022_Madissoon_NatGenet_Lung|WSSS_A_LNG8757927,0.11196911196911197,0.08494208494208494,0.03088803088803089,0.0,0.7722007722007722,0.0,0.0,,Control,
2023_Hirz_NatComm_Prostate|GSM5494380_SCG-PCA24-N-CplusD,0.29842931937172773,0.5549738219895288,0.13089005235602094,0.0,0.015706806282722512,0.0,0.0,,Cancer_AdjNorm,PRC
2023_Kumar_Nature_Breast|hbca_c125,0.12574850299401197,0.8203592814371258,0.05389221556886228,0.0,0.0,0.0,0.0,,Control,
2020_Litvinukova_Nature_Heart|HCAHeart7905330,0.09448818897637795,0.7559055118110236,0.14960629921259844,0.0,0.0,0.0,0.0,,Control,
2023_Hickey_Nature_Intestine|B004-A-008,0.0,0.0,0.010586319218241042,0.0,0.989413680781759,0.0,0.0,,Control,
2021_Wu_NatGenet_Breast|CID4398,0.2318840579710145,0.7536231884057971,0.014492753623188406,0.0,0.0,0.0,0.0,,Cancer_Tumor,BRCA
2023_Hickey_Nature_Intestine|B011-A-101,0.0,0.0,0.0,0.0,1.0,0.0,0.0,,Control,
2020_Litvinukova_Nature_Heart|HCAHeart7698016,0.0,0.0,0.17204301075268819,0.0,0.8279569892473119,0.0,0.0,,Control,
2022_vanZyl_PNAS_Eye|Hu216OSTMS2,0.0,0.0,0.011865035224323322,0.0,0.9881349647756766,0.0,0.0,,Control,
2020_Litvinukova_Nature_Heart|HCAHeart7728606,0.0,0.4878048780487805,0.47804878048780486,0.0,0.03414634146341464,0.0,0.0,,Control,
2021_Pal_EMBO_Breast|GSM4909276_N-PM0372-Total,0.21348314606741572,0.7865168539325843,0.0,0.0,0.0,0.0,0.0,,Control,
2020_Litvinukova_Nature_Heart|HCAHeart7698015,0.0,0.0,0.09773123909249563,0.0,0.9022687609075044,0.0,0.0,,Control,
2022_Gur_Cell_Sceleroderma|GSM5837170_AB13837,0.0,1.0,0.0,0.0,0.0,0.0,0.0,,Non-malignant disease,
2023_Kumar_Nature_Breast|hbca_c146,0.341130604288499,0.6588693957115009,0.0,0.0,0.0,0.0,0.0,,Control,
2022_Kumar_CancerDis_Gastric|GSM5573489_sample24,0.0,0.0,0.017699115044247787,0.9823008849557522,0.0,0.0,0.0,,Cancer_Tumor,GC
2020_Litvinukova_Nature_Heart|HCAHeart7964513,0.0,0.012145748987854251,0.3214574898785425,0.0,0.6663967611336032,0.0,0.0,,Control,
2023_Kumar_Nature_Breast|hbca_c167,0.11949685534591195,0.8805031446540881,0.0,0.0,0.0,0.0,0.0,,Control,
2022_vanZyl_PNAS_Eye|Hu235IrisPS2,0.0,0.0,0.0,0.0,1.0,0.0,0.0,,Control,
2021_Pelka_Cell_CRC|C170_T_0_0_0_c1_v3,0.16666666666666666,0.08333333333333333,0.09722222222222222,0.4444444444444444,0.20833333333333334,0.0,0.0,,Cancer_Tumor,CRC
2023_Kumar_Nature_Breast|hbca_c81,0.27233115468409586,0.6666666666666666,0.06100217864923747,0.0,0.0,0.0,0.0,,Control,
2020_Litvinukova_Nature_Heart|HCAHeart8102868,0.1144578313253012,0.552710843373494,0.3328313253012048,0.0,0.0,0.0,0.0,,Control,
2022_Gur_Cell_Sceleroderma|GSM5837524_AB8320,0.6538461538461539,0.2692307692307692,0.07692307692307693,0.0,0.0,0.0,0.0,,Non-malignant disease,
2023_Kong_Immunity_CD|H197396_N2,0.1724137931034483,0.4,0.04827586206896552,0.0,0.3793103448275862,0.0,0.0,,Control,
2022_vanZyl_PNAS_Eye|Hu216CiliaryBody,0.0,0.0,0.015424164524421594,0.0,0.9845758354755784,0.0,0.0,,Control,
2022_Reichart_Science_Heart|BO_H49_RV0_premrna,0.005870020964360587,0.028092243186582808,0.16519916142557653,0.0,0.80083857442348,0.0,0.0,,Control,
2023_Kumar_Nature_Breast|hbca_c39,0.703601108033241,0.296398891966759,0.0,0.0,0.0,0.0,0.0,,Cancer_Tumor,BRCA
2022_Reichart_Science_Heart|BO_H13_RV0_premrna,0.04455106237148732,0.08430431802604524,0.42152159013022616,0.0,0.44962302947224125,0.0,0.0,,Non-malignant disease,
2022_Nee_NatGenet_Breast|GSM5320162_scRNA_ctrl11,0.6759776536312849,0.29608938547486036,0.027932960893854747,0.0,0.0,0.0,0.0,,Control,
2020_Litvinukova_Nature_Heart|HCAHeart7829976,0.0,0.04107292539815591,0.04610226320201174,0.0,0.9128248113998324,0.0,0.0,,Control,
BICCN|HSB340_3_S1,0.0,0.7254901960784313,0.13725490196078433,0.0,0.13725490196078433,0.0,0.0,,Control,
2022_TabulaSapiens_Science_TabulaSapiens|TSP1_Muscle_nan_smartseq2,0.16494845360824742,0.5979381443298969,0.23711340206185566,0.0,0.0,0.0,0.0,,Control,
2022_Zhou_NatGenet_PDAC|HT056P-S1R1A1,0.06206896551724138,0.5379310344827586,0.10344827586206896,0.1103448275862069,0.18620689655172415,0.0,0.0,,Cancer_Tumor,PC
2022_Reichart_Science_Heart|BO_H42_S00_premrna,0.005015673981191223,0.04890282131661442,0.25391849529780564,0.0,0.6921630094043887,0.0,0.0,,Non-malignant disease,
2020_Litvinukova_Nature_Heart|HCAHeart7905331,0.0,0.5677966101694916,0.4322033898305085,0.0,0.0,0.0,0.0,,Control,
2022_vanZyl_PNAS_Eye|Hu220235IrisCS2,0.0,0.0,0.0,0.0,1.0,0.0,0.0,,Control,
2022_Kumar_CancerDis_Gastric|GSM5573479_sample14,0.0,0.22988505747126436,0.06896551724137931,0.7011494252873564,0.0,0.0,0.0,,Cancer_Tumor,GC
2022_Gur_Cell_Sceleroderma|GSM5837415_AB7754,0.8191489361702128,0.14893617021276595,0.031914893617021274,0.0,0.0,0.0,0.0,,Non-malignant disease,
2022_TabulaSapiens_Science_TabulaSapiens|TSP2_Muscle_rectusabdominus_10X,0.23668639053254437,0.42011834319526625,0.3431952662721893,0.0,0.0,0.0,0.0,,Control,
2023_Monavarfeshani_PNAS_Eye|Hu222ODScl,0.27710843373493976,0.7228915662650602,0.0,0.0,0.0,0.0,0.0,,Control,
2020_Litvinukova_Nature_Heart|HCAHeartST13146202,0.014492753623188406,0.07971014492753623,0.13043478260869565,0.0,0.7753623188405797,0.0,0.0,,Control,
2022_Zhou_NatGenet_PDAC|TWCE-HT060P1-S1PBA1A1Z1B1,0.15267175572519084,0.366412213740458,0.16030534351145037,0.32061068702290074,0.0,0.0,0.0,,Cancer_Tumor,PC
2022_Madissoon_NatGenet_Lung|HCA_A_LNG9387711,0.19607843137254902,0.058823529411764705,0.0,0.0,0.6274509803921569,0.11764705882352941,0.0,,Control,
2022_Kumar_CancerDis_Gastric|GSM5573493_sample28,0.31746031746031744,0.1111111111111111,0.047619047619047616,0.5238095238095238,0.0,0.0,0.0,,Cancer_Tumor,GC
2022_Reichart_Science_Heart|BO_H28_S00_premrna,0.0,0.12893462469733658,0.3565375302663438,0.0,0.5145278450363197,0.0,0.0,,Non-malignant disease,
2022_Zhou_NatGenet_PDAC|HT056P-S1PBA3,0.06918238993710692,0.610062893081761,0.20754716981132076,0.10062893081761007,0.012578616352201259,0.0,0.0,,Cancer_Tumor,PC
2022_Madissoon_NatGenet_Lung|HCA_A_LNG9387713,0.15384615384615385,0.038461538461538464,0.019230769230769232,0.0,0.5384615384615384,0.25,0.0,,Control,
2020_Litvinukova_Nature_Heart|HCAHeart7702882,0.0,0.0049261083743842365,0.254679802955665,0.0,0.7403940886699507,0.0,0.0,,Control,
2020_Litvinukova_Nature_Heart|HCAHeart7728608,0.007575757575757576,0.3560606060606061,0.5606060606060606,0.0,0.07575757575757576,0.0,0.0,,Control,
2020_Litvinukova_Nature_Heart|HCAHeartST13189996,0.003816793893129771,0.011450381679389313,0.05248091603053435,0.0,0.9322519083969466,0.0,0.0,,Control,
2022_Nee_NatGenet_Breast|GSM5320172_scRNA_brca10,0.604381443298969,0.2654639175257732,0.13015463917525774,0.0,0.0,0.0,0.0,,Control,
2023_Kumar_Nature_Breast|hbca_c23,0.48863636363636365,0.4318181818181818,0.07954545454545454,0.0,0.0,0.0,0.0,,Control,
2020_Litvinukova_Nature_Heart|HCAHeart9508629,0.0,0.006688963210702341,0.23262727610553696,0.0,0.7606837606837606,0.0,0.0,,Control,
2022_Reichart_Science_Heart|BO_H84_RV0_premrna,0.015659955257270694,0.1297539149888143,0.610738255033557,0.0,0.24384787472035793,0.0,0.0,,Non-malignant disease,
2023_Fonseca_NatGenet_Endometriosis|sample41,0.0,1.0,0.0,0.0,0.0,0.0,0.0,,Non-malignant disease,
2023_Kumar_Nature_Breast|hbca_c96,0.35172413793103446,0.6482758620689655,0.0,0.0,0.0,0.0,0.0,,Control,
2023_Kumar_Nature_Breast|hbca_c145,0.5940246045694201,0.3602811950790861,0.04569420035149385,0.0,0.0,0.0,0.0,,Control,
2020_Litvinukova_Nature_Heart|HCAHeart7850544,0.04065040650406504,0.3008130081300813,0.6341463414634146,0.0,0.024390243902439025,0.0,0.0,,Control,
2022_Reichart_Science_Heart|BO_H49_S0N_premrna,0.0,0.02837837837837838,0.19414414414414413,0.0,0.7774774774774775,0.0,0.0,,Control,
2020_Litvinukova_Nature_Heart|HCAHeart7836684,0.0,0.0,0.13569165786694826,0.0,0.8643083421330517,0.0,0.0,,Control,
2023_Hickey_Nature_Intestine|B012-A-401,0.12698412698412698,0.0,0.0,0.0,0.873015873015873,0.0,0.0,,Control,
2020_Litvinukova_Nature_Heart|HCAHeart7829978,0.0,0.01,0.15838709677419355,0.0,0.8316129032258065,0.0,0.0,,Control,
2022_Reichart_Science_Heart|BO_H19_S00_R2_premrna,0.0,0.11223799864773495,0.42258282623394183,0.0,0.4651791751183232,0.0,0.0,,Non-malignant disease,
2022_Nee_NatGenet_Breast|GSM5320154_scRNA_ctrl3,0.4915572232645403,0.5084427767354597,0.0,0.0,0.0,0.0,0.0,,Control,
2022_Reichart_Science_Heart|BO_H06_LV0_premrna,0.014405762304921969,0.06842737094837935,0.14105642256902762,0.0,0.776110444177671,0.0,0.0,,Non-malignant disease,
2023_Hirz_NatComm_Prostate|GSM5494363_SCG-PCA11-T-LG,0.014705882352941176,0.9264705882352942,0.04411764705882353,0.0,0.014705882352941176,0.0,0.0,,Cancer_Tumor,PRC
2022_Gur_Cell_Sceleroderma|GSM5837344_AB7447,0.875,0.1111111111111111,0.013888888888888888,0.0,0.0,0.0,0.0,,Non-malignant disease,
2022_Reichart_Science_Heart|BO_H20_LVN_premrna,0.0,0.07677543186180422,0.42034548944337813,0.0,0.5028790786948176,0.0,0.0,,Non-malignant disease,
2023_Lake_Nature_Kidney|LDSample1158EO1,0.0,0.9642857142857143,0.03571428571428571,0.0,0.0,0.0,0.0,,Control,
2022_Reichart_Science_Heart|BO_H81_LV0_premrna,0.0,0.030937215650591446,0.13967242948134667,0.0,0.8293903548680619,0.0,0.0,,Non-malignant disease,
2022_Gur_Cell_Sceleroderma|GSM5837279_AB7181,0.6666666666666666,0.3333333333333333,0.0,0.0,0.0,0.0,0.0,,Control,
2022_Reichart_Science_Heart|BO_H37_LV0_premrna,0.019973368841544607,0.09320905459387484,0.2822902796271638,0.0,0.6045272969374168,0.0,0.0,,Non-malignant disease,
2020_Litvinukova_Nature_Heart|HCAHeart9845435,0.0008389261744966443,0.027684563758389263,0.09857382550335571,0.0,0.8729026845637584,0.0,0.0,,Control,
2020_Litvinukova_Nature_Heart|HCAHeart7850541,0.05917159763313609,0.39644970414201186,0.4911242603550296,0.0,0.05325443786982249,0.0,0.0,,Control,
2022_Reichart_Science_Heart|BO_H15_RV0_premrna,0.0091324200913242,0.22945205479452055,0.3961187214611872,0.0,0.365296803652968,0.0,0.0,,Non-malignant disease,
2021_Chan_CancerCell_SCLC|RU1293A,0.16129032258064516,0.1827956989247312,0.45161290322580644,0.20430107526881722,0.0,0.0,0.0,,Cancer_Metastasis,SCLC
2020_Drokhlyansky_Cell_EntericNerve|H1_S16,0.0,0.0,0.0,0.0,1.0,0.0,0.0,,Cancer_AdjNorm,CRC
2022_Gur_Cell_Sceleroderma|GSM5837238_AB6908,0.05714285714285714,0.9142857142857143,0.02857142857142857,0.0,0.0,0.0,0.0,,Non-malignant disease,
2021_Pal_EMBO_Breast|GSM4909257_N-PM0095-Total,0.6966292134831461,0.30337078651685395,0.0,0.0,0.0,0.0,0.0,,Control,
2023_Kumar_Nature_Breast|hbca_c50,0.39117043121149897,0.5872689938398358,0.021560574948665298,0.0,0.0,0.0,0.0,,Control,
2022_Reichart_Science_Heart|BO_H55_S00_premrna,0.004575163398692811,0.043137254901960784,0.2627450980392157,0.0,0.6895424836601307,0.0,0.0,,Control,
2022_Reichart_Science_Heart|BO_H01_LV0_premrna,0.0,0.08464566929133858,0.26476377952755903,0.0,0.6505905511811023,0.0,0.0,,Non-malignant disease,
2021_Pal_EMBO_Breast|GSM4909272_N-MH0021-Total,0.6818181818181818,0.3181818181818182,0.0,0.0,0.0,0.0,0.0,,Control,
2021_Elmentaite_Nature_Intestine|4918STDY7901096,0.0,0.3333333333333333,0.21333333333333335,0.2866666666666667,0.08,0.0,0.08666666666666667,,Non-malignant disease,
2022_TabulaSapiens_Science_TabulaSapiens|TSP14_Fat_SCAT_10X,0.1779935275080906,0.6957928802588996,0.1262135922330097,0.0,0.0,0.0,0.0,,Control,
2022_Reichart_Science_Heart|BO_H07_RV0_premrna,0.0,0.2031063321385902,0.5961768219832736,0.0,0.2007168458781362,0.0,0.0,,Non-malignant disease,
2023_Lake_Nature_Kidney|AKI3410187,0.0,0.8981481481481481,0.10185185185185185,0.0,0.0,0.0,0.0,,Non-malignant disease,
2023_Kumar_Nature_Breast|hbca_c104,0.18045112781954886,0.8195488721804511,0.0,0.0,0.0,0.0,0.0,,Control,
2023_Hirz_NatComm_Prostate|GSM5494367_SCG-PCA15-N-HG,0.09090909090909091,0.4727272727272727,0.43636363636363634,0.0,0.0,0.0,0.0,,Cancer_AdjNorm,PRC
2022_Reichart_Science_Heart|BO_H58_LV0_premrna,0.0,0.04594594594594595,0.8891891891891892,0.0,0.06486486486486487,0.0,0.0,,Non-malignant disease,
2023_Kumar_Nature_Breast|hbca_c27,0.4431818181818182,0.5568181818181818,0.0,0.0,0.0,0.0,0.0,,Cancer_Tumor,BRCA
2022_Reichart_Science_Heart|BO_H11_LV0_premrna,0.0,0.040875912408759124,0.5343065693430656,0.0,0.4248175182481752,0.0,0.0,,Non-malignant disease,
2022_TabulaSapiens_Science_TabulaSapiens|TSP14_Salivary_Gland_Submandibular_10X,0.1566265060240964,0.7349397590361446,0.10843373493975904,0.0,0.0,0.0,0.0,,Control,
2023_Fonseca_NatGenet_Endometriosis|sample32,0.24726477024070023,0.6586433260393874,0.09409190371991247,0.0,0.0,0.0,0.0,,Non-malignant disease,
2023_Hickey_Nature_Intestine|B011-A-002,0.08284023668639054,0.0,0.0,0.0,0.9171597633136095,0.0,0.0,,Control,
2020_Drokhlyansky_Cell_EntericNerve|H3_S37,0.0,0.0,0.0,0.0,1.0,0.0,0.0,,Cancer_AdjNorm,CRC
2023_Lake_Nature_Kidney|AKI3010125,0.07246376811594203,0.782608695652174,0.14492753623188406,0.0,0.0,0.0,0.0,,Non-malignant disease,
2020_Litvinukova_Nature_Heart|HCAHeart7880861,0.0,0.01607142857142857,0.06964285714285715,0.0,0.9142857142857143,0.0,0.0,,Control,
2022_TabulaSapiens_Science_TabulaSapiens|TSP14_Skin_Chest_10X,0.3141025641025641,0.5833333333333334,0.0,0.0,0.10256410256410256,0.0,0.0,,Control,
2022_Madissoon_NatGenet_Lung|WSSS8062681,0.3684210526315789,0.1286549707602339,0.011695906432748537,0.0,0.03508771929824561,0.45614035087719296,0.0,,Control,
2022_Kumar_CancerDis_Gastric|GSM5573503_sample38,0.0,0.896551724137931,0.017241379310344827,0.06896551724137931,0.017241379310344827,0.0,0.0,,Cancer_Metastasis,GC
2023_Kumar_Nature_Breast|hbca_c120,0.5076530612244898,0.4770408163265306,0.012755102040816327,0.0,0.002551020408163265,0.0,0.0,,Cancer_Tumor,BRCA
2022_Reichart_Science_Heart|BO_H40_LV1_premrna,0.0,0.15913555992141454,0.5520628683693517,0.0,0.2888015717092338,0.0,0.0,,Non-malignant disease,
2022_Emont_Nature_WAT|Hs_OAT_13-1,0.2696629213483146,0.48314606741573035,0.2247191011235955,0.0,0.02247191011235955,0.0,0.0,,Control,
2022_Hwang_NatGenet_PDAC|T14_CRT,0.00772626931567329,0.01434878587196468,0.013245033112582781,0.005518763796909493,0.9591611479028698,0.0,0.0,,Cancer_Tumor,PC
2020_Drokhlyansky_Cell_EntericNerve|H10_S47,0.0,0.014627659574468085,0.0,0.0,0.9853723404255319,0.0,0.0,,Cancer_AdjNorm,CRC
2022_Gur_Cell_Sceleroderma|GSM5837354_AB7457,0.825,0.16666666666666666,0.008333333333333333,0.0,0.0,0.0,0.0,,Non-malignant disease,
2023_Kumar_Nature_Breast|hbca_c154,0.0693815987933635,0.9306184012066365,0.0,0.0,0.0,0.0,0.0,,Cancer_Tumor,BRCA
2022_TabulaSapiens_Science_TabulaSapiens|TSP14_Vasculature_AortaVeneCava_10X,0.23401360544217686,0.10612244897959183,0.0,0.0,0.6598639455782312,0.0,0.0,,Control,
2023_Kumar_Nature_Breast|hbca_c14,0.34219269102990035,0.6578073089700996,0.0,0.0,0.0,0.0,0.0,,Control,
2023_Kumar_Nature_Breast|hbca_c158,0.2111111111111111,0.7055555555555556,0.08333333333333333,0.0,0.0,0.0,0.0,,Cancer_Tumor,BRCA
2022_Nee_NatGenet_Breast|GSM5320156_scRNA_ctrl5,0.6242038216560509,0.37579617834394907,0.0,0.0,0.0,0.0,0.0,,Control,
2022_Reichart_Science_Heart|BO_H78_S00_premrna,0.0,0.06954689146469968,0.3951527924130664,0.0,0.5353003161222339,0.0,0.0,,Non-malignant disease,
2022_Gur_Cell_Sceleroderma|GSM5837272_AB7174,0.3620689655172414,0.6206896551724138,0.017241379310344827,0.0,0.0,0.0,0.0,,Non-malignant disease,
2022_Reichart_Science_Heart|BS_DL3_LV0_premrna,0.5176056338028169,0.1619718309859155,0.2852112676056338,0.0,0.035211267605633804,0.0,0.0,,Non-malignant disease,
2023_Kumar_Nature_Breast|hbca_c84,0.48641975308641977,0.4740740740740741,0.03950617283950617,0.0,0.0,0.0,0.0,,Control,
2023_Hirz_NatComm_Prostate|GSM5494342_HP1,0.024793388429752067,0.9752066115702479,0.0,0.0,0.0,0.0,0.0,,Control,
2022_Gur_Cell_Sceleroderma|GSM5837367_AB7491,0.8333333333333334,0.125,0.041666666666666664,0.0,0.0,0.0,0.0,,Non-malignant disease,
2020_Drokhlyansky_Cell_EntericNerve|H13_S59,0.0,0.03824904377390565,0.0,0.0,0.9617509562260943,0.0,0.0,,Cancer_AdjNorm,CRC
2022_Zhou_NatGenet_PDAC|HT061P1-S1PAA1A1Z1_1B2_1,0.14423076923076922,0.5576923076923077,0.15384615384615385,0.14423076923076922,0.0,0.0,0.0,,Cancer_Tumor,PC
2022_Reichart_Science_Heart|BO_H12_LV0_premrna,0.0,0.015489467162329617,0.17657992565055763,0.0,0.8079306071871127,0.0,0.0,,Non-malignant disease,
BICCN|10X388-2_S5,0.0,0.9032258064516129,0.0,0.0,0.0967741935483871,0.0,0.0,,Control,
2023_Kumar_Nature_Breast|hbca_c30,0.3781763826606876,0.6218236173393124,0.0,0.0,0.0,0.0,0.0,,Cancer_Tumor,BRCA
2022_Reichart_Science_Heart|BO_H33_S00_premrna,0.007768361581920904,0.1306497175141243,0.355225988700565,0.0,0.5063559322033898,0.0,0.0,,Non-malignant disease,
2021_Pal_EMBO_Breast|GSM4909263_N-MH0064-Total,0.5126050420168067,0.48739495798319327,0.0,0.0,0.0,0.0,0.0,,Control,
2022_Zhou_NatGenet_PDAC|HT284P1-S1H2Fc2A2N1Z1_1Bmn1_1,0.18125,0.60625,0.05625,0.0,0.15625,0.0,0.0,,Cancer_Tumor,PC
2020_Litvinukova_Nature_Heart|HCAHeart7888922,0.0,0.0,0.050865800865800864,0.0,0.9491341991341992,0.0,0.0,,Control,
2022_Gur_Cell_Sceleroderma|GSM5837378_AB7561,0.5967741935483871,0.24193548387096775,0.04838709677419355,0.0,0.0,0.0,0.11290322580645161,,Non-malignant disease,
2020_Drokhlyansky_Cell_EntericNerve|H10_S49,0.0,0.0,0.0,0.0,1.0,0.0,0.0,,Cancer_AdjNorm,CRC
2022_Reichart_Science_Heart|BO_H78_RV0_premrna,0.014304291287386216,0.10273081924577374,0.3550065019505852,0.0,0.5279583875162549,0.0,0.0,,Non-malignant disease,
2023_Lake_Nature_Kidney|KC77,0.0,0.4336283185840708,0.13274336283185842,0.0,0.4336283185840708,0.0,0.0,,Control,
2022_TabulaSapiens_Science_TabulaSapiens|TSP2_Bladder_nan_10X,0.1455223880597015,0.332089552238806,0.007462686567164179,0.0,0.5149253731343284,0.0,0.0,,Control,
2020_Litvinukova_Nature_Heart|HCAHeart8102865,0.09398496240601503,0.35526315789473684,0.5507518796992481,0.0,0.0,0.0,0.0,,Control,
2022_Hwang_NatGenet_PDAC|T20_Other,0.024509803921568627,0.26372549019607844,0.020588235294117647,0.0,0.6911764705882353,0.0,0.0,,Cancer_Tumor,PC
2022_Reichart_Science_Heart|BO_H51_LV1_premrna,0.0,0.00894187779433681,0.36289120715350226,0.0,0.6281669150521609,0.0,0.0,,Control,
2023_Fonseca_NatGenet_Endometriosis|sample36,0.0,1.0,0.0,0.0,0.0,0.0,0.0,,Control,
2023_Kumar_Nature_Breast|hbca_c133,0.46998722860791825,0.5287356321839081,0.001277139208173691,0.0,0.0,0.0,0.0,,Control,
2021_Pal_EMBO_Breast|GSM4909274_N-MH275-Total,0.5367647058823529,0.4632352941176471,0.0,0.0,0.0,0.0,0.0,,Control,
2023_Wang_SciAdv_CRC|s0115_Liver_Tumor,0.13861386138613863,0.7524752475247525,0.033003300330033,0.07260726072607261,0.0,0.0,0.0033003300330033004,,Cancer_Metastasis,CRC
2023_Lake_Nature_Kidney|KB5,0.0,0.5066666666666667,0.21333333333333335,0.0,0.28,0.0,0.0,,Non-malignant disease,
2022_Reichart_Science_Heart|BO_H14_LV0_premrna,0.003177124702144559,0.05559968228752978,0.3161239078633836,0.0,0.625099285146942,0.0,0.0,,Non-malignant disease,
2022_Gur_Cell_Sceleroderma|GSM5837364_AB7467,0.42424242424242425,0.5151515151515151,0.0,0.0,0.06060606060606061,0.0,0.0,,Non-malignant disease,
2023_Fonseca_NatGenet_Endometriosis|sample34,0.026143790849673203,0.9019607843137255,0.0718954248366013,0.0,0.0,0.0,0.0,,Non-malignant disease,
2020_Litvinukova_Nature_Heart|HCAHeartST11064575,0.0,0.00957107408720312,0.217653314427508,0.0,0.772775611485289,0.0,0.0,,Control,
2023_Lake_Nature_Kidney|HCKD3110013,0.0,0.9444444444444444,0.0,0.0,0.05555555555555555,0.0,0.0,,Non-malignant disease,
2023_Kumar_Nature_Breast|hbca_c63,0.448,0.536,0.016,0.0,0.0,0.0,0.0,,Control,
2022_Emont_Nature_WAT|Hs_OAT_255-1,0.25735294117647056,0.47794117647058826,0.2426470588235294,0.0,0.022058823529411766,0.0,0.0,,Control,
2023_Kumar_Nature_Breast|hbca_c92,0.34558823529411764,0.625,0.029411764705882353,0.0,0.0,0.0,0.0,,Control,
2022_Madissoon_NatGenet_Lung|WSSS8062682,0.20238095238095238,0.47023809523809523,0.0,0.0,0.08333333333333333,0.24404761904761904,0.0,,Control,
2023_Kumar_Nature_Breast|hbca_c157,0.09777777777777778,0.9022222222222223,0.0,0.0,0.0,0.0,0.0,,Cancer_Tumor,BRCA
2020_Drokhlyansky_Cell_EntericNerve|H6_S32,0.0,0.0,0.0,0.0,1.0,0.0,0.0,,Cancer_AdjNorm,CRC
2023_Kumar_Nature_Breast|hbca_c136,0.5532821824381927,0.42028985507246375,0.026427962489343565,0.0,0.0,0.0,0.0,,Control,
2022_Zhou_NatGenet_PDAC|HT412P1-S1H1A3N1Z1_1Bmn1_1,0.06140350877192982,0.07017543859649122,0.08771929824561403,0.0,0.7807017543859649,0.0,0.0,,Cancer_Tumor,PC
2022_Emont_Nature_WAT|Hs_SAT_255-1,0.13609467455621302,0.6153846153846154,0.2485207100591716,0.0,0.0,0.0,0.0,,Control,
2022_Emont_Nature_WAT|Hs_SAT_02-1,0.3431372549019608,0.17647058823529413,0.21568627450980393,0.0,0.2647058823529412,0.0,0.0,,Control,
2023_Kumar_Nature_Breast|hbca_c26,0.35214446952595935,0.6478555304740407,0.0,0.0,0.0,0.0,0.0,,Control,
2022_Reichart_Science_Heart|BS_DO1_LV0_premrna,0.0,0.04430379746835443,0.43037974683544306,0.0,0.5253164556962026,0.0,0.0,,Non-malignant disease,
2020_Litvinukova_Nature_Heart|HCAHeart9508627,0.0,0.0,0.09700996677740864,0.0,0.9029900332225914,0.0,0.0,,Control,
2022_Reichart_Science_Heart|BO_H06_S00_premrna,0.0,0.10609037328094302,0.2455795677799607,0.0,0.6483300589390962,0.0,0.0,,Non-malignant disease,
2021_Pal_EMBO_Breast|GSM4909305_ER-MH0029-7C,0.0,1.0,0.0,0.0,0.0,0.0,0.0,,Cancer_Tumor,BRCA
2021_Chan_CancerCell_SCLC|RU1134-CN2,0.1875,0.421875,0.046875,0.3125,0.0,0.03125,0.0,,Cancer_Tumor,NSCLC
2022_Reichart_Science_Heart|BO_H84_LV0_premrna,0.0,0.09153318077803203,0.459954233409611,0.0,0.448512585812357,0.0,0.0,,Non-malignant disease,
2023_Kumar_Nature_Breast|hbca_c83,0.38704028021015763,0.5674255691768827,0.04553415061295972,0.0,0.0,0.0,0.0,,Control,
2023_Kumar_Nature_Breast|hbca_c107,0.39413265306122447,0.5905612244897959,0.015306122448979591,0.0,0.0,0.0,0.0,,Control,
2022_Reichart_Science_Heart|BO_H46_S00_premrna,0.0,0.0280823749665686,0.1901577962021931,0.0,0.7817598288312383,0.0,0.0,,Control,
2022_Reichart_Science_Heart|BO_H11_RV0_premrna,0.0,0.20165175498967652,0.3716448726772196,0.0,0.4267033723331039,0.0,0.0,,Non-malignant disease,
2023_Kumar_Nature_Breast|hbca_c52,0.10869565217391304,0.532608695652174,0.358695652173913,0.0,0.0,0.0,0.0,,Control,
2022_Reichart_Science_Heart|BO_H79_S00_premrna,0.0,0.0033653846153846156,0.05480769230769231,0.0,0.9418269230769231,0.0,0.0,,Non-malignant disease,
2023_Kumar_Nature_Breast|hbca_c114,0.37971698113207547,0.6155660377358491,0.0047169811320754715,0.0,0.0,0.0,0.0,,Control,
2022_Reichart_Science_Heart|BO_H25_RVN_premrna,0.0,0.10790697674418605,0.3172093023255814,0.0,0.5748837209302325,0.0,0.0,,Non-malignant disease,
2020_Litvinukova_Nature_Heart|HCAHeart7905328,0.07223113964686999,0.6115569823434992,0.3162118780096308,0.0,0.0,0.0,0.0,,Control,
2020_Litvinukova_Nature_Heart|HCAHeart7850546,0.09027777777777778,0.59375,0.2847222222222222,0.0,0.03125,0.0,0.0,,Control,
2020_Litvinukova_Nature_Heart|HCAHeart9845432,0.0,0.011825572801182557,0.16777531411677754,0.0,0.8203991130820399,0.0,0.0,,Control,
ROSMAP|190409-B5-A_Broad_S1,0.0,0.631578947368421,0.017543859649122806,0.0,0.3508771929824561,0.0,0.0,,Control,
2022_Reichart_Science_Heart|BO_H72_LV0_premrna,0.0,0.05778573254922015,0.12400920480695474,0.0,0.8182050626438251,0.0,0.0,,Non-malignant disease,
2023_Kumar_Nature_Breast|hbca_c153,0.3873626373626374,0.5604395604395604,0.0521978021978022,0.0,0.0,0.0,0.0,,Control,
2022_Madissoon_NatGenet_Lung|WSSS8123930,0.3076923076923077,0.23076923076923078,0.0,0.0,0.21153846153846154,0.25,0.0,,Control,
2023_Hirz_NatComm_Prostate|GSM5494376_SCG-PCA20-N-LG,0.16666666666666666,0.7727272727272727,0.06060606060606061,0.0,0.0,0.0,0.0,,Cancer_AdjNorm,PRC
2021_Pal_EMBO_Breast|GSM4909265_N-PM0233-Total,0.22693266832917705,0.773067331670823,0.0,0.0,0.0,0.0,0.0,,Control,
2022_Reichart_Science_Heart|BO_H49_LV1_premrna,0.010236220472440945,0.007874015748031496,0.15433070866141732,0.0,0.8275590551181102,0.0,0.0,,Control,
BICCN|10X387-2_S20,0.0,0.7976190476190477,0.20238095238095238,0.0,0.0,0.0,0.0,,Control,
2023_Kumar_Nature_Breast|hbca_c38,0.5089285714285714,0.49107142857142855,0.0,0.0,0.0,0.0,0.0,,Control,
2022_Reichart_Science_Heart|BO_H57_LV0_premrna,0.0,0.03225806451612903,0.6451612903225806,0.0,0.3225806451612903,0.0,0.0,,Non-malignant disease,
2022_Reichart_Science_Heart|BO_H49_LV0_premrna,0.0073152889539136795,0.012070226773957572,0.1554498902706657,0.0,0.825164594001463,0.0,0.0,,Control,
2023_Kumar_Nature_Breast|hbca_c160,0.3747276688453159,0.5816993464052288,0.04357298474945534,0.0,0.0,0.0,0.0,,Cancer_Tumor,BRCA
2022_Nee_NatGenet_Breast|GSM5320170_scRNA_brca8,0.5948081264108352,0.4051918735891648,0.0,0.0,0.0,0.0,0.0,,Control,
BICCN|10X203-2_S01,0.0,0.5964912280701754,0.40350877192982454,0.0,0.0,0.0,0.0,,Control,
2022_Kumar_CancerDis_Gastric|GSM5573480_sample15,0.0,0.0,0.0425531914893617,0.9308510638297872,0.010638297872340425,0.0,0.015957446808510637,,Cancer_Tumor,GC
2021_Garcia-Alonso_NatGenet_Endometrial|4861STDY7771123,0.11070411070411071,0.2840862840862841,0.0,0.0,0.6052096052096052,0.0,0.0,,Control,
2023_Hirz_NatComm_Prostate|GSM5494353_SCG-PCA4-N-HG,0.45454545454545453,0.5151515151515151,0.030303030303030304,0.0,0.0,0.0,0.0,,Cancer_AdjNorm,PRC
2020_Litvinukova_Nature_Heart|HCAHeartST11064576,0.0,0.0,0.21751824817518248,0.0,0.7824817518248175,0.0,0.0,,Control,
2022_Reichart_Science_Heart|BO_H40_LV2_premrna,0.0033259423503325942,0.1352549889135255,0.6895787139689579,0.0,0.17184035476718404,0.0,0.0,,Non-malignant disease,
2021_Wu_NatGenet_Breast|CID4290A,0.054945054945054944,0.7252747252747253,0.08791208791208792,0.13186813186813187,0.0,0.0,0.0,,Cancer_Tumor,BRCA
2021_Pal_EMBO_Breast|GSM4909308_ER-MH0040-LN,0.0,0.3875,0.5375,0.075,0.0,0.0,0.0,,Cancer_Tumor,BRCA
2022_Madissoon_NatGenet_Lung|WSSS8062679,0.44802867383512546,0.1827956989247312,0.0,0.0,0.0017921146953405018,0.3673835125448029,0.0,,Control,
2021_Pal_EMBO_Breast|GSM4909289_HER2-AH0308,0.0,0.27419354838709675,0.7258064516129032,0.0,0.0,0.0,0.0,,Cancer_Tumor,BRCA
2022_Reichart_Science_Heart|BO_H35_LV0_premrna,0.0,0.027567567567567567,0.3037837837837838,0.0,0.6686486486486487,0.0,0.0,,Non-malignant disease,
2020_Litvinukova_Nature_Heart|HCAHeart7745969,0.0975609756097561,0.7804878048780488,0.05853658536585366,0.0,0.06341463414634146,0.0,0.0,,Control,
2020_Litvinukova_Nature_Heart|HCAHeart7664653,0.0,0.025943396226415096,0.4429245283018868,0.0,0.5311320754716982,0.0,0.0,,Control,
2023_Kumar_Nature_Breast|hbca_c69,0.21810699588477367,0.7818930041152263,0.0,0.0,0.0,0.0,0.0,,Control,
2021_Elmentaite_Nature_Intestine|Human_colon_16S8123908,0.02608695652173913,0.7304347826086957,0.02608695652173913,0.0,0.21739130434782608,0.0,0.0,,Control,
2022_Reichart_Science_Heart|BO_H10_LV0_premrna,0.014084507042253521,0.07587460245343026,0.30258973194002725,0.0,0.607451158564289,0.0,0.0,,Non-malignant disease,
2022_Hwang_NatGenet_PDAC|U5_Untreated,0.07954545454545454,0.7272727272727273,0.1590909090909091,0.022727272727272728,0.011363636363636364,0.0,0.0,,Cancer_Tumor,PC
2020_Litvinukova_Nature_Heart|HCAHeartST11350198,0.0,0.027298850574712645,0.04597701149425287,0.0,0.9267241379310345,0.0,0.0,,Control,
2020_Litvinukova_Nature_Heart|HCAHeartST11350187,0.0,0.0,0.06299212598425197,0.0,0.937007874015748,0.0,0.0,,Control,
2020_Litvinukova_Nature_Heart|HCAHeart9508628,0.0,0.06828851899274435,0.02987622705932565,0.0,0.90183525394793,0.0,0.0,,Control,
2020_Litvinukova_Nature_Heart|HCAHeartST13180616,0.0,0.03761755485893417,0.2476489028213166,0.0,0.7147335423197492,0.0,0.0,,Control,
2022_Reichart_Science_Heart|BO_H36_RV0_premrna,0.0,0.06382001836547291,0.3172635445362718,0.0,0.6189164370982553,0.0,0.0,,Non-malignant disease,
2021_Melms_Nature_Lung-COVID19|C51ctr,0.018518518518518517,0.0,0.0,0.0,0.6296296296296297,0.35185185185185186,0.0,,Control,
2023_Kumar_Nature_Breast|hbca_c22,0.4634146341463415,0.4268292682926829,0.10975609756097561,0.0,0.0,0.0,0.0,,Control,
2023_Hirz_NatComm_Prostate|GSM5494354_SCG-PCA5-T-LG,0.3776223776223776,0.46153846153846156,0.16083916083916083,0.0,0.0,0.0,0.0,,Cancer_Tumor,PRC
2020_Litvinukova_Nature_Heart|HCAHeart7844001,0.17134629229661627,0.31605471562275017,0.46724262059035276,0.0,0.04535637149028078,0.0,0.0,,Control,
2020_Litvinukova_Nature_Heart|HCAHeart7844000,0.2178988326848249,0.4455252918287938,0.3132295719844358,0.0,0.023346303501945526,0.0,0.0,,Control,
2022_Gur_Cell_Sceleroderma|GSM5837554_AB8468,0.8192771084337349,0.13253012048192772,0.04819277108433735,0.0,0.0,0.0,0.0,,Non-malignant disease,
2023_Hickey_Nature_Intestine|B008-A-002,0.07373271889400922,0.0,0.0,0.0,0.9262672811059908,0.0,0.0,,Control,
2020_Litvinukova_Nature_Heart|HCAHeart7757636,0.0,0.0,0.0,0.0,1.0,0.0,0.0,,Control,
2022_Zhou_NatGenet_PDAC|HT064P1-S1H1A2A1Z1_1B2_1,0.2835820895522388,0.3880597014925373,0.04477611940298507,0.21641791044776118,0.06716417910447761,0.0,0.0,,Cancer_Tumor,PC
2023_Kumar_Nature_Breast|hbca_c129,0.47797927461139894,0.522020725388601,0.0,0.0,0.0,0.0,0.0,,Control,
2021_Wu_NatGenet_Breast|CID4515,0.06153846153846154,0.5692307692307692,0.0,0.24615384615384617,0.0,0.0,0.12307692307692308,,Cancer_Tumor,BRCA
2023_Lake_Nature_Kidney|HCKD2910008,0.0,0.7857142857142857,0.14285714285714285,0.0,0.0,0.0,0.07142857142857142,,Non-malignant disease,
2023_Kumar_Nature_Breast|hbca_c89,0.09090909090909091,0.8225108225108225,0.08658008658008658,0.0,0.0,0.0,0.0,,Control,
BICCN|HSB189_1_S1,0.0625,0.703125,0.109375,0.0,0.125,0.0,0.0,,Control,
2022_Reichart_Science_Heart|BO_H67_LV0_premrna,0.0,0.032426778242677826,0.24476987447698745,0.0,0.7228033472803347,0.0,0.0,,Control,
2022_Reichart_Science_Heart|BO_H40_LVW_premrna,0.0,0.06608357628765792,0.4042759961127308,0.0,0.5296404275996113,0.0,0.0,,Non-malignant disease,
2022_Guilliams_Cell_Liver|CS31,0.10344827586206896,0.8448275862068966,0.05172413793103448,0.0,0.0,0.0,0.0,,Cancer_Metastasis,CRC
2023_Fonseca_NatGenet_Endometriosis|sample14,0.14285714285714285,0.5274725274725275,0.10989010989010989,0.21978021978021978,0.0,0.0,0.0,,Non-malignant disease,
2023_Kumar_Nature_Breast|hbca_c82,0.45714285714285713,0.44761904761904764,0.09523809523809523,0.0,0.0,0.0,0.0,,Control,
2022_Gur_Cell_Sceleroderma|GSM5837134_AB13795,0.0,1.0,0.0,0.0,0.0,0.0,0.0,,Control,
2021_Wu_NatGenet_Breast|CID44971,0.24615384615384617,0.23076923076923078,0.4,0.06153846153846154,0.0,0.0,0.06153846153846154,,Cancer_Tumor,BRCA
2022_Gur_Cell_Sceleroderma|GSM5837169_AB13836,0.019083969465648856,0.9809160305343512,0.0,0.0,0.0,0.0,0.0,,Non-malignant disease,
2020_Litvinukova_Nature_Heart|HCAHeartST13180617,0.023952095808383235,0.0718562874251497,0.2964071856287425,0.0,0.6077844311377245,0.0,0.0,,Control,
2021_Pal_EMBO_Breast|GSM4909287_TN-B1-Tum0554,0.14285714285714285,0.15873015873015872,0.15873015873015872,0.23809523809523808,0.0,0.0,0.30158730158730157,,Cancer_Tumor,BRCA
2022_Nee_NatGenet_Breast|GSM5320167_scRNA_brca5,0.7516339869281046,0.24836601307189543,0.0,0.0,0.0,0.0,0.0,,Control,
2021_Chan_CancerCell_SCLC|RU1137,0.6142857142857143,0.04285714285714286,0.04285714285714286,0.05714285714285714,0.1,0.14285714285714285,0.0,,Cancer_Tumor,NSCLC
2020_Litvinukova_Nature_Heart|HCAHeart8287127,0.0,0.017706949977866312,0.12837538733953077,0.0,0.8539176626826029,0.0,0.0,,Control,
2020_Litvinukova_Nature_Heart|HCAHeartST13180615,0.05263157894736842,0.05741626794258373,0.37799043062200954,0.0,0.5119617224880383,0.0,0.0,,Control,
2023_Hirz_NatComm_Prostate|GSM5494361_SCG-PCA9-N-LG,0.06172839506172839,0.9012345679012346,0.037037037037037035,0.0,0.0,0.0,0.0,,Cancer_AdjNorm,PRC
2020_Litvinukova_Nature_Heart|HCAHeartST11350192,0.0,0.014291547570436913,0.02000816659861168,0.0,0.9657002858309514,0.0,0.0,,Control,
2023_Hickey_Nature_Intestine|B011-A-301,0.05263157894736842,0.05263157894736842,0.0,0.0,0.8947368421052632,0.0,0.0,,Control,
2020_Drokhlyansky_Cell_EntericNerve|H1_S17,0.0,0.0,0.0,0.0,1.0,0.0,0.0,,Cancer_AdjNorm,CRC
2020_Litvinukova_Nature_Heart|HCAHeart8287126,0.0,0.011220196353436185,0.201028517999065,0.0,0.7877512856474989,0.0,0.0,,Control,
2022_Reichart_Science_Heart|IC_H02_LV0_premrna,0.0,0.06172224987555998,0.23195619711299154,0.0,0.7063215530114485,0.0,0.0,,Non-malignant disease,
2022_Nee_NatGenet_Breast|GSM5320163_scRNA_brca1,0.6932447397563677,0.3067552602436323,0.0,0.0,0.0,0.0,0.0,,Control,
2022_Reichart_Science_Heart|BO_H41_S00_premrna,0.0,0.022459893048128343,0.20053475935828877,0.0,0.7770053475935829,0.0,0.0,,Non-malignant disease,
2020_Litvinukova_Nature_Heart|HCAHeart7833853,0.0,0.15018315018315018,0.04884004884004884,0.0,0.800976800976801,0.0,0.0,,Control,
2023_Hirz_NatComm_Prostate|GSM5494369_SCG-PCA16-T-HG,0.08225108225108226,0.8398268398268398,0.07792207792207792,0.0,0.0,0.0,0.0,,Cancer_Tumor,PRC
2023_Kumar_Nature_Breast|hbca_c152,0.6738197424892703,0.3133047210300429,0.012875536480686695,0.0,0.0,0.0,0.0,,Control,
2023_Kumar_Nature_Breast|hbca_c138,0.5629370629370629,0.42482517482517484,0.012237762237762238,0.0,0.0,0.0,0.0,,Control,
2020_Drokhlyansky_Cell_EntericNerve|H4_S24,0.0,0.0,0.0,0.0,1.0,0.0,0.0,,Cancer_AdjNorm,CRC
2022_Reichart_Science_Heart|BO_H32_LVN_premrna,0.03007518796992481,0.1368421052631579,0.5353383458646617,0.0,0.29774436090225564,0.0,0.0,,Non-malignant disease,
2023_Kumar_Nature_Breast|hbca_c101,0.331002331002331,0.6456876456876457,0.023310023310023312,0.0,0.0,0.0,0.0,,Control,
2022_Reichart_Science_Heart|BO_H39_RV0_premrna,0.0,0.06260671599317018,0.09447922595332954,0.0,0.8429140580535003,0.0,0.0,,Non-malignant disease,
2022_vanZyl_PNAS_Eye|Hu216218IrisCS2,0.0,0.0,0.0,0.0,1.0,0.0,0.0,,Control,
2023_Wang_SciAdv_CRC|s0107_Colon_Tumor,0.058823529411764705,0.5882352941176471,0.0,0.35294117647058826,0.0,0.0,0.0,,Cancer_Tumor,CRC
2020_Litvinukova_Nature_Heart|HCAHeartST11064577,0.0,0.027260018639328983,0.2982292637465051,0.0,0.6745107176141659,0.0,0.0,,Control,
2023_Kumar_Nature_Breast|hbca_c126,0.4014778325123153,0.5541871921182266,0.04433497536945813,0.0,0.0,0.0,0.0,,Control,
2022_Madissoon_NatGenet_Lung|WSSS8123931,0.544,0.072,0.0,0.008,0.072,0.304,0.0,,Control,
2020_Park_Science_Thymus|WSSS8062670,0.17142857142857143,0.825563909774436,0.0,0.0,0.0030075187969924814,0.0,0.0,,Control,
BICCN|HSB628_3_S1,0.0,0.8465116279069768,0.09767441860465116,0.0,0.03255813953488372,0.0,0.023255813953488372,,Control,
2020_Litvinukova_Nature_Heart|HCAHeart9845434,0.0,0.017218973359324236,0.07439896036387264,0.0,0.9083820662768031,0.0,0.0,,Control,
2020_Litvinukova_Nature_Heart|HCAHeart7656534,0.03571428571428571,0.6339285714285714,0.29464285714285715,0.03571428571428571,0.0,0.0,0.0,,Control,
2023_Kumar_Nature_Breast|hbca_c65,0.391304347826087,0.5362318840579711,0.07246376811594203,0.0,0.0,0.0,0.0,,Control,
2023_Kumar_Nature_Breast|hbca_c163,0.20031796502384738,0.7694753577106518,0.030206677265500796,0.0,0.0,0.0,0.0,,Cancer_Tumor,BRCA
2023_Kumar_Nature_Breast|hbca_c108,0.4833887043189369,0.5166112956810631,0.0,0.0,0.0,0.0,0.0,,Control,
2022_Reichart_Science_Heart|BS_DP1_LV0_premrna,0.010643444605708756,0.18722786647314948,0.4513788098693759,0.0,0.35074987905176586,0.0,0.0,,Non-malignant disease,
