,Endothelial|Venous_activated,Endothelial|Capillary_activated,Endothelial|Arterial,Endothelial|Capillary_general,Endothelial|Lymphatic_LYVE1,Endothelial|Venous_general,Endothelial|Sinusoidal,Endothelial|BMP4,Endothelial|Venous_C7,Endothelial|CXCR4,Endothelial|Capillary_BBB,Endothelial|Capillary_aerocyte,Endothelial|Venous_ISG,Endothelial|Venous_DPEP1,Endothelial|Lymphatic_HGF,Endothelial|Venous_CXCL10,Cancer_Tissue,Cancer_Type
GSE180878_RM_D,0.732484076433121,0.10828025477707007,0.07961783439490445,0.03184713375796178,0.028662420382165606,0.01910828025477707,0.0,0.0,0.0,0.0,0.0,0.0,0.0,0.0,0.0,0.0,Control,
GSE136103_healthy1_cd45-A_2,0.0,0.012165450121654502,0.2846715328467153,0.12408759124087591,0.019464720194647202,0.0413625304136253,0.44525547445255476,0.04866180048661801,0.024330900243309004,0.0,0.0,0.0,0.0,0.0,0.0,0.0,Control,
GSE136103_cirrhotic2_cd45-_2,0.0,0.0,0.1330603889457523,0.3766632548618219,0.04196519959058342,0.29887410440122825,0.04708290685772774,0.0,0.06653019447287616,0.03582395087001024,0.0,0.0,0.0,0.0,0.0,0.0,Non-malignant disease,
GSE174332_201019_ALS_106_snRNA-B5,0.0,0.0,0.24342105263157895,0.0,0.0,0.02631578947368421,0.0,0.0,0.0,0.0,0.7302631578947368,0.0,0.0,0.0,0.0,0.0,Non-malignant disease,
GSE131778_rca4-1,0.0,0.0,0.16560509554140126,0.08280254777070063,0.08280254777070063,0.3630573248407643,0.0,0.25477707006369427,0.050955414012738856,0.0,0.0,0.0,0.0,0.0,0.0,0.0,Non-malignant disease,
GSE136103_cirrhotic3_cd45plus_1,0.0,0.0,0.10136157337367625,0.3857791225416036,0.04084720121028744,0.4205748865355522,0.007564296520423601,0.0,0.0,0.04387291981845688,0.0,0.0,0.0,0.0,0.0,0.0,Non-malignant disease,
GSE176417_Sc_W2,0.5606811145510836,0.04891640866873065,0.07647058823529412,0.0,0.01826625386996904,0.22972136222910217,0.0,0.0,0.0,0.06594427244582043,0.0,0.0,0.0,0.0,0.0,0.0,Non-malignant disease,
GSE168933_NASH1_POOL_20190318_NASH_1,0.0,0.0,0.2735294117647059,0.43529411764705883,0.0,0.2323529411764706,0.0,0.014705882352941176,0.04411764705882353,0.0,0.0,0.0,0.0,0.0,0.0,0.0,Non-malignant disease,
GSE155683_G1700193007191_Adult_Cornea,0.2111801242236025,0.0,0.07453416149068323,0.037267080745341616,0.3416149068322981,0.33540372670807456,0.0,0.0,0.0,0.0,0.0,0.0,0.0,0.0,0.0,0.0,Control,
GSE183219_HSA_JGR_460ST_G,0.0,0.15873015873015872,0.04126984126984127,0.19047619047619047,0.02857142857142857,0.08253968253968254,0.0,0.0,0.0,0.06666666666666667,0.0,0.43174603174603177,0.0,0.0,0.0,0.0,Cancer_Tumor,NSCLC
GSE160756_h-AF-1zhong,0.0,0.010309278350515464,0.44329896907216493,0.36082474226804123,0.0,0.0,0.0,0.0,0.0,0.18556701030927836,0.0,0.0,0.0,0.0,0.0,0.0,Control,
GSE181957_SC230,0.39901477832512317,0.059113300492610835,0.03940886699507389,0.054187192118226604,0.0,0.42857142857142855,0.0,0.0,0.0,0.0,0.0,0.0,0.019704433497536946,0.0,0.0,0.0,Non-malignant disease,
GSE183219_HSA_JGR_522SN_G,0.04195205479452055,0.1703767123287671,0.052226027397260275,0.0,0.053082191780821915,0.0059931506849315065,0.0,0.0,0.0,0.0,0.0,0.6763698630136986,0.0,0.0,0.0,0.0,Cancer_AdjNorm,NSCLC
GSE182208_SC_NS1,0.5728155339805825,0.0,0.04854368932038835,0.0,0.1262135922330097,0.2524271844660194,0.0,0.0,0.0,0.0,0.0,0.0,0.0,0.0,0.0,0.0,Control,
GSE146123_human_molar_pulp,0.0,0.0,0.14602803738317757,0.3703271028037383,0.0,0.2266355140186916,0.0,0.0,0.23598130841121495,0.02102803738317757,0.0,0.0,0.0,0.0,0.0,0.0,Control,
GSE159677_02dat20190717tisCARconDIS,0.0,0.0,0.4321475625823452,0.01844532279314888,0.0,0.0,0.0,0.530961791831357,0.0,0.01844532279314888,0.0,0.0,0.0,0.0,0.0,0.0,Non-malignant disease,
GSE175817_D406H,0.7060141949943967,0.010085917071348524,0.09376167351512887,0.0,0.07508404930892791,0.11505416511019799,0.0,0.0,0.0,0.0,0.0,0.0,0.0,0.0,0.0,0.0,Non-malignant disease,
GSE158970_Polydactyly_04,0.03682170542635659,0.0,0.060077519379844964,0.37693798449612403,0.12596899224806202,0.2364341085271318,0.0,0.0,0.06492248062015504,0.0872093023255814,0.0,0.0,0.0,0.0,0.011627906976744186,0.0,Non-malignant disease,
GSE145927_Bx45A,0.0,0.0,0.05171102661596958,0.6304182509505704,0.01749049429657795,0.030418250950570342,0.0,0.0,0.0,0.014448669201520912,0.0,0.0,0.0,0.2555133079847909,0.0,0.0,Non-malignant disease,
GSE181316_scar_3_scRNA,0.4356379988757729,0.011242270938729624,0.054525014052838675,0.0,0.1135469364811692,0.3850477796514896,0.0,0.0,0.0,0.0,0.0,0.0,0.0,0.0,0.0,0.0,Non-malignant disease,
GSE154778_T2,0.07142857142857142,0.10714285714285714,0.07142857142857142,0.0,0.10714285714285714,0.17857142857142858,0.0,0.0,0.0,0.4642857142857143,0.0,0.0,0.0,0.0,0.0,0.0,Cancer_Tumor,PC
GSE183852_TWCM-H8-lib1,0.004827586206896552,0.028275862068965516,0.1889655172413793,0.6537931034482759,0.015862068965517243,0.00896551724137931,0.004827586206896552,0.03586206896551724,0.05862068965517241,0.0,0.0,0.0,0.0,0.0,0.0,0.0,Non-malignant disease,
GSE183031_EF01_3V3_NextGem,0.16981132075471697,0.11320754716981132,0.09433962264150944,0.0,0.3018867924528302,0.22641509433962265,0.0,0.0,0.0,0.09433962264150944,0.0,0.0,0.0,0.0,0.0,0.0,Non-malignant disease,
GSE181316_keloid_2_scRNA,0.353183692166743,0.0,0.025423728813559324,0.0,0.13490609253321117,0.4663307375171782,0.0,0.0,0.0,0.02015574896930829,0.0,0.0,0.0,0.0,0.0,0.0,Non-malignant disease,
GSE181316_keloid_3L_scRNA,0.42081151832460734,0.0,0.029450261780104712,0.0,0.19109947643979058,0.3226439790575916,0.0,0.0,0.0,0.0274869109947644,0.0,0.0,0.0,0.0,0.008507853403141362,0.0,Non-malignant disease,
GSE181919_P33_R,0.23863636363636365,0.0,0.17613636363636365,0.0,0.2159090909090909,0.1590909090909091,0.0,0.011363636363636364,0.0,0.13068181818181818,0.0,0.0,0.0,0.0,0.06818181818181818,0.0,Cancer_Tumor,Leukoplakia
GSE155683_3-1D,0.28703703703703703,0.0,0.25925925925925924,0.0,0.08333333333333333,0.3425925925925926,0.0,0.0,0.027777777777777776,0.0,0.0,0.0,0.0,0.0,0.0,0.0,Control,
GSE136103_cirrhotic2_cd45-_1,0.0,0.0,0.12974051896207583,0.3852295409181637,0.04091816367265469,0.3213572854291417,0.04790419161676647,0.0,0.031936127744510975,0.04291417165668663,0.0,0.0,0.0,0.0,0.0,0.0,Non-malignant disease,
GSE164690_HN10_CD45n,0.04289544235924933,0.0,0.01876675603217158,0.0,0.8847184986595175,0.05361930294906166,0.0,0.0,0.0,0.0,0.0,0.0,0.0,0.0,0.0,0.0,Cancer_Tumor,HNSCC
GSE173252_sf1,0.7239819004524887,0.0,0.02081447963800905,0.0,0.0760180995475113,0.1583710407239819,0.0,0.0,0.0,0.0,0.0,0.0,0.0,0.0,0.02081447963800905,0.0,Control,
GSE183219_HSA_JGR_571ST_G,0.0,0.0,0.03214285714285714,0.11428571428571428,0.0,0.7107142857142857,0.0,0.0,0.0,0.039285714285714285,0.0,0.10357142857142858,0.0,0.0,0.0,0.0,Cancer_Tumor,NSCLC
GSE136103_cirrhotic1_cd45plus,0.0,0.012345679012345678,0.12757201646090535,0.3168724279835391,0.06584362139917696,0.3168724279835391,0.04938271604938271,0.0,0.1111111111111111,0.0,0.0,0.0,0.0,0.0,0.0,0.0,Non-malignant disease,
GSE180544_MSG21,0.0,0.0,0.1829652996845426,0.03470031545741325,0.03470031545741325,0.7476340694006309,0.0,0.0,0.0,0.0,0.0,0.0,0.0,0.0,0.0,0.0,Control,
GSE153834_COHP_34150_1_UN_Whole_C1_XCSCR_L27414_HVGW2DSXX_AGCATGGT,0.0,0.0,0.05755395683453238,0.7913669064748201,0.0,0.1510791366906475,0.0,0.0,0.0,0.0,0.0,0.0,0.0,0.0,0.0,0.0,Control,
GSE168933_NASH1_LIB037229,0.021875,0.0,0.209375,0.178125,0.028125,0.471875,0.0,0.065625,0.025,0.0,0.0,0.0,0.0,0.0,0.0,0.0,Non-malignant disease,
GSE159677_02dat20190515tisCARconDIS,0.0,0.0,0.4110236220472441,0.0,0.012598425196850394,0.05826771653543307,0.0,0.3480314960629921,0.0,0.1700787401574803,0.0,0.0,0.0,0.0,0.0,0.0,Non-malignant disease,
GSE183219_HSA_JGR_514SN_G,0.40604026845637586,0.0,0.13087248322147652,0.040268456375838924,0.2063758389261745,0.09731543624161074,0.0,0.0016778523489932886,0.06879194630872483,0.030201342281879196,0.0,0.018456375838926176,0.0,0.0,0.0,0.0,Cancer_AdjNorm,NSCLC
GSE136103_cirrhotic3_cd45-_1,0.0,0.0,0.05802526906878802,0.4398689751988769,0.03696771174543753,0.42629854936827327,0.009358914365933552,0.0,0.0,0.029480580252690687,0.0,0.0,0.0,0.0,0.0,0.0,Non-malignant disease,
GSE141526_ADWST11,0.9605704697986577,0.0,0.0,0.0,0.0,0.0,0.0,0.0,0.0,0.03942953020134228,0.0,0.0,0.0,0.0,0.0,0.0,Cancer_AdjNorm,BCC
GSE130646_muscle1V1,0.0,0.0,0.04461942257217848,0.7322834645669292,0.0,0.2230971128608924,0.0,0.0,0.0,0.0,0.0,0.0,0.0,0.0,0.0,0.0,Control,
GSE136103_cirrhotic2_cd45plus_4,0.0,0.0,0.1348747591522158,0.3892100192678227,0.07514450867052024,0.2003853564547206,0.05202312138728324,0.0,0.11368015414258188,0.03468208092485549,0.0,0.0,0.0,0.0,0.0,0.0,Non-malignant disease,
GSE168933_HEALTHY1_LIB037235,0.0,0.0,0.2857142857142857,0.11764705882352941,0.0,0.23529411764705882,0.3025210084033613,0.0,0.058823529411764705,0.0,0.0,0.0,0.0,0.0,0.0,0.0,Control,
GSE184526_mix,0.5916666666666667,0.041666666666666664,0.18333333333333332,0.125,0.0,0.058333333333333334,0.0,0.0,0.0,0.0,0.0,0.0,0.0,0.0,0.0,0.0,Cancer_AdjNorm,SGTs
GSE178481_RCC-PR3-T1,0.0,0.0,0.1625,0.3625,0.0,0.15,0.0,0.025,0.0375,0.2625,0.0,0.0,0.0,0.0,0.0,0.0,Cancer_Tumor,RCC
GSE182208_SC_NS-2,0.7452974072191154,0.041687849517031014,0.058464667005592275,0.0,0.10167768174885612,0.044229791560752414,0.0,0.0,0.0,0.00864260294865277,0.0,0.0,0.0,0.0,0.0,0.0,Control,
GSE178481_RCC-PR7-T,0.020942408376963352,0.0,0.041884816753926704,0.20418848167539266,0.0,0.1518324607329843,0.0,0.0,0.05235602094240838,0.5287958115183246,0.0,0.0,0.0,0.0,0.0,0.0,Cancer_Tumor,RCC
GSE155850_NL16Myeloid,0.896551724137931,0.0,0.029556650246305417,0.0,0.0,0.029556650246305417,0.0,0.0,0.0,0.04433497536945813,0.0,0.0,0.0,0.0,0.0,0.0,Control,
GSE164241_BM158,0.32142857142857145,0.0,0.11950549450549451,0.019230769230769232,0.09340659340659341,0.3585164835164835,0.0,0.0,0.06456043956043957,0.01098901098901099,0.0,0.0,0.0,0.0,0.012362637362637362,0.0,Control,
GSE180665_10X-Bondoc-HB53-Tumor-53T-10-6-2020-20201030-3v3-1hg,0.0,0.0,0.1267605633802817,0.04225352112676056,0.04225352112676056,0.6338028169014085,0.07042253521126761,0.0,0.056338028169014086,0.014084507042253521,0.0,0.0,0.0,0.014084507042253521,0.0,0.0,Cancer_Tumor,HB
GSE136103_cirrhotic3_cd45plus_2,0.0,0.0,0.10407239819004525,0.4238310708898944,0.042232277526395176,0.39064856711915535,0.006033182503770739,0.0,0.0,0.033182503770739065,0.0,0.0,0.0,0.0,0.0,0.0,Non-malignant disease,
GSE174748_nafld2,0.0,0.0,0.13333333333333333,0.03333333333333333,0.044444444444444446,0.26666666666666666,0.5222222222222223,0.0,0.0,0.0,0.0,0.0,0.0,0.0,0.0,0.0,Non-malignant disease,
GSE143704_Sample_103476_HVGL3BGXB_hu_021219,0.15748031496062992,0.023622047244094488,0.0,0.6167979002624672,0.02099737532808399,0.18110236220472442,0.0,0.0,0.0,0.0,0.0,0.0,0.0,0.0,0.0,0.0,Control,
GSE158970_Polydactyly_03,0.09438202247191012,0.0,0.09213483146067415,0.02696629213483146,0.11685393258426967,0.40224719101123596,0.0,0.0,0.15730337078651685,0.1101123595505618,0.0,0.0,0.0,0.0,0.0,0.0,Non-malignant disease,
GSE155468_10x_RPP_Con_6,0.109375,0.0,0.109375,0.3125,0.0,0.28125,0.0,0.015625,0.171875,0.0,0.0,0.0,0.0,0.0,0.0,0.0,Control,
GSE183219_HSA_JGR_464SN_G,0.0,0.08292682926829269,0.1073170731707317,0.2048780487804878,0.0,0.0,0.0,0.0,0.07317073170731707,0.0,0.0,0.5317073170731708,0.0,0.0,0.0,0.0,Cancer_AdjNorm,NSCLC
GSE171381_COVID_4__decidua__HHT,0.0,0.0,0.1070110701107011,0.0,0.7896678966789668,0.027675276752767528,0.0,0.0,0.0,0.012915129151291513,0.0,0.0,0.06273062730627306,0.0,0.0,0.0,Non-malignant disease,
GSE169062_15494X3,0.0,0.0,0.2621359223300971,0.32038834951456313,0.11650485436893204,0.30097087378640774,0.0,0.0,0.0,0.0,0.0,0.0,0.0,0.0,0.0,0.0,Non-malignant disease,
GSE164690_HN08_CD45n,0.36879432624113473,0.0,0.03900709219858156,0.0,0.3333333333333333,0.10283687943262411,0.0,0.031914893617021274,0.0,0.12411347517730496,0.0,0.0,0.0,0.0,0.0,0.0,Cancer_Tumor,HNSCC
GSE158723_NGS18-G694_UCL-PF6000,0.0,0.0,0.0,0.023529411764705882,0.047058823529411764,0.01764705882352941,0.8823529411764706,0.0058823529411764705,0.01764705882352941,0.0,0.0,0.0,0.0,0.0058823529411764705,0.0,0.0,Non-malignant disease,
GSE181957_SC163,0.5748031496062992,0.023622047244094488,0.03937007874015748,0.07874015748031496,0.15748031496062992,0.12598425196850394,0.0,0.0,0.0,0.0,0.0,0.0,0.0,0.0,0.0,0.0,Non-malignant disease,
GSE131778_rca1-2,0.0,0.0,0.2767857142857143,0.11607142857142858,0.0,0.6071428571428571,0.0,0.0,0.0,0.0,0.0,0.0,0.0,0.0,0.0,0.0,Non-malignant disease,
GSE142784_CC32S-10XSC3,0.007564296520423601,0.0,0.4563792233988906,0.04715078164397378,0.00832072617246596,0.35274836106908725,0.08547655068078669,0.0,0.026727181038830056,0.015632879475542108,0.0,0.0,0.0,0.0,0.0,0.0,Cancer_Tumor,CCA
GSE161267_Pulp2,0.0,0.0,0.11932479627473806,0.31431897555296856,0.0,0.2788125727590221,0.0,0.0,0.27532013969732244,0.012223515715948778,0.0,0.0,0.0,0.0,0.0,0.0,Control,
GSE180878_PM_I,0.6363636363636364,0.030303030303030304,0.10606060606060606,0.030303030303030304,0.045454545454545456,0.15151515151515152,0.0,0.0,0.0,0.0,0.0,0.0,0.0,0.0,0.0,0.0,Control,
GSE132771_N2W,0.013856812933025405,0.0,0.06235565819861432,0.09353348729792148,0.028868360277136258,0.004618937644341801,0.0,0.0,0.025404157043879907,0.0,0.0,0.7713625866050808,0.0,0.0,0.0,0.0,Control,
GSE156776_A16,0.4158415841584158,0.06930693069306931,0.13861386138613863,0.16831683168316833,0.039603960396039604,0.15841584158415842,0.0,0.0,0.0,0.009900990099009901,0.0,0.0,0.0,0.0,0.0,0.0,Non-malignant disease,
GSE153834_COHP_34150_1_UN_Whole_C1_XCSCR_L27414_HVGW2DSXX_GTTCACTG,0.0,0.0,0.006172839506172839,0.7592592592592593,0.0,0.2345679012345679,0.0,0.0,0.0,0.0,0.0,0.0,0.0,0.0,0.0,0.0,Control,
GSE185477_Human_Caudate_C72_3pr_v2,0.0,0.0,0.0,0.03314917127071823,0.0,0.016574585635359115,0.7458563535911602,0.20441988950276244,0.0,0.0,0.0,0.0,0.0,0.0,0.0,0.0,Control,
GSE168933_NASH2_POOL_20190318_NASH_2,0.045454545454545456,0.0,0.2878787878787879,0.35454545454545455,0.0,0.20606060606060606,0.0,0.01818181818181818,0.05454545454545454,0.03333333333333333,0.0,0.0,0.0,0.0,0.0,0.0,Non-malignant disease,
GSE183852_TWCM-H4,0.0,0.01939203354297694,0.26257861635220126,0.6441299790356394,0.007861635220125786,0.012578616352201259,0.0010482180293501049,0.00890985324947589,0.014150943396226415,0.029350104821802937,0.0,0.0,0.0,0.0,0.0,0.0,Non-malignant disease,
GSE168933_NASH1_POOL_20190311_NASH_1,0.0,0.0,0.14545454545454545,0.19090909090909092,0.03636363636363636,0.08181818181818182,0.4818181818181818,0.03636363636363636,0.02727272727272727,0.0,0.0,0.0,0.0,0.0,0.0,0.0,Non-malignant disease,
GSE146123_No5_24_yo_healthy_retained,0.0,0.0,0.16589861751152074,0.43120473996050035,0.0,0.17577353522053982,0.0,0.0,0.19947333772218565,0.027649769585253458,0.0,0.0,0.0,0.0,0.0,0.0,Control,
GSE183219_HSA_JGR_458SN_G,0.0,0.0,0.05100671140939597,0.11409395973154363,0.025503355704697986,0.1865771812080537,0.0,0.0,0.11543624161073826,0.032214765100671144,0.0,0.47516778523489933,0.0,0.0,0.0,0.0,Cancer_AdjNorm,NSCLC
GSE164690_HN06_CD45n,0.031862745098039214,0.0,0.012254901960784314,0.0,0.9178921568627451,0.03799019607843137,0.0,0.0,0.0,0.0,0.0,0.0,0.0,0.0,0.0,0.0,Cancer_Tumor,HNSCC
GSE178481_RCC-PR5-T1,0.10869565217391304,0.0,0.2608695652173913,0.13043478260869565,0.0,0.13043478260869565,0.0,0.0,0.10869565217391304,0.2608695652173913,0.0,0.0,0.0,0.0,0.0,0.0,Cancer_Tumor,RCC
GSE184950_A38,0.0,0.0,0.0,0.0,0.0,0.8267326732673267,0.0,0.0,0.0,0.0,0.17326732673267325,0.0,0.0,0.0,0.0,0.0,Non-malignant disease,
GSE182208_SC_NS-3,0.4409722222222222,0.0,0.03819444444444445,0.0,0.25,0.1875,0.0,0.0,0.03819444444444445,0.0,0.0,0.0,0.0,0.0,0.04513888888888889,0.0,Non-malignant disease,
GSE145927_Bx45B,0.0,0.0,0.05785123966942149,0.7062359128474831,0.018031555221637866,0.0,0.0,0.0,0.0,0.0,0.0,0.0,0.0,0.17655897821187078,0.0,0.04132231404958678,Non-malignant disease,
GSE168933_HEALTHY1_LIB037233,0.0,0.0,0.08181818181818182,0.08181818181818182,0.0,0.8090909090909091,0.02727272727272727,0.0,0.0,0.0,0.0,0.0,0.0,0.0,0.0,0.0,Control,
GSE181082_SynTissue_50_6000,0.5597014925373134,0.0,0.07711442786069651,0.0,0.0,0.1517412935323383,0.0,0.0,0.0,0.21144278606965175,0.0,0.0,0.0,0.0,0.0,0.0,Control,
GSE164241_GM169,0.24248777078965758,0.0,0.15793151642208245,0.0,0.033542976939203356,0.48846960167714887,0.0,0.0,0.0,0.07756813417190776,0.0,0.0,0.0,0.0,0.0,0.0,Control,
GSE130646_muscle2V2,0.0,0.0,0.0,0.7837837837837838,0.0,0.21621621621621623,0.0,0.0,0.0,0.0,0.0,0.0,0.0,0.0,0.0,0.0,Control,
GSE164241_GM184a,0.10606060606060606,0.0,0.13203463203463203,0.04329004329004329,0.049783549783549784,0.6688311688311688,0.0,0.0,0.0,0.0,0.0,0.0,0.0,0.0,0.0,0.0,Control,
GSE172225_192561SKN_GEX_HHT,0.449438202247191,0.14606741573033707,0.10112359550561797,0.0,0.2808988764044944,0.02247191011235955,0.0,0.0,0.0,0.0,0.0,0.0,0.0,0.0,0.0,0.0,Control,
GSE175817_D403,0.6015625,0.0,0.125,0.0,0.03125,0.16796875,0.0,0.0,0.0,0.07421875,0.0,0.0,0.0,0.0,0.0,0.0,Non-malignant disease,
GSE178481_RCC-PR8-N,0.19642857142857142,0.07142857142857142,0.2857142857142857,0.4107142857142857,0.0,0.0,0.0,0.0,0.0,0.03571428571428571,0.0,0.0,0.0,0.0,0.0,0.0,Cancer_AdjNorm,RCC
GSE164241_GM147,0.11241610738255034,0.0,0.08053691275167785,0.0,0.08221476510067115,0.697986577181208,0.0,0.0,0.0,0.026845637583892617,0.0,0.0,0.0,0.0,0.0,0.0,Control,
GSE158723_NGS18-G344-UCL-NP1-6000cells,0.0,0.0,0.0,0.17445482866043613,0.0,0.37383177570093457,0.32398753894080995,0.03115264797507788,0.09657320872274143,0.0,0.0,0.0,0.0,0.0,0.0,0.0,Control,
GSE173252_dd1A,0.16328331862312445,0.0,0.04060017652250662,0.0,0.037069726390114736,0.7590467784642542,0.0,0.0,0.0,0.0,0.0,0.0,0.0,0.0,0.0,0.0,Non-malignant disease,
GSE147520_hThy25A,0.05454545454545454,0.0,0.03636363636363636,0.4909090909090909,0.07272727272727272,0.18181818181818182,0.0,0.0,0.10909090909090909,0.05454545454545454,0.0,0.0,0.0,0.0,0.0,0.0,Control,
GSE164241_PD134,0.4250871080139373,0.0,0.24041811846689895,0.0,0.03832752613240418,0.23344947735191637,0.0,0.0,0.0,0.0627177700348432,0.0,0.0,0.0,0.0,0.0,0.0,Non-malignant disease,
GSE136103_cirrhotic2_cd45plus_3,0.0,0.0,0.13218390804597702,0.4061302681992337,0.07471264367816093,0.22413793103448276,0.04980842911877394,0.0,0.07471264367816093,0.038314176245210725,0.0,0.0,0.0,0.0,0.0,0.0,Non-malignant disease,
GSE132771_F4W,0.38461538461538464,0.018648018648018648,0.12354312354312354,0.07459207459207459,0.03263403263403263,0.29836829836829837,0.0,0.0,0.027972027972027972,0.0,0.0,0.039627039627039624,0.0,0.0,0.0,0.0,Non-malignant disease,
GSE129845_run230_187,0.039603960396039604,0.0,0.2079207920792079,0.009900990099009901,0.0,0.6633663366336634,0.0,0.0,0.0,0.07920792079207921,0.0,0.0,0.0,0.0,0.0,0.0,Non-malignant disease,
GSE132802_SKIN_HV1_F2,0.5116279069767442,0.1511627906976744,0.13953488372093023,0.0,0.023255813953488372,0.1744186046511628,0.0,0.0,0.0,0.0,0.0,0.0,0.0,0.0,0.0,0.0,Control,
GSE136103_healthy4_cd45-_3,0.0,0.0,0.22672064777327935,0.22469635627530365,0.0,0.05263157894736842,0.39271255060728744,0.0,0.10323886639676114,0.0,0.0,0.0,0.0,0.0,0.0,0.0,Control,
GSE150674_ND17494_Fresh,0.0,0.0,0.1875,0.15625,0.08333333333333333,0.375,0.0,0.0,0.11458333333333333,0.08333333333333333,0.0,0.0,0.0,0.0,0.0,0.0,Control,
GSE181919_N22,0.13385826771653545,0.0,0.18503937007874016,0.5393700787401575,0.1141732283464567,0.0,0.0,0.0,0.027559055118110236,0.0,0.0,0.0,0.0,0.0,0.0,0.0,Cancer_AdjNorm,HNSCC
GSE176417_Sc_skin4,0.40081967213114755,0.01557377049180328,0.09016393442622951,0.045081967213114756,0.09836065573770492,0.3377049180327869,0.0,0.0,0.0,0.0,0.0,0.0,0.0,0.0,0.012295081967213115,0.0,Control,
GSE158723_NGS18-G695_UCL-NPF6000,0.0,0.02,0.0,0.04,0.05333333333333334,0.03333333333333333,0.8066666666666666,0.006666666666666667,0.04,0.0,0.0,0.0,0.0,0.0,0.0,0.0,Non-malignant disease,
GSE181919_N15,0.3076923076923077,0.0,0.20512820512820512,0.14423076923076922,0.14423076923076922,0.15705128205128205,0.0,0.0,0.022435897435897436,0.0,0.0,0.0,0.0,0.0,0.019230769230769232,0.0,Cancer_AdjNorm,HNSCC
GSE181957_SC240,0.3482142857142857,0.0,0.09821428571428571,0.09821428571428571,0.044642857142857144,0.33035714285714285,0.0,0.0,0.0,0.08035714285714286,0.0,0.0,0.0,0.0,0.0,0.0,Non-malignant disease,
GSE164241_PD164c,0.6616590463749183,0.0,0.11691704768125408,0.0,0.034617896799477466,0.10973220117570215,0.0,0.0,0.0,0.07707380796864795,0.0,0.0,0.0,0.0,0.0,0.0,Non-malignant disease,
GSE132771_F5W,0.5079872204472844,0.0,0.05750798722044728,0.0,0.04153354632587859,0.24600638977635783,0.0,0.0,0.03514376996805112,0.012779552715654952,0.0,0.09904153354632587,0.0,0.0,0.0,0.0,Non-malignant disease,
GSE181919_N6,0.26744186046511625,0.0,0.45348837209302323,0.0,0.16279069767441862,0.05813953488372093,0.0,0.0,0.0,0.011627906976744186,0.0,0.0,0.0,0.0,0.046511627906976744,0.0,Cancer_AdjNorm,HNSCC
GSE136103_cirrhotic5_cd45plus,0.014925373134328358,0.0,0.19402985074626866,0.29850746268656714,0.0,0.2537313432835821,0.05970149253731343,0.0,0.1791044776119403,0.0,0.0,0.0,0.0,0.0,0.0,0.0,Non-malignant disease,
GSE159677_01dat20190717tisCARconHEA,0.4717285945072698,0.0,0.048465266558966075,0.06946688206785137,0.0,0.32310177705977383,0.0,0.0,0.08077544426494346,0.0,0.0,0.0,0.0,0.0,0.006462035541195477,0.0,Non-malignant disease,
GSE136103_healthy4_cd45plus_4,0.0,0.0,0.3333333333333333,0.07407407407407407,0.024691358024691357,0.14814814814814814,0.3950617283950617,0.0,0.024691358024691357,0.0,0.0,0.0,0.0,0.0,0.0,0.0,Control,
GSE160536_SC223_affected_RPMI,0.6581632653061225,0.04081632653061224,0.030612244897959183,0.0,0.11224489795918367,0.1377551020408163,0.0,0.0,0.0,0.02040816326530612,0.0,0.0,0.0,0.0,0.0,0.0,Non-malignant disease,
GSE183031_HC03,0.7436208991494532,0.0,0.0,0.0,0.02916160388821385,0.03523693803159174,0.0,0.0,0.0,0.1919805589307412,0.0,0.0,0.0,0.0,0.0,0.0,Control,
GSE171381_CNTRL_2__villi__HCR,0.0,0.1267605633802817,0.08450704225352113,0.11267605633802817,0.0,0.676056338028169,0.0,0.0,0.0,0.0,0.0,0.0,0.0,0.0,0.0,0.0,Control,
GSE181316_skin_7_scRNA_3,0.3293216630196937,0.007658643326039387,0.053610503282275714,0.0,0.06783369803063458,0.5415754923413567,0.0,0.0,0.0,0.0,0.0,0.0,0.0,0.0,0.0,0.0,Control,
GSE146123_human_molar_healthy_1,0.0,0.0,0.1166532582461786,0.4014481094127112,0.0,0.16170555108608206,0.0,0.0,0.2727272727272727,0.04746580852775543,0.0,0.0,0.0,0.0,0.0,0.0,Control,
GSE155512_RPE004,0.0,0.0,0.0,0.1346153846153846,0.0,0.0,0.0,0.7307692307692307,0.1346153846153846,0.0,0.0,0.0,0.0,0.0,0.0,0.0,Non-malignant disease,
GSE160536_SC222_affected_Cryostor,0.5032679738562091,0.006535947712418301,0.0457516339869281,0.0,0.058823529411764705,0.38562091503267976,0.0,0.0,0.0,0.0,0.0,0.0,0.0,0.0,0.0,0.0,Non-malignant disease,
GSE178481_RCC-PR6-N,0.0,0.0,0.13138686131386862,0.8503649635036497,0.0,0.01824817518248175,0.0,0.0,0.0,0.0,0.0,0.0,0.0,0.0,0.0,0.0,Cancer_AdjNorm,RCC
GSE167295_SC167,0.08653846153846154,0.0,0.2980769230769231,0.0,0.2403846153846154,0.11538461538461539,0.0,0.0,0.25,0.0,0.0,0.009615384615384616,0.0,0.0,0.0,0.0,Non-malignant disease,
GSE183219_HSA_JGR_536SN_G,0.05006257822277847,0.008760951188986232,0.13266583229036297,0.28660826032540676,0.0,0.2640801001251564,0.0,0.0,0.20525657071339173,0.0,0.0,0.052565707133917394,0.0,0.0,0.0,0.0,Cancer_AdjNorm,NSCLC
GSE178481_RCC-RCC1-N,0.05511811023622047,0.011811023622047244,0.3779527559055118,0.452755905511811,0.0,0.10236220472440945,0.0,0.0,0.0,0.0,0.0,0.0,0.0,0.0,0.0,0.0,Cancer_AdjNorm,RCC
GSE129611_HFU13,0.6081081081081081,0.0,0.10810810810810811,0.05405405405405406,0.0,0.22972972972972974,0.0,0.0,0.0,0.0,0.0,0.0,0.0,0.0,0.0,0.0,Control,
GSE143704_Sample_84100_HFVWYBGX9_hu_092718,0.7482758620689656,0.027586206896551724,0.07586206896551724,0.0,0.06551724137931035,0.08275862068965517,0.0,0.0,0.0,0.0,0.0,0.0,0.0,0.0,0.0,0.0,Control,
GSE181957_SC229,0.7265625,0.0,0.0,0.0625,0.109375,0.1015625,0.0,0.0,0.0,0.0,0.0,0.0,0.0,0.0,0.0,0.0,Non-malignant disease,
GSE184950_B19,0.0,0.0,0.018604651162790697,0.0,0.0,0.6604651162790698,0.0,0.0,0.0,0.0,0.3209302325581395,0.0,0.0,0.0,0.0,0.0,Non-malignant disease,
GSE147520_hThy29,0.15869535425517337,0.0,0.14828011511580103,0.3241057969028368,0.004659449088666575,0.3634370289159929,0.0,0.0,0.0,0.0008222557215293956,0.0,0.0,0.0,0.0,0.0,0.0,Control,
GSE172225_192563SKL_GEX_HHT,0.6666666666666666,0.07407407407407407,0.09259259259259259,0.0,0.14814814814814814,0.018518518518518517,0.0,0.0,0.0,0.0,0.0,0.0,0.0,0.0,0.0,0.0,Non-malignant disease,
GSE129845_193,0.2318840579710145,0.0,0.043478260869565216,0.2318840579710145,0.10144927536231885,0.3333333333333333,0.0,0.0,0.014492753623188406,0.043478260869565216,0.0,0.0,0.0,0.0,0.0,0.0,Non-malignant disease,
GSE181919_C15,0.3602150537634409,0.0,0.053763440860215055,0.0,0.10752688172043011,0.3225806451612903,0.0,0.0,0.0,0.15591397849462366,0.0,0.0,0.0,0.0,0.0,0.0,Cancer_Tumor,HNSCC
GSE164690_HN09_CD45n,0.04120879120879121,0.0,0.0,0.0,0.7651098901098901,0.0521978021978022,0.0,0.0,0.0,0.14148351648351648,0.0,0.0,0.0,0.0,0.0,0.0,Cancer_Tumor,HNSCC
GSE181919_P16,0.49917898193760263,0.0,0.16091954022988506,0.0,0.16420361247947454,0.06568144499178982,0.0,0.0,0.0,0.09852216748768473,0.0,0.0,0.0,0.0,0.011494252873563218,0.0,Cancer_Tumor,Leukoplakia
GSE183219_HSA_JGR_555ST_G,0.0,0.0,0.06486486486486487,0.15675675675675677,0.05405405405405406,0.4,0.0,0.0,0.032432432432432434,0.021621621621621623,0.0,0.2702702702702703,0.0,0.0,0.0,0.0,Cancer_Tumor,NSCLC
GSE153947_Cr3,0.0,0.0,0.12857142857142856,0.35714285714285715,0.15714285714285714,0.35714285714285715,0.0,0.0,0.0,0.0,0.0,0.0,0.0,0.0,0.0,0.0,Non-malignant disease,
GSE178481_RCC-PR5-T3,0.13270142180094788,0.0,0.09004739336492891,0.14691943127962084,0.0,0.12796208530805686,0.0,0.0,0.0,0.4265402843601896,0.0,0.0,0.0,0.07582938388625593,0.0,0.0,Cancer_Tumor,RCC
GSE136103_cirrhotic2_cd45plus_2,0.0,0.0,0.1504950495049505,0.3504950495049505,0.07722772277227723,0.2198019801980198,0.055445544554455446,0.0,0.10495049504950495,0.041584158415841586,0.0,0.0,0.0,0.0,0.0,0.0,Non-malignant disease,
GSE156285_1051762513_3976_IT,0.0,0.0,0.04242424242424243,0.0,0.3515151515151515,0.5454545454545454,0.0,0.0,0.06060606060606061,0.0,0.0,0.0,0.0,0.0,0.0,0.0,Non-malignant disease,
GSE172225_192566SKN_GEX_HHT,0.09761388286334056,0.0,0.03036876355748373,0.0,0.05856832971800434,0.8134490238611713,0.0,0.0,0.0,0.0,0.0,0.0,0.0,0.0,0.0,0.0,Control,
GSE158924_scHealthy2_HHT,0.3972222222222222,0.04722222222222222,0.20277777777777778,0.0,0.08333333333333333,0.26944444444444443,0.0,0.0,0.0,0.0,0.0,0.0,0.0,0.0,0.0,0.0,Control,
GSE131778_rca3-3,0.19621749408983452,0.0,0.09692671394799054,0.13947990543735225,0.016548463356973995,0.5342789598108747,0.0,0.0,0.016548463356973995,0.0,0.0,0.0,0.0,0.0,0.0,0.0,Non-malignant disease,
GSE132802_SKIN_HV2,0.5740740740740741,0.1736111111111111,0.03009259259259259,0.032407407407407406,0.032407407407407406,0.1574074074074074,0.0,0.0,0.0,0.0,0.0,0.0,0.0,0.0,0.0,0.0,Control,
GSE161266_Perio3,0.042801556420233464,0.0,0.19066147859922178,0.0,0.0,0.6147859922178989,0.0,0.0,0.1517509727626459,0.0,0.0,0.0,0.0,0.0,0.0,0.0,Control,
GSE180878_PM_F,0.7484177215189873,0.07911392405063292,0.1550632911392405,0.0,0.01740506329113924,0.0,0.0,0.0,0.0,0.0,0.0,0.0,0.0,0.0,0.0,0.0,Control,
GSE136103_healthy4_cd45plus_1,0.0,0.0,0.24390243902439024,0.14634146341463414,0.0,0.0975609756097561,0.43902439024390244,0.0,0.04878048780487805,0.0,0.0,0.0,0.0,0.0,0.0,0.024390243902439025,Control,
GSE131778_rca3-2,0.15010141987829614,0.0,0.09127789046653144,0.11967545638945233,0.0,0.6247464503042597,0.0,0.0,0.014198782961460446,0.0,0.0,0.0,0.0,0.0,0.0,0.0,Non-malignant disease,
GSE160536_SC273,0.09953703703703703,0.023148148148148147,0.0787037037037037,0.0,0.0,0.7986111111111112,0.0,0.0,0.0,0.0,0.0,0.0,0.0,0.0,0.0,0.0,Non-malignant disease,
GSE181316_keloid_3R_scRNA,0.34610059990770653,0.0,0.03922473465620674,0.0,0.17305029995385326,0.4300876788186433,0.0,0.0,0.0,0.011536686663590217,0.0,0.0,0.0,0.0,0.0,0.0,Non-malignant disease,
GSE156310_SC174,0.3516483516483517,0.09340659340659341,0.17032967032967034,0.005494505494505495,0.06593406593406594,0.054945054945054944,0.0,0.0,0.04945054945054945,0.0,0.0,0.08791208791208792,0.0,0.0,0.0,0.12087912087912088,Non-malignant disease,
GSE164241_BM168,0.2109497645211931,0.0,0.1956436420722135,0.0,0.03218210361067504,0.5457221350078493,0.0,0.0,0.0,0.015502354788069073,0.0,0.0,0.0,0.0,0.0,0.0,Control,
GSE183852_TWCM-H5,0.007227332457293035,0.002628120893561104,0.21222076215505914,0.7409110819097678,0.0028471309680245293,0.0319754708716601,0.0,0.002190100744634253,0.0,0.0,0.0,0.0,0.0,0.0,0.0,0.0,Control,
GSE167297_Deep,0.3262135922330097,0.0912621359223301,0.1533980582524272,0.06796116504854369,0.0,0.3029126213592233,0.0,0.0,0.0,0.0,0.0,0.0,0.05825242718446602,0.0,0.0,0.0,Cancer_Tumor,GC
GSE173252_dd2,0.5419847328244275,0.0,0.05089058524173028,0.0,0.05089058524173028,0.34096692111959287,0.0,0.0,0.0,0.015267175572519083,0.0,0.0,0.0,0.0,0.0,0.0,Non-malignant disease,
GSE150516_CHO1S,0.05555555555555555,0.0,0.16666666666666666,0.4222222222222222,0.0,0.32222222222222224,0.0,0.0,0.03333333333333333,0.0,0.0,0.0,0.0,0.0,0.0,0.0,Non-malignant disease,
GSE175817_D407H,0.5763062596999483,0.061045007759958615,0.2090015519917227,0.0046559751681324365,0.0693222969477496,0.07397827211588205,0.0,0.0,0.0,0.0,0.0,0.0,0.0,0.0,0.005690636316606311,0.0,Non-malignant disease,
GSE145927_Bx45C,0.0,0.0,0.0615815255423373,0.6480055983205039,0.01749475157452764,0.0,0.0,0.0,0.0,0.0,0.0,0.0,0.0,0.2470258922323303,0.0,0.02589223233030091,Non-malignant disease,
GSE136103_cirrhotic3_cd45-_3,0.0,0.0,0.05148795465281058,0.46528105810108644,0.03684459140292867,0.4175720358998583,0.011809163911195087,0.0,0.0,0.017005196032120924,0.0,0.0,0.0,0.0,0.0,0.0,Non-malignant disease,
GSE145927_Bx39B,0.0,0.0,0.1651376146788991,0.43302752293577984,0.0,0.014678899082568808,0.0,0.0,0.0,0.00672782874617737,0.0,0.0,0.0,0.3217125382262997,0.0,0.05871559633027523,Non-malignant disease,
GSE180544_MSG11,0.1724137931034483,0.0,0.06896551724137931,0.12443778110944528,0.044977511244377814,0.5892053973013494,0.0,0.0,0.0,0.0,0.0,0.0,0.0,0.0,0.0,0.0,Control,
GSE131778_rca2-1,0.13414634146341464,0.0,0.1402439024390244,0.07926829268292683,0.054878048780487805,0.524390243902439,0.0,0.06707317073170732,0.0,0.0,0.0,0.0,0.0,0.0,0.0,0.0,Non-malignant disease,
GSE181316_skin_7_scRNA_4,0.30376344086021506,0.008064516129032258,0.06317204301075269,0.0,0.053763440860215055,0.571236559139785,0.0,0.0,0.0,0.0,0.0,0.0,0.0,0.0,0.0,0.0,Control,
GSE153947_Cr2,0.0,0.0,0.21153846153846154,0.0,0.10256410256410256,0.6858974358974359,0.0,0.0,0.0,0.0,0.0,0.0,0.0,0.0,0.0,0.0,Non-malignant disease,
GSE171381_COVID_4__villi__HHT,0.0,0.2619047619047619,0.15476190476190477,0.5,0.0,0.08333333333333333,0.0,0.0,0.0,0.0,0.0,0.0,0.0,0.0,0.0,0.0,Non-malignant disease,
GSE150674_ND15656_p0_run1,0.0392156862745098,0.0,0.058823529411764705,0.0,0.17647058823529413,0.6862745098039216,0.0,0.0,0.0392156862745098,0.0,0.0,0.0,0.0,0.0,0.0,0.0,Non-malignant disease,
GSE132771_F1W,0.5625,0.05048076923076923,0.15625,0.0,0.040865384615384616,0.17067307692307693,0.0,0.0,0.0,0.019230769230769232,0.0,0.0,0.0,0.0,0.0,0.0,Non-malignant disease,
GSE180665_10X-Bondoc-HB30T-20201109-3v3-1hg,0.0,0.0,0.0,0.12962962962962962,0.018518518518518517,0.3148148148148148,0.018518518518518517,0.0,0.0,0.4444444444444444,0.0,0.0,0.0,0.07407407407407407,0.0,0.0,Cancer_Tumor,HB
GSE158723_NGS18-G347-UCL-P70-6000cells,0.0,0.0,0.0,0.013888888888888888,0.0,0.4166666666666667,0.375,0.06944444444444445,0.125,0.0,0.0,0.0,0.0,0.0,0.0,0.0,Control,
GSE135337_BC2,0.17647058823529413,0.0,0.0,0.0,0.0,0.7764705882352941,0.0,0.0,0.0,0.047058823529411764,0.0,0.0,0.0,0.0,0.0,0.0,Cancer_Tumor,BLCA
GSE176417_Sc_skin3,0.38750587130108033,0.009394081728511038,0.054015969938938466,0.0,0.04368248003757633,0.5054015969938939,0.0,0.0,0.0,0.0,0.0,0.0,0.0,0.0,0.0,0.0,Control,
GSE183219_HSA_JGR_532ST_G,0.07301587301587302,0.0,0.05555555555555555,0.03333333333333333,0.014285714285714285,0.28253968253968254,0.0,0.0,0.012698412698412698,0.0,0.0,0.5285714285714286,0.0,0.0,0.0,0.0,Cancer_Tumor,NSCLC
GSE171381_CNTRL_1__villi__HCR,0.0,0.0,0.7321428571428571,0.10714285714285714,0.0,0.017857142857142856,0.14285714285714285,0.0,0.0,0.0,0.0,0.0,0.0,0.0,0.0,0.0,Control,
GSE168933_NASH2_LIB037226,0.0,0.0,0.24324324324324326,0.0,0.08108108108108109,0.4594594594594595,0.0,0.04054054054054054,0.17567567567567569,0.0,0.0,0.0,0.0,0.0,0.0,0.0,Non-malignant disease,
GSE181957_SC184,0.31976744186046513,0.011627906976744186,0.05813953488372093,0.23837209302325582,0.029069767441860465,0.3430232558139535,0.0,0.0,0.0,0.0,0.0,0.0,0.0,0.0,0.0,0.0,Non-malignant disease,
GSE171381_COVID_5__villi__HHT,0.0,0.1724137931034483,0.06896551724137931,0.4827586206896552,0.06896551724137931,0.20689655172413793,0.0,0.0,0.0,0.0,0.0,0.0,0.0,0.0,0.0,0.0,Non-malignant disease,
GSE183219_HSA_JGR_536ST_G,0.0,0.0,0.06457564575645756,0.0036900369003690036,0.0,0.04428044280442804,0.0,0.0,0.08118081180811808,0.0,0.0,0.8062730627306273,0.0,0.0,0.0,0.0,Cancer_Tumor,NSCLC
GSE155683_G170019300257T_Adult_Cornea,0.36129032258064514,0.0,0.05806451612903226,0.0064516129032258064,0.41935483870967744,0.15483870967741936,0.0,0.0,0.0,0.0,0.0,0.0,0.0,0.0,0.0,0.0,Control,
GSE180878_PM_K,0.4444444444444444,0.2222222222222222,0.05555555555555555,0.018518518518518517,0.0,0.25925925925925924,0.0,0.0,0.0,0.0,0.0,0.0,0.0,0.0,0.0,0.0,Control,
GSE178481_RCC-PR5-T2,0.12727272727272726,0.0,0.2727272727272727,0.2909090909090909,0.0,0.08181818181818182,0.0,0.0,0.01818181818181818,0.20909090909090908,0.0,0.0,0.0,0.0,0.0,0.0,Cancer_Tumor,RCC
GSE172225_192566SKL_GEX_HHT,0.6239130434782608,0.013043478260869565,0.11956521739130435,0.0,0.1891304347826087,0.05434782608695652,0.0,0.0,0.0,0.0,0.0,0.0,0.0,0.0,0.0,0.0,Non-malignant disease,
GSE164241_BM157,0.0,0.0,0.13814512999611953,0.0,0.1656965463717501,0.6953822273961972,0.0,0.0,0.0,0.0007760962359332557,0.0,0.0,0.0,0.0,0.0,0.0,Control,
GSE162122_061919Myometrium_GEXL,0.4904051172707889,0.0,0.13930348258706468,0.0,0.19047619047619047,0.0923951670220327,0.0,0.0,0.08742004264392324,0.0,0.0,0.0,0.0,0.0,0.0,0.0,Control,
GSE143704_Sample_84099_HMYWJBGX7_hu_092618,0.04584657285519746,0.0,0.03313663186563777,0.870177031320926,0.0,0.05083976395823876,0.0,0.0,0.0,0.0,0.0,0.0,0.0,0.0,0.0,0.0,Control,
GSE175817_D408A,0.6314040432013293,0.07947936859595679,0.13625034616449738,0.0,0.062309609526446964,0.056217114372749934,0.0,0.0,0.0,0.03433951813901966,0.0,0.0,0.0,0.0,0.0,0.0,Non-malignant disease,
GSE161267_Pulp5,0.0,0.0,0.08082408874801902,0.46275752773375595,0.0,0.3011093502377179,0.0,0.0,0.15530903328050713,0.0,0.0,0.0,0.0,0.0,0.0,0.0,Control,
GSE199515_APD_M,0.4444444444444444,0.08286252354048965,0.09227871939736347,0.1318267419962335,0.022598870056497175,0.1977401129943503,0.0,0.0,0.0,0.0018832391713747645,0.0,0.0,0.026365348399246705,0.0,0.0,0.0,Cancer_Tumor,BRCA
GSE132802_Skin_Dress1,0.5985037406483791,0.0,0.09725685785536159,0.0,0.04239401496259352,0.13466334164588528,0.0,0.0,0.0,0.12718204488778054,0.0,0.0,0.0,0.0,0.0,0.0,Non-malignant disease,
GSE129845_138,0.3559322033898305,0.0,0.11864406779661017,0.0,0.1016949152542373,0.423728813559322,0.0,0.0,0.0,0.0,0.0,0.0,0.0,0.0,0.0,0.0,Non-malignant disease,
GSE169657_h61AP-GEX,0.20512820512820512,0.0,0.17435897435897435,0.3282051282051282,0.0,0.20512820512820512,0.0,0.0,0.0,0.08717948717948718,0.0,0.0,0.0,0.0,0.0,0.0,Cancer_Tumor,BRCA
GSE132771_N3W,0.07717041800643087,0.05787781350482315,0.18006430868167203,0.0932475884244373,0.04180064308681672,0.03858520900321544,0.0,0.0,0.1382636655948553,0.0,0.0,0.3729903536977492,0.0,0.0,0.0,0.0,Control,
GSE175817_D406A,0.6033163265306123,0.0,0.16198979591836735,0.0,0.05229591836734694,0.1568877551020408,0.0,0.0,0.0,0.025510204081632654,0.0,0.0,0.0,0.0,0.0,0.0,Non-malignant disease,
GSE181919_C51,0.05405405405405406,0.0,0.0,0.0,0.08108108108108109,0.13513513513513514,0.0,0.0,0.0,0.7297297297297297,0.0,0.0,0.0,0.0,0.0,0.0,Cancer_Tumor,HNSCC
GSE173252_dd1B,0.16534040671971706,0.0,0.03713527851458886,0.0,0.03801945181255526,0.7462422634836428,0.0,0.0,0.0,0.013262599469496022,0.0,0.0,0.0,0.0,0.0,0.0,Non-malignant disease,
GSE183219_HSA_JGR_HS190415T_G,0.0,0.0,0.08146067415730338,0.12359550561797752,0.026217228464419477,0.06928838951310862,0.0,0.0,0.054307116104868915,0.033707865168539325,0.0,0.6114232209737828,0.0,0.0,0.0,0.0,Cancer_Tumor,NSCLC
GSE164241_GM136,0.06892067620286085,0.0,0.16644993498049415,0.0,0.06892067620286085,0.6293888166449935,0.0,0.0,0.0,0.06631989596879063,0.0,0.0,0.0,0.0,0.0,0.0,Control,
GSE178481_RCC-PR2-N,0.0,0.0,0.38095238095238093,0.5873015873015873,0.0,0.031746031746031744,0.0,0.0,0.0,0.0,0.0,0.0,0.0,0.0,0.0,0.0,Cancer_AdjNorm,RCC
GSE136103_healthy2_cd45-_1,0.0,0.0,0.1038961038961039,0.1038961038961039,0.09090909090909091,0.025974025974025976,0.6753246753246753,0.0,0.0,0.0,0.0,0.0,0.0,0.0,0.0,0.0,Control,
GSE136103_healthy4_cd45-_2,0.0,0.0,0.26877470355731226,0.1956521739130435,0.0,0.0533596837944664,0.37549407114624506,0.0,0.1067193675889328,0.0,0.0,0.0,0.0,0.0,0.0,0.0,Control,
GSE220468_CBMNC,0.0,0.5214007782101168,0.05058365758754864,0.07587548638132295,0.0,0.3521400778210117,0.0,0.0,0.0,0.0,0.0,0.0,0.0,0.0,0.0,0.0,Control,
GSE172225_192564SKL_GEX_HHT,0.6169354838709677,0.11693548387096774,0.10887096774193548,0.0,0.12701612903225806,0.016129032258064516,0.0,0.0,0.0,0.014112903225806451,0.0,0.0,0.0,0.0,0.0,0.0,Non-malignant disease,
GSE199515_APD_Triple,0.08695652173913043,0.0,0.20652173913043478,0.1956521739130435,0.0,0.40217391304347827,0.0,0.0,0.0,0.10869565217391304,0.0,0.0,0.0,0.0,0.0,0.0,Cancer_Tumor,BRCA
GSE172225_192565SKL_GEX_HHT,0.6897163120567376,0.012411347517730497,0.11524822695035461,0.0,0.03546099290780142,0.07092198581560284,0.0,0.0,0.0,0.06560283687943262,0.0,0.0,0.0,0.0,0.0,0.010638297872340425,Non-malignant disease,
GSE180878_PM_A,0.7432432432432432,0.07657657657657657,0.10810810810810811,0.028528528528528527,0.012012012012012012,0.03153153153153153,0.0,0.0,0.0,0.0,0.0,0.0,0.0,0.0,0.0,0.0,Control,
GSE181919_N46,0.34146341463414637,0.0,0.3170731707317073,0.2926829268292683,0.04878048780487805,0.0,0.0,0.0,0.0,0.0,0.0,0.0,0.0,0.0,0.0,0.0,Cancer_AdjNorm,HNSCC
GSE181082_SynTissue_28_10000,0.5,0.0,0.09090909090909091,0.0,0.0,0.18181818181818182,0.0,0.0,0.06818181818181818,0.1590909090909091,0.0,0.0,0.0,0.0,0.0,0.0,Control,
GSE181957_SC202,0.5316455696202531,0.0,0.0379746835443038,0.35443037974683544,0.0,0.0759493670886076,0.0,0.0,0.0,0.0,0.0,0.0,0.0,0.0,0.0,0.0,Non-malignant disease,
GSE169147_SAR1-v3_HHT,0.435630689206762,0.036410923276983094,0.13914174252275682,0.0,0.15604681404421328,0.23276983094928477,0.0,0.0,0.0,0.0,0.0,0.0,0.0,0.0,0.0,0.0,Non-malignant disease,
GSE185477_TLH_18_09_20_CITE_3,0.0,0.0,0.0,0.0,0.0,0.6267942583732058,0.32057416267942584,0.0,0.05263157894736842,0.0,0.0,0.0,0.0,0.0,0.0,0.0,Control,
GSE175817_D408H2,0.3549180327868853,0.16475409836065574,0.19098360655737706,0.0,0.07049180327868852,0.21885245901639344,0.0,0.0,0.0,0.0,0.0,0.0,0.0,0.0,0.0,0.0,Non-malignant disease,
GSE183219_HSA_JGR_514ST_G,0.12974683544303797,0.0,0.0981012658227848,0.28164556962025317,0.022151898734177215,0.04746835443037975,0.0,0.0,0.12025316455696203,0.1360759493670886,0.0,0.12025316455696203,0.0,0.04430379746835443,0.0,0.0,Cancer_Tumor,NSCLC
GSE129845_192,0.0,0.0,0.24675324675324675,0.33766233766233766,0.03896103896103896,0.3181818181818182,0.0,0.0,0.05844155844155844,0.0,0.0,0.0,0.0,0.0,0.0,0.0,Non-malignant disease,
GSE175817_D404,0.5023041474654378,0.0,0.09216589861751152,0.0,0.041474654377880185,0.19815668202764977,0.0,0.0,0.0,0.16589861751152074,0.0,0.0,0.0,0.0,0.0,0.0,Non-malignant disease,
GSE181957_SC169,0.3684210526315789,0.0,0.05847953216374269,0.27485380116959063,0.0,0.26900584795321636,0.0,0.029239766081871343,0.0,0.0,0.0,0.0,0.0,0.0,0.0,0.0,Non-malignant disease,
GSE169062_15494X2,0.07172995780590717,0.004219409282700422,0.29535864978902954,0.21518987341772153,0.029535864978902954,0.2869198312236287,0.0,0.0,0.08438818565400844,0.012658227848101266,0.0,0.0,0.0,0.0,0.0,0.0,Non-malignant disease,
GSE131778_rca2-2,0.05625,0.0,0.225,0.0625,0.05,0.6,0.0,0.00625,0.0,0.0,0.0,0.0,0.0,0.0,0.0,0.0,Non-malignant disease,
GSE164241_PD164b,0.37362637362637363,0.0,0.13003663003663005,0.0,0.03663003663003663,0.4084249084249084,0.0,0.0,0.0,0.05128205128205128,0.0,0.0,0.0,0.0,0.0,0.0,Non-malignant disease,
GSE111976_endo_57,0.18151815181518152,0.0,0.04950495049504951,0.0,0.0,0.019801980198019802,0.0,0.0,0.0,0.07920792079207921,0.0,0.0,0.0,0.66996699669967,0.0,0.0,Control,
GSE183219_HSA_JGR_714SN_G,0.25766871165644173,0.0,0.09815950920245399,0.003067484662576687,0.0,0.23006134969325154,0.0,0.0,0.08895705521472393,0.03374233128834356,0.0,0.2883435582822086,0.0,0.0,0.0,0.0,Cancer_AdjNorm,NSCLC
GSE157477_H_ZF-D-1818-5,0.0,0.0,0.0,0.0,0.38095238095238093,0.6190476190476191,0.0,0.0,0.0,0.0,0.0,0.0,0.0,0.0,0.0,0.0,Non-malignant disease,
GSE178481_RCC-PR3-T3,0.0,0.0,0.05314685314685315,0.558041958041958,0.0,0.15384615384615385,0.006993006993006993,0.012587412587412588,0.039160839160839164,0.17622377622377622,0.0,0.0,0.0,0.0,0.0,0.0,Cancer_Tumor,RCC
GSE173252_dd3,0.23740053050397877,0.0,0.04907161803713528,0.0,0.01989389920424403,0.6936339522546419,0.0,0.0,0.0,0.0,0.0,0.0,0.0,0.0,0.0,0.0,Non-malignant disease,
GSE194129_U1,0.6906474820143885,0.0,0.23741007194244604,0.0,0.07194244604316546,0.0,0.0,0.0,0.0,0.0,0.0,0.0,0.0,0.0,0.0,0.0,Control,
GSE156310_SC175,0.21428571428571427,0.125,0.35714285714285715,0.0,0.0,0.03571428571428571,0.017857142857142856,0.0,0.03571428571428571,0.0,0.0,0.08928571428571429,0.0,0.0,0.0,0.125,Non-malignant disease,
GSE143704_Sample_103478_HVGTNBGXB_hu_062419,0.026402640264026403,0.0,0.10231023102310231,0.7392739273927392,0.0,0.10891089108910891,0.0,0.0,0.0165016501650165,0.006600660066006601,0.0,0.0,0.0,0.0,0.0,0.0,Control,
GSE128892_Hu_Tm-Fib,0.5953878406708596,0.07127882599580712,0.05450733752620545,0.0,0.016771488469601678,0.259958071278826,0.0,0.0020964360587002098,0.0,0.0,0.0,0.0,0.0,0.0,0.0,0.0,Control,
GSE134520_CAG3,0.10666666666666667,0.0,0.09333333333333334,0.5333333333333333,0.0,0.25333333333333335,0.0,0.0,0.0,0.013333333333333334,0.0,0.0,0.0,0.0,0.0,0.0,Non-malignant disease,
GSE168933_HEALTHY2_LIB037236,0.0,0.0,0.2396694214876033,0.1487603305785124,0.04132231404958678,0.3305785123966942,0.23140495867768596,0.008264462809917356,0.0,0.0,0.0,0.0,0.0,0.0,0.0,0.0,Control,
GSE181919_P17,0.29411764705882354,0.0,0.22910216718266255,0.0,0.06656346749226007,0.37306501547987614,0.0,0.0,0.0,0.02321981424148607,0.0,0.0,0.0,0.0,0.01393188854489164,0.0,Cancer_Tumor,Leukoplakia
GSE132771_F3W,0.5462555066079295,0.0,0.05433186490455213,0.0,0.01762114537444934,0.38179148311306904,0.0,0.0,0.0,0.0,0.0,0.0,0.0,0.0,0.0,0.0,Non-malignant disease,
GSE128066_SC68,0.20261437908496732,0.1111111111111111,0.09803921568627451,0.16339869281045752,0.12418300653594772,0.3006535947712418,0.0,0.0,0.0,0.0,0.0,0.0,0.0,0.0,0.0,0.0,Control,
GSE158970_Polydactyly_02,0.09406952965235174,0.014314928425357873,0.09611451942740286,0.07566462167689161,0.1574642126789366,0.4376278118609407,0.0,0.0,0.06339468302658487,0.06134969325153374,0.0,0.0,0.0,0.0,0.0,0.0,Non-malignant disease,
GSE129845_run231_181,0.1724137931034483,0.0,0.1896551724137931,0.06896551724137931,0.034482758620689655,0.5172413793103449,0.0,0.0,0.0,0.017241379310344827,0.0,0.0,0.0,0.0,0.0,0.0,Non-malignant disease,
GSE158924_scGA3-v3_HHT,0.44171779141104295,0.0,0.09815950920245399,0.0,0.19938650306748465,0.1441717791411043,0.0,0.0,0.027607361963190184,0.024539877300613498,0.0,0.0,0.0,0.0,0.046012269938650305,0.018404907975460124,Non-malignant disease,
GSE164241_BM169,0.25279017857142855,0.0,0.16685267857142858,0.0,0.041294642857142856,0.46986607142857145,0.0,0.0,0.06919642857142858,0.0,0.0,0.0,0.0,0.0,0.0,0.0,Control,
GSE183219_HSA_JGR_460SN_G,0.0,0.10052910052910052,0.02292768959435626,0.02821869488536155,0.06878306878306878,0.0,0.0,0.014109347442680775,0.0,0.0,0.0,0.7654320987654321,0.0,0.0,0.0,0.0,Cancer_AdjNorm,NSCLC
GSE136103_healthy1_cd45-A_3,0.004842615012106538,0.0,0.32929782082324455,0.07990314769975787,0.01937046004842615,0.06537530266343826,0.43341404358353514,0.048426150121065374,0.01937046004842615,0.0,0.0,0.0,0.0,0.0,0.0,0.0,Control,
GSE129845_208,0.0,0.0,0.21374045801526717,0.22137404580152673,0.2366412213740458,0.3282442748091603,0.0,0.0,0.0,0.0,0.0,0.0,0.0,0.0,0.0,0.0,Non-malignant disease,
GSE181957_SC237,0.635036496350365,0.0,0.072992700729927,0.11678832116788321,0.12408759124087591,0.051094890510948905,0.0,0.0,0.0,0.0,0.0,0.0,0.0,0.0,0.0,0.0,Non-malignant disease,
GSE155468_10x_RPP_TAA_7,0.19148936170212766,0.0,0.09574468085106383,0.3617021276595745,0.0,0.1595744680851064,0.0035460992907801418,0.01773049645390071,0.1702127659574468,0.0,0.0,0.0,0.0,0.0,0.0,0.0,Non-malignant disease,
GSE136103_cirrhotic1_cd45-B,0.02912621359223301,0.0,0.13106796116504854,0.2766990291262136,0.07281553398058252,0.33980582524271846,0.0,0.0,0.0970873786407767,0.05339805825242718,0.0,0.0,0.0,0.0,0.0,0.0,Non-malignant disease,
GSE199515_APD_E,0.026905829596412557,0.0,0.09417040358744394,0.16143497757847533,0.04035874439461883,0.6771300448430493,0.0,0.0,0.0,0.0,0.0,0.0,0.0,0.0,0.0,0.0,Cancer_Tumor,BRCA
GSE180878_PM_B,0.46153846153846156,0.125,0.10192307692307692,0.2173076923076923,0.009615384615384616,0.08461538461538462,0.0,0.0,0.0,0.0,0.0,0.0,0.0,0.0,0.0,0.0,Control,
GSE161153_P14601_5005,0.0,0.0,0.11505681818181818,0.7670454545454546,0.06392045454545454,0.0,0.0,0.0,0.03835227272727273,0.015625,0.0,0.0,0.0,0.0,0.0,0.0,Non-malignant disease,
GSE181316_skin_7_scRNA_1,0.3445378151260504,0.00980392156862745,0.0700280112044818,0.0,0.04201680672268908,0.5336134453781513,0.0,0.0,0.0,0.0,0.0,0.0,0.0,0.0,0.0,0.0,Control,
GSE155683_G170019300246Z_Cornea,0.32571428571428573,0.0,0.12,0.011428571428571429,0.21142857142857144,0.3314285714285714,0.0,0.0,0.0,0.0,0.0,0.0,0.0,0.0,0.0,0.0,Control,
GSE171381_CNTRL_3__villi__HCR,0.0,0.3424657534246575,0.10273972602739725,0.1541095890410959,0.0,0.4006849315068493,0.0,0.0,0.0,0.0,0.0,0.0,0.0,0.0,0.0,0.0,Control,
GSE181297_Keloid1,0.3790523690773067,0.0,0.06341289633060207,0.0,0.12540078375489846,0.15283220520128252,0.0,0.0,0.0,0.2793017456359102,0.0,0.0,0.0,0.0,0.0,0.0,Non-malignant disease,
GSE158924_scGA1__HHT,0.4476584022038568,0.0,0.06887052341597796,0.011019283746556474,0.18044077134986225,0.22727272727272727,0.0,0.0,0.03443526170798898,0.0,0.0,0.0,0.0,0.0,0.012396694214876033,0.01790633608815427,Non-malignant disease,
GSE130646_muscle2V1,0.0,0.0,0.009202453987730062,0.7515337423312883,0.0,0.2392638036809816,0.0,0.0,0.0,0.0,0.0,0.0,0.0,0.0,0.0,0.0,Control,
GSE180878_PM_G,0.7256944444444444,0.2048611111111111,0.04861111111111111,0.0,0.0,0.020833333333333332,0.0,0.0,0.0,0.0,0.0,0.0,0.0,0.0,0.0,0.0,Control,
GSE181957_SC164,0.2814814814814815,0.07407407407407407,0.2074074074074074,0.06666666666666667,0.17037037037037037,0.2,0.0,0.0,0.0,0.0,0.0,0.0,0.0,0.0,0.0,0.0,Non-malignant disease,
GSE141526_BCC2,0.6099290780141844,0.0425531914893617,0.0,0.0,0.02127659574468085,0.0,0.0,0.0,0.0,0.3262411347517731,0.0,0.0,0.0,0.0,0.0,0.0,Cancer_Tumor,BCC
GSE167297_TN1904R2479--TCAAGGCC,0.3225806451612903,0.0,0.043010752688172046,0.010752688172043012,0.03225806451612903,0.41935483870967744,0.0,0.0,0.0,0.17204301075268819,0.0,0.0,0.0,0.0,0.0,0.0,Cancer_Tumor,GC
GSE162122_Myometrium_PBSP_GEXL,0.0,0.0,0.23985239852398524,0.0,0.13653136531365315,0.6236162361623616,0.0,0.0,0.0,0.0,0.0,0.0,0.0,0.0,0.0,0.0,Control,
GSE220468_HUVEC,0.0,0.0,0.013496625843539115,0.0,0.0,0.0205781887861368,0.0,0.9609264350579022,0.0049987503124218945,0.0,0.0,0.0,0.0,0.0,0.0,0.0,Control,
GSE164241_GM183,0.15361262902246509,0.0,0.17364905889496055,0.0,0.09957498482088646,0.573163327261688,0.0,0.0,0.0,0.0,0.0,0.0,0.0,0.0,0.0,0.0,Control,
GSE168933_NASH2_POOL_20190311_NASH_2,0.0,0.0,0.11888111888111888,0.055944055944055944,0.02097902097902098,0.20279720279720279,0.45454545454545453,0.04895104895104895,0.0979020979020979,0.0,0.0,0.0,0.0,0.0,0.0,0.0,Non-malignant disease,
GSE182786_18369X1_201002_A00421_0246_AHKMLGDSXY,0.0,0.0,0.24242424242424243,0.2962962962962963,0.03367003367003367,0.3939393939393939,0.0,0.0,0.03367003367003367,0.0,0.0,0.0,0.0,0.0,0.0,0.0,Control,
GSE161266_Perio4,0.16875,0.0,0.14375,0.0,0.0,0.54375,0.0,0.0,0.0,0.14375,0.0,0.0,0.0,0.0,0.0,0.0,Control,
GSE158723_NGS18-G693_UCL-WF6000,0.0,0.006711409395973154,0.0,0.03355704697986577,0.053691275167785234,0.026845637583892617,0.8456375838926175,0.0,0.03355704697986577,0.0,0.0,0.0,0.0,0.0,0.0,0.0,Non-malignant disease,
GSE172225_192561SKL_GEX_HHT,0.6181818181818182,0.05454545454545454,0.14545454545454545,0.0,0.12727272727272726,0.0,0.0,0.0,0.0,0.05454545454545454,0.0,0.0,0.0,0.0,0.0,0.0,Non-malignant disease,
GSE180878_PM_D,0.7710843373493976,0.061746987951807226,0.03162650602409638,0.05271084337349398,0.0,0.08283132530120482,0.0,0.0,0.0,0.0,0.0,0.0,0.0,0.0,0.0,0.0,Control,
GSE136103_cirrhotic1_cd45-A,0.0,0.0,0.20303867403314918,0.24585635359116023,0.08287292817679558,0.21685082872928177,0.05110497237569061,0.0,0.17541436464088397,0.024861878453038673,0.0,0.0,0.0,0.0,0.0,0.0,Non-malignant disease,
GSE143704_Sample_87378_HH3Y5BGX9_hu_111418,0.012907389480477573,0.0,0.05646982897708938,0.46047111971603744,0.016456921587608905,0.4536947402387867,0.0,0.0,0.0,0.0,0.0,0.0,0.0,0.0,0.0,0.0,Control,
GSE173252_sf3,0.12849162011173185,0.0,0.07262569832402235,0.0,0.03910614525139665,0.7262569832402235,0.0,0.0,0.0223463687150838,0.0,0.0,0.0,0.0,0.0,0.0,0.0111731843575419,Control,
GSE181919_P60,0.6274509803921569,0.0,0.058823529411764705,0.0,0.1568627450980392,0.0,0.0,0.0,0.0,0.1568627450980392,0.0,0.0,0.0,0.0,0.0,0.0,Cancer_Tumor,HNSCC
GSE182208_SC_NS-6,0.6008105369807497,0.05268490374873354,0.06990881458966565,0.0,0.0851063829787234,0.1702127659574468,0.0,0.0,0.02127659574468085,0.0,0.0,0.0,0.0,0.0,0.0,0.0,Control,
GSE183219_HSA_JGR_G_ST190329_G,0.038834951456310676,0.0,0.10355987055016182,0.2750809061488673,0.022653721682847898,0.30097087378640774,0.0,0.0,0.0744336569579288,0.038834951456310676,0.0,0.14563106796116504,0.0,0.0,0.0,0.0,Cancer_Tumor,NSCLC
GSE111976_endo_29,0.0,0.0,0.03225806451612903,0.0,0.0,0.0,0.0,0.0,0.0,0.0,0.0,0.0,0.0,0.967741935483871,0.0,0.0,Control,
GSE172225_192567SKN_GEX_HHT,0.7776162790697675,0.010174418604651164,0.07412790697674419,0.0,0.056686046511627904,0.0755813953488372,0.0,0.0,0.0,0.005813953488372093,0.0,0.0,0.0,0.0,0.0,0.0,Control,
GSE171381_CNTRL_1__decidua__HCR,0.0,0.0,0.047311827956989246,0.0,0.9505376344086022,0.002150537634408602,0.0,0.0,0.0,0.0,0.0,0.0,0.0,0.0,0.0,0.0,Control,
GSE182208_SC_NS-5,0.584045584045584,0.0,0.037037037037037035,0.0,0.2336182336182336,0.12535612535612536,0.0,0.0,0.019943019943019943,0.0,0.0,0.0,0.0,0.0,0.0,0.0,Non-malignant disease,
GSE146123_human_germ_molar_apical_papilla_female_15yo,0.0,0.005636070853462158,0.18276972624798712,0.107085346215781,0.0,0.5515297906602254,0.0,0.0,0.11755233494363929,0.02818035426731079,0.0,0.0,0.0,0.007246376811594203,0.0,0.0,Control,
GSE181316_scar_1_scRNA,0.6853932584269663,0.00749063670411985,0.056179775280898875,0.0,0.08614232209737828,0.1647940074906367,0.0,0.0,0.0,0.0,0.0,0.0,0.0,0.0,0.0,0.0,Non-malignant disease,
GSE167297_TN1904R2479--CTCCTAGT,0.2926829268292683,0.0,0.036585365853658534,0.08536585365853659,0.0,0.4024390243902439,0.0,0.0,0.0,0.18292682926829268,0.0,0.0,0.0,0.0,0.0,0.0,Cancer_Tumor,GC
GSE132771_F6W,0.5501222493887531,0.018744906275468622,0.12550937245313773,0.021189894050529748,0.02852485737571312,0.2045639771801141,0.0,0.0,0.010594947025264874,0.012224938875305624,0.0,0.02852485737571312,0.0,0.0,0.0,0.0,Non-malignant disease,
GSE141526_BCC3,0.39344262295081966,0.0,0.0,0.0,0.16393442622950818,0.0,0.0,0.0,0.0,0.4426229508196721,0.0,0.0,0.0,0.0,0.0,0.0,Cancer_Tumor,BCC
GSE128066_SC124,0.6162790697674418,0.03255813953488372,0.06976744186046512,0.0069767441860465115,0.0,0.2744186046511628,0.0,0.0,0.0,0.0,0.0,0.0,0.0,0.0,0.0,0.0,Control,
GSE111976_endo_58,0.0,0.0,0.16506717850287908,0.0,0.0,0.12092130518234165,0.0,0.0,0.0,0.0345489443378119,0.0,0.0,0.0,0.6794625719769674,0.0,0.0,Control,
GSE145927_Bx39D,0.0,0.0,0.16734972677595628,0.5081967213114754,0.009562841530054645,0.006147540983606557,0.0,0.0,0.0,0.0,0.0,0.0,0.0,0.2650273224043716,0.0,0.04371584699453552,Non-malignant disease,
GSE140393_441_Sample19619_11_9_2018,0.0,0.0,0.06428571428571428,0.0,0.0,0.06428571428571428,0.0,0.0,0.0,0.0,0.8714285714285714,0.0,0.0,0.0,0.0,0.0,Non-malignant disease,
GSE159677_02dat20190620tisCARconDIS,0.12363996043521266,0.0,0.1513353115727003,0.3827893175074184,0.0,0.2304648862512364,0.002967359050445104,0.026706231454005934,0.010880316518298714,0.0712166172106825,0.0,0.0,0.0,0.0,0.0,0.0,Non-malignant disease,
GSE180878_RM_C,0.8440677966101695,0.0768361581920904,0.05084745762711865,0.0,0.02824858757062147,0.0,0.0,0.0,0.0,0.0,0.0,0.0,0.0,0.0,0.0,0.0,Control,
GSE181919_6_C4,0.5914634146341463,0.0,0.042682926829268296,0.0,0.1951219512195122,0.018292682926829267,0.0,0.0,0.0,0.1524390243902439,0.0,0.0,0.0,0.0,0.0,0.0,Cancer_Tumor,HNSCC
GSE161267_Pulp1,0.0,0.0,0.13850687622789784,0.47445972495088407,0.0,0.22396856581532418,0.0,0.0,0.15225933202357564,0.010805500982318271,0.0,0.0,0.0,0.0,0.0,0.0,Control,
GSE174332_201019_ALS_101_snRNA-B1,0.0,0.0,0.0,0.0,0.0,0.14606741573033707,0.0,0.0,0.0,0.0,0.8539325842696629,0.0,0.0,0.0,0.0,0.0,Non-malignant disease,
GSE175817_D318,0.3656716417910448,0.0,0.20149253731343283,0.0,0.373134328358209,0.029850746268656716,0.0,0.0,0.0,0.029850746268656716,0.0,0.0,0.0,0.0,0.0,0.0,Non-malignant disease,
GSE178481_ID_BM9-P-N,0.012552301255230125,0.0,0.4,0.49372384937238495,0.0,0.09372384937238494,0.0,0.0,0.0,0.0,0.0,0.0,0.0,0.0,0.0,0.0,Cancer_AdjNorm,RCC
GSE182786_18328X1_201002_A00421_0246_AHKMLGDSXY,0.0,0.0,0.19293478260869565,0.25271739130434784,0.0,0.532608695652174,0.0,0.0,0.021739130434782608,0.0,0.0,0.0,0.0,0.0,0.0,0.0,Control,
GSE128889_Human,0.0,0.0,0.015748031496062992,0.8543307086614174,0.011811023622047244,0.11811023622047244,0.0,0.0,0.0,0.0,0.0,0.0,0.0,0.0,0.0,0.0,Control,
GSE145927_Bx45D,0.0,0.0,0.060897435897435896,0.5777243589743589,0.020032051282051284,0.002403846153846154,0.0,0.0,0.0,0.0,0.0,0.0,0.0,0.32051282051282054,0.0,0.01842948717948718,Non-malignant disease,
GSE136103_cirrhotic3_cd45plus_3,0.0,0.0,0.09351432880844646,0.3167420814479638,0.042232277526395176,0.5475113122171946,0.0,0.0,0.0,0.0,0.0,0.0,0.0,0.0,0.0,0.0,Non-malignant disease,
GSE180544_MSG15,0.0,0.0,0.102880658436214,0.0,0.0,0.8930041152263375,0.0,0.0,0.00411522633744856,0.0,0.0,0.0,0.0,0.0,0.0,0.0,Control,
GSE169471_SC161,0.1507537688442211,0.15829145728643215,0.2135678391959799,0.017587939698492462,0.13316582914572864,0.04773869346733668,0.0,0.020100502512562814,0.15577889447236182,0.0,0.0,0.10301507537688442,0.0,0.0,0.0,0.0,Non-malignant disease,
GSE178481_RCC-PR9-N,0.010723860589812333,0.0,0.21715817694369974,0.7345844504021448,0.0,0.03753351206434316,0.0,0.0,0.0,0.0,0.0,0.0,0.0,0.0,0.0,0.0,Cancer_AdjNorm,RCC
GSE136103_cirrhotic2_cd45plus_1,0.0,0.0,0.1015625,0.412109375,0.07421875,0.24609375,0.0546875,0.0,0.056640625,0.0546875,0.0,0.0,0.0,0.0,0.0,0.0,Non-malignant disease,
GSE111976_endo_60,0.0,0.047244094488188976,0.0,0.0,0.0,0.15748031496062992,0.0,0.0,0.0,0.1889763779527559,0.0,0.0,0.0,0.6062992125984252,0.0,0.0,Control,
GSE161267_Pulp4,0.0,0.0,0.05982905982905983,0.6068376068376068,0.0,0.18162393162393162,0.0,0.0,0.1517094017094017,0.0,0.0,0.0,0.0,0.0,0.0,0.0,Control,
GSE183219_HSA_JGR_574SN_G,0.0,0.0,0.0,0.0,0.0,0.0,0.0,0.0,0.02736842105263158,0.0,0.0,0.9726315789473684,0.0,0.0,0.0,0.0,Cancer_AdjNorm,NSCLC
GSE129845_run231_187,0.10101010101010101,0.0,0.24242424242424243,0.04040404040404041,0.0,0.5353535353535354,0.0,0.0,0.0,0.08080808080808081,0.0,0.0,0.0,0.0,0.0,0.0,Non-malignant disease,
GSE136103_cirrhotic3_cd45-_4,0.0,0.0,0.06156806156806157,0.481962481962482,0.03607503607503607,0.3944203944203944,0.00913900913900914,0.0,0.0,0.016835016835016835,0.0,0.0,0.0,0.0,0.0,0.0,Non-malignant disease,
GSE147520_hThy22A,0.07339449541284404,0.0,0.3853211009174312,0.30275229357798167,0.08256880733944955,0.11009174311926606,0.0,0.0,0.045871559633027525,0.0,0.0,0.0,0.0,0.0,0.0,0.0,Control,
GSE176417_Sc_skin2,0.44559585492227977,0.0,0.09650259067357513,0.0,0.2623056994818653,0.1955958549222798,0.0,0.0,0.0,0.0,0.0,0.0,0.0,0.0,0.0,0.0,Control,
GSE169062_15494X1,0.07692307692307693,0.017094017094017096,0.21367521367521367,0.4188034188034188,0.06837606837606838,0.13675213675213677,0.0,0.0,0.05982905982905983,0.008547008547008548,0.0,0.0,0.0,0.0,0.0,0.0,Non-malignant disease,
GSE176417_Sc_skin1,0.7452974072191154,0.041687849517031014,0.058464667005592275,0.0,0.10167768174885612,0.044229791560752414,0.0,0.0,0.0,0.00864260294865277,0.0,0.0,0.0,0.0,0.0,0.0,Control,
GSE132771_N1W,0.0,0.0,0.14946236559139786,0.13655913978494624,0.054838709677419356,0.09462365591397849,0.0,0.0,0.08817204301075268,0.0,0.0,0.47634408602150535,0.0,0.0,0.0,0.0,Control,
GSE168933_HEALTHY1_LIB037231,0.0,0.0,0.20068027210884354,0.23469387755102042,0.0,0.17346938775510204,0.1870748299319728,0.12244897959183673,0.08163265306122448,0.0,0.0,0.0,0.0,0.0,0.0,0.0,Control,
GSE180665_10X-Bondoc-HB-Tumor-8-16-19-20190821-3v3hg,0.0,0.0,0.05263157894736842,0.017543859649122806,0.0,0.017543859649122806,0.0,0.0,0.0,0.8947368421052632,0.0,0.0,0.0,0.017543859649122806,0.0,0.0,Cancer_Tumor,HB
GSE164690_HN18_CD45n,0.40932642487046633,0.0,0.025906735751295335,0.0,0.2849740932642487,0.11398963730569948,0.0,0.0,0.025906735751295335,0.10880829015544041,0.0,0.0,0.0,0.0,0.0,0.031088082901554404,Cancer_Tumor,HNSCC
GSE183219_HSA_JGR_G_SN190329_G,0.08892617449664429,0.0,0.12751677852348994,0.15604026845637584,0.0,0.17953020134228187,0.0,0.02348993288590604,0.06711409395973154,0.0,0.0,0.3573825503355705,0.0,0.0,0.0,0.0,Cancer_AdjNorm,NSCLC
GSE183219_HSA_JGR_800TS_0_G,0.015223596574690771,0.0,0.13225499524262607,0.071360608943863,0.05137963843958135,0.4804947668886774,0.0,0.022835394862036156,0.07706945765937202,0.05137963843958135,0.0,0.09800190294957184,0.0,0.0,0.0,0.0,Cancer_Tumor,NSCLC
GSE155468_10x_RPP_Con_4,0.2434017595307918,0.03519061583577713,0.07917888563049853,0.21700879765395895,0.0,0.17888563049853373,0.0,0.0,0.24633431085043989,0.0,0.0,0.0,0.0,0.0,0.0,0.0,Control,
GSE147979_Choroid75,0.7647058823529411,0.0392156862745098,0.13725490196078433,0.0392156862745098,0.0,0.0,0.0,0.0,0.0196078431372549,0.0,0.0,0.0,0.0,0.0,0.0,0.0,Control,
GSE176417_Sc_W1,0.24246987951807228,0.0,0.07906626506024096,0.0,0.1144578313253012,0.04894578313253012,0.0,0.0,0.0,0.5150602409638554,0.0,0.0,0.0,0.0,0.0,0.0,Non-malignant disease,
GSE164241_PD161,0.184,0.0,0.192,0.0,0.032,0.432,0.0,0.0,0.0,0.16,0.0,0.0,0.0,0.0,0.0,0.0,Non-malignant disease,
GSE178481_RCC-PR2-T,0.0,0.0,0.034482758620689655,0.40229885057471265,0.0,0.06896551724137931,0.0,0.011494252873563218,0.0,0.4827586206896552,0.0,0.0,0.0,0.0,0.0,0.0,Cancer_Tumor,RCC
GSE180544_MSG18,0.0,0.0,0.1550632911392405,0.13291139240506328,0.15822784810126583,0.5537974683544303,0.0,0.0,0.0,0.0,0.0,0.0,0.0,0.0,0.0,0.0,Control,
GSE181957_SC212,0.3894736842105263,0.09473684210526316,0.09473684210526316,0.05263157894736842,0.09473684210526316,0.2736842105263158,0.0,0.0,0.0,0.0,0.0,0.0,0.0,0.0,0.0,0.0,Non-malignant disease,
GSE164690_HN15_CD45n,0.08275862068965517,0.0,0.020689655172413793,0.0,0.7517241379310344,0.05517241379310345,0.0,0.0,0.0,0.0896551724137931,0.0,0.0,0.0,0.0,0.0,0.0,Cancer_Tumor,HNSCC
GSE181957_SC226,0.4431818181818182,0.06818181818181818,0.045454545454545456,0.022727272727272728,0.13636363636363635,0.2840909090909091,0.0,0.0,0.0,0.0,0.0,0.0,0.0,0.0,0.0,0.0,Non-malignant disease,
GSE164241_GM283,0.3700075357950264,0.0,0.13112283345892992,0.0,0.04069329314242653,0.3624717407686511,0.0,0.0,0.0,0.09570459683496609,0.0,0.0,0.0,0.0,0.0,0.0,Control,
GSE181919_P15,0.5263157894736842,0.0,0.06578947368421052,0.0,0.07401315789473684,0.26151315789473684,0.0,0.0,0.0,0.07236842105263158,0.0,0.0,0.0,0.0,0.0,0.0,Cancer_Tumor,Leukoplakia
GSE178481_RCC-PR9-T2,0.07746478873239436,0.028169014084507043,0.1619718309859155,0.13380281690140844,0.0,0.014084507042253521,0.0,0.0,0.0,0.5633802816901409,0.0,0.0,0.0,0.02112676056338028,0.0,0.0,Cancer_Tumor,RCC
GSE136103_healthy1_cd45-A_1,0.0,0.0,0.29539951573849876,0.11864406779661017,0.01937046004842615,0.06779661016949153,0.43099273607748184,0.0,0.06779661016949153,0.0,0.0,0.0,0.0,0.0,0.0,0.0,Control,
GSE160756_h-NP-1,0.028426395939086295,0.0,0.15532994923857868,0.07868020304568528,0.0,0.39695431472081216,0.0,0.0040609137055837565,0.05482233502538071,0.2817258883248731,0.0,0.0,0.0,0.0,0.0,0.0,Control,
GSE183219_HSA_JGR_HS190415N_G,0.0,0.0,0.036669542709232096,0.0,0.0025884383088869713,0.027178602243313203,0.0,0.0,0.04443485763589301,0.0,0.0,0.8891285591026747,0.0,0.0,0.0,0.0,Cancer_AdjNorm,NSCLC
GSE129845_189,0.0,0.0,0.014925373134328358,0.5074626865671642,0.208955223880597,0.22388059701492538,0.0,0.0,0.04477611940298507,0.0,0.0,0.0,0.0,0.0,0.0,0.0,Non-malignant disease,
GSE181919_C7,0.37037037037037035,0.0,0.1728395061728395,0.0,0.04938271604938271,0.19753086419753085,0.0,0.0,0.0,0.20987654320987653,0.0,0.0,0.0,0.0,0.0,0.0,Cancer_Tumor,HNSCC
GSE146123_human_molar_healthy_2,0.0,0.0,0.1326530612244898,0.43197278911564624,0.0,0.08673469387755102,0.0,0.0,0.29081632653061223,0.05782312925170068,0.0,0.0,0.0,0.0,0.0,0.0,Control,
GSE181316_scar_2_scRNA,0.6611570247933884,0.012987012987012988,0.02243211334120425,0.0,0.11334120425029516,0.19008264462809918,0.0,0.0,0.0,0.0,0.0,0.0,0.0,0.0,0.0,0.0,Non-malignant disease,
GSE164241_BM165,0.24297520661157024,0.0,0.11239669421487604,0.0,0.19504132231404958,0.36363636363636365,0.0,0.0,0.05454545454545454,0.03140495867768595,0.0,0.0,0.0,0.0,0.0,0.0,Control,
GSE164241_BM150,0.33607907742998355,0.011532125205930808,0.17298187808896212,0.0,0.08896210873146623,0.3904448105436573,0.0,0.0,0.0,0.0,0.0,0.0,0.0,0.0,0.0,0.0,Control,
GSE164241_PD153,0.6832504145936982,0.0,0.1077943615257048,0.0,0.01658374792703151,0.01990049751243781,0.0,0.0,0.0,0.1724709784411277,0.0,0.0,0.0,0.0,0.0,0.0,Non-malignant disease,
GSE181316_keloid_1_scRNA,0.7097378277153558,0.02247191011235955,0.05056179775280899,0.0,0.11891385767790262,0.07584269662921349,0.0,0.0,0.0,0.02247191011235955,0.0,0.0,0.0,0.0,0.0,0.0,Non-malignant disease,
GSE183219_HSA_JGR_553ST_G,0.0,0.0,0.011695906432748537,0.07797270955165692,0.017543859649122806,0.037037037037037035,0.0,0.0,0.0,0.1286549707602339,0.0,0.7270955165692008,0.0,0.0,0.0,0.0,Cancer_Tumor,NSCLC
GSE164690_HN16_CD45n,0.26107226107226106,0.0,0.023310023310023312,0.0,0.5804195804195804,0.10023310023310024,0.0,0.0,0.0,0.03496503496503497,0.0,0.0,0.0,0.0,0.0,0.0,Cancer_Tumor,HNSCC
GSE155512_RPE006,0.0,0.0,0.3044496487119438,0.09133489461358314,0.0,0.03278688524590164,0.0,0.49882903981264637,0.06557377049180328,0.00702576112412178,0.0,0.0,0.0,0.0,0.0,0.0,Non-malignant disease,
GSE168933_NASH1_LIB037227,0.0,0.0,0.11242603550295859,0.20118343195266272,0.0,0.5207100591715976,0.029585798816568046,0.029585798816568046,0.10650887573964497,0.0,0.0,0.0,0.0,0.0,0.0,0.0,Non-malignant disease,
GSE185477_C70_Caudate_3pr_v2,0.0,0.0,0.0,0.026455026455026454,0.0,0.5238095238095238,0.3915343915343915,0.0,0.0582010582010582,0.0,0.0,0.0,0.0,0.0,0.0,0.0,Control,
GSE164241_GM144,0.11534025374855825,0.0,0.19261822376009227,0.0,0.058823529411764705,0.5916955017301038,0.0,0.0,0.0,0.04152249134948097,0.0,0.0,0.0,0.0,0.0,0.0,Control,
GSE160536_SC267,0.4603658536585366,0.003048780487804878,0.19207317073170732,0.0,0.054878048780487805,0.2896341463414634,0.0,0.0,0.0,0.0,0.0,0.0,0.0,0.0,0.0,0.0,Non-malignant disease,
GSE129845_128,0.6617647058823529,0.0,0.014705882352941176,0.0,0.0,0.3088235294117647,0.0,0.0,0.0,0.0,0.0,0.0,0.0,0.0,0.0,0.014705882352941176,Non-malignant disease,
GSE160756_h-CEP-1zhong,0.0,0.014492753623188406,0.5942028985507246,0.14492753623188406,0.0,0.13043478260869565,0.0,0.0,0.0,0.11594202898550725,0.0,0.0,0.0,0.0,0.0,0.0,Control,
GSE180878_PM_E,0.6208791208791209,0.03296703296703297,0.12637362637362637,0.02197802197802198,0.16483516483516483,0.03296703296703297,0.0,0.0,0.0,0.0,0.0,0.0,0.0,0.0,0.0,0.0,Control,
GSE183219_HSA_JGR_571SN_G,0.0,0.0,0.02535211267605634,0.0,0.0,0.14084507042253522,0.0,0.0,0.0,0.0,0.0,0.8338028169014085,0.0,0.0,0.0,0.0,Cancer_AdjNorm,NSCLC
GSE168933_HEALTHY2_LIB037238,0.0,0.0,0.10465116279069768,0.05813953488372093,0.0,0.10465116279069768,0.6395348837209303,0.0,0.09302325581395349,0.0,0.0,0.0,0.0,0.0,0.0,0.0,Control,
GSE136103_healthy4_cd45-_4,0.0,0.0,0.20809248554913296,0.23314065510597304,0.0,0.12138728323699421,0.3371868978805395,0.0,0.1001926782273603,0.0,0.0,0.0,0.0,0.0,0.0,0.0,Control,
GSE161153_P13104_7006,0.0,0.0,0.07816091954022988,0.8114942528735632,0.04597701149425287,0.06436781609195402,0.0,0.0,0.0,0.0,0.0,0.0,0.0,0.0,0.0,0.0,Non-malignant disease,
GSE143704_Sample_105052_H3HWCBGXC_hu_080619,0.07818930041152264,0.16049382716049382,0.0,0.5267489711934157,0.024691358024691357,0.20987654320987653,0.0,0.0,0.0,0.0,0.0,0.0,0.0,0.0,0.0,0.0,Control,
GSE164241_GM148,0.3243847874720358,0.0,0.1297539149888143,0.0,0.09843400447427293,0.3982102908277405,0.0,0.0,0.0,0.049217002237136466,0.0,0.0,0.0,0.0,0.0,0.0,Control,
GSE164241_BM152,0.1972318339100346,0.0,0.21453287197231835,0.058823529411764705,0.05190311418685121,0.47750865051903113,0.0,0.0,0.0,0.0,0.0,0.0,0.0,0.0,0.0,0.0,Control,
GSE178481_RCC-PR4-T,0.11224489795918367,0.0,0.0,0.3979591836734694,0.0,0.1836734693877551,0.0,0.0,0.0,0.30612244897959184,0.0,0.0,0.0,0.0,0.0,0.0,Cancer_Tumor,RCC
GSE160536_SC268,0.4832347140039448,0.021696252465483234,0.16568047337278108,0.027613412228796843,0.055226824457593686,0.2465483234714004,0.0,0.0,0.0,0.0,0.0,0.0,0.0,0.0,0.0,0.0,Non-malignant disease,
GSE171381_CNTRL_3__decidua__HCR,0.04483925549915398,0.0,0.021996615905245348,0.0,0.8747884940778342,0.0,0.0008460236886632825,0.0,0.0,0.0025380710659898475,0.0,0.0,0.0,0.05499153976311337,0.0,0.0,Control,
GSE181957_SC160,0.3951612903225806,0.024193548387096774,0.06451612903225806,0.0,0.07258064516129033,0.4435483870967742,0.0,0.0,0.0,0.0,0.0,0.0,0.0,0.0,0.0,0.0,Non-malignant disease,
GSE180878_PM_C,0.8760806916426513,0.0,0.053314121037463975,0.018731988472622477,0.023054755043227664,0.02881844380403458,0.0,0.0,0.0,0.0,0.0,0.0,0.0,0.0,0.0,0.0,Control,
GSE158924_scGA2_HHT,0.45454545454545453,0.01818181818181818,0.1,0.02727272727272727,0.07727272727272727,0.17727272727272728,0.0,0.0,0.1,0.045454545454545456,0.0,0.0,0.0,0.0,0.0,0.0,Non-malignant disease,
GSE160756_h-AF-1qing,0.00819672131147541,0.0,0.5081967213114754,0.3114754098360656,0.0,0.040983606557377046,0.0,0.0,0.0,0.13114754098360656,0.0,0.0,0.0,0.0,0.0,0.0,Control,
GSE130646_muscle1V2,0.0,0.0,0.02666666666666667,0.784,0.0,0.18933333333333333,0.0,0.0,0.0,0.0,0.0,0.0,0.0,0.0,0.0,0.0,Control,
GSE159677_01dat20190515tisCARconHEL,0.34641068447412354,0.0,0.02587646076794658,0.0333889816360601,0.0,0.513355592654424,0.0,0.02337228714524207,0.05759599332220367,0.0,0.0,0.0,0.0,0.0,0.0,0.0,Non-malignant disease,
GSE129845_run230_181,0.05172413793103448,0.0,0.20689655172413793,0.08620689655172414,0.0,0.5344827586206896,0.0,0.0,0.0,0.10344827586206896,0.0,0.0,0.0,0.0,0.0,0.017241379310344827,Non-malignant disease,
GSE175817_D407A,0.512735326688815,0.0221483942414175,0.06312292358803986,0.0,0.053156146179401995,0.3178294573643411,0.0,0.0,0.0,0.031007751937984496,0.0,0.0,0.0,0.0,0.0,0.0,Non-malignant disease,
GSE136103_healthy3_cd45-A,0.0,0.0,0.1277461350691619,0.05655004068348251,0.012611879576891782,0.07038242473555736,0.5439381611065908,0.0,0.1887713588283157,0.0,0.0,0.0,0.0,0.0,0.0,0.0,Control,
GSE136103_healthy4_cd45-_1,0.0,0.0,0.23564356435643563,0.2316831683168317,0.0,0.047524752475247525,0.401980198019802,0.0,0.08316831683168317,0.0,0.0,0.0,0.0,0.0,0.0,0.0,Control,
GSE183852_TWCM-H3,0.0,0.1144215530903328,0.1901743264659271,0.6748019017432647,0.005071315372424723,0.0025356576862123614,0.0,0.0003169572107765452,0.012678288431061807,0.0,0.0,0.0,0.0,0.0,0.0,0.0,Non-malignant disease,
GSE136103_healthy4_cd45plus_2,0.0,0.0,0.40789473684210525,0.039473684210526314,0.0,0.14473684210526316,0.35526315789473684,0.0,0.05263157894736842,0.0,0.0,0.0,0.0,0.0,0.0,0.0,Control,
GSE153834_COHP_34150_1_UN_Whole_C1_XCSCR_L27414_HVGW2DSXX_CAAGCTCC,0.0,0.0,0.0,0.738562091503268,0.0,0.23529411764705882,0.0,0.0,0.0,0.0,0.0,0.0,0.0,0.026143790849673203,0.0,0.0,Control,
GSE158723_NGS18-G346-UCL-NP2-6000cells,0.0,0.0,0.0,0.07446808510638298,0.028368794326241134,0.38652482269503546,0.37943262411347517,0.01773049645390071,0.11347517730496454,0.0,0.0,0.0,0.0,0.0,0.0,0.0,Control,
GSE155113_N_mucosa,0.0,0.0,0.14285714285714285,0.03571428571428571,0.0,0.03571428571428571,0.0,0.0,0.7857142857142857,0.0,0.0,0.0,0.0,0.0,0.0,0.0,Control,
GSE129845_190,0.0,0.0,0.054982817869415807,0.5807560137457045,0.13402061855670103,0.13402061855670103,0.0,0.0,0.09621993127147767,0.0,0.0,0.0,0.0,0.0,0.0,0.0,Non-malignant disease,
GSE181919_N21,0.24358974358974358,0.0,0.20512820512820512,0.0,0.37606837606837606,0.13247863247863248,0.0,0.0,0.042735042735042736,0.0,0.0,0.0,0.0,0.0,0.0,0.0,Cancer_AdjNorm,HNSCC
GSE162122_Myometrium-55_12640_GEXL,0.05825242718446602,0.0,0.13349514563106796,0.0,0.038834951456310676,0.6723300970873787,0.0,0.0,0.0970873786407767,0.0,0.0,0.0,0.0,0.0,0.0,0.0,Control,
GSE145927_Bx39C,0.0,0.0,0.18427518427518427,0.3998771498771499,0.0,0.032555282555282554,0.0,0.0,0.0,0.0,0.0,0.0,0.0,0.3310810810810811,0.0,0.05221130221130221,Non-malignant disease,
GSE183219_HSA_JGR_532SN_G,0.0,0.0,0.015100671140939598,0.0,0.0,0.0,0.0,0.0,0.013982102908277404,0.0,0.0,0.970917225950783,0.0,0.0,0.0,0.0,Cancer_AdjNorm,NSCLC
GSE129845_run231_186,0.008620689655172414,0.0,0.06896551724137931,0.1724137931034483,0.27586206896551724,0.4051724137931034,0.0,0.0,0.06896551724137931,0.0,0.0,0.0,0.0,0.0,0.0,0.0,Non-malignant disease,
GSE164690_HN11_CD45n,0.14863387978142076,0.0,0.017486338797814208,0.0,0.5650273224043716,0.21530054644808744,0.0,0.0,0.0,0.053551912568306013,0.0,0.0,0.0,0.0,0.0,0.0,Cancer_Tumor,HNSCC
GSE164690_HN01_CD45n,0.2345679012345679,0.0,0.0,0.0,0.4691358024691358,0.040123456790123455,0.0,0.0,0.0,0.24382716049382716,0.0,0.0,0.012345679012345678,0.0,0.0,0.0,Cancer_Tumor,HNSCC
GSE153947_N3,0.0,0.0,0.12195121951219512,0.23170731707317074,0.0,0.6463414634146342,0.0,0.0,0.0,0.0,0.0,0.0,0.0,0.0,0.0,0.0,Control,
GSE111976_endo_14,0.0847457627118644,0.06779661016949153,0.11864406779661017,0.0,0.1016949152542373,0.03389830508474576,0.0,0.0,0.0,0.0,0.0,0.0,0.0,0.5932203389830508,0.0,0.0,Control,
GSE168933_NASH1_LIB037225,0.06818181818181818,0.0,0.18181818181818182,0.022727272727272728,0.045454545454545456,0.4659090909090909,0.0,0.14772727272727273,0.06818181818181818,0.0,0.0,0.0,0.0,0.0,0.0,0.0,Non-malignant disease,
GSE181957_SC224,0.36363636363636365,0.053475935828877004,0.0481283422459893,0.25133689839572193,0.03208556149732621,0.25133689839572193,0.0,0.0,0.0,0.0,0.0,0.0,0.0,0.0,0.0,0.0,Non-malignant disease,
GSE169062_15494X5,0.0,0.0,0.1717171717171717,0.1717171717171717,0.0,0.5959595959595959,0.0,0.0,0.06060606060606061,0.0,0.0,0.0,0.0,0.0,0.0,0.0,Non-malignant disease,
GSE155468_10x_RPP_TAA_4,0.56,0.0,0.10666666666666667,0.09333333333333334,0.0,0.16,0.0,0.04,0.04,0.0,0.0,0.0,0.0,0.0,0.0,0.0,Non-malignant disease,
GSE184950_A15,0.0,0.0,0.0,0.0,0.0,0.7,0.0,0.0,0.0,0.0,0.3,0.0,0.0,0.0,0.0,0.0,Non-malignant disease,
GSE169062_15494X4,0.0,0.0,0.17985611510791366,0.17266187050359713,0.02158273381294964,0.5971223021582733,0.0,0.0,0.02877697841726619,0.0,0.0,0.0,0.0,0.0,0.0,0.0,Non-malignant disease,
GSE173252_dd1C,0.22649955237242614,0.0,0.044762757385854966,0.011638316920322292,0.03760071620411817,0.6794986571172784,0.0,0.0,0.0,0.0,0.0,0.0,0.0,0.0,0.0,0.0,Non-malignant disease,
GSE181919_N38,0.13513513513513514,0.0,0.05945945945945946,0.0,0.5513513513513514,0.22162162162162163,0.0,0.0,0.0,0.0,0.0,0.0,0.0,0.0,0.032432432432432434,0.0,Cancer_AdjNorm,HNSCC
GSE155512_RPE005,0.0,0.0,0.5347313237221494,0.05242463958060288,0.0,0.011795543905635648,0.0,0.35124508519003933,0.035386631716906945,0.014416775884665793,0.0,0.0,0.0,0.0,0.0,0.0,Non-malignant disease,
GSE174748_healthy2,0.0,0.0,0.0,0.0,0.0,0.2,0.8,0.0,0.0,0.0,0.0,0.0,0.0,0.0,0.0,0.0,Control,
GSE183219_HSA_JGR_714ST_G,0.0546218487394958,0.0,0.08403361344537816,0.025210084033613446,0.0,0.7310924369747899,0.0,0.0,0.046218487394957986,0.025210084033613446,0.0,0.03361344537815126,0.0,0.0,0.0,0.0,Cancer_Tumor,NSCLC
GSE176417_Sc_W3,0.18181818181818182,0.06417112299465241,0.1144385026737968,0.0,0.06737967914438503,0.20962566844919786,0.0,0.0010695187165775401,0.0,0.17005347593582887,0.0,0.0,0.19144385026737967,0.0,0.0,0.0,Non-malignant disease,
GSE171381_COVID_5__decidua__HHT,0.08333333333333333,0.0,0.09375,0.0,0.7083333333333334,0.052083333333333336,0.0,0.0,0.0,0.0,0.0,0.0,0.0625,0.0,0.0,0.0,Non-malignant disease,
GSE169147_SAR2_HHT,0.35481023830538394,0.0,0.0706090026478376,0.0,0.07502206531332745,0.42718446601941745,0.0,0.0,0.0,0.05119152691968226,0.0,0.0,0.0,0.0,0.009708737864077669,0.01147396293027361,Non-malignant disease,
GSE140393_172_Epilepsy_specimen_14431,0.0,0.0,0.10521042084168336,0.0,0.0,0.03406813627254509,0.0,0.0,0.0,0.0,0.8607214428857716,0.0,0.0,0.0,0.0,0.0,Non-malignant disease,
GSE183219_HSA_JGR_522ST_G,0.17592592592592593,0.0,0.027777777777777776,0.18518518518518517,0.1111111111111111,0.14814814814814814,0.0,0.0,0.0,0.12962962962962962,0.0,0.2222222222222222,0.0,0.0,0.0,0.0,Cancer_Tumor,NSCLC
GSE184950_A2,0.0,0.0,0.0,0.0,0.0,0.6818181818181818,0.0,0.0,0.0,0.0,0.3181818181818182,0.0,0.0,0.0,0.0,0.0,Control,
GSE182208_SC_NS-4,0.5003615328994938,0.09327548806941431,0.0549530007230658,0.0,0.05712219812002892,0.2588575560375994,0.0,0.0,0.035430224150397684,0.0,0.0,0.0,0.0,0.0,0.0,0.0,Non-malignant disease,
GSE162122_Myometrium-55_11564_GEXL,0.03045230631437528,0.0,0.18674429019256605,0.0,0.032243618450515,0.690550828481863,0.0,0.0,0.05105239587998209,0.0,0.0,0.0,0.0,0.008956560680698611,0.0,0.0,Control,
GSE181919_C6,0.3392857142857143,0.0,0.17857142857142858,0.0,0.10714285714285714,0.19642857142857142,0.0,0.0,0.0,0.17857142857142858,0.0,0.0,0.0,0.0,0.0,0.0,Cancer_Tumor,HNSCC
GSE136103_healthy4_cd45plus_3,0.0,0.0,0.3037974683544304,0.12658227848101267,0.0,0.13924050632911392,0.35443037974683544,0.0,0.05063291139240506,0.0,0.0,0.0,0.0,0.0,0.0,0.02531645569620253,Control,
GSE156776_A04,0.08558558558558559,0.0,0.06306306306306306,0.7432432432432432,0.06756756756756757,0.04054054054054054,0.0,0.0,0.0,0.0,0.0,0.0,0.0,0.0,0.0,0.0,Non-malignant disease,
GSE184950_A31,0.0,0.0,0.0,0.0,0.0,0.646551724137931,0.0,0.0,0.0,0.0,0.35344827586206895,0.0,0.0,0.0,0.0,0.0,Non-malignant disease,
GSE131778_rca1-1,0.0,0.0,0.46153846153846156,0.04807692307692308,0.0,0.4326923076923077,0.0,0.0,0.057692307692307696,0.0,0.0,0.0,0.0,0.0,0.0,0.0,Non-malignant disease,
GSE136103_healthy2_cd45-_2,0.0,0.0,0.14102564102564102,0.038461538461538464,0.08974358974358974,0.038461538461538464,0.6538461538461539,0.0,0.038461538461538464,0.0,0.0,0.0,0.0,0.0,0.0,0.0,Control,
GSE164241_GM143,0.056010928961748634,0.0,0.1168032786885246,0.0,0.17008196721311475,0.6181693989071039,0.0,0.0,0.0,0.0389344262295082,0.0,0.0,0.0,0.0,0.0,0.0,Control,
GSE178481_RCC-PR3-T2,0.0,0.0,0.07407407407407407,0.5892255892255892,0.0,0.1111111111111111,0.0,0.0,0.0,0.2255892255892256,0.0,0.0,0.0,0.0,0.0,0.0,Cancer_Tumor,RCC
GSE164241_PD164,0.5608333333333333,0.0,0.16333333333333333,0.0,0.015833333333333335,0.135,0.0,0.0,0.0,0.125,0.0,0.0,0.0,0.0,0.0,0.0,Non-malignant disease,
GSE180878_RM_B,0.8186226964112512,0.04849660523763336,0.058195926285160036,0.0,0.04558680892337536,0.02133850630455868,0.0,0.0,0.0,0.007759456838021339,0.0,0.0,0.0,0.0,0.0,0.0,Control,
GSE132802_SKIN_HV4,0.5051903114186851,0.2179930795847751,0.20069204152249134,0.0,0.0,0.06228373702422145,0.0,0.0,0.0,0.0,0.0,0.0,0.01384083044982699,0.0,0.0,0.0,Control,
GSE143704_Sample_87380_HH3NGBGX9_hu_120518,0.05032258064516129,0.0,0.19483870967741934,0.30709677419354836,0.016774193548387096,0.4309677419354839,0.0,0.0,0.0,0.0,0.0,0.0,0.0,0.0,0.0,0.0,Control,
GSE183031_HC02,0.46835443037974683,0.0379746835443038,0.11392405063291139,0.0,0.2911392405063291,0.012658227848101266,0.0,0.0,0.0,0.0759493670886076,0.0,0.0,0.0,0.0,0.0,0.0,Control,
GSE131778_rca3-1,0.1291759465478842,0.0,0.08685968819599109,0.12026726057906459,0.0,0.6414253897550112,0.0,0.0,0.022271714922048998,0.0,0.0,0.0,0.0,0.0,0.0,0.0,Non-malignant disease,
GSE153534_g131_mfs_root,0.39375,0.0375,0.19375,0.05625,0.0,0.19375,0.0,0.075,0.05,0.0,0.0,0.0,0.0,0.0,0.0,0.0,Non-malignant disease,
GSE155683_3-1C,0.6012269938650306,0.03067484662576687,0.06134969325153374,0.0,0.1901840490797546,0.1165644171779141,0.0,0.0,0.0,0.0,0.0,0.0,0.0,0.0,0.0,0.0,Non-malignant disease,
GSE129845_run230_186,0.0,0.0,0.07692307692307693,0.1452991452991453,0.23931623931623933,0.4700854700854701,0.0,0.0,0.06837606837606838,0.0,0.0,0.0,0.0,0.0,0.0,0.0,Non-malignant disease,
GSE156905_Human_Colon_5035,0.0,0.0,0.125,0.14285714285714285,0.10714285714285714,0.625,0.0,0.0,0.0,0.0,0.0,0.0,0.0,0.0,0.0,0.0,Non-malignant disease,
GSE181316_skin_7_scRNA_2,0.3775811209439528,0.0058997050147492625,0.04424778761061947,0.0,0.10029498525073746,0.471976401179941,0.0,0.0,0.0,0.0,0.0,0.0,0.0,0.0,0.0,0.0,Control,
GSE164241_GM241,0.06903657908294693,0.0,0.10097887686759402,0.0,0.04636785162287481,0.7836166924265843,0.0,0.0,0.0,0.0,0.0,0.0,0.0,0.0,0.0,0.0,Control,
GSE167297_TN1904R2479--GATGCCAA,0.3522727272727273,0.0,0.0,0.0,0.03409090909090909,0.38636363636363635,0.0,0.0,0.0,0.22727272727272727,0.0,0.0,0.0,0.0,0.0,0.0,Cancer_Tumor,GC
GSE164241_BM156,0.17962962962962964,0.0,0.22777777777777777,0.03888888888888889,0.06296296296296296,0.45555555555555555,0.0,0.0,0.03518518518518519,0.0,0.0,0.0,0.0,0.0,0.0,0.0,Control,
GSE184950_A18,0.0,0.0,0.0,0.0,0.0,0.7261904761904762,0.0,0.0,0.0,0.0,0.27380952380952384,0.0,0.0,0.0,0.0,0.0,Non-malignant disease,
GSE168933_Healthy2_POOL_20190312_healthy_2,0.0,0.0,0.0410958904109589,0.0,0.0,0.045662100456621,0.8812785388127854,0.0,0.0319634703196347,0.0,0.0,0.0,0.0,0.0,0.0,0.0,Control,
GSE164690_HN13_CD45n,0.3561643835616438,0.0,0.0,0.0,0.0547945205479452,0.2328767123287671,0.0,0.0,0.0,0.3424657534246575,0.0,0.0,0.0,0.0136986301369863,0.0,0.0,Cancer_Tumor,HNSCC
GSE178481_RCC-PR5-N,0.38028169014084506,0.0,0.22535211267605634,0.1267605633802817,0.14084507042253522,0.1267605633802817,0.0,0.0,0.0,0.0,0.0,0.0,0.0,0.0,0.0,0.0,Cancer_AdjNorm,RCC
GSE158723_NGS18-G345-UCL-P40-6000cells,0.0,0.0,0.0,0.18840579710144928,0.0,0.17391304347826086,0.4927536231884058,0.043478260869565216,0.10144927536231885,0.0,0.0,0.0,0.0,0.0,0.0,0.0,Control,
GSE143704_Sample_103477_HVGL3BGXB_hu_061419,0.0425531914893617,0.0,0.05319148936170213,0.6276595744680851,0.0,0.24468085106382978,0.0,0.0,0.031914893617021274,0.0,0.0,0.0,0.0,0.0,0.0,0.0,Control,
GSE169147_SAR3_HHT,0.4782608695652174,0.0,0.08985507246376812,0.028985507246376812,0.21884057971014492,0.12173913043478261,0.0,0.0,0.02753623188405797,0.034782608695652174,0.0,0.0,0.0,0.0,0.0,0.0,Non-malignant disease,
GSE164241_GM242,0.13808463251670378,0.0,0.09743875278396437,0.0,0.04621380846325167,0.6776169265033407,0.0,0.0,0.0,0.04064587973273942,0.0,0.0,0.0,0.0,0.0,0.0,Control,
GSE178481_RCC-PR3-N,0.03289473684210526,0.0,0.5032894736842105,0.4243421052631579,0.0,0.039473684210526314,0.0,0.0,0.0,0.0,0.0,0.0,0.0,0.0,0.0,0.0,Cancer_AdjNorm,RCC
GSE167297_TN1904R2479--AGGTATTG,0.25301204819277107,0.0,0.0,0.060240963855421686,0.03614457831325301,0.42168674698795183,0.0,0.0,0.0,0.2289156626506024,0.0,0.0,0.0,0.0,0.0,0.0,Cancer_Tumor,GC
GSE164241_PD170,0.4383954154727794,0.0,0.13896848137535817,0.0,0.011461318051575931,0.22492836676217765,0.0,0.0,0.0,0.18624641833810887,0.0,0.0,0.0,0.0,0.0,0.0,Non-malignant disease,
GSE145927_Bx39A,0.0,0.0,0.20807833537331702,0.4369645042839657,0.006119951040391677,0.006731946144430845,0.0,0.0,0.0,0.0,0.0,0.0,0.0,0.30416156670746636,0.0,0.037943696450428395,Non-malignant disease,
GSE174332_201019_ALS_113_snRNA-B7,0.0,0.0,0.10101010101010101,0.030303030303030304,0.0,0.13131313131313133,0.0,0.0,0.0,0.0,0.7171717171717171,0.0,0.0,0.020202020202020204,0.0,0.0,Non-malignant disease,
GSE156776_D1,0.16483516483516483,0.02197802197802198,0.10989010989010989,0.2857142857142857,0.0989010989010989,0.31868131868131866,0.0,0.0,0.0,0.0,0.0,0.0,0.0,0.0,0.0,0.0,Control,
GSE184950_A29,0.0,0.0,0.011235955056179775,0.0,0.0,0.1797752808988764,0.0,0.0,0.0,0.0,0.8089887640449438,0.0,0.0,0.0,0.0,0.0,Non-malignant disease,
GSE173252_sf2,0.05547445255474453,0.0,0.11970802919708029,0.0,0.04817518248175182,0.7518248175182481,0.0,0.0,0.013138686131386862,0.01167883211678832,0.0,0.0,0.0,0.0,0.0,0.0,Control,
GSE173252_dermis2,0.2764227642276423,0.0,0.07317073170731707,0.0,0.24390243902439024,0.4065040650406504,0.0,0.0,0.0,0.0,0.0,0.0,0.0,0.0,0.0,0.0,Control,
GSE184950_B9,0.0,0.0,0.0,0.0,0.0,0.7899159663865546,0.0,0.0,0.0,0.0,0.21008403361344538,0.0,0.0,0.0,0.0,0.0,Control,
GSE178481_SCG_RCC-BM2-P-N,0.0425531914893617,0.0070921985815602835,0.16312056737588654,0.7730496453900709,0.0,0.014184397163120567,0.0,0.0,0.0,0.0,0.0,0.0,0.0,0.0,0.0,0.0,Cancer_AdjNorm,RCC
GSE160536_SC272,0.5313092979127134,0.07020872865275142,0.0777988614800759,0.03795066413662239,0.03795066413662239,0.24478178368121442,0.0,0.0,0.0,0.0,0.0,0.0,0.0,0.0,0.0,0.0,Non-malignant disease,
GSE168933_Healthy1_POOL_20190312_healthy_1,0.0,0.0,0.04205607476635514,0.0,0.0,0.07476635514018691,0.8598130841121495,0.0,0.02336448598130841,0.0,0.0,0.0,0.0,0.0,0.0,0.0,Control,
GSE220468_CB-ECFC,0.8090614886731392,0.0,0.0,0.0,0.0,0.0,0.0,0.0,0.0,0.19093851132686085,0.0,0.0,0.0,0.0,0.0,0.0,Control,
GSE132802_SKIN_HV1_F1,0.4166666666666667,0.3263888888888889,0.11805555555555555,0.041666666666666664,0.0,0.09722222222222222,0.0,0.0,0.0,0.0,0.0,0.0,0.0,0.0,0.0,0.0,Control,
GSE156905_Human_Colon_5054,0.0,0.0,0.0,0.07142857142857142,0.7321428571428571,0.19642857142857142,0.0,0.0,0.0,0.0,0.0,0.0,0.0,0.0,0.0,0.0,Non-malignant disease,
GSE111976_endo_20,0.0,0.0,0.04316546762589928,0.0,0.0,0.0,0.0,0.0,0.0,0.0,0.0,0.0,0.0,0.9568345323741008,0.0,0.0,Control,
GSE164690_HN14_CD45n,0.0547945205479452,0.0,0.0958904109589041,0.0,0.589041095890411,0.2054794520547945,0.0,0.0,0.0,0.0,0.0,0.0,0.0,0.0,0.0547945205479452,0.0,Cancer_Tumor,HNSCC
GSE136103_cirrhotic3_cd45-_2,0.0,0.0,0.05736137667304015,0.4488527724665392,0.035850860420650096,0.44598470363288717,0.006692160611854685,0.0,0.005258126195028681,0.0,0.0,0.0,0.0,0.0,0.0,0.0,Non-malignant disease,
GSE181957_SC247,0.3790322580645161,0.11290322580645161,0.06451612903225806,0.12096774193548387,0.07258064516129033,0.25,0.0,0.0,0.0,0.0,0.0,0.0,0.0,0.0,0.0,0.0,Non-malignant disease,
GSE173252_dd1D,0.2014260249554367,0.0,0.04188948306595366,0.0,0.0374331550802139,0.7192513368983957,0.0,0.0,0.0,0.0,0.0,0.0,0.0,0.0,0.0,0.0,Non-malignant disease,
GSE111976_endo_39,0.0,0.0,0.0650887573964497,0.0,0.0650887573964497,0.047337278106508875,0.0,0.0,0.0,0.03550295857988166,0.0,0.0,0.0,0.7869822485207101,0.0,0.0,Control,
GSE180678_IschemicTissue,0.0,0.0,0.06627906976744186,0.7186046511627907,0.0,0.12906976744186047,0.0,0.030232558139534883,0.05581395348837209,0.0,0.0,0.0,0.0,0.0,0.0,0.0,Non-malignant disease,
GSE156776_H1,0.5034965034965035,0.0,0.0,0.24475524475524477,0.0,0.2517482517482518,0.0,0.0,0.0,0.0,0.0,0.0,0.0,0.0,0.0,0.0,Control,
GSE158723_NGS18-G696_UCL-NPF10000,0.0,0.00974025974025974,0.006493506493506494,0.05844155844155844,0.06818181818181818,0.012987012987012988,0.8116883116883117,0.0,0.032467532467532464,0.0,0.0,0.0,0.0,0.0,0.0,0.0,Non-malignant disease,
GSE158924_scHealthy1_HHT,0.43529411764705883,0.0,0.10588235294117647,0.058823529411764705,0.36470588235294116,0.03529411764705882,0.0,0.0,0.0,0.0,0.0,0.0,0.0,0.0,0.0,0.0,Control,
GSE159745_mTecI,0.08928571428571429,0.05357142857142857,0.17857142857142858,0.21428571428571427,0.42857142857142855,0.03571428571428571,0.0,0.0,0.0,0.0,0.0,0.0,0.0,0.0,0.0,0.0,Control,
GSE168933_NASH2_LIB037230,0.0,0.0,0.21568627450980393,0.08496732026143791,0.026143790849673203,0.673202614379085,0.0,0.0,0.0,0.0,0.0,0.0,0.0,0.0,0.0,0.0,Non-malignant disease,
GSE136103_healthy3_cd45-B,0.0,0.0,0.04028436018957346,0.0,0.023696682464454975,0.19194312796208532,0.5947867298578199,0.0,0.14928909952606634,0.0,0.0,0.0,0.0,0.0,0.0,0.0,Control,
GSE168933_HEALTHY1_LIB037237,0.0,0.0,0.027649769585253458,0.10138248847926268,0.018433179723502304,0.06451612903225806,0.7373271889400922,0.027649769585253458,0.02304147465437788,0.0,0.0,0.0,0.0,0.0,0.0,0.0,Control,
GSE178481_RCC-PR9-T,0.2638888888888889,0.0,0.1388888888888889,0.20833333333333334,0.0,0.08333333333333333,0.0,0.0,0.0,0.2916666666666667,0.0,0.0,0.0,0.013888888888888888,0.0,0.0,Cancer_Tumor,RCC
GSE153947_Cr1,0.0,0.0,0.23809523809523808,0.06349206349206349,0.0,0.6031746031746031,0.0,0.0,0.09523809523809523,0.0,0.0,0.0,0.0,0.0,0.0,0.0,Non-malignant disease,
GSE132802_SKIN_HV3,0.4954954954954955,0.18243243243243243,0.08108108108108109,0.0,0.03153153153153153,0.20945945945945946,0.0,0.0,0.0,0.0,0.0,0.0,0.0,0.0,0.0,0.0,Control,
GSE183219_HSA_JGR_458ST_G,0.0,0.0,0.08288288288288288,0.23603603603603604,0.06126126126126126,0.3045045045045045,0.0,0.0,0.10990990990990991,0.07207207207207207,0.0,0.13333333333333333,0.0,0.0,0.0,0.0,Cancer_Tumor,NSCLC
GSE164241_GM289,0.3876478318002628,0.0,0.18396846254927726,0.0,0.05519053876478318,0.3140604467805519,0.0,0.0,0.0,0.05913272010512484,0.0,0.0,0.0,0.0,0.0,0.0,Control,
GSE184950_p4,0.0,0.0,0.01818181818181818,0.0,0.0,0.5454545454545454,0.0,0.0,0.0,0.0,0.43636363636363634,0.0,0.0,0.0,0.0,0.0,Control,
GSE181919_N43,0.16015625,0.0,0.3671875,0.0,0.04296875,0.375,0.0,0.0,0.0546875,0.0,0.0,0.0,0.0,0.0,0.0,0.0,Cancer_AdjNorm,HNSCC
GSE136103_healthy1_cd45-A_4,0.007246376811594203,0.014492753623188406,0.3333333333333333,0.08695652173913043,0.01932367149758454,0.05314009661835749,0.42028985507246375,0.043478260869565216,0.021739130434782608,0.0,0.0,0.0,0.0,0.0,0.0,0.0,Control,
GSE164241_GM238,0.29270544783010155,0.0,0.12511542012927054,0.0,0.12188365650969529,0.420129270544783,0.0,0.0,0.0,0.04016620498614958,0.0,0.0,0.0,0.0,0.0,0.0,Control,
GSE159677_01dat20190620tisCARconHEA,0.3008,0.0,0.0672,0.0464,0.0,0.3776,0.0,0.0,0.208,0.0,0.0,0.0,0.0,0.0,0.0,0.0,Non-malignant disease,
GSE180878_RM_A,0.3357664233576642,0.21897810218978103,0.051094890510948905,0.10218978102189781,0.19708029197080293,0.058394160583941604,0.0,0.0,0.0,0.0364963503649635,0.0,0.0,0.0,0.0,0.0,0.0,Control,
GSE174332_201019_ALS_108_snRNA-B6,0.0,0.0,0.02857142857142857,0.0,0.0,0.04285714285714286,0.0,0.0,0.0,0.0,0.9285714285714286,0.0,0.0,0.0,0.0,0.0,Non-malignant disease,
GSE156905_Human_Colon_4701,0.06557377049180328,0.0,0.09836065573770492,0.03278688524590164,0.6065573770491803,0.19672131147540983,0.0,0.0,0.0,0.0,0.0,0.0,0.0,0.0,0.0,0.0,Cancer_AdjNorm,CRC
GSE140393_476_Lateral_epilepsy,0.0,0.0,0.05128205128205128,0.0,0.0,0.0,0.0,0.0,0.0,0.0,0.9487179487179487,0.0,0.0,0.0,0.0,0.0,Non-malignant disease,
GSE184111_U1,0.6597222222222222,0.0,0.22916666666666666,0.0,0.08333333333333333,0.027777777777777776,0.0,0.0,0.0,0.0,0.0,0.0,0.0,0.0,0.0,0.0,Control,
GSE157376_Normal1_Epcam_N,0.030303030303030304,0.03535353535353535,0.04040404040404041,0.0,0.2777777777777778,0.07575757575757576,0.0,0.0,0.0,0.0,0.0,0.5404040404040404,0.0,0.0,0.0,0.0,Control,
GSE168933_HEALTHY2_LIB037232,0.0,0.0,0.22468354430379747,0.2120253164556962,0.0,0.10759493670886076,0.22151898734177214,0.12658227848101267,0.10759493670886076,0.0,0.0,0.0,0.0,0.0,0.0,0.0,Control,
GSE150516_CHO1R,0.24074074074074073,0.0,0.3148148148148148,0.14814814814814814,0.0,0.16666666666666666,0.0,0.0,0.018518518518518517,0.1111111111111111,0.0,0.0,0.0,0.0,0.0,0.0,Non-malignant disease,
GSE174332_201019_ALS_104_snRNA-B4,0.0,0.0,0.0,0.0,0.0,0.012,0.0,0.0,0.0,0.0,0.988,0.0,0.0,0.0,0.0,0.0,Non-malignant disease,
GSE183219_HSA_JGR_574ST_G,0.24355300859598855,0.008595988538681949,0.011461318051575931,0.14326647564469913,0.0,0.4040114613180516,0.0,0.0,0.0057306590257879654,0.11174785100286533,0.0,0.07163323782234957,0.0,0.0,0.0,0.0,Cancer_Tumor,NSCLC
GSE164690_HN07_CD45n,0.2480127186009539,0.0,0.01987281399046105,0.0,0.3386327503974563,0.14467408585055644,0.0,0.0,0.0,0.24880763116057233,0.0,0.0,0.0,0.0,0.0,0.0,Cancer_Tumor,HNSCC
GSE136103_cirrhotic3_cd45plus_4,0.0,0.0,0.10493827160493827,0.3873456790123457,0.041666666666666664,0.4351851851851852,0.0030864197530864196,0.0,0.0,0.027777777777777776,0.0,0.0,0.0,0.0,0.0,0.0,Non-malignant disease,
GSE184950_C1,0.0,0.0,0.0,0.0,0.0,0.38461538461538464,0.0,0.0,0.0,0.0,0.6153846153846154,0.0,0.0,0.0,0.0,0.0,Control,
GSE150674_ND15989_p0,0.0,0.0,0.1,0.0,0.08571428571428572,0.8142857142857143,0.0,0.0,0.0,0.0,0.0,0.0,0.0,0.0,0.0,0.0,Control,
GSE155683_G170019301283P_Adult_Cornea,0.3462897526501767,0.01060070671378092,0.06890459363957598,0.0,0.1978798586572438,0.3763250883392226,0.0,0.0,0.0,0.0,0.0,0.0,0.0,0.0,0.0,0.0,Control,
GSE181919_N9_1,0.12244897959183673,0.0,0.336734693877551,0.1836734693877551,0.21428571428571427,0.12244897959183673,0.0,0.0,0.02040816326530612,0.0,0.0,0.0,0.0,0.0,0.0,0.0,Cancer_AdjNorm,HNSCC
GSE129845_209,0.0,0.0,0.06306306306306306,0.17117117117117117,0.6936936936936937,0.07207207207207207,0.0,0.0,0.0,0.0,0.0,0.0,0.0,0.0,0.0,0.0,Non-malignant disease,
GSE161267_Pulp3,0.0,0.0,0.09692307692307692,0.17615384615384616,0.0,0.5946153846153847,0.0,0.0,0.12615384615384614,0.0,0.0,0.0,0.006153846153846154,0.0,0.0,0.0,Control,
GSE143704_Sample_84102_HMYWJBGX7_hu_101018,0.21689059500959693,0.12667946257197696,0.015355086372360844,0.5911708253358925,0.019193857965451054,0.030710172744721688,0.0,0.0,0.0,0.0,0.0,0.0,0.0,0.0,0.0,0.0,Control,
GSE172225_192567SKL_GEX_HHT,0.6075085324232082,0.0,0.11945392491467577,0.0,0.08873720136518772,0.17747440273037543,0.0,0.0,0.0,0.006825938566552901,0.0,0.0,0.0,0.0,0.0,0.0,Non-malignant disease,
GSE136103_cirrhotic2_cd45-_4,0.0,0.0,0.12512315270935961,0.41379310344827586,0.042364532019704436,0.270935960591133,0.053201970443349754,0.0,0.06305418719211822,0.03152709359605911,0.0,0.0,0.0,0.0,0.0,0.0,Non-malignant disease,
GSE147520_hThy22B,0.3654499151103565,0.0,0.23641765704584042,0.2640067911714771,0.027164685908319185,0.10653650254668931,0.0,0.0,0.0,0.0,0.0,0.0,0.0,0.00042444821731748726,0.0,0.0,Control,
GSE128066_SC125,0.49206349206349204,0.015873015873015872,0.13756613756613756,0.06878306878306878,0.07936507936507936,0.20634920634920634,0.0,0.0,0.0,0.0,0.0,0.0,0.0,0.0,0.0,0.0,Control,
GSE136103_cirrhotic2_cd45-_3,0.0,0.0,0.14708785784797632,0.4027640671273445,0.04146100691016782,0.22211253701875616,0.04639684106614018,0.0,0.10760118460019744,0.03257650542941757,0.0,0.0,0.0,0.0,0.0,0.0,Non-malignant disease,
GSE181957_SC159,0.2236024844720497,0.062111801242236024,0.024844720496894408,0.15527950310559005,0.18012422360248448,0.35403726708074534,0.0,0.0,0.0,0.0,0.0,0.0,0.0,0.0,0.0,0.0,Non-malignant disease,
GSE158924_scHealthy3_HHT,0.5586319218241043,0.0,0.08224755700325732,0.0,0.17019543973941367,0.18892508143322476,0.0,0.0,0.0,0.0,0.0,0.0,0.0,0.0,0.0,0.0,Control,
2022_Hwang_NatGenet_PDAC|T19_CRTl,0.2484076433121019,0.0,0.4012738853503185,0.0,0.044585987261146494,0.044585987261146494,0.0,0.006369426751592357,0.10191082802547771,0.15286624203821655,0.0,0.0,0.0,0.0,0.0,0.0,Cancer_Tumor,PC
2023_Hirz_NatComm_Prostate|GSM5494379_SCG-PCA22-T-HG,0.22797927461139897,0.015544041450777202,0.14507772020725387,0.15544041450777202,0.0,0.45595854922279794,0.0,0.0,0.0,0.0,0.0,0.0,0.0,0.0,0.0,0.0,Cancer_Tumor,PRC
2022_Nee_NatGenet_Breast|GSM5320155_scRNA_ctrl4,0.7756598240469208,0.0,0.0,0.0,0.12463343108504399,0.007331378299120235,0.0,0.0,0.0,0.09237536656891496,0.0,0.0,0.0,0.0,0.0,0.0,Control,
2021_Pal_EMBO_Breast|GSM4909310_ER-MH0043-LN,0.0,0.0,0.2711864406779661,0.1864406779661017,0.0,0.288135593220339,0.0,0.0,0.1016949152542373,0.15254237288135594,0.0,0.0,0.0,0.0,0.0,0.0,Cancer_Tumor,BRCA
2023_Lake_Nature_Kidney|DKD2710039,0.0,0.0,0.7961783439490446,0.12101910828025478,0.01910828025477707,0.06369426751592357,0.0,0.0,0.0,0.0,0.0,0.0,0.0,0.0,0.0,0.0,Non-malignant disease,
2022_Reichart_Science_Heart|BO_H26_S00_premrna,0.0,0.0,0.2786177105831533,0.693304535637149,0.0,0.0,0.0,0.0,0.028077753779697623,0.0,0.0,0.0,0.0,0.0,0.0,0.0,Non-malignant disease,
2023_Kumar_Nature_Breast|hbca_c165,0.5220125786163522,0.025157232704402517,0.1949685534591195,0.031446540880503145,0.08176100628930817,0.14465408805031446,0.0,0.0,0.0,0.0,0.0,0.0,0.0,0.0,0.0,0.0,Cancer_Tumor,BRCA
2023_Monavarfeshani_PNAS_Eye|Pt12OSPPS,0.11842105263157894,0.0,0.8026315789473685,0.0,0.0,0.0,0.0,0.0,0.07894736842105263,0.0,0.0,0.0,0.0,0.0,0.0,0.0,Control,
2020_Adams_SciAdv_IPF|133C-a,0.037037037037037035,0.0,0.35185185185185186,0.0,0.42592592592592593,0.0,0.0,0.0,0.18518518518518517,0.0,0.0,0.0,0.0,0.0,0.0,0.0,Control,
2020_Adams_SciAdv_IPF|022C-a,0.06896551724137931,0.0,0.22413793103448276,0.0,0.3103448275862069,0.0,0.0,0.0,0.017241379310344827,0.0,0.0,0.3793103448275862,0.0,0.0,0.0,0.0,Control,
2022_Gur_Cell_Sceleroderma|GSM5837184_AB14120,0.1324200913242009,0.0,0.0182648401826484,0.0,0.045662100456621,0.8036529680365296,0.0,0.0,0.0,0.0,0.0,0.0,0.0,0.0,0.0,0.0,Non-malignant disease,
2022_vanZyl_PNAS_Eye|Hu218OSCSW,0.19596541786743515,0.0,0.22478386167146974,0.0,0.2737752161383285,0.037463976945244955,0.0,0.0,0.25360230547550433,0.0,0.0,0.0,0.0,0.01440922190201729,0.0,0.0,Control,
2020_Drokhlyansky_Cell_EntericNerve|H2_S11,0.019230769230769232,0.0,0.4423076923076923,0.0,0.5,0.0,0.0,0.0,0.019230769230769232,0.0,0.0,0.0,0.0,0.019230769230769232,0.0,0.0,Cancer_AdjNorm,CRC
2020_Litvinukova_Nature_Heart|HCAHeartST13146207,0.5151515151515151,0.0,0.12121212121212122,0.0,0.23232323232323232,0.0,0.020202020202020204,0.08080808080808081,0.0,0.030303030303030304,0.0,0.0,0.0,0.0,0.0,0.0,Control,
2023_Kumar_Nature_Breast|hbca_c12,0.029900332225913623,0.0,0.06976744186046512,0.46511627906976744,0.24916943521594684,0.18604651162790697,0.0,0.0,0.0,0.0,0.0,0.0,0.0,0.0,0.0,0.0,Cancer_AdjNorm,BRCA
2022_TabulaSapiens_Science_TabulaSapiens|TSP14_Vasculature_CoronaryArteries_10X,0.0,0.0,0.592814371257485,0.10179640718562874,0.24550898203592814,0.023952095808383235,0.005988023952095809,0.029940119760479042,0.0,0.0,0.0,0.0,0.0,0.0,0.0,0.0,Control,
2021_Elmentaite_Nature_Intestine|Human_colon_16S8001881,0.0,0.0,0.3211009174311927,0.0,0.30275229357798167,0.30275229357798167,0.0,0.0,0.07339449541284404,0.0,0.0,0.0,0.0,0.0,0.0,0.0,Control,
2022_Nee_NatGenet_Breast|GSM5320169_scRNA_brca7,0.7348643006263048,0.0,0.0,0.0,0.05080027835768963,0.007654836464857342,0.0,0.0,0.0,0.20668058455114824,0.0,0.0,0.0,0.0,0.0,0.0,Control,
2022_Reichart_Science_Heart|BO_H28_RV0_premrna,0.0,0.0,0.2019704433497537,0.7389162561576355,0.034482758620689655,0.0,0.0,0.009852216748768473,0.014778325123152709,0.0,0.0,0.0,0.0,0.0,0.0,0.0,Non-malignant disease,
2023_Kumar_Nature_Breast|hbca_c47,0.11563731931668857,0.0,0.10906701708278581,0.11957950065703023,0.633377135348226,0.022339027595269383,0.0,0.0,0.0,0.0,0.0,0.0,0.0,0.0,0.0,0.0,Cancer_Tumor,BRCA
2022_Kumar_CancerDis_Gastric|GSM5573474_sample9,0.0,0.0,0.08771929824561403,0.8771929824561403,0.0,0.03508771929824561,0.0,0.0,0.0,0.0,0.0,0.0,0.0,0.0,0.0,0.0,Cancer_AdjNorm,GC
2021_Garcia-Alonso_NatGenet_Endometrial|4861STDY7387181,0.0,0.0,0.144,0.032,0.072,0.432,0.0,0.0,0.0,0.072,0.0,0.0,0.0,0.248,0.0,0.0,Control,
2022_Kumar_CancerDis_Gastric|GSM5573504_sample39,0.4166666666666667,0.0,0.1388888888888889,0.05555555555555555,0.0,0.1111111111111111,0.0,0.0,0.0,0.2777777777777778,0.0,0.0,0.0,0.0,0.0,0.0,Cancer_Tumor,GC
2023_Kumar_Nature_Breast|hbca_c15,0.9210526315789473,0.0,0.011842105263157895,0.0,0.034210526315789476,0.010964912280701754,0.0,0.0,0.0,0.021929824561403508,0.0,0.0,0.0,0.0,0.0,0.0,Control,
ROSMAP|200810-B45-B_NYGC_S3,0.0,0.0,0.05660377358490566,0.0,0.0,0.0,0.0,0.0,0.0,0.0,0.9245283018867925,0.0,0.0,0.018867924528301886,0.0,0.0,Control,
2022_Reichart_Science_Heart|BS_DP2_RV0_premrna,0.0,0.0,0.23497267759562843,0.6120218579234973,0.04918032786885246,0.0,0.0,0.0,0.10382513661202186,0.0,0.0,0.0,0.0,0.0,0.0,0.0,Non-malignant disease,
2023_Kumar_Nature_Breast|hbca_c19,0.8362573099415205,0.0,0.0,0.0,0.0,0.029239766081871343,0.0,0.0,0.0,0.13450292397660818,0.0,0.0,0.0,0.0,0.0,0.0,Control,
2020_Drokhlyansky_Cell_EntericNerve|H10_S54,0.038461538461538464,0.0,0.3241758241758242,0.0,0.6098901098901099,0.016483516483516484,0.005494505494505495,0.0,0.0,0.0,0.0,0.0,0.0,0.005494505494505495,0.0,0.0,Cancer_AdjNorm,CRC
2022_Reichart_Science_Heart|BO_H24_RV0_premrna,0.0,0.0,0.25650557620817843,0.6579925650557621,0.0,0.03345724907063197,0.0,0.03345724907063197,0.01858736059479554,0.0,0.0,0.0,0.0,0.0,0.0,0.0,Non-malignant disease,
2023_Hirz_NatComm_Prostate|GSM5494366_SCG-PCA12-N-LG,0.23270440251572327,0.0,0.18238993710691823,0.0880503144654088,0.0,0.49056603773584906,0.0,0.0,0.0,0.006289308176100629,0.0,0.0,0.0,0.0,0.0,0.0,Cancer_AdjNorm,PRC
2020_Drokhlyansky_Cell_EntericNerve|H1_S6,0.041237113402061855,0.0,0.26804123711340205,0.020618556701030927,0.5979381443298969,0.020618556701030927,0.0,0.010309278350515464,0.020618556701030927,0.0,0.0,0.0,0.0,0.020618556701030927,0.0,0.0,Cancer_AdjNorm,CRC
2021_Pelka_Cell_CRC|C165_T_0_0_0_c1_v3,0.2537313432835821,0.0,0.0,0.0,0.1791044776119403,0.1044776119402985,0.0,0.0,0.0,0.4626865671641791,0.0,0.0,0.0,0.0,0.0,0.0,Cancer_Tumor,CRC
2020_Litvinukova_Nature_Heart|HCAHeartST10773168,0.0,0.0,0.05035128805620609,0.3372365339578454,0.09718969555035128,0.0117096018735363,0.0,0.3957845433255269,0.10772833723653395,0.0,0.0,0.0,0.0,0.0,0.0,0.0,Control,
2023_Lake_Nature_Kidney|AKI3310005,0.0,0.0,0.6497890295358649,0.08438818565400844,0.02109704641350211,0.20675105485232068,0.0,0.0,0.0,0.0,0.0,0.0,0.0,0.0379746835443038,0.0,0.0,Non-malignant disease,
2020_Litvinukova_Nature_Heart|HCAHeart7833854,0.0,0.0,0.036585365853658534,0.6219512195121951,0.0,0.3170731707317073,0.0,0.0,0.0,0.0,0.0,0.024390243902439025,0.0,0.0,0.0,0.0,Control,
2020_Litvinukova_Nature_Heart|HCAHeart7850540,0.026637069922308545,0.0,0.0932297447280799,0.8801331853496115,0.0,0.0,0.0,0.0,0.0,0.0,0.0,0.0,0.0,0.0,0.0,0.0,Control,
2023_Lake_Nature_Kidney|KB4,0.0,0.0,0.8269794721407625,0.04398826979472141,0.0,0.017595307917888565,0.0,0.0,0.0,0.0,0.0,0.0,0.0,0.11143695014662756,0.0,0.0,Non-malignant disease,
2023_Kumar_Nature_Breast|hbca_c29,0.0658578856152513,0.0,0.09012131715771231,0.5892547660311959,0.1195840554592721,0.10745233968804159,0.0,0.0,0.02772963604852686,0.0,0.0,0.0,0.0,0.0,0.0,0.0,Cancer_Tumor,BRCA
2023_Wang_SciAdv_CRC|s0813_Colon_Tumor,0.3532608695652174,0.0,0.03260869565217391,0.016304347826086956,0.0,0.0,0.0,0.0,0.0,0.5978260869565217,0.0,0.0,0.0,0.0,0.0,0.0,Cancer_Tumor,CRC
2023_Kumar_Nature_Breast|hbca_c04,0.032196969696969696,0.0,0.030303030303030304,0.10037878787878787,0.7556818181818182,0.08143939393939394,0.0,0.0,0.0,0.0,0.0,0.0,0.0,0.0,0.0,0.0,Cancer_Tumor,BRCA
2022_Emont_Nature_WAT|Hs_SAT_12-1,0.0,0.0,0.5492227979274611,0.21243523316062177,0.06217616580310881,0.11398963730569948,0.0,0.0,0.06217616580310881,0.0,0.0,0.0,0.0,0.0,0.0,0.0,Control,
2022_Reichart_Science_Heart|BO_H31_LV0_premrna,0.0,0.0,0.12432432432432433,0.6432432432432432,0.0,0.06486486486486487,0.0,0.010810810810810811,0.14594594594594595,0.0,0.0,0.0,0.0,0.010810810810810811,0.0,0.0,Non-malignant disease,
2022_Reichart_Science_Heart|BO_H34_LVW_premrna,0.0,0.0,0.2966101694915254,0.5635593220338984,0.0,0.00847457627118644,0.0,0.059322033898305086,0.07203389830508475,0.0,0.0,0.0,0.0,0.0,0.0,0.0,Non-malignant disease,
2020_Litvinukova_Nature_Heart|HCAHeart7656535,0.0,0.0,0.16810344827586207,0.8189655172413793,0.0,0.0,0.0,0.01293103448275862,0.0,0.0,0.0,0.0,0.0,0.0,0.0,0.0,Control,
2021_Elmentaite_Nature_Intestine|Human_colon_16S8001885,0.09285714285714286,0.0,0.4785714285714286,0.007142857142857143,0.15714285714285714,0.20714285714285716,0.0,0.0,0.05714285714285714,0.0,0.0,0.0,0.0,0.0,0.0,0.0,Control,
2022_Kumar_CancerDis_Gastric|GSM5573488_sample23,0.006896551724137931,0.0,0.027586206896551724,0.7977011494252874,0.0,0.07126436781609195,0.0,0.0,0.05057471264367816,0.04367816091954023,0.0,0.0,0.0,0.0022988505747126436,0.0,0.0,Cancer_AdjNorm,GC
2023_Kumar_Nature_Breast|hbca_n21,0.0,0.0,0.3166332665330661,0.03807615230460922,0.5390781563126252,0.07414829659318638,0.0,0.0,0.02004008016032064,0.0,0.0,0.0,0.0,0.012024048096192385,0.0,0.0,Control,
2023_Lake_Nature_Kidney|KC35,0.0,0.0,0.36363636363636365,0.4727272727272727,0.03636363636363636,0.07272727272727272,0.0,0.0,0.01818181818181818,0.0,0.0,0.0,0.0,0.03636363636363636,0.0,0.0,Control,
2020_Tosti_Gastroenterol_Pancreas|AFES448_FF3,0.0,0.0,0.04040404040404041,0.0,0.0,0.9595959595959596,0.0,0.0,0.0,0.0,0.0,0.0,0.0,0.0,0.0,0.0,Control,
2023_Lake_Nature_Kidney|KB1,0.0,0.0,0.6576923076923077,0.019230769230769232,0.0,0.04230769230769231,0.0,0.0,0.015384615384615385,0.0,0.0,0.0,0.0,0.2653846153846154,0.0,0.0,Non-malignant disease,
2021_Elmentaite_Nature_Intestine|Human_colon_16S8000515,0.0,0.0,0.11666666666666667,0.06666666666666667,0.575,0.058333333333333334,0.0,0.0,0.15,0.0,0.0,0.0,0.0,0.0,0.03333333333333333,0.0,Control,
2020_Litvinukova_Nature_Heart|HCAHeart7880862,0.0,0.0,0.1232876712328767,0.2876712328767123,0.0,0.2191780821917808,0.0,0.3698630136986301,0.0,0.0,0.0,0.0,0.0,0.0,0.0,0.0,Control,
2022_Reichart_Science_Heart|BO_H33_LV0_premrna,0.0,0.0,0.27167630057803466,0.5857418111753372,0.0,0.025048169556840076,0.0,0.025048169556840076,0.09248554913294797,0.0,0.0,0.0,0.0,0.0,0.0,0.0,Non-malignant disease,
2021_Wu_NatGenet_Breast|CID4530N,0.36813922356091033,0.0,0.32262382864792505,0.18473895582329317,0.02677376171352075,0.07095046854082998,0.0,0.0,0.02677376171352075,0.0,0.0,0.0,0.0,0.0,0.0,0.0,Cancer_Tumor,BRCA
2022_Hwang_NatGenet_PDAC|U14_Untreated,0.0,0.0,0.30952380952380953,0.0,0.07936507936507936,0.015873015873015872,0.0,0.0,0.0,0.5952380952380952,0.0,0.0,0.0,0.0,0.0,0.0,Cancer_Tumor,PC
2023_Kumar_Nature_Breast|hbca_c109,0.5011286681715575,0.04740406320541761,0.07900677200902935,0.024830699774266364,0.16252821670428894,0.17155756207674944,0.0,0.0,0.013544018058690745,0.0,0.0,0.0,0.0,0.0,0.0,0.0,Control,
2021_Pal_EMBO_Breast|GSM4909277_B1-KCF0894,0.9695067264573991,0.0,0.0,0.0,0.02062780269058296,0.009865470852017937,0.0,0.0,0.0,0.0,0.0,0.0,0.0,0.0,0.0,0.0,Non-malignant disease,
2023_Kumar_Nature_Breast|hbca_c62,0.5054945054945055,0.03296703296703297,0.03296703296703297,0.016483516483516484,0.2554945054945055,0.1565934065934066,0.0,0.0,0.0,0.0,0.0,0.0,0.0,0.0,0.0,0.0,Control,
2022_Reichart_Science_Heart|IC_H04_LV0_premrna,0.0,0.0,0.25,0.65625,0.0,0.046875,0.0,0.0,0.046875,0.0,0.0,0.0,0.0,0.0,0.0,0.0,Non-malignant disease,
BICCN|HSB106_3_S1,0.0,0.0,0.01646090534979424,0.00823045267489712,0.0,0.01646090534979424,0.0,0.0,0.0,0.0,0.9588477366255144,0.0,0.0,0.0,0.0,0.0,Control,
2023_Kumar_Nature_Breast|hbca_c132,0.7380514705882353,0.004595588235294118,0.07077205882352941,0.0,0.03952205882352941,0.11121323529411764,0.0,0.0,0.0,0.035845588235294115,0.0,0.0,0.0,0.0,0.0,0.0,Control,
2023_Kong_Immunity_CD|N105598_L2,0.0,0.0,0.26153846153846155,0.5538461538461539,0.0,0.1076923076923077,0.0,0.0,0.07692307692307693,0.0,0.0,0.0,0.0,0.0,0.0,0.0,Non-malignant disease,
2023_Kumar_Nature_Breast|hbca_c166,0.5925925925925926,0.08641975308641975,0.1111111111111111,0.0,0.07818930041152264,0.13168724279835392,0.0,0.0,0.0,0.0,0.0,0.0,0.0,0.0,0.0,0.0,Control,
2022_Madissoon_NatGenet_Lung|WSSS8062680,0.6979166666666666,0.03050595238095238,0.09375,0.0,0.017857142857142856,0.15773809523809523,0.0,0.0,0.001488095238095238,0.0,0.0,0.000744047619047619,0.0,0.0,0.0,0.0,Control,
2020_Habermann_SciAdv_Lung-COVID19|GSM5226581_L01cov,0.0,0.0,0.19205298013245034,0.0,0.48344370860927155,0.033112582781456956,0.0,0.006622516556291391,0.0,0.0,0.0,0.2847682119205298,0.0,0.0,0.0,0.0,Non-malignant disease,
2023_Kumar_Nature_Breast|hbca_c118,0.5158730158730159,0.13139329805996472,0.11904761904761904,0.0,0.04585537918871252,0.18783068783068782,0.0,0.0,0.0,0.0,0.0,0.0,0.0,0.0,0.0,0.0,Control,
2021_Pal_EMBO_Breast|GSM4909309_ER-MH0043-T,0.0,0.0,0.25757575757575757,0.09090909090909091,0.015151515151515152,0.3939393939393939,0.0,0.0,0.0,0.24242424242424243,0.0,0.0,0.0,0.0,0.0,0.0,Cancer_Tumor,BRCA
2023_Monavarfeshani_PNAS_Eye|Hu220OSmRPE,0.0,0.0,0.7543859649122807,0.023391812865497075,0.0,0.029239766081871343,0.0,0.005847953216374269,0.15789473684210525,0.023391812865497075,0.0,0.005847953216374269,0.0,0.0,0.0,0.0,Control,
2023_Kumar_Nature_Breast|hbca_c93,0.6936026936026936,0.04040404040404041,0.07407407407407407,0.0,0.16161616161616163,0.030303030303030304,0.0,0.0,0.0,0.0,0.0,0.0,0.0,0.0,0.0,0.0,Control,
2021_Wu_NatGenet_Breast|CID4461,0.14516129032258066,0.0,0.1774193548387097,0.12903225806451613,0.0,0.5161290322580645,0.0,0.0,0.0,0.03225806451612903,0.0,0.0,0.0,0.0,0.0,0.0,Cancer_Tumor,BRCA
2020_Adams_SciAdv_IPF|225I-b,0.3219178082191781,0.0,0.14383561643835616,0.0,0.14383561643835616,0.03424657534246575,0.0,0.0,0.10273972602739725,0.04794520547945205,0.0,0.2054794520547945,0.0,0.0,0.0,0.0,Non-malignant disease,
2023_Kumar_Nature_Breast|hbca_c100,0.8088495575221238,0.04247787610619469,0.13451327433628318,0.0,0.01415929203539823,0.0,0.0,0.0,0.0,0.0,0.0,0.0,0.0,0.0,0.0,0.0,Control,
2021_Chan_CancerCell_SCLC|RU1134_Sort-Freeze,0.16666666666666666,0.0,0.06060606060606061,0.0,0.4696969696969697,0.0,0.0,0.0,0.10606060606060606,0.19696969696969696,0.0,0.0,0.0,0.0,0.0,0.0,Cancer_Tumor,NSCLC
2022_Guilliams_Cell_Liver|CS166,0.0,0.0,0.0,0.0,0.0,0.0,0.968,0.0,0.032,0.0,0.0,0.0,0.0,0.0,0.0,0.0,Non-malignant disease,
2023_Lake_Nature_Kidney|KB12,0.0,0.0,0.15873015873015872,0.09523809523809523,0.0,0.2857142857142857,0.0,0.0,0.0,0.0,0.0,0.015873015873015872,0.0,0.4444444444444444,0.0,0.0,Non-malignant disease,
2023_Kong_Immunity_CD|N134764_E,0.12244897959183673,0.0,0.04081632653061224,0.47959183673469385,0.35714285714285715,0.0,0.0,0.0,0.0,0.0,0.0,0.0,0.0,0.0,0.0,0.0,Non-malignant disease,
2021_Pelka_Cell_CRC|C109_N_0_1_0_c1_v2,0.02531645569620253,0.0,0.4810126582278481,0.21518987341772153,0.17721518987341772,0.02531645569620253,0.0,0.0,0.0759493670886076,0.0,0.0,0.0,0.0,0.0,0.0,0.0,Control,
2023_Kong_Immunity_CD|I104689_N1,0.026570048309178744,0.0,0.0,0.08454106280193237,0.05555555555555555,0.8043478260869565,0.0,0.0,0.0,0.0,0.0,0.0,0.0,0.0,0.0,0.028985507246376812,Non-malignant disease,
2021_Pelka_Cell_CRC|C157_N_0_0_0_c1_v3,0.0,0.0,0.125,0.625,0.07142857142857142,0.05357142857142857,0.0,0.0,0.10714285714285714,0.017857142857142856,0.0,0.0,0.0,0.0,0.0,0.0,Control,
2020_Drokhlyansky_Cell_EntericNerve|H10_S52,0.05319148936170213,0.0,0.39361702127659576,0.0,0.5531914893617021,0.0,0.0,0.0,0.0,0.0,0.0,0.0,0.0,0.0,0.0,0.0,Cancer_AdjNorm,CRC
2020_Litvinukova_Nature_Heart|HCAHeart7656538,0.0,0.0,0.15079365079365079,0.8174603174603174,0.0,0.031746031746031744,0.0,0.0,0.0,0.0,0.0,0.0,0.0,0.0,0.0,0.0,Control,
BICCN|HSB628_2_S1,0.0,0.0,0.00909090909090909,0.0,0.0,0.00909090909090909,0.0,0.0,0.0,0.0,0.9818181818181818,0.0,0.0,0.0,0.0,0.0,Control,
2022_Kumar_CancerDis_Gastric|GSM5573499_sample34,0.06043956043956044,0.0,0.057692307692307696,0.0,0.024725274725274724,0.04120879120879121,0.0,0.0,0.0027472527472527475,0.8131868131868132,0.0,0.0,0.0,0.0,0.0,0.0,Cancer_Tumor,GC
2020_Litvinukova_Nature_Heart|HCAHeart7833855,0.0,0.0,0.03529411764705882,0.7352941176470589,0.058823529411764705,0.17058823529411765,0.0,0.0,0.0,0.0,0.0,0.0,0.0,0.0,0.0,0.0,Control,
2022_TabulaSapiens_Science_TabulaSapiens|TSP10_Skin_chest_smartseq2,0.546875,0.0,0.234375,0.0,0.03125,0.171875,0.0,0.0,0.0,0.015625,0.0,0.0,0.0,0.0,0.0,0.0,Control,
2022_TabulaSapiens_Science_TabulaSapiens|TSP4_Muscle_diaphragm_smartseq2,0.5099337748344371,0.0,0.17218543046357615,0.046357615894039736,0.13245033112582782,0.12582781456953643,0.0,0.0,0.013245033112582781,0.0,0.0,0.0,0.0,0.0,0.0,0.0,Control,
2021_Wu_NatGenet_Breast|CID3946,0.08433734939759036,0.0,0.07228915662650602,0.0,0.0,0.7228915662650602,0.0,0.0,0.0,0.12048192771084337,0.0,0.0,0.0,0.0,0.0,0.0,Cancer_Tumor,BRCA
2023_Kumar_Nature_Breast|hbca_n18,0.0,0.0,0.16919739696312364,0.2559652928416486,0.19088937093275488,0.29718004338394793,0.0,0.0,0.0,0.0,0.0,0.0,0.0,0.08676789587852494,0.0,0.0,Control,
2023_Kumar_Nature_Breast|hbca_n24,0.0,0.0,0.4701086956521739,0.0,0.20652173913043478,0.296195652173913,0.0,0.0,0.0,0.0,0.0,0.0,0.0,0.02717391304347826,0.0,0.0,Control,
2023_Kumar_Nature_Breast|hbca_c72,0.5044563279857398,0.0392156862745098,0.13725490196078433,0.030303030303030304,0.12477718360071301,0.16399286987522282,0.0,0.0,0.0,0.0,0.0,0.0,0.0,0.0,0.0,0.0,Control,
2022_Hwang_NatGenet_PDAC|U7_Untreated,0.0,0.0,0.27,0.0,0.0,0.05,0.0,0.0,0.0,0.65,0.0,0.0,0.0,0.03,0.0,0.0,Cancer_Tumor,PC
2020_Drokhlyansky_Cell_EntericNerve|H1_S3,0.03076923076923077,0.0,0.23076923076923078,0.0,0.676923076923077,0.015384615384615385,0.0,0.015384615384615385,0.03076923076923077,0.0,0.0,0.0,0.0,0.0,0.0,0.0,Cancer_AdjNorm,CRC
2023_Kumar_Nature_Breast|hbca_c18,0.8940677966101694,0.0,0.0,0.0,0.0,0.0,0.0,0.0,0.0,0.1059322033898305,0.0,0.0,0.0,0.0,0.0,0.0,Control,
2022_TabulaSapiens_Science_TabulaSapiens|TSP12_Heart_ventricle_smartseq2,0.0,0.0,0.038461538461538464,0.75,0.0,0.21153846153846154,0.0,0.0,0.0,0.0,0.0,0.0,0.0,0.0,0.0,0.0,Control,
2023_Lake_Nature_Kidney|DKD2910013,0.0,0.0,0.3402777777777778,0.6597222222222222,0.0,0.0,0.0,0.0,0.0,0.0,0.0,0.0,0.0,0.0,0.0,0.0,Non-malignant disease,
2022_Reichart_Science_Heart|BO_H24_LV0_premrna,0.0,0.0,0.11526479750778816,0.2803738317757009,0.012461059190031152,0.06542056074766354,0.0,0.514018691588785,0.012461059190031152,0.0,0.0,0.0,0.0,0.0,0.0,0.0,Non-malignant disease,
2023_Kumar_Nature_Breast|hbca_c16,0.8023255813953488,0.02159468438538206,0.029069767441860465,0.0,0.13538205980066445,0.011627906976744186,0.0,0.0,0.0,0.0,0.0,0.0,0.0,0.0,0.0,0.0,Control,
2023_Fonseca_NatGenet_Endometriosis|sample8,0.0,0.0,0.032692307692307694,0.0,0.2826923076923077,0.6480769230769231,0.0,0.0,0.03653846153846154,0.0,0.0,0.0,0.0,0.0,0.0,0.0,Control,
2022_Reichart_Science_Heart|BO_H67_S00_premrna,0.0,0.0,0.18009478672985782,0.7156398104265402,0.04739336492890995,0.018957345971563982,0.0,0.004739336492890996,0.03317535545023697,0.0,0.0,0.0,0.0,0.0,0.0,0.0,Control,
2021_Wu_NatGenet_Breast|CID3838,0.17567567567567569,0.0,0.12162162162162163,0.02702702702702703,0.0,0.0,0.0,0.0,0.06756756756756757,0.6081081081081081,0.0,0.0,0.0,0.0,0.0,0.0,Cancer_Tumor,BRCA
2023_Kumar_Nature_Breast|hbca_c71,0.739240506329114,0.0379746835443038,0.02911392405063291,0.0,0.08987341772151898,0.10379746835443038,0.0,0.0,0.0,0.0,0.0,0.0,0.0,0.0,0.0,0.0,Control,
2023_Kong_Immunity_CD|N165697_L2,0.0,0.0,0.05309734513274336,0.49557522123893805,0.36283185840707965,0.061946902654867256,0.0,0.0,0.02654867256637168,0.0,0.0,0.0,0.0,0.0,0.0,0.0,Non-malignant disease,
2022_Guilliams_Cell_Liver|CS170,0.0,0.0,0.0,0.0,0.0,0.0,0.9461235216819974,0.0,0.05387647831800263,0.0,0.0,0.0,0.0,0.0,0.0,0.0,Non-malignant disease,
2022_Kumar_CancerDis_Gastric|GSM5573505_sample40,0.23898305084745763,0.0,0.04915254237288136,0.0,0.0,0.06440677966101695,0.0,0.0,0.0,0.6474576271186441,0.0,0.0,0.0,0.0,0.0,0.0,Cancer_Tumor,GC
2020_Litvinukova_Nature_Heart|HCAHeart8102866,0.03388973191704603,0.0,0.1325240263024785,0.8295397066262014,0.004046535154274153,0.0,0.0,0.0,0.0,0.0,0.0,0.0,0.0,0.0,0.0,0.0,Control,
BICCN|HSB628_1_S1,0.0,0.0,0.1111111111111111,0.0,0.0,0.037037037037037035,0.0,0.0,0.0,0.0,0.8518518518518519,0.0,0.0,0.0,0.0,0.0,Control,
2020_Litvinukova_Nature_Heart|HCAHeart7850539,0.0,0.0,0.07692307692307693,0.9230769230769231,0.0,0.0,0.0,0.0,0.0,0.0,0.0,0.0,0.0,0.0,0.0,0.0,Control,
2023_Kumar_Nature_Breast|hbca_c02,0.21044303797468356,0.0,0.04430379746835443,0.0680379746835443,0.41139240506329117,0.25316455696202533,0.0,0.0,0.012658227848101266,0.0,0.0,0.0,0.0,0.0,0.0,0.0,Cancer_Tumor,BRCA
2023_Fonseca_NatGenet_Endometriosis|sample31,0.09171597633136094,0.0,0.029585798816568046,0.023668639053254437,0.15384615384615385,0.507396449704142,0.0,0.0,0.05029585798816568,0.0,0.0,0.0,0.0,0.14349112426035504,0.0,0.0,Control,
Sarah2019|MS242_CI,0.0,0.0,0.0,0.0,0.014492753623188406,0.9855072463768116,0.0,0.0,0.0,0.0,0.0,0.0,0.0,0.0,0.0,0.0,Non-malignant disease,
2020_Litvinukova_Nature_Heart|HCAHeart7745968,0.0,0.0,0.1857638888888889,0.6545138888888888,0.0,0.09722222222222222,0.0,0.0625,0.0,0.0,0.0,0.0,0.0,0.0,0.0,0.0,Control,
2023_Lake_Nature_Kidney|KM103,0.0,0.0,0.7316176470588235,0.0,0.0,0.011029411764705883,0.0,0.0,0.025735294117647058,0.0,0.0,0.0,0.0,0.23161764705882354,0.0,0.0,Control,
2022_Reichart_Science_Heart|IC_H03_LV0_premrna,0.0,0.0,0.17894736842105263,0.5894736842105263,0.0,0.031578947368421054,0.0,0.15789473684210525,0.042105263157894736,0.0,0.0,0.0,0.0,0.0,0.0,0.0,Non-malignant disease,
2022_Gur_Cell_Sceleroderma|GSM5837174_AB13841,0.09615384615384616,0.0,0.0,0.0,0.0,0.9038461538461539,0.0,0.0,0.0,0.0,0.0,0.0,0.0,0.0,0.0,0.0,Non-malignant disease,
2023_Kumar_Nature_Breast|hbca_c156,0.3877005347593583,0.03208556149732621,0.18716577540106952,0.0748663101604278,0.18449197860962566,0.13368983957219252,0.0,0.0,0.0,0.0,0.0,0.0,0.0,0.0,0.0,0.0,Cancer_Tumor,BRCA
2020_Adams_SciAdv_IPF|192C-a,0.04081632653061224,0.0,0.10204081632653061,0.0,0.826530612244898,0.0,0.0,0.0,0.0,0.0,0.0,0.030612244897959183,0.0,0.0,0.0,0.0,Control,
2020_Habermann_SciAdv_Lung-COVID19|GSM5226577_C54ctr,0.0,0.0,0.09734513274336283,0.0,0.21238938053097345,0.017699115044247787,0.0,0.0,0.07964601769911504,0.0,0.0,0.5929203539823009,0.0,0.0,0.0,0.0,Control,
2022_Guilliams_Cell_Liver|CS171,0.0,0.0,0.0,0.0,0.0,0.0,0.9683257918552036,0.0,0.03167420814479638,0.0,0.0,0.0,0.0,0.0,0.0,0.0,Non-malignant disease,
2023_Hirz_NatComm_Prostate|GSM5494344_HP3,0.5,0.008928571428571428,0.16964285714285715,0.0,0.0,0.32142857142857145,0.0,0.0,0.0,0.0,0.0,0.0,0.0,0.0,0.0,0.0,Control,
2022_Madissoon_NatGenet_Lung|5841STDY7991475,0.0,0.0,0.45588235294117646,0.0,0.45588235294117646,0.014705882352941176,0.0,0.0,0.058823529411764705,0.0,0.0,0.0,0.0,0.0,0.014705882352941176,0.0,Control,
2023_Kumar_Nature_Breast|hbca_c67,0.4721862871927555,0.129366106080207,0.10478654592496765,0.00646830530401035,0.2069857697283312,0.08020698576972833,0.0,0.0,0.0,0.0,0.0,0.0,0.0,0.0,0.0,0.0,Control,
2022_Nee_NatGenet_Breast|GSM5320173_scRNA_brca11,0.9188640973630832,0.0,0.0,0.0,0.011494252873563218,0.0290736984448952,0.0,0.0,0.0,0.04056795131845842,0.0,0.0,0.0,0.0,0.0,0.0,Control,
2023_Kumar_Nature_Breast|hbca_c142,0.39903846153846156,0.20192307692307693,0.10576923076923077,0.0673076923076923,0.014423076923076924,0.20432692307692307,0.0,0.0,0.0,0.0,0.0,0.0,0.0,0.007211538461538462,0.0,0.0,Control,
2021_Elmentaite_Nature_Intestine|Human_colon_16S8001865,0.0,0.0,0.7142857142857143,0.0,0.19642857142857142,0.05357142857142857,0.0,0.0,0.03571428571428571,0.0,0.0,0.0,0.0,0.0,0.0,0.0,Control,
2021_Pal_EMBO_Breast|GSM4909278_B1-MH0033,0.8324225865209471,0.056466302367941715,0.026411657559198543,0.0,0.08469945355191257,0.0,0.0,0.0,0.0,0.0,0.0,0.0,0.0,0.0,0.0,0.0,Non-malignant disease,
2023_Fonseca_NatGenet_Endometriosis|sample42,0.3341232227488152,0.0,0.4834123222748815,0.0,0.0,0.16113744075829384,0.0,0.0,0.016587677725118485,0.004739336492890996,0.0,0.0,0.0,0.0,0.0,0.0,Non-malignant disease,
2022_Reichart_Science_Heart|BO_H07_LV0_premrna,0.0,0.0,0.16279069767441862,0.6883720930232559,0.07906976744186046,0.004651162790697674,0.0,0.0,0.06046511627906977,0.0,0.0,0.004651162790697674,0.0,0.0,0.0,0.0,Non-malignant disease,
2023_Kumar_Nature_Breast|hbca_c161,0.6214511041009464,0.0694006309148265,0.07255520504731862,0.0,0.1829652996845426,0.03785488958990536,0.0,0.015772870662460567,0.0,0.0,0.0,0.0,0.0,0.0,0.0,0.0,Cancer_Tumor,BRCA
2023_Hickey_Nature_Intestine|B010-A-101,0.0,0.0,0.19607843137254902,0.0,0.5686274509803921,0.0392156862745098,0.0,0.0,0.0784313725490196,0.0,0.0,0.0,0.0,0.11764705882352941,0.0,0.0,Control,
2022_Emont_Nature_WAT|Hs_OAT_01-1,0.0,0.0,0.3459915611814346,0.03375527426160337,0.4831223628691983,0.035864978902953586,0.0,0.0,0.10126582278481013,0.0,0.0,0.0,0.0,0.0,0.0,0.0,Control,
2023_Kong_Immunity_CD|N128400_L,0.15873015873015872,0.0,0.1111111111111111,0.19047619047619047,0.2698412698412698,0.25396825396825395,0.0,0.0,0.0,0.015873015873015872,0.0,0.0,0.0,0.0,0.0,0.0,Non-malignant disease,
2023_Kumar_Nature_Breast|hbca_c115,0.677731673582296,0.0,0.10511756569847856,0.016597510373443983,0.04149377593360996,0.11203319502074689,0.0,0.0,0.04702627939142462,0.0,0.0,0.0,0.0,0.0,0.0,0.0,Control,
2020_Drokhlyansky_Cell_EntericNerve|Pool_S56,0.05710659898477157,0.0,0.3464467005076142,0.01015228426395939,0.549492385786802,0.005076142131979695,0.007614213197969543,0.0025380710659898475,0.021573604060913704,0.0,0.0,0.0,0.0,0.0,0.0,0.0,Cancer_AdjNorm,CRC
2022_Hwang_NatGenet_PDAC|T11_CRT,0.03496503496503497,0.0,0.36363636363636365,0.0,0.0,0.24125874125874125,0.0,0.0034965034965034965,0.27972027972027974,0.07692307692307693,0.0,0.0,0.0,0.0,0.0,0.0,Cancer_Tumor,PC
2023_Kong_Immunity_CD|H106265_N,0.0,0.0,0.0,0.20253164556962025,0.0,0.7974683544303798,0.0,0.0,0.0,0.0,0.0,0.0,0.0,0.0,0.0,0.0,Control,
2020_Drokhlyansky_Cell_EntericNerve|H3_S36,0.0,0.0,0.45161290322580644,0.0,0.45161290322580644,0.04838709677419355,0.0,0.016129032258064516,0.0,0.0,0.0,0.016129032258064516,0.0,0.016129032258064516,0.0,0.0,Cancer_AdjNorm,CRC
2020_Litvinukova_Nature_Heart|HCAHeartST13146205,0.1791044776119403,0.014925373134328358,0.1044776119402985,0.029850746268656716,0.07462686567164178,0.3582089552238806,0.0,0.13432835820895522,0.08955223880597014,0.0,0.0,0.0,0.0,0.0,0.0,0.014925373134328358,Control,
2022_Emont_Nature_WAT|Hs_OAT_10-1,0.0,0.0,0.5170454545454546,0.032670454545454544,0.16193181818181818,0.045454545454545456,0.0,0.0,0.24289772727272727,0.0,0.0,0.0,0.0,0.0,0.0,0.0,Control,
2022_Guilliams_Cell_Liver|CS126,0.0,0.0,0.04838709677419355,0.008064516129032258,0.0,0.0,0.9435483870967742,0.0,0.0,0.0,0.0,0.0,0.0,0.0,0.0,0.0,Non-malignant disease,
2023_Hirz_NatComm_Prostate|GSM5494381_SCG-PCA24-N-Rocky,0.7600767754318618,0.0,0.020473448496481125,0.0,0.0,0.21944977607165708,0.0,0.0,0.0,0.0,0.0,0.0,0.0,0.0,0.0,0.0,Cancer_AdjNorm,PRC
2023_Hickey_Nature_Intestine|B011-A-001,0.0,0.0,0.21649484536082475,0.061855670103092786,0.28865979381443296,0.0,0.0,0.010309278350515464,0.3711340206185567,0.0,0.0,0.0,0.0,0.05154639175257732,0.0,0.0,Control,
2023_Monavarfeshani_PNAS_Eye|Pt6PeripapillarySclera,0.12274368231046931,0.0,0.6895306859205776,0.0,0.0,0.007220216606498195,0.0,0.0,0.18050541516245489,0.0,0.0,0.0,0.0,0.0,0.0,0.0,Control,
2022_Reichart_Science_Heart|BO_H80_LV0_premrna,0.0,0.0,0.06458333333333334,0.8541666666666666,0.01875,0.03958333333333333,0.0,0.0,0.014583333333333334,0.0,0.0,0.0,0.0,0.008333333333333333,0.0,0.0,Non-malignant disease,
2023_Kumar_Nature_Breast|hbca_c75,0.6348717948717949,0.048205128205128206,0.050256410256410255,0.0041025641025641026,0.14153846153846153,0.12102564102564102,0.0,0.0,0.0,0.0,0.0,0.0,0.0,0.0,0.0,0.0,Control,
ROSMAP|190409-B5-B_Broad_S3,0.0,0.0,0.0,0.0,0.0,0.012345679012345678,0.0,0.0,0.0,0.0,0.9876543209876543,0.0,0.0,0.0,0.0,0.0,Control,
2022_Guilliams_Cell_Liver|CS85,0.0,0.0,0.0,0.13138686131386862,0.0,0.20437956204379562,0.6313868613138686,0.0,0.032846715328467155,0.0,0.0,0.0,0.0,0.0,0.0,0.0,Cancer_Metastasis,CRC
2022_Kumar_CancerDis_Gastric|GSM5573500_sample35,0.027777777777777776,0.0,0.006944444444444444,0.9444444444444444,0.0,0.013888888888888888,0.0,0.0,0.0,0.006944444444444444,0.0,0.0,0.0,0.0,0.0,0.0,Cancer_AdjNorm,GC
2022_Gur_Cell_Sceleroderma|GSM5837498_AB8037,0.0,0.0,0.0,0.05194805194805195,0.0,0.948051948051948,0.0,0.0,0.0,0.0,0.0,0.0,0.0,0.0,0.0,0.0,Non-malignant disease,
2020_Adams_SciAdv_IPF|137C-b,0.05128205128205128,0.008547008547008548,0.1794871794871795,0.0,0.6923076923076923,0.0,0.0,0.042735042735042736,0.02564102564102564,0.0,0.0,0.0,0.0,0.0,0.0,0.0,Control,
2023_Kong_Immunity_CD|H197396_N4,0.32934131736526945,0.0,0.19161676646706588,0.11976047904191617,0.2994011976047904,0.059880239520958084,0.0,0.0,0.0,0.0,0.0,0.0,0.0,0.0,0.0,0.0,Control,
2023_Monavarfeshani_PNAS_Eye|Pt11ONH,0.0,0.0,0.48148148148148145,0.0,0.0,0.0,0.0,0.0,0.12962962962962962,0.0,0.37037037037037035,0.0,0.0,0.018518518518518517,0.0,0.0,Control,
2020_Litvinukova_Nature_Heart|HCAHeartST10773167,0.0,0.0,0.12034383954154727,0.4498567335243553,0.1833810888252149,0.0,0.0,0.16332378223495703,0.0830945558739255,0.0,0.0,0.0,0.0,0.0,0.0,0.0,Control,
2022_Reichart_Science_Heart|BO_H27_S00_premrna,0.0,0.0,0.21578947368421053,0.7,0.013157894736842105,0.0,0.0,0.002631578947368421,0.06842105263157895,0.0,0.0,0.0,0.0,0.0,0.0,0.0,Non-malignant disease,
2020_Adams_SciAdv_IPF|052CO-a,0.0,0.01,0.13,0.0,0.27,0.0,0.0,0.0,0.01,0.0,0.0,0.58,0.0,0.0,0.0,0.0,Non-malignant disease,
2022_Guilliams_Cell_Liver|CS83,0.0,0.0,0.0,0.07936507936507936,0.0,0.09523809523809523,0.8253968253968254,0.0,0.0,0.0,0.0,0.0,0.0,0.0,0.0,0.0,Non-malignant disease,
2023_Lake_Nature_Kidney|LDSample1157EO1,0.0,0.0,0.15584415584415584,0.8441558441558441,0.0,0.0,0.0,0.0,0.0,0.0,0.0,0.0,0.0,0.0,0.0,0.0,Control,
2021_Melms_Nature_Lung-COVID19|C54ctr,0.0,0.0,0.09734513274336283,0.0,0.21238938053097345,0.017699115044247787,0.0,0.0,0.07964601769911504,0.0,0.0,0.5929203539823009,0.0,0.0,0.0,0.0,Control,
2023_Lake_Nature_Kidney|PA3,0.0,0.0,0.8650306748466258,0.0,0.0,0.009202453987730062,0.0,0.0,0.006134969325153374,0.0,0.0,0.0,0.0,0.1196319018404908,0.0,0.0,Control,
2022_Reichart_Science_Heart|BO_H12_S00_premrna,0.0,0.0,0.05574912891986063,0.8501742160278746,0.04878048780487805,0.0,0.0,0.006968641114982578,0.03832752613240418,0.0,0.0,0.0,0.0,0.0,0.0,0.0,Non-malignant disease,
2021_Pelka_Cell_CRC|C134_N_0_3_0_c1_v2,0.0,0.0,0.421875,0.375,0.0,0.109375,0.0,0.0,0.09375,0.0,0.0,0.0,0.0,0.0,0.0,0.0,Control,
2023_Lake_Nature_Kidney|KC34,0.0,0.0,0.42045454545454547,0.20454545454545456,0.09090909090909091,0.17045454545454544,0.0,0.0,0.03409090909090909,0.0,0.0,0.022727272727272728,0.0,0.056818181818181816,0.0,0.0,Control,
2023_Kong_Immunity_CD|N124246_L,0.205607476635514,0.037383177570093455,0.06542056074766354,0.4953271028037383,0.0,0.18691588785046728,0.0,0.0,0.0,0.0,0.0,0.0,0.0,0.009345794392523364,0.0,0.0,Non-malignant disease,
2020_Habermann_SciAdv_Lung-COVID19|GSM5226591_L11cov,0.0,0.0,0.24193548387096775,0.0,0.6451612903225806,0.0967741935483871,0.0,0.0,0.0,0.0,0.0,0.016129032258064516,0.0,0.0,0.0,0.0,Non-malignant disease,
2021_Elmentaite_Nature_Intestine|4918STDY7714149,0.15934065934065933,0.0,0.08241758241758242,0.5659340659340659,0.03296703296703297,0.15934065934065933,0.0,0.0,0.0,0.0,0.0,0.0,0.0,0.0,0.0,0.0,Control,
2023_Hirz_NatComm_Prostate|GSM5494378_SCG-PCA22-N-HG,0.33079847908745247,0.030418250950570342,0.13307984790874525,0.19391634980988592,0.0,0.311787072243346,0.0,0.0,0.0,0.0,0.0,0.0,0.0,0.0,0.0,0.0,Cancer_AdjNorm,PRC
2023_Kumar_Nature_Breast|hbca_c90,0.5879574970484062,0.13105076741440377,0.14167650531286896,0.024793388429752067,0.043683589138134596,0.07083825265643448,0.0,0.0,0.0,0.0,0.0,0.0,0.0,0.0,0.0,0.0,Control,
2023_Kumar_Nature_Breast|hbca_c48,0.5429017160686428,0.14040561622464898,0.062402496099843996,0.0109204368174727,0.2121684867394696,0.031201248049921998,0.0,0.0,0.0,0.0,0.0,0.0,0.0,0.0,0.0,0.0,Cancer_Tumor,BRCA
2022_TabulaSapiens_Science_TabulaSapiens|TSP1_Muscle_nan_10X,0.3641379310344828,0.08275862068965517,0.07310344827586207,0.4689655172413793,0.0,0.0,0.0,0.0,0.0,0.0,0.0,0.0,0.0,0.0,0.011034482758620689,0.0,Control,
2022_Reichart_Science_Heart|BO_H01_RV0_premrna,0.0,0.0,0.27844311377245506,0.49850299401197606,0.025449101796407185,0.0,0.0,0.1437125748502994,0.05389221556886228,0.0,0.0,0.0,0.0,0.0,0.0,0.0,Non-malignant disease,
2023_Kumar_Nature_Breast|hbca_c113,0.32459425717852686,0.3083645443196005,0.11235955056179775,0.024968789013732832,0.04744069912609238,0.1822721598002497,0.0,0.0,0.0,0.0,0.0,0.0,0.0,0.0,0.0,0.0,Control,
2020_Litvinukova_Nature_Heart|HCAHeart7745970,0.0,0.0,0.24738675958188153,0.6411149825783972,0.0,0.11149825783972125,0.0,0.0,0.0,0.0,0.0,0.0,0.0,0.0,0.0,0.0,Control,
2023_Kong_Immunity_CD|H180844_N4,0.05405405405405406,0.0,0.02702702702702703,0.0,0.0,0.918918918918919,0.0,0.0,0.0,0.0,0.0,0.0,0.0,0.0,0.0,0.0,Control,
2020_Litvinukova_Nature_Heart|HCAHeart8102861,0.02471821237888076,0.0,0.09531342693296421,0.879968360688155,0.0,0.0,0.0,0.0,0.0,0.0,0.0,0.0,0.0,0.0,0.0,0.0,Control,
2020_Litvinukova_Nature_Heart|HCAHeartST13180618,0.026881720430107527,0.0,0.1935483870967742,0.3064516129032258,0.0913978494623656,0.25268817204301075,0.0,0.043010752688172046,0.08602150537634409,0.0,0.0,0.0,0.0,0.0,0.0,0.0,Control,
BICCN|10X224-1_S01,0.0,0.0,0.21428571428571427,0.0,0.0,0.19642857142857142,0.0,0.0,0.0,0.0,0.5892857142857143,0.0,0.0,0.0,0.0,0.0,Control,
2022_Reichart_Science_Heart|BO_H64_LV0_premrna,0.0,0.0,0.23138297872340424,0.6037234042553191,0.0,0.013297872340425532,0.0,0.018617021276595744,0.13297872340425532,0.0,0.0,0.0,0.0,0.0,0.0,0.0,Non-malignant disease,
2020_Litvinukova_Nature_Heart|HCAHeart7745966,0.0,0.0,0.1323529411764706,0.8137254901960784,0.0,0.05392156862745098,0.0,0.0,0.0,0.0,0.0,0.0,0.0,0.0,0.0,0.0,Control,
2022_Madissoon_NatGenet_Lung|WTDAtest7732270,0.002277904328018223,0.0,0.20045558086560364,0.03302961275626424,0.10136674259681093,0.05580865603644647,0.0,0.0,0.05466970387243736,0.0,0.0,0.55125284738041,0.0,0.0,0.0,0.0011389521640091116,Control,
2020_Habermann_SciAdv_Lung-COVID19|GSM5226589_L09cov,0.0,0.0,0.21052631578947367,0.0,0.15789473684210525,0.631578947368421,0.0,0.0,0.0,0.0,0.0,0.0,0.0,0.0,0.0,0.0,Non-malignant disease,
2022_Reichart_Science_Heart|BO_H39_LVW_premrna,0.0,0.0,0.13366336633663367,0.7326732673267327,0.0,0.019801980198019802,0.0,0.0,0.11386138613861387,0.0,0.0,0.0,0.0,0.0,0.0,0.0,Non-malignant disease,
2022_Madissoon_NatGenet_Lung|WTDAtest7732265,0.0,0.003355704697986577,0.2550335570469799,0.010067114093959731,0.04697986577181208,0.0738255033557047,0.0,0.0,0.020134228187919462,0.0,0.0,0.587248322147651,0.0,0.0,0.0,0.003355704697986577,Control,
2023_Kong_Immunity_CD|N166301_N1,0.0,0.0,0.012012012012012012,0.0015015015015015015,0.025525525525525526,0.960960960960961,0.0,0.0,0.0,0.0,0.0,0.0,0.0,0.0,0.0,0.0,Non-malignant disease,
2020_Litvinukova_Nature_Heart|HCAHeart7844003,0.0,0.0,0.13806327900287632,0.8619367209971237,0.0,0.0,0.0,0.0,0.0,0.0,0.0,0.0,0.0,0.0,0.0,0.0,Control,
Evan2019|SN6063_a,0.0,0.0,0.0,0.09803921568627451,0.0,0.1568627450980392,0.0,0.0,0.0,0.0,0.7450980392156863,0.0,0.0,0.0,0.0,0.0,Non-malignant disease,
2023_Fonseca_NatGenet_Endometriosis|sample26,0.20588235294117646,0.04411764705882353,0.10294117647058823,0.014705882352941176,0.07352941176470588,0.4411764705882353,0.0,0.0,0.08823529411764706,0.029411764705882353,0.0,0.0,0.0,0.0,0.0,0.0,Non-malignant disease,
2022_TabulaSapiens_Science_TabulaSapiens|TSP12_Heart_atria_smartseq2,0.0,0.0,0.05357142857142857,0.6428571428571429,0.0,0.17857142857142858,0.0,0.0,0.125,0.0,0.0,0.0,0.0,0.0,0.0,0.0,Control,
2021_Elmentaite_Nature_Intestine|Human_colon_16S8000513,0.0,0.0,0.10571428571428572,0.04857142857142857,0.43142857142857144,0.22857142857142856,0.0,0.0,0.18571428571428572,0.0,0.0,0.0,0.0,0.0,0.0,0.0,Control,
2020_Litvinukova_Nature_Heart|HCAHeart7905332,0.0,0.0,0.24800199800199801,0.7122877122877123,0.011738261738261738,0.0,0.0,0.0017482517482517483,0.026223776223776224,0.0,0.0,0.0,0.0,0.0,0.0,0.0,Control,
2022_Madissoon_NatGenet_Lung|HCA_A_LNG9387710,0.0,0.0,0.11494252873563218,0.0,0.47126436781609193,0.16091954022988506,0.0,0.0,0.011494252873563218,0.0,0.0,0.2413793103448276,0.0,0.0,0.0,0.0,Control,
2022_Reichart_Science_Heart|BO_H06_RV0_premrna,0.0,0.0,0.12221041445270989,0.5037194473963869,0.004250797024442083,0.019128586609989374,0.0,0.1902231668437832,0.16046758767268862,0.0,0.0,0.0,0.0,0.0,0.0,0.0,Non-malignant disease,
2020_Drokhlyansky_Cell_EntericNerve|H8_S43,0.01639344262295082,0.0,0.11475409836065574,0.0,0.8688524590163934,0.0,0.0,0.0,0.0,0.0,0.0,0.0,0.0,0.0,0.0,0.0,Cancer_AdjNorm,CRC
2022_Emont_Nature_WAT|Hs_OAT_12-1,0.0,0.0,0.20257234726688103,0.006430868167202572,0.6141479099678456,0.1639871382636656,0.0,0.0,0.012861736334405145,0.0,0.0,0.0,0.0,0.0,0.0,0.0,Control,
2022_Reichart_Science_Heart|BS_DP2_S00_premrna,0.0,0.0,0.21115537848605578,0.6693227091633466,0.0,0.01195219123505976,0.0,0.06374501992031872,0.043824701195219126,0.0,0.0,0.0,0.0,0.0,0.0,0.0,Non-malignant disease,
2023_Kumar_Nature_Breast|hbca_c45,0.1101072840203275,0.0,0.03670242800677583,0.012987012987012988,0.09316770186335403,0.29757199322416716,0.0,0.0,0.0,0.4494635798983625,0.0,0.0,0.0,0.0,0.0,0.0,Cancer_Tumor,BRCA
2022_vanZyl_PNAS_Eye|Hu235OSTM,0.0,0.0,0.11956521739130435,0.0,0.8043478260869565,0.0,0.0,0.0,0.07608695652173914,0.0,0.0,0.0,0.0,0.0,0.0,0.0,Control,
2021_Pal_EMBO_Breast|GSM4909300_ER-MH0032,0.225,0.0,0.3,0.0,0.125,0.2916666666666667,0.0,0.0,0.0,0.058333333333333334,0.0,0.0,0.0,0.0,0.0,0.0,Cancer_Tumor,BRCA
2022_TabulaSapiens_Science_TabulaSapiens|TSP12_Heart_Ventricle_10X,0.0,0.0,0.024963289280469897,0.8164464023494861,0.0,0.02643171806167401,0.0,0.0,0.1130690161527166,0.01908957415565345,0.0,0.0,0.0,0.0,0.0,0.0,Control,
2022_TabulaSapiens_Science_TabulaSapiens|TSP6_Trachea_nan_10X,0.30344827586206896,0.04827586206896552,0.0896551724137931,0.27586206896551724,0.14482758620689656,0.0,0.0,0.0,0.0,0.13793103448275862,0.0,0.0,0.0,0.0,0.0,0.0,Control,
2021_Elmentaite_Nature_Intestine|WTDAtest7844029,0.0,0.0,0.2857142857142857,0.06349206349206349,0.19047619047619047,0.36507936507936506,0.0,0.0,0.09523809523809523,0.0,0.0,0.0,0.0,0.0,0.0,0.0,Control,
2023_Fonseca_NatGenet_Endometriosis|sample39,0.2768729641693811,0.0,0.08143322475570032,0.0,0.05863192182410423,0.3257328990228013,0.0,0.0,0.0,0.05211726384364821,0.0,0.0,0.0,0.20521172638436483,0.0,0.0,Non-malignant disease,
2022_Reichart_Science_Heart|BO_H25_S00_premrna,0.0,0.0,0.18478260869565216,0.7608695652173914,0.0,0.017391304347826087,0.0,0.0,0.03695652173913044,0.0,0.0,0.0,0.0,0.0,0.0,0.0,Non-malignant disease,
2022_Reichart_Science_Heart|ED_DT4_LV0_premrna,0.0,0.0,0.13566739606126915,0.6608315098468271,0.01312910284463895,0.13129102844638948,0.00437636761487965,0.0,0.037199124726477024,0.015317286652078774,0.0,0.002188183807439825,0.0,0.0,0.0,0.0,Non-malignant disease,
2022_Zhou_NatGenet_PDAC|HT185B1-S1H2A2K1G1Z1_1B1,0.034482758620689655,0.0,0.06896551724137931,0.5344827586206896,0.0,0.1896551724137931,0.0,0.0,0.1206896551724138,0.034482758620689655,0.0,0.0,0.0,0.017241379310344827,0.0,0.0,Cancer_Tumor,PC
2020_Habermann_SciAdv_Lung-COVID19|GSM5226584_L04covaddon,0.0,0.0,0.12244897959183673,0.0,0.7040816326530612,0.02040816326530612,0.0,0.0,0.1326530612244898,0.0,0.0,0.02040816326530612,0.0,0.0,0.0,0.0,Non-malignant disease,
2023_Lake_Nature_Kidney|KB7,0.0,0.0,0.35714285714285715,0.0,0.13095238095238096,0.0,0.03571428571428571,0.0,0.0,0.0,0.0,0.0,0.0,0.47619047619047616,0.0,0.0,Non-malignant disease,
2023_Kumar_Nature_Breast|hbca_c131,0.6104218362282878,0.11331679073614558,0.09594706368899918,0.0,0.02729528535980149,0.14971050454921422,0.0,0.0,0.0,0.0,0.0,0.0,0.0033085194375516956,0.0,0.0,0.0,Control,
2021_Pelka_Cell_CRC|C124_N_0_3_0_c1_v2,0.0,0.0,0.09411764705882353,0.6705882352941176,0.11764705882352941,0.058823529411764705,0.0,0.0,0.058823529411764705,0.0,0.0,0.0,0.0,0.0,0.0,0.0,Control,
2022_Kumar_CancerDis_Gastric|GSM5573485_sample20,0.0521978021978022,0.0,0.038461538461538464,0.013736263736263736,0.0,0.17857142857142858,0.0,0.0,0.0,0.717032967032967,0.0,0.0,0.0,0.0,0.0,0.0,Cancer_Metastasis,GC
2022_Madissoon_NatGenet_Lung|WTDAtest7732268,0.0010152284263959391,0.0,0.15228426395939088,0.009137055837563452,0.06903553299492386,0.018274111675126905,0.0,0.0,0.008121827411167513,0.0,0.0,0.7421319796954314,0.0,0.0,0.0,0.0,Control,
2023_Monavarfeshani_PNAS_Eye|Hu235OSmRPE,0.0,0.0,0.40860215053763443,0.1827956989247312,0.0,0.20430107526881722,0.0,0.0,0.16129032258064516,0.0,0.021505376344086023,0.021505376344086023,0.0,0.0,0.0,0.0,Control,
BICCN|HSB189_3_S1,0.0,0.0,0.028350515463917526,0.0,0.0,0.030927835051546393,0.0,0.0,0.0,0.0,0.9355670103092784,0.0,0.0,0.005154639175257732,0.0,0.0,Control,
2023_Kong_Immunity_CD|N130064_N4,0.2657111356119074,0.0,0.13340683572216097,0.025358324145534728,0.11686879823594266,0.45865490628445427,0.0,0.0,0.0,0.0,0.0,0.0,0.0,0.0,0.0,0.0,Non-malignant disease,
2022_Madissoon_NatGenet_Lung|HCA_A_LNG9387717,0.019417475728155338,0.0,0.24271844660194175,0.009708737864077669,0.42718446601941745,0.038834951456310676,0.0,0.009708737864077669,0.05825242718446602,0.0,0.0,0.1941747572815534,0.0,0.0,0.0,0.0,Control,
2022_Reichart_Science_Heart|BO_H27_RV0_premrna,0.0,0.0,0.1553133514986376,0.670299727520436,0.008174386920980926,0.0,0.0,0.08991825613079019,0.07629427792915532,0.0,0.0,0.0,0.0,0.0,0.0,0.0,Non-malignant disease,
2023_Hirz_NatComm_Prostate|GSM5494356_SCG-PCA6-T-HG,0.08928571428571429,0.017857142857142856,0.14285714285714285,0.03571428571428571,0.0,0.6607142857142857,0.0,0.0,0.017857142857142856,0.03571428571428571,0.0,0.0,0.0,0.0,0.0,0.0,Cancer_Tumor,PRC
2023_Lake_Nature_Kidney|DKD2910010,0.0,0.0,0.45569620253164556,0.26582278481012656,0.0,0.2320675105485232,0.0,0.0,0.046413502109704644,0.0,0.0,0.0,0.0,0.0,0.0,0.0,Non-malignant disease,
2021_Pal_EMBO_Breast|GSM4909302_ER-MH0025,0.0,0.0,0.1937984496124031,0.06201550387596899,0.0,0.40310077519379844,0.0,0.0,0.0,0.34108527131782945,0.0,0.0,0.0,0.0,0.0,0.0,Cancer_Tumor,BRCA
ROSMAP|190403-B4-A_Broad_S1,0.0,0.0,0.09230769230769231,0.0,0.0,0.07692307692307693,0.0,0.0,0.0,0.0,0.8307692307692308,0.0,0.0,0.0,0.0,0.0,Control,
2023_Kong_Immunity_CD|N107306_L2,0.0,0.0,0.010526315789473684,0.7473684210526316,0.08421052631578947,0.09473684210526316,0.0,0.0,0.06315789473684211,0.0,0.0,0.0,0.0,0.0,0.0,0.0,Non-malignant disease,
2022_Reichart_Science_Heart|BO_H22_S00_premrna,0.0,0.0,0.1111111111111111,0.6419753086419753,0.0205761316872428,0.0,0.0,0.0205761316872428,0.205761316872428,0.0,0.0,0.0,0.0,0.0,0.0,0.0,Non-malignant disease,
2020_Litvinukova_Nature_Heart|HCAHeart7905327,0.0,0.0,0.17593861331871746,0.8070704302548644,0.0057550013702384216,0.0,0.0,0.0,0.011235955056179775,0.0,0.0,0.0,0.0,0.0,0.0,0.0,Control,
2023_Kong_Immunity_CD|N109389_L1,0.0,0.0,0.043010752688172046,0.1827956989247312,0.4731182795698925,0.3010752688172043,0.0,0.0,0.0,0.0,0.0,0.0,0.0,0.0,0.0,0.0,Non-malignant disease,
2022_Madissoon_NatGenet_Lung|WSSS8123929,0.2139917695473251,0.02880658436213992,0.08641975308641975,0.00411522633744856,0.2962962962962963,0.07818930041152264,0.0,0.0,0.0205761316872428,0.00411522633744856,0.0,0.25925925925925924,0.0,0.0,0.00823045267489712,0.0,Control,
2020_Litvinukova_Nature_Heart|HCAHeart7702877,0.0,0.0,0.11627906976744186,0.43410852713178294,0.12403100775193798,0.2558139534883721,0.0,0.06976744186046512,0.0,0.0,0.0,0.0,0.0,0.0,0.0,0.0,Control,
2021_Pelka_Cell_CRC|C140_T_1_1_0_c1_v2,0.010638297872340425,0.0,0.19148936170212766,0.0,0.0,0.20212765957446807,0.0,0.0,0.0,0.5957446808510638,0.0,0.0,0.0,0.0,0.0,0.0,Cancer_Tumor,CRC
2023_Kumar_Nature_Breast|hbca_c20,0.7177033492822966,0.0,0.0,0.0,0.0,0.0,0.0,0.0,0.0,0.2822966507177033,0.0,0.0,0.0,0.0,0.0,0.0,Control,
2023_Lake_Nature_Kidney|KC79,0.0,0.0,0.3082191780821918,0.02054794520547945,0.0,0.1232876712328767,0.00684931506849315,0.0,0.0,0.0136986301369863,0.0,0.02054794520547945,0.0,0.5068493150684932,0.0,0.0,Control,
2022_TabulaSapiens_Science_TabulaSapiens|TSP10_Fat_MAT_10X,0.2117465224111283,0.0,0.15146831530139104,0.5641421947449768,0.027820710973724884,0.021638330757341576,0.0,0.0,0.023183925811437404,0.0,0.0,0.0,0.0,0.0,0.0,0.0,Control,
2023_Hirz_NatComm_Prostate|GSM5494368_SCG-PCA15-T-HG,0.07017543859649122,0.017543859649122806,0.12280701754385964,0.6842105263157895,0.0,0.10526315789473684,0.0,0.0,0.0,0.0,0.0,0.0,0.0,0.0,0.0,0.0,Cancer_Tumor,PRC
2020_Adams_SciAdv_IPF|225I-a,0.25170068027210885,0.006802721088435374,0.19047619047619047,0.0,0.1360544217687075,0.08843537414965986,0.027210884353741496,0.0,0.1360544217687075,0.0,0.0,0.16326530612244897,0.0,0.0,0.0,0.0,Non-malignant disease,
2023_Fonseca_NatGenet_Endometriosis|sample33,0.08994708994708994,0.0,0.0582010582010582,0.0,0.17989417989417988,0.6666666666666666,0.0,0.005291005291005291,0.0,0.0,0.0,0.0,0.0,0.0,0.0,0.0,Non-malignant disease,
2022_Emont_Nature_WAT|Hs_OAT_256-1,0.0,0.0,0.2890818858560794,0.038461538461538464,0.2456575682382134,0.2903225806451613,0.0,0.0,0.1228287841191067,0.0,0.0,0.0,0.0,0.0,0.013647642679900745,0.0,Control,
2023_Kong_Immunity_CD|N176196_L2,0.02127659574468085,0.0,0.1595744680851064,0.5212765957446809,0.11702127659574468,0.07446808510638298,0.0,0.0,0.10638297872340426,0.0,0.0,0.0,0.0,0.0,0.0,0.0,Non-malignant disease,
2023_Kong_Immunity_CD|H158108_N1,0.17446808510638298,0.0,0.07659574468085106,0.3574468085106383,0.26382978723404255,0.07659574468085106,0.0,0.0,0.05106382978723404,0.0,0.0,0.0,0.0,0.0,0.0,0.0,Control,
2020_Adams_SciAdv_IPF|040I,0.6554054054054054,0.0,0.0,0.0,0.31756756756756754,0.006756756756756757,0.0,0.0,0.0,0.0,0.0,0.02027027027027027,0.0,0.0,0.0,0.0,Non-malignant disease,
2023_Lake_Nature_Kidney|KB6,0.0,0.0,0.4713375796178344,0.044585987261146494,0.09554140127388536,0.09554140127388536,0.0,0.0,0.21019108280254778,0.0,0.0,0.006369426751592357,0.0,0.07643312101910828,0.0,0.0,Non-malignant disease,
2023_Kong_Immunity_CD|N107306_L1,0.0,0.0,0.11666666666666667,0.48333333333333334,0.13333333333333333,0.25,0.0,0.0,0.0,0.016666666666666666,0.0,0.0,0.0,0.0,0.0,0.0,Non-malignant disease,
2021_Elmentaite_Nature_Intestine|Human_colon_16S8000491,0.014285714285714285,0.0,0.4928571428571429,0.0,0.16428571428571428,0.08571428571428572,0.0,0.0,0.2,0.04285714285714286,0.0,0.0,0.0,0.0,0.0,0.0,Control,
2022_Reichart_Science_Heart|BO_H80_RV0_premrna,0.0,0.0,0.085,0.8475,0.0,0.0225,0.0,0.025,0.015,0.0,0.0,0.005,0.0,0.0,0.0,0.0,Non-malignant disease,
2023_Kong_Immunity_CD|N158891_L2,0.03076923076923077,0.0,0.03076923076923077,0.3384615384615385,0.5692307692307692,0.0,0.0,0.0,0.0,0.03076923076923077,0.0,0.0,0.0,0.0,0.0,0.0,Non-malignant disease,
2022_TabulaSapiens_Science_TabulaSapiens|TSP2_Muscle_diaphragm_10X,0.9009200283085633,0.01132342533616419,0.03821656050955414,0.0,0.017692852087756547,0.03184713375796178,0.0,0.0,0.0,0.0,0.0,0.0,0.0,0.0,0.0,0.0,Control,
2023_Kumar_Nature_Breast|hbca_c43,0.20638020833333334,0.0,0.057291666666666664,0.0,0.19401041666666666,0.16927083333333334,0.0,0.0,0.0,0.373046875,0.0,0.0,0.0,0.0,0.0,0.0,Cancer_Tumor,BRCA
2022_Gur_Cell_Sceleroderma|GSM5837133_AB13794,0.0,0.0,0.0,0.0,0.0,1.0,0.0,0.0,0.0,0.0,0.0,0.0,0.0,0.0,0.0,0.0,Control,
2022_Guilliams_Cell_Liver|CS112,0.0,0.0,0.0,0.0,0.0,0.06167400881057269,0.9383259911894273,0.0,0.0,0.0,0.0,0.0,0.0,0.0,0.0,0.0,Non-malignant disease,
2022_Hwang_NatGenet_PDAC|U3_Untreated,0.0,0.0,0.256,0.0,0.12,0.184,0.0,0.0,0.0,0.44,0.0,0.0,0.0,0.0,0.0,0.0,Cancer_Tumor,PC
2022_Gur_Cell_Sceleroderma|GSM5837137_AB13798,0.07407407407407407,0.0,0.027777777777777776,0.0,0.037037037037037035,0.8611111111111112,0.0,0.0,0.0,0.0,0.0,0.0,0.0,0.0,0.0,0.0,Control,
2023_Kumar_Nature_Breast|hbca_c24,0.8493150684931506,0.0,0.0,0.0,0.0,0.0,0.0,0.0,0.0,0.1506849315068493,0.0,0.0,0.0,0.0,0.0,0.0,Control,
2022_Reichart_Science_Heart|BO_H09_S00_premrna,0.0,0.0,0.2968036529680365,0.5388127853881278,0.0228310502283105,0.0,0.0,0.0,0.1415525114155251,0.0,0.0,0.0,0.0,0.0,0.0,0.0,Non-malignant disease,
2023_Kumar_Nature_Breast|hbca_c111,0.6436126932465419,0.03905614320585842,0.14157851912123678,0.0,0.06672091131000814,0.10903173311635476,0.0,0.0,0.0,0.0,0.0,0.0,0.0,0.0,0.0,0.0,Control,
2022_Reichart_Science_Heart|BO_H51_S00_premrna,0.0,0.0,0.08421052631578947,0.8,0.031578947368421054,0.021052631578947368,0.0,0.010526315789473684,0.05263157894736842,0.0,0.0,0.0,0.0,0.0,0.0,0.0,Control,
2022_Hwang_NatGenet_PDAC|T5_CRT,0.0,0.0,0.19753086419753085,0.0,0.0,0.654320987654321,0.0,0.0,0.0,0.14814814814814814,0.0,0.0,0.0,0.0,0.0,0.0,Cancer_Tumor,PC
2023_Kumar_Nature_Breast|hbca_c74,0.687099725526075,0.056724611161939616,0.04666056724611162,0.0,0.0686184812442818,0.14089661482159194,0.0,0.0,0.0,0.0,0.0,0.0,0.0,0.0,0.0,0.0,Control,
2021_Chan_CancerCell_SCLC|RU1057_T,0.6875,0.0,0.04326923076923077,0.0,0.028846153846153848,0.0625,0.0,0.0,0.08173076923076923,0.0673076923076923,0.0,0.0,0.0,0.0,0.0,0.028846153846153848,Cancer_Tumor,NSCLC
2022_Emont_Nature_WAT|Hs_SAT_01-1,0.0,0.0,0.3588621444201313,0.0175054704595186,0.16849015317286653,0.03282275711159737,0.0,0.0,0.4113785557986871,0.0,0.0,0.0,0.0,0.002188183807439825,0.0087527352297593,0.0,Control,
2023_Hirz_NatComm_Prostate|GSM5494377_SCG-PCA20-T-LG,0.07407407407407407,0.0,0.08024691358024691,0.018518518518518517,0.0,0.8271604938271605,0.0,0.0,0.0,0.0,0.0,0.0,0.0,0.0,0.0,0.0,Cancer_Tumor,PRC
2023_Kong_Immunity_CD|I130064_N4,0.10865191146881288,0.0,0.06941649899396378,0.0,0.09859154929577464,0.7233400402414487,0.0,0.0,0.0,0.0,0.0,0.0,0.0,0.0,0.0,0.0,Non-malignant disease,
2020_Adams_SciAdv_IPF|025I,0.09859154929577464,0.0,0.09859154929577464,0.0,0.5774647887323944,0.07042253521126761,0.0,0.0,0.014084507042253521,0.0,0.0,0.14084507042253522,0.0,0.0,0.0,0.0,Non-malignant disease,
2021_Elmentaite_Nature_Intestine|Human_colon_16S8159191,0.0,0.0,0.14457831325301204,0.29518072289156627,0.04819277108433735,0.25301204819277107,0.0,0.0,0.2289156626506024,0.030120481927710843,0.0,0.0,0.0,0.0,0.0,0.0,Control,
2020_Habermann_SciAdv_Lung-COVID19|GSM5226580_C57ctr,0.0,0.0,0.2537313432835821,0.0,0.22014925373134328,0.018656716417910446,0.0,0.0,0.0,0.0,0.0,0.5074626865671642,0.0,0.0,0.0,0.0,Control,
2023_Lake_Nature_Kidney|LDPRE038,0.0,0.0,0.11920529801324503,0.7417218543046358,0.0,0.026490066225165563,0.0,0.0,0.0728476821192053,0.0,0.0,0.0,0.0,0.039735099337748346,0.0,0.0,Control,
2022_Reichart_Science_Heart|BO_H15_S00_premrna,0.0,0.0,0.3582089552238806,0.4520255863539446,0.06609808102345416,0.0,0.0,0.05970149253731343,0.06396588486140725,0.0,0.0,0.0,0.0,0.0,0.0,0.0,Non-malignant disease,
2023_Kumar_Nature_Breast|hbca_c13,0.07,0.0,0.15,0.0,0.18,0.14,0.0,0.0,0.0,0.46,0.0,0.0,0.0,0.0,0.0,0.0,Cancer_AdjNorm,BRCA
2020_Drokhlyansky_Cell_EntericNerve|H12_S58,0.00186219739292365,0.0,0.3407821229050279,0.0037243947858473,0.6340782122905028,0.00558659217877095,0.0,0.0,0.013966480446927373,0.0,0.0,0.0,0.0,0.0,0.0,0.0,Cancer_AdjNorm,CRC
2021_Pelka_Cell_CRC|C160_T_1_1_0_c1_v3,0.09302325581395349,0.0,0.05813953488372093,0.05813953488372093,0.0,0.0,0.0,0.0,0.0,0.7906976744186046,0.0,0.0,0.0,0.0,0.0,0.0,Cancer_Tumor,CRC
2023_Kong_Immunity_CD|N125985_L2,0.0,0.0,0.0,0.647887323943662,0.2535211267605634,0.056338028169014086,0.0,0.0,0.04225352112676056,0.0,0.0,0.0,0.0,0.0,0.0,0.0,Non-malignant disease,
2023_Fonseca_NatGenet_Endometriosis|sample11,0.0,0.0,0.06666666666666667,0.0,0.2761904761904762,0.6571428571428571,0.0,0.0,0.0,0.0,0.0,0.0,0.0,0.0,0.0,0.0,Non-malignant disease,
2021_Chan_CancerCell_SCLC|RU675_T,0.18867924528301888,0.0,0.09433962264150944,0.0,0.0,0.3584905660377358,0.0,0.0,0.05660377358490566,0.2830188679245283,0.0,0.018867924528301886,0.0,0.0,0.0,0.0,Cancer_Tumor,NSCLC
2023_Kumar_Nature_Breast|hbca_c150,0.6797385620915033,0.06909430438842204,0.19327731092436976,0.0,0.026143790849673203,0.031746031746031744,0.0,0.0,0.0,0.0,0.0,0.0,0.0,0.0,0.0,0.0,Control,
2023_Lake_Nature_Kidney|PA4,0.0,0.0,0.21739130434782608,0.0,0.0,0.08695652173913043,0.0,0.0,0.014492753623188406,0.0,0.0,0.0,0.0,0.6811594202898551,0.0,0.0,Control,
2021_Pal_EMBO_Breast|GSM4909266_N-MH0169-Total,0.36594202898550726,0.35507246376811596,0.07246376811594203,0.04710144927536232,0.14492753623188406,0.014492753623188406,0.0,0.0,0.0,0.0,0.0,0.0,0.0,0.0,0.0,0.0,Control,
2022_TabulaSapiens_Science_TabulaSapiens|TSP14_Lymph_Node_nan_10X,0.09473684210526316,0.0,0.0,0.09473684210526316,0.5894736842105263,0.15789473684210525,0.0,0.0,0.06315789473684211,0.0,0.0,0.0,0.0,0.0,0.0,0.0,Control,
2022_Reichart_Science_Heart|IC_H01_LV0_premrna,0.0,0.0,0.4074074074074074,0.48148148148148145,0.0,0.0,0.0,0.06481481481481481,0.046296296296296294,0.0,0.0,0.0,0.0,0.0,0.0,0.0,Non-malignant disease,
2022_Nee_NatGenet_Breast|GSM5320160_scRNA_ctrl9,0.8646616541353384,0.0,0.0,0.0,0.02443609022556391,0.015037593984962405,0.0,0.0,0.0,0.09586466165413533,0.0,0.0,0.0,0.0,0.0,0.0,Control,
2023_Kumar_Nature_Breast|hbca_c122,0.4796747967479675,0.17615176151761516,0.15989159891598917,0.056910569105691054,0.07317073170731707,0.05420054200542006,0.0,0.0,0.0,0.0,0.0,0.0,0.0,0.0,0.0,0.0,Control,
2023_Hirz_NatComm_Prostate|GSM5494357_SCG-PCA6-N-HG,0.16346153846153846,0.0,0.10576923076923077,0.0,0.0,0.7307692307692307,0.0,0.0,0.0,0.0,0.0,0.0,0.0,0.0,0.0,0.0,Cancer_AdjNorm,PRC
2023_Lake_Nature_Kidney|LDSample1162EO2,0.0,0.0,0.19642857142857142,0.7857142857142857,0.0,0.017857142857142856,0.0,0.0,0.0,0.0,0.0,0.0,0.0,0.0,0.0,0.0,Control,
2023_Lake_Nature_Kidney|LDSample1153EO3,0.0,0.0,0.029197080291970802,0.9416058394160584,0.0,0.029197080291970802,0.0,0.0,0.0,0.0,0.0,0.0,0.0,0.0,0.0,0.0,Control,
2020_Litvinukova_Nature_Heart|HCAHeartST13146204,0.38181818181818183,0.03636363636363636,0.14545454545454545,0.0,0.0,0.2545454545454545,0.07272727272727272,0.09090909090909091,0.0,0.0,0.0,0.0,0.01818181818181818,0.0,0.0,0.0,Control,
2023_Wang_SciAdv_CRC|s0107_Liver_Tumor,0.08333333333333333,0.027777777777777776,0.4791666666666667,0.006944444444444444,0.0,0.0,0.13194444444444445,0.0,0.013888888888888888,0.2569444444444444,0.0,0.0,0.0,0.0,0.0,0.0,Cancer_Metastasis,CRC
2021_Wu_NatGenet_Breast|CID4471,0.7181069958847737,0.007716049382716049,0.147119341563786,0.03189300411522634,0.023148148148148147,0.055041152263374485,0.0,0.0,0.0,0.016975308641975308,0.0,0.0,0.0,0.0,0.0,0.0,Cancer_Tumor,BRCA
2021_Chan_CancerCell_SCLC|RU1262C,0.10377358490566038,0.015723270440251572,0.1320754716981132,0.05660377358490566,0.2672955974842767,0.012578616352201259,0.0,0.0,0.3081761006289308,0.04716981132075472,0.0,0.05660377358490566,0.0,0.0,0.0,0.0,Cancer_Tumor,NSCLC
2022_Guilliams_Cell_Liver|CS41,0.0,0.0,0.0,0.09090909090909091,0.0,0.19008264462809918,0.71900826446281,0.0,0.0,0.0,0.0,0.0,0.0,0.0,0.0,0.0,Cancer_Metastasis,CRC
2023_Hickey_Nature_Intestine|B010-A-405,0.0,0.0,0.03278688524590164,0.03278688524590164,0.4426229508196721,0.0,0.0,0.0,0.01639344262295082,0.0,0.0,0.0,0.0,0.47540983606557374,0.0,0.0,Control,
2023_Kumar_Nature_Breast|hbca_c57,0.44623655913978494,0.07526881720430108,0.051075268817204304,0.016129032258064516,0.15053763440860216,0.260752688172043,0.0,0.0,0.0,0.0,0.0,0.0,0.0,0.0,0.0,0.0,Control,
2020_Litvinukova_Nature_Heart|HCAHeartST13180619,0.0,0.0,0.21333333333333335,0.37333333333333335,0.08,0.18,0.0,0.02,0.13333333333333333,0.0,0.0,0.0,0.0,0.0,0.0,0.0,Control,
2022_Reichart_Science_Heart|BO_H34_S00_premrna,0.0,0.0,0.2403846153846154,0.6538461538461539,0.0,0.0,0.0,0.019230769230769232,0.08653846153846154,0.0,0.0,0.0,0.0,0.0,0.0,0.0,Non-malignant disease,
2020_Litvinukova_Nature_Heart|HCAHeart7751845,0.0,0.0,0.23658536585365852,0.7121951219512195,0.0,0.05121951219512195,0.0,0.0,0.0,0.0,0.0,0.0,0.0,0.0,0.0,0.0,Control,
2020_Litvinukova_Nature_Heart|HCAHeart7850548,0.0,0.0,0.3418803418803419,0.5897435897435898,0.0,0.008547008547008548,0.0,0.01282051282051282,0.04700854700854701,0.0,0.0,0.0,0.0,0.0,0.0,0.0,Control,
BICCN|10X222-1_S01,0.0,0.0,0.25,0.0,0.0,0.0,0.0,0.0,0.0,0.0,0.75,0.0,0.0,0.0,0.0,0.0,Control,
2020_Litvinukova_Nature_Heart|HCAHeartST10773166,0.0,0.0,0.09819121447028424,0.5142118863049095,0.015503875968992248,0.10594315245478036,0.0,0.17571059431524547,0.09043927648578812,0.0,0.0,0.0,0.0,0.0,0.0,0.0,Control,
ROSMAP|191217-B8-A_Broad_S1,0.0,0.0,0.08791208791208792,0.0,0.0,0.0,0.0,0.0,0.0,0.0,0.9120879120879121,0.0,0.0,0.0,0.0,0.0,Control,
2022_Reichart_Science_Heart|BO_H33_RV0_premrna,0.0,0.0,0.27677100494233936,0.514003294892916,0.0,0.17298187808896212,0.0,0.036243822075782535,0.0,0.0,0.0,0.0,0.0,0.0,0.0,0.0,Non-malignant disease,
2023_Kumar_Nature_Breast|hbca_c08,0.0,0.0,0.0846774193548387,0.42338709677419356,0.35080645161290325,0.14112903225806453,0.0,0.0,0.0,0.0,0.0,0.0,0.0,0.0,0.0,0.0,Cancer_Tumor,BRCA
2023_Kumar_Nature_Breast|hbca_c21,0.7538677918424754,0.03164556962025317,0.0710267229254571,0.0,0.13150492264416316,0.011954992967651195,0.0,0.0,0.0,0.0,0.0,0.0,0.0,0.0,0.0,0.0,Control,
2020_Litvinukova_Nature_Heart|HCAHeart7844004,0.0035935968637700096,0.0,0.14390721986278993,0.8325710552107155,0.0,0.0199281280627246,0.0,0.0,0.0,0.0,0.0,0.0,0.0,0.0,0.0,0.0,Control,
2022_Reichart_Science_Heart|BO_H14_RV0_premrna,0.0,0.0,0.14121037463976946,0.760806916426513,0.0,0.025936599423631124,0.0,0.008645533141210375,0.05187319884726225,0.011527377521613832,0.0,0.0,0.0,0.0,0.0,0.0,Non-malignant disease,
2023_Kumar_Nature_Breast|hbca_c68,0.25753424657534246,0.0136986301369863,0.057534246575342465,0.0,0.6219178082191781,0.049315068493150684,0.0,0.0,0.0,0.0,0.0,0.0,0.0,0.0,0.0,0.0,Control,
2023_Kumar_Nature_Breast|hbca_n14,0.0,0.0,0.06639427987742594,0.01940755873340143,0.8171603677221655,0.09703779366700716,0.0,0.0,0.0,0.0,0.0,0.0,0.0,0.0,0.0,0.0,Cancer_Tumor,BRCA
2022_Hwang_NatGenet_PDAC|U15_Untreated,0.0,0.0,0.14646464646464646,0.0,0.16161616161616163,0.6060606060606061,0.0,0.0,0.0,0.08080808080808081,0.0,0.0,0.0,0.005050505050505051,0.0,0.0,Cancer_Tumor,PC
2023_Kumar_Nature_Breast|hbca_c162,0.3783783783783784,0.22972972972972974,0.060810810810810814,0.0,0.14189189189189189,0.1891891891891892,0.0,0.0,0.0,0.0,0.0,0.0,0.0,0.0,0.0,0.0,Control,
BICCN|HSB106_2_S1,0.0,0.0,0.00966183574879227,0.0,0.0,0.033816425120772944,0.0,0.0,0.0,0.0,0.9565217391304348,0.0,0.0,0.0,0.0,0.0,Control,
2020_Litvinukova_Nature_Heart|HCAHeart7888928,0.0,0.0,0.25,0.4895833333333333,0.0,0.2604166666666667,0.0,0.0,0.0,0.0,0.0,0.0,0.0,0.0,0.0,0.0,Control,
2022_Madissoon_NatGenet_Lung|WSSS8123927,0.056074766355140186,0.08878504672897196,0.2102803738317757,0.007009345794392523,0.06542056074766354,0.04672897196261682,0.0,0.0,0.09813084112149532,0.02336448598130841,0.0,0.3925233644859813,0.0,0.0,0.007009345794392523,0.004672897196261682,Control,
2022_TabulaSapiens_Science_TabulaSapiens|TSP4_Muscle_rectusabdominus_smartseq2,0.6307692307692307,0.0,0.13076923076923078,0.14615384615384616,0.07692307692307693,0.015384615384615385,0.0,0.0,0.0,0.0,0.0,0.0,0.0,0.0,0.0,0.0,Control,
2022_Madissoon_NatGenet_Lung|HCA_A_LNG9387715,0.010309278350515464,0.0,0.07216494845360824,0.020618556701030927,0.36082474226804123,0.09278350515463918,0.0,0.020618556701030927,0.0,0.0,0.0,0.422680412371134,0.0,0.0,0.0,0.0,Control,
2022_Emont_Nature_WAT|Hs_SAT_266-1,0.07692307692307693,0.0,0.7032967032967034,0.03907203907203907,0.07692307692307693,0.0231990231990232,0.0,0.0,0.07936507936507936,0.0,0.001221001221001221,0.0,0.0,0.0,0.0,0.0,Control,
2023_Kumar_Nature_Breast|hbca_c17,0.7748643761301989,0.024412296564195298,0.03887884267631103,0.0,0.1546112115732369,0.007233273056057866,0.0,0.0,0.0,0.0,0.0,0.0,0.0,0.0,0.0,0.0,Control,
2023_Kumar_Nature_Breast|hbca_c51,0.6021798365122616,0.0,0.06130790190735695,0.019754768392370572,0.0340599455040872,0.10149863760217984,0.0,0.0,0.0,0.18119891008174388,0.0,0.0,0.0,0.0,0.0,0.0,Control,
2023_Kumar_Nature_Breast|hbca_c106,0.6156583629893239,0.10320284697508897,0.08896797153024912,0.014234875444839857,0.028469750889679714,0.1494661921708185,0.0,0.0,0.0,0.0,0.0,0.0,0.0,0.0,0.0,0.0,Control,
2023_Kumar_Nature_Breast|hbca_n01,0.0,0.0,0.10101010101010101,0.3367003367003367,0.18518518518518517,0.3771043771043771,0.0,0.0,0.0,0.0,0.0,0.0,0.0,0.0,0.0,0.0,Cancer_Tumor,BRCA
2023_Kumar_Nature_Breast|hbca_c40,0.028089887640449437,0.0,0.06741573033707865,0.20224719101123595,0.2640449438202247,0.2247191011235955,0.0,0.0,0.21348314606741572,0.0,0.0,0.0,0.0,0.0,0.0,0.0,Cancer_Tumor,BRCA
2023_Kumar_Nature_Breast|hbca_c102,0.56,0.12,0.13846153846153847,0.009230769230769232,0.04923076923076923,0.12307692307692308,0.0,0.0,0.0,0.0,0.0,0.0,0.0,0.0,0.0,0.0,Control,
2020_Adams_SciAdv_IPF|041I-b,0.3835616438356164,0.0,0.2054794520547945,0.0,0.1095890410958904,0.0684931506849315,0.0,0.0,0.1232876712328767,0.0,0.0,0.1095890410958904,0.0,0.0,0.0,0.0,Non-malignant disease,
2023_Fonseca_NatGenet_Endometriosis|sample21,0.07792207792207792,0.0,0.05194805194805195,0.0,0.4090909090909091,0.38961038961038963,0.0,0.0,0.0,0.07142857142857142,0.0,0.0,0.0,0.0,0.0,0.0,Non-malignant disease,
2020_Litvinukova_Nature_Heart|HCAHeart7850545,0.0,0.0,0.31275720164609055,0.6790123456790124,0.0,0.00823045267489712,0.0,0.0,0.0,0.0,0.0,0.0,0.0,0.0,0.0,0.0,Control,
2023_Hickey_Nature_Intestine|B010-A-401,0.0,0.0,0.09090909090909091,0.0,0.6545454545454545,0.01818181818181818,0.0,0.0,0.10909090909090909,0.0,0.0,0.0,0.0,0.12727272727272726,0.0,0.0,Control,
2020_Litvinukova_Nature_Heart|HCAHeart7836682,0.0,0.0,0.0,0.0,0.03389830508474576,0.8220338983050848,0.0,0.1440677966101695,0.0,0.0,0.0,0.0,0.0,0.0,0.0,0.0,Control,
2022_Kumar_CancerDis_Gastric|GSM5573473_sample8,0.434052757793765,0.0,0.17026378896882494,0.026378896882494004,0.047961630695443645,0.19904076738609114,0.0,0.0,0.0,0.1223021582733813,0.0,0.0,0.0,0.0,0.0,0.0,Cancer_Tumor,GC
2021_Pal_EMBO_Breast|GSM4909291_HER2-MH0031,0.1643835616438356,0.0,0.18835616438356165,0.030821917808219176,0.0,0.2876712328767123,0.0,0.0,0.0,0.3287671232876712,0.0,0.0,0.0,0.0,0.0,0.0,Cancer_Tumor,BRCA
2023_Kumar_Nature_Breast|hbca_c91,0.56640625,0.08984375,0.15755208333333334,0.0,0.0703125,0.11588541666666667,0.0,0.0,0.0,0.0,0.0,0.0,0.0,0.0,0.0,0.0,Control,
BICCN|HSB628_4_S1,0.0,0.0,0.0,0.0,0.0,0.0,0.0,0.0,0.0,0.0,0.9848484848484849,0.0,0.015151515151515152,0.0,0.0,0.0,Control,
2023_Lake_Nature_Kidney|KC78,0.0,0.0,0.4,0.03333333333333333,0.11666666666666667,0.15,0.0,0.0,0.1,0.0,0.0,0.016666666666666666,0.0,0.18333333333333332,0.0,0.0,Control,
2023_Kumar_Nature_Breast|hbca_c134,0.2652582159624413,0.07511737089201878,0.24647887323943662,0.29107981220657275,0.03051643192488263,0.09154929577464789,0.0,0.0,0.0,0.0,0.0,0.0,0.0,0.0,0.0,0.0,Control,
2021_Pal_EMBO_Breast|GSM4909261_N-PM0230-Total,0.8392857142857143,0.022321428571428572,0.0,0.0,0.049107142857142856,0.08928571428571429,0.0,0.0,0.0,0.0,0.0,0.0,0.0,0.0,0.0,0.0,Control,
2022_Reichart_Science_Heart|BO_H51_LV0_premrna,0.0,0.0,0.0761904761904762,0.819047619047619,0.02857142857142857,0.0,0.0,0.009523809523809525,0.06666666666666667,0.0,0.0,0.0,0.0,0.0,0.0,0.0,Control,
2023_Kumar_Nature_Breast|hbca_c143,0.37320574162679426,0.15789473684210525,0.13078149920255183,0.0685805422647528,0.028708133971291867,0.24082934609250398,0.0,0.0,0.0,0.0,0.0,0.0,0.0,0.0,0.0,0.0,Control,
2022_TabulaSapiens_Science_TabulaSapiens|TSP14_Skin_Abdomen_10X,0.5384615384615384,0.0,0.27472527472527475,0.0,0.0,0.0,0.0,0.0,0.0,0.18681318681318682,0.0,0.0,0.0,0.0,0.0,0.0,Control,
2022_TabulaSapiens_Science_TabulaSapiens|TSP1_Bladder_nan_smartseq2,0.21518987341772153,0.0,0.05063291139240506,0.0,0.3670886075949367,0.2911392405063291,0.0,0.0,0.02531645569620253,0.05063291139240506,0.0,0.0,0.0,0.0,0.0,0.0,Control,
2021_Pelka_Cell_CRC|C145_T_1_1_0_c1_v2,0.08139534883720931,0.0,0.1744186046511628,0.0,0.0,0.23255813953488372,0.0,0.0,0.0,0.5116279069767442,0.0,0.0,0.0,0.0,0.0,0.0,Cancer_Tumor,CRC
2023_Kumar_Nature_Breast|hbca_c07,0.07601572739187418,0.0,0.06684141546526867,0.19003931847968544,0.583224115334207,0.08387942332896461,0.0,0.0,0.0,0.0,0.0,0.0,0.0,0.0,0.0,0.0,Cancer_Tumor,BRCA
2023_Kumar_Nature_Breast|hbca_c31,0.5227272727272727,0.03512396694214876,0.11776859504132231,0.10950413223140495,0.11983471074380166,0.09504132231404959,0.0,0.0,0.0,0.0,0.0,0.0,0.0,0.0,0.0,0.0,Control,
2023_Kong_Immunity_CD|N15_LP_A,0.03508771929824561,0.0,0.017543859649122806,0.5263157894736842,0.0,0.40350877192982454,0.0,0.0,0.0,0.017543859649122806,0.0,0.0,0.0,0.0,0.0,0.0,Control,
2023_Kumar_Nature_Breast|hbca_c99,0.47668886774500474,0.17126546146527116,0.1560418648905804,0.056137012369172214,0.05994291151284491,0.07992388201712655,0.0,0.0,0.0,0.0,0.0,0.0,0.0,0.0,0.0,0.0,Control,
2022_Emont_Nature_WAT|Hs_SAT_SVF_242-2A-1,0.47058823529411764,0.0,0.12941176470588237,0.11764705882352941,0.23529411764705882,0.047058823529411764,0.0,0.0,0.0,0.0,0.0,0.0,0.0,0.0,0.0,0.0,Control,
2021_Pal_EMBO_Breast|GSM4909280_B1-MH0090,0.6606606606606606,0.0,0.04504504504504504,0.0,0.20270270270270271,0.0915915915915916,0.0,0.0,0.0,0.0,0.0,0.0,0.0,0.0,0.0,0.0,Non-malignant disease,
2021_Pelka_Cell_CRC|C170_T_0_0_1_c1_v3,0.6290322580645161,0.0,0.0,0.0,0.0,0.06451612903225806,0.0,0.0,0.0,0.3064516129032258,0.0,0.0,0.0,0.0,0.0,0.0,Cancer_Tumor,CRC
2023_Kumar_Nature_Breast|hbca_c35,0.087248322147651,0.0,0.05620805369127517,0.05536912751677853,0.4865771812080537,0.30201342281879195,0.0,0.0,0.012583892617449664,0.0,0.0,0.0,0.0,0.0,0.0,0.0,Cancer_Tumor,BRCA
2022_Gur_Cell_Sceleroderma|GSM5837117_AB13778,0.021739130434782608,0.0,0.0,0.0,0.0,0.9782608695652174,0.0,0.0,0.0,0.0,0.0,0.0,0.0,0.0,0.0,0.0,Control,
2020_Park_Science_Thymus|WSSS8062675,0.7800788954635108,0.01232741617357002,0.11538461538461539,0.0,0.022682445759368838,0.0695266272189349,0.0,0.0,0.0,0.0,0.0,0.0,0.0,0.0,0.0,0.0,Control,
2020_Adams_SciAdv_IPF|49I-b,0.17647058823529413,0.0,0.11764705882352941,0.0,0.27941176470588236,0.1323529411764706,0.0,0.0,0.0,0.0,0.0,0.27941176470588236,0.0,0.014705882352941176,0.0,0.0,Non-malignant disease,
2022_TabulaSapiens_Science_TabulaSapiens|TSP2_Lung_proxmedialdistal_10X,0.00805523590333717,0.0,0.039125431530494824,0.00805523590333717,0.012082853855005753,0.12945914844649023,0.0,0.0,0.19792865362485615,0.0,0.0,0.6024165707710012,0.0,0.0028768699654775605,0.0,0.0,Control,
2021_Pelka_Cell_CRC|C153_T_1_1_0_c1_v2,0.04918032786885246,0.0,0.13114754098360656,0.06557377049180328,0.0,0.26229508196721313,0.0,0.0,0.0,0.4918032786885246,0.0,0.0,0.0,0.0,0.0,0.0,Cancer_Tumor,CRC
2023_Kumar_Nature_Breast|hbca_c70,0.7575757575757576,0.03767403767403767,0.07125307125307126,0.01638001638001638,0.05323505323505324,0.06388206388206388,0.0,0.0,0.0,0.0,0.0,0.0,0.0,0.0,0.0,0.0,Control,
2021_Melms_Nature_Lung-COVID19|L03cov,0.0,0.0,0.14832535885167464,0.0,0.6411483253588517,0.014354066985645933,0.0,0.004784688995215311,0.009569377990430622,0.0,0.0,0.18181818181818182,0.0,0.0,0.0,0.0,Non-malignant disease,
2022_TabulaSapiens_Science_TabulaSapiens|TSP10_Fat_SCAT_smartseq2,0.5303030303030303,0.0,0.2727272727272727,0.13636363636363635,0.0,0.06060606060606061,0.0,0.0,0.0,0.0,0.0,0.0,0.0,0.0,0.0,0.0,Control,
2022_Reichart_Science_Heart|BO_H41_RV0_premrna,0.0,0.0,0.15699658703071673,0.5802047781569966,0.10921501706484642,0.0,0.0,0.11604095563139932,0.03754266211604096,0.0,0.0,0.0,0.0,0.0,0.0,0.0,Non-malignant disease,
2023_Monavarfeshani_PNAS_Eye|Hu218ODMacularRPE,0.0,0.0,0.4918032786885246,0.01639344262295082,0.0,0.0,0.0,0.01639344262295082,0.47540983606557374,0.0,0.0,0.0,0.0,0.0,0.0,0.0,Control,
2022_Reichart_Science_Heart|BO_H17_LV0_premrna,0.0,0.0,0.2603938730853392,0.6695842450765864,0.0,0.01312910284463895,0.0,0.04157549234135667,0.015317286652078774,0.0,0.0,0.0,0.0,0.0,0.0,0.0,Non-malignant disease,
2022_Hwang_NatGenet_PDAC|U9_Untreated,0.04712041884816754,0.0,0.3298429319371728,0.0,0.08376963350785341,0.0,0.0,0.0,0.0,0.5287958115183246,0.0,0.0,0.0,0.010471204188481676,0.0,0.0,Cancer_Tumor,PC
2021_Pelka_Cell_CRC|C124_N_0_3_1_c1_v2,0.0,0.0,0.038461538461538464,0.8173076923076923,0.0,0.028846153846153848,0.0,0.0,0.11538461538461539,0.0,0.0,0.0,0.0,0.0,0.0,0.0,Control,
2022_Hwang_NatGenet_PDAC|U6_Untreated,0.0,0.0,0.24475524475524477,0.0,0.11188811188811189,0.06993006993006994,0.0,0.0,0.06993006993006994,0.4825174825174825,0.0,0.0,0.0,0.02097902097902098,0.0,0.0,Cancer_Tumor,PC
2020_Adams_SciAdv_IPF|137C-a,0.07017543859649122,0.0,0.12280701754385964,0.0,0.7368421052631579,0.0,0.0,0.0,0.07017543859649122,0.0,0.0,0.0,0.0,0.0,0.0,0.0,Control,
2020_Litvinukova_Nature_Heart|HCAHeart7728607,0.0,0.0,0.24183006535947713,0.6339869281045751,0.0,0.12418300653594772,0.0,0.0,0.0,0.0,0.0,0.0,0.0,0.0,0.0,0.0,Control,
2023_Hirz_NatComm_Prostate|GSM5494351_SCG-PCA3-N-LG,0.11851851851851852,0.0,0.14814814814814814,0.24444444444444444,0.0,0.3851851851851852,0.0,0.0,0.1037037037037037,0.0,0.0,0.0,0.0,0.0,0.0,0.0,Cancer_AdjNorm,PRC
2022_Madissoon_NatGenet_Lung|WTDAtest7985096,0.0,0.0,0.09448818897637795,0.0,0.6771653543307087,0.015748031496062992,0.0,0.023622047244094488,0.0,0.0,0.0,0.1889763779527559,0.0,0.0,0.0,0.0,Control,
2022_TabulaSapiens_Science_TabulaSapiens|TSP2_Vasculature_Aorta_10X,0.2299349240780911,0.0,0.15075921908893708,0.03036876355748373,0.006507592190889371,0.13557483731019523,0.0,0.14859002169197397,0.2982646420824295,0.0,0.0,0.0,0.0,0.0,0.0,0.0,Control,
2020_Habermann_SciAdv_Lung-COVID19|GSM5226582_L03cov,0.0,0.0,0.14832535885167464,0.0,0.6411483253588517,0.014354066985645933,0.0,0.004784688995215311,0.009569377990430622,0.0,0.0,0.18181818181818182,0.0,0.0,0.0,0.0,Non-malignant disease,
2023_Kumar_Nature_Breast|hbca_n22,0.017341040462427744,0.0,0.47109826589595377,0.06069364161849711,0.0838150289017341,0.33236994219653176,0.0,0.0,0.0,0.0,0.0,0.0,0.0,0.03468208092485549,0.0,0.0,Control,
2023_Kumar_Nature_Breast|hbca_c137,0.4067415730337079,0.4,0.06741573033707865,0.0,0.029213483146067417,0.09662921348314607,0.0,0.0,0.0,0.0,0.0,0.0,0.0,0.0,0.0,0.0,Control,
2021_Garcia-Alonso_NatGenet_Endometrial|MRC_Endo8715416,0.0,0.0,0.140625,0.0,0.0,0.0,0.0,0.0,0.0,0.1875,0.0,0.0,0.0,0.671875,0.0,0.0,Control,
2020_Litvinukova_Nature_Heart|HCAHeart7880863,0.0,0.0,0.30303030303030304,0.12121212121212122,0.0,0.4393939393939394,0.0,0.10606060606060606,0.030303030303030304,0.0,0.0,0.0,0.0,0.0,0.0,0.0,Control,
2023_Kong_Immunity_CD|I134300_L,0.0,0.0,0.0,0.23391812865497075,0.19298245614035087,0.543859649122807,0.0,0.0,0.029239766081871343,0.0,0.0,0.0,0.0,0.0,0.0,0.0,Non-malignant disease,
2021_Pelka_Cell_CRC|C136_N_1_1_1_c1_v2,0.0,0.0,0.1864406779661017,0.3389830508474576,0.1694915254237288,0.0,0.0,0.0,0.3050847457627119,0.0,0.0,0.0,0.0,0.0,0.0,0.0,Control,
2023_Lake_Nature_Kidney|KBCVD1,0.0,0.0,0.25862068965517243,0.10344827586206896,0.0,0.1896551724137931,0.06896551724137931,0.0,0.05172413793103448,0.0,0.0,0.08620689655172414,0.0,0.2413793103448276,0.0,0.0,Non-malignant disease,
2020_Litvinukova_Nature_Heart|HCAHeart7656536,0.033566433566433566,0.0,0.14265734265734265,0.6755244755244755,0.0,0.08811188811188811,0.0,0.06013986013986014,0.0,0.0,0.0,0.0,0.0,0.0,0.0,0.0,Control,
2022_TabulaSapiens_Science_TabulaSapiens|TSP2_Lung_nan_smartseq2,0.0,0.0,0.0,0.0,0.0,0.0,0.0,0.0,0.0782608695652174,0.0,0.0,0.9217391304347826,0.0,0.0,0.0,0.0,Control,
2020_Litvinukova_Nature_Heart|HCAHeart8102863,0.027586206896551724,0.0,0.4689655172413793,0.3448275862068966,0.0,0.027586206896551724,0.0,0.006896551724137931,0.11724137931034483,0.006896551724137931,0.0,0.0,0.0,0.0,0.0,0.0,Control,
2022_Reichart_Science_Heart|BO_H11_S00_premrna,0.0,0.0,0.1413427561837456,0.8074204946996466,0.015901060070671377,0.0,0.0,0.01060070671378092,0.024734982332155476,0.0,0.0,0.0,0.0,0.0,0.0,0.0,Non-malignant disease,
2022_TabulaSapiens_Science_TabulaSapiens|TSP1_Bladder_nan_10X,0.5584415584415584,0.0,0.09090909090909091,0.0,0.2857142857142857,0.0,0.0,0.0,0.0,0.06493506493506493,0.0,0.0,0.0,0.0,0.0,0.0,Control,
2020_Tosti_Gastroenterol_Pancreas|AFES448_FF4_ber,0.0641025641025641,0.0,0.1282051282051282,0.41025641025641024,0.05128205128205128,0.3076923076923077,0.0,0.01282051282051282,0.0,0.01282051282051282,0.0,0.0,0.0,0.01282051282051282,0.0,0.0,Control,
2022_Guilliams_Cell_Liver|CS43,0.0,0.0,0.0,0.07766990291262135,0.0,0.1553398058252427,0.7669902912621359,0.0,0.0,0.0,0.0,0.0,0.0,0.0,0.0,0.0,Cancer_Metastasis,CRC
2022_Reichart_Science_Heart|BO_H07_S00_premrna,0.0,0.0,0.2354948805460751,0.6484641638225256,0.09215017064846416,0.0,0.0,0.0,0.023890784982935155,0.0,0.0,0.0,0.0,0.0,0.0,0.0,Non-malignant disease,
2020_Litvinukova_Nature_Heart|HCAHeart7702880,0.0,0.0,0.016260162601626018,0.6991869918699187,0.0,0.2845528455284553,0.0,0.0,0.0,0.0,0.0,0.0,0.0,0.0,0.0,0.0,Control,
2023_Kumar_Nature_Breast|hbca_c49,0.28834870075440067,0.0,0.03604358759430008,0.0,0.07376362112321877,0.05280804694048617,0.0,0.0,0.0,0.5490360435875943,0.0,0.0,0.0,0.0,0.0,0.0,Cancer_Tumor,BRCA
2022_Reichart_Science_Heart|BO_H31_S00_premrna,0.0,0.0,0.1557632398753894,0.5825545171339563,0.018691588785046728,0.03426791277258567,0.0,0.03115264797507788,0.17757009345794392,0.0,0.0,0.0,0.0,0.0,0.0,0.0,Non-malignant disease,
2023_Wang_SciAdv_CRC|s1231_Liver_Tumor,0.0,0.0,0.42142857142857143,0.0,0.0,0.007142857142857143,0.002380952380952381,0.016666666666666666,0.05714285714285714,0.49523809523809526,0.0,0.0,0.0,0.0,0.0,0.0,Cancer_Metastasis,CRC
2020_Litvinukova_Nature_Heart|HCAHeart7985086,0.0,0.0,0.0,0.08823529411764706,0.04411764705882353,0.8529411764705882,0.014705882352941176,0.0,0.0,0.0,0.0,0.0,0.0,0.0,0.0,0.0,Control,
2021_Elmentaite_Nature_Intestine|Human_colon_16S8001878,0.0,0.0,0.4915254237288136,0.0,0.2542372881355932,0.06779661016949153,0.0,0.0,0.1864406779661017,0.0,0.0,0.0,0.0,0.0,0.0,0.0,Control,
2020_Adams_SciAdv_IPF|174I-a,0.17333333333333334,0.0,0.04,0.0,0.49333333333333335,0.04,0.0,0.17333333333333334,0.0,0.0,0.0,0.08,0.0,0.0,0.0,0.0,Non-malignant disease,
2021_Melms_Nature_Lung-COVID19|C57ctr,0.0,0.0,0.23507462686567165,0.0,0.22014925373134328,0.03731343283582089,0.0,0.0,0.0,0.0,0.0,0.5074626865671642,0.0,0.0,0.0,0.0,Control,
2023_Lake_Nature_Kidney|AKI3210003,0.0,0.0,0.16216216216216217,0.7657657657657657,0.036036036036036036,0.036036036036036036,0.0,0.0,0.0,0.0,0.0,0.0,0.0,0.0,0.0,0.0,Non-malignant disease,
2022_Reichart_Science_Heart|BO_H19_RV0_premrna,0.0,0.0,0.1623931623931624,0.7464387464387464,0.022792022792022793,0.02564102564102564,0.0,0.019943019943019943,0.022792022792022793,0.0,0.0,0.0,0.0,0.0,0.0,0.0,Non-malignant disease,
2023_Kong_Immunity_CD|N176196_L1,0.0,0.0,0.11428571428571428,0.6571428571428571,0.08571428571428572,0.11428571428571428,0.0,0.0,0.02857142857142857,0.0,0.0,0.0,0.0,0.0,0.0,0.0,Non-malignant disease,
2020_Adams_SciAdv_IPF|235CO,0.2631578947368421,0.0,0.10526315789473684,0.0,0.6140350877192983,0.0,0.0,0.0,0.0,0.0,0.0,0.017543859649122806,0.0,0.0,0.0,0.0,Non-malignant disease,
2023_Kumar_Nature_Breast|hbca_n16,0.10669975186104218,0.0,0.36228287841191065,0.02481389578163772,0.3399503722084367,0.06451612903225806,0.0,0.0,0.09429280397022333,0.0,0.0,0.0,0.0,0.007444168734491315,0.0,0.0,Control,
2022_Nee_NatGenet_Breast|GSM5320157_scRNA_ctrl6,0.925531914893617,0.0,0.0,0.0,0.059574468085106386,0.0,0.0,0.0,0.0,0.014893617021276596,0.0,0.0,0.0,0.0,0.0,0.0,Control,
2021_Wu_NatGenet_Breast|CID3963,0.06451612903225806,0.016129032258064516,0.20967741935483872,0.0,0.0,0.12903225806451613,0.0,0.0,0.0,0.5483870967741935,0.0,0.0,0.0,0.0,0.0,0.03225806451612903,Cancer_Tumor,BRCA
2023_Kumar_Nature_Breast|hbca_c54,0.35403726708074534,0.0,0.06521739130434782,0.12422360248447205,0.35093167701863354,0.10559006211180125,0.0,0.0,0.0,0.0,0.0,0.0,0.0,0.0,0.0,0.0,Control,
2022_Kumar_CancerDis_Gastric|GSM5573491_sample26,0.03773584905660377,0.018867924528301886,0.16981132075471697,0.41509433962264153,0.0,0.0,0.0,0.0,0.07547169811320754,0.2641509433962264,0.0,0.0,0.0,0.0,0.0,0.018867924528301886,Cancer_Tumor,GC
2023_Hickey_Nature_Intestine|B010-A-201,0.0,0.0,0.30927835051546393,0.0,0.26804123711340205,0.0,0.0,0.0,0.14432989690721648,0.030927835051546393,0.0,0.0,0.0,0.24742268041237114,0.0,0.0,Control,
2023_Hickey_Nature_Intestine|B012-A-002,0.0,0.0,0.09876543209876543,0.0,0.5679012345679012,0.012345679012345678,0.0,0.024691358024691357,0.25925925925925924,0.0,0.0,0.0,0.0,0.037037037037037035,0.0,0.0,Control,
2021_Elmentaite_Nature_Intestine|4918STDY7982702,0.024390243902439025,0.0,0.17073170731707318,0.36585365853658536,0.18292682926829268,0.23170731707317074,0.0,0.0,0.024390243902439025,0.0,0.0,0.0,0.0,0.0,0.0,0.0,Non-malignant disease,
2023_Hirz_NatComm_Prostate|GSM5494345_HP4,0.7296511627906976,0.0,0.023255813953488372,0.0,0.0,0.24709302325581395,0.0,0.0,0.0,0.0,0.0,0.0,0.0,0.0,0.0,0.0,Control,
2022_Hwang_NatGenet_PDAC|U17_Untreated,0.0,0.0,0.5747126436781609,0.0,0.0,0.0,0.0,0.0,0.022988505747126436,0.40229885057471265,0.0,0.0,0.0,0.0,0.0,0.0,Cancer_Tumor,PC
2023_Kumar_Nature_Breast|hbca_c159,0.5469387755102041,0.11428571428571428,0.13877551020408163,0.02040816326530612,0.053061224489795916,0.12653061224489795,0.0,0.0,0.0,0.0,0.0,0.0,0.0,0.0,0.0,0.0,Control,
2022_Gur_Cell_Sceleroderma|GSM5837138_AB13799,0.056338028169014086,0.0,0.0,0.0,0.0,0.9436619718309859,0.0,0.0,0.0,0.0,0.0,0.0,0.0,0.0,0.0,0.0,Control,
2022_TabulaSapiens_Science_TabulaSapiens|TSP1_Lung_nan_10X,0.03333333333333333,0.0,0.21666666666666667,0.0,0.06,0.0,0.0,0.0,0.33,0.0,0.0,0.36,0.0,0.0,0.0,0.0,Control,
2020_Litvinukova_Nature_Heart|HCAHeartST11350195,0.0,0.0,0.2090032154340836,0.572347266881029,0.022508038585209004,0.1157556270096463,0.0,0.0,0.08038585209003216,0.0,0.0,0.0,0.0,0.0,0.0,0.0,Control,
2020_Habermann_SciAdv_Lung-COVID19|GSM5226583_L04cov,0.0,0.0,0.0898876404494382,0.0,0.651685393258427,0.19101123595505617,0.0,0.0,0.02247191011235955,0.0,0.0,0.0449438202247191,0.0,0.0,0.0,0.0,Non-malignant disease,
2022_Reichart_Science_Heart|BO_H03_S00_premrna,0.0,0.0,0.10187449062754686,0.8280358598207009,0.012224938875305624,0.017114914425427872,0.004074979625101874,0.0057049714751426246,0.030969845150774247,0.0,0.0,0.0,0.0,0.0,0.0,0.0,Non-malignant disease,
2020_Drokhlyansky_Cell_EntericNerve|H1_S10,0.1414141414141414,0.0,0.26262626262626265,0.0,0.5353535353535354,0.030303030303030304,0.0,0.010101010101010102,0.010101010101010102,0.0,0.0,0.0,0.0,0.010101010101010102,0.0,0.0,Cancer_AdjNorm,CRC
2020_Litvinukova_Nature_Heart|HCAHeart7850547,0.057692307692307696,0.0,0.23076923076923078,0.6538461538461539,0.0,0.0,0.0,0.0,0.057692307692307696,0.0,0.0,0.0,0.0,0.0,0.0,0.0,Control,
2023_Kumar_Nature_Breast|hbca_c147,0.6918967052537845,0.08726625111308994,0.1585040071237756,0.0,0.016028495102404273,0.04630454140694568,0.0,0.0,0.0,0.0,0.0,0.0,0.0,0.0,0.0,0.0,Control,
2022_Reichart_Science_Heart|BO_H25_LV0_premrna,0.0,0.0,0.13829787234042554,0.8191489361702128,0.0,0.0070921985815602835,0.0,0.0,0.03546099290780142,0.0,0.0,0.0,0.0,0.0,0.0,0.0,Non-malignant disease,
2023_Monavarfeshani_PNAS_Eye|Pt13Scl,0.0634441087613293,0.0,0.5045317220543807,0.0,0.0,0.0513595166163142,0.0,0.0,0.3806646525679758,0.0,0.0,0.0,0.0,0.0,0.0,0.0,Control,
2021_Wu_NatGenet_Breast|CID3921,0.4666666666666667,0.016666666666666666,0.2,0.0,0.027777777777777776,0.06666666666666667,0.0,0.0,0.0,0.2222222222222222,0.0,0.0,0.0,0.0,0.0,0.0,Cancer_Tumor,BRCA
2023_Kumar_Nature_Breast|hbca_c128,0.5758426966292135,0.1797752808988764,0.13202247191011235,0.014044943820224719,0.042134831460674156,0.056179775280898875,0.0,0.0,0.0,0.0,0.0,0.0,0.0,0.0,0.0,0.0,Control,
2023_Kumar_Nature_Breast|hbca_c124,0.4722222222222222,0.15942028985507245,0.1956521739130435,0.0,0.008454106280193236,0.1642512077294686,0.0,0.0,0.0,0.0,0.0,0.0,0.0,0.0,0.0,0.0,Control,
2023_Hirz_NatComm_Prostate|GSM5494371_SCG-PCA17-T-LG,0.1044776119402985,0.0,0.23880597014925373,0.07462686567164178,0.0,0.5671641791044776,0.0,0.0,0.014925373134328358,0.0,0.0,0.0,0.0,0.0,0.0,0.0,Cancer_Tumor,PRC
2023_Kumar_Nature_Breast|hbca_n13,0.19117647058823528,0.0,0.10735294117647058,0.0,0.6705882352941176,0.026470588235294117,0.0,0.0,0.0,0.0,0.0,0.0,0.0,0.004411764705882353,0.0,0.0,Cancer_Tumor,BRCA
2022_TabulaSapiens_Science_TabulaSapiens|TSP14_Liver_nan_10X,0.0,0.0,0.0,0.0,0.0,0.0,0.8507462686567164,0.029850746268656716,0.11940298507462686,0.0,0.0,0.0,0.0,0.0,0.0,0.0,Control,
2022_TabulaSapiens_Science_TabulaSapiens|TSP4_Uterus_Endometrium_10X,0.27184466019417475,0.009708737864077669,0.0,0.0,0.22330097087378642,0.0,0.0,0.0,0.0,0.3883495145631068,0.0,0.0,0.02912621359223301,0.07766990291262135,0.0,0.0,Control,
2022_Guilliams_Cell_Liver|CS101,0.0,0.0,0.0,0.0,0.0,0.19230769230769232,0.8076923076923077,0.0,0.0,0.0,0.0,0.0,0.0,0.0,0.0,0.0,Control,
2023_Hickey_Nature_Intestine|B009-A-405,0.03773584905660377,0.018867924528301886,0.24528301886792453,0.05660377358490566,0.3584905660377358,0.0,0.0,0.0,0.2641509433962264,0.0,0.0,0.0,0.0,0.018867924528301886,0.0,0.0,Control,
ROSMAP|201007-B57-A_NYGC_S1,0.0,0.0,0.49122807017543857,0.0,0.0,0.2631578947368421,0.0,0.0,0.0,0.0,0.24561403508771928,0.0,0.0,0.0,0.0,0.0,Control,
2022_Reichart_Science_Heart|BO_H53_RV0_premrna,0.0,0.0,0.1891891891891892,0.7207207207207207,0.04504504504504504,0.0,0.0,0.036036036036036036,0.0,0.0,0.0,0.0,0.0,0.009009009009009009,0.0,0.0,Control,
2022_TabulaSapiens_Science_TabulaSapiens|TSP14_Fat_MAT_10X,0.01235657546337158,0.0,0.04589585172109444,0.910856134157105,0.01412180052956752,0.0,0.0,0.0,0.01676963812886143,0.0,0.0,0.0,0.0,0.0,0.0,0.0,Control,
2022_Kumar_CancerDis_Gastric|GSM5573484_sample19,0.44333333333333336,0.0,0.10666666666666667,0.19666666666666666,0.0,0.21333333333333335,0.0,0.0,0.0,0.04,0.0,0.0,0.0,0.0,0.0,0.0,Cancer_AdjNorm,GC
2021_Pelka_Cell_CRC|C162_T_0_0_0_c1_v3,0.17094017094017094,0.0,0.15384615384615385,0.1282051282051282,0.05982905982905983,0.008547008547008548,0.0,0.0,0.05982905982905983,0.4188034188034188,0.0,0.0,0.0,0.0,0.0,0.0,Cancer_Tumor,CRC
2023_Kumar_Nature_Breast|hbca_c86,0.3217391304347826,0.02608695652173913,0.13217391304347825,0.11304347826086956,0.2417391304347826,0.16521739130434782,0.0,0.0,0.0,0.0,0.0,0.0,0.0,0.0,0.0,0.0,Control,
2020_Litvinukova_Nature_Heart|HCAHeart8102867,0.02754237288135593,0.0,0.19279661016949154,0.774364406779661,0.005296610169491525,0.0,0.0,0.0,0.0,0.0,0.0,0.0,0.0,0.0,0.0,0.0,Control,
2023_Wang_SciAdv_CRC|s1231_Colon_Tumor,0.5319148936170213,0.0,0.1276595744680851,0.1276595744680851,0.0,0.0,0.0,0.0,0.031914893617021274,0.18085106382978725,0.0,0.0,0.0,0.0,0.0,0.0,Cancer_Tumor,CRC
2022_Reichart_Science_Heart|BO_H29_RV0_R2_premrna,0.0,0.0,0.20774647887323944,0.6073943661971831,0.0,0.0,0.0,0.1443661971830986,0.040492957746478875,0.0,0.0,0.0,0.0,0.0,0.0,0.0,Non-malignant disease,
2022_TabulaSapiens_Science_TabulaSapiens|TSP14_Muscle_Diaphragm_10X,0.5054945054945055,0.054945054945054944,0.1978021978021978,0.07692307692307693,0.14285714285714285,0.0,0.0,0.0,0.0,0.0,0.0,0.0,0.0,0.0,0.02197802197802198,0.0,Control,
2023_Kumar_Nature_Breast|hbca_c121,0.6669329073482428,0.07987220447284345,0.10063897763578275,0.009584664536741214,0.04313099041533546,0.09984025559105432,0.0,0.0,0.0,0.0,0.0,0.0,0.0,0.0,0.0,0.0,Control,
2022_Madissoon_NatGenet_Lung|HCATisStab7732264,0.0037174721189591076,0.0,0.1821561338289963,0.01486988847583643,0.17100371747211895,0.12639405204460966,0.0,0.0,0.11895910780669144,0.0,0.0,0.3828996282527881,0.0,0.0,0.0,0.0,Control,
2023_Kumar_Nature_Breast|hbca_c141,0.18494271685761046,0.18985270049099837,0.2602291325695581,0.10965630114566285,0.006546644844517185,0.24877250409165302,0.0,0.0,0.0,0.0,0.0,0.0,0.0,0.0,0.0,0.0,Control,
2023_Hickey_Nature_Intestine|B010-A-301,0.0,0.0,0.013333333333333334,0.04,0.6933333333333334,0.013333333333333334,0.0,0.0,0.05333333333333334,0.0,0.0,0.0,0.0,0.18666666666666668,0.0,0.0,Control,
2021_Melms_Nature_Lung-COVID19|C55ctr,0.0,0.0,0.08870967741935484,0.0,0.41935483870967744,0.008064516129032258,0.0,0.0,0.0,0.0,0.0,0.4838709677419355,0.0,0.0,0.0,0.0,Control,
2023_Kumar_Nature_Breast|hbca_n10,0.0,0.0,0.14102564102564102,0.0,0.8076923076923077,0.05128205128205128,0.0,0.0,0.0,0.0,0.0,0.0,0.0,0.0,0.0,0.0,Control,
2022_Guilliams_Cell_Liver|CS127,0.0,0.0,0.37783783783783786,0.057297297297297295,0.011351351351351352,0.0,0.4805405405405405,0.0,0.07297297297297298,0.0,0.0,0.0,0.0,0.0,0.0,0.0,Non-malignant disease,
2023_Kong_Immunity_CD|I121881_L,0.25862068965517243,0.0,0.1206896551724138,0.05172413793103448,0.10344827586206896,0.13793103448275862,0.0,0.0,0.0,0.3275862068965517,0.0,0.0,0.0,0.0,0.0,0.0,Non-malignant disease,
2023_Lake_Nature_Kidney|KB11,0.0,0.0,0.7050359712230215,0.025179856115107913,0.0,0.0,0.0,0.0,0.0,0.0,0.0,0.0,0.0,0.2697841726618705,0.0,0.0,Non-malignant disease,
2021_Elmentaite_Nature_Intestine|WTDAtest7844030,0.0,0.0,0.2100656455142232,0.10065645514223195,0.47045951859956237,0.20568927789934355,0.0,0.0,0.0,0.0,0.0,0.0,0.0,0.0,0.01312910284463895,0.0,Control,
2022_Kumar_CancerDis_Gastric|GSM5573478_sample13,0.2413793103448276,0.0,0.1724137931034483,0.05172413793103448,0.0,0.5,0.0,0.0,0.0,0.034482758620689655,0.0,0.0,0.0,0.0,0.0,0.0,Cancer_Tumor,GC
2022_TabulaSapiens_Science_TabulaSapiens|TSP14_Tongue_Posterior_10X,0.4117647058823529,0.0,0.2,0.2823529411764706,0.047058823529411764,0.03529411764705882,0.0,0.0,0.011764705882352941,0.011764705882352941,0.0,0.0,0.0,0.0,0.0,0.0,Control,
2022_Gur_Cell_Sceleroderma|GSM5837175_AB13842,0.015384615384615385,0.0,0.0,0.015384615384615385,0.06153846153846154,0.9076923076923077,0.0,0.0,0.0,0.0,0.0,0.0,0.0,0.0,0.0,0.0,Non-malignant disease,
2021_Melms_Nature_Lung-COVID19|L13cov,0.0,0.0,0.09848484848484848,0.0,0.38257575757575757,0.5075757575757576,0.0,0.0,0.011363636363636364,0.0,0.0,0.0,0.0,0.0,0.0,0.0,Non-malignant disease,
2022_Nee_NatGenet_Breast|GSM5320166_scRNA_brca4,0.8907664453832227,0.0,0.0,0.0,0.0,0.01448400724200362,0.0,0.0,0.0,0.09474954737477369,0.0,0.0,0.0,0.0,0.0,0.0,Control,
2023_Kumar_Nature_Breast|hbca_c95,0.6540084388185654,0.029535864978902954,0.10126582278481013,0.0,0.08016877637130802,0.1350210970464135,0.0,0.0,0.0,0.0,0.0,0.0,0.0,0.0,0.0,0.0,Control,
2023_Hirz_NatComm_Prostate|GSM5494374_SCG-PCA19-N-HG,0.43010752688172044,0.010752688172043012,0.03225806451612903,0.053763440860215055,0.0,0.4731182795698925,0.0,0.0,0.0,0.0,0.0,0.0,0.0,0.0,0.0,0.0,Cancer_AdjNorm,PRC
2020_Drokhlyansky_Cell_EntericNerve|H4_S39,0.0,0.0,0.2,0.0,0.7733333333333333,0.02666666666666667,0.0,0.0,0.0,0.0,0.0,0.0,0.0,0.0,0.0,0.0,Cancer_AdjNorm,CRC
2023_Fonseca_NatGenet_Endometriosis|sample16,0.25842696629213485,0.0,0.06741573033707865,0.0,0.15730337078651685,0.33707865168539325,0.0,0.02247191011235955,0.0,0.1348314606741573,0.0,0.0,0.0,0.02247191011235955,0.0,0.0,Non-malignant disease,
2023_Lake_Nature_Kidney|KB13,0.0,0.0,0.36363636363636365,0.015151515151515152,0.0,0.015151515151515152,0.015151515151515152,0.0,0.030303030303030304,0.0,0.0,0.0,0.0,0.5606060606060606,0.0,0.0,Non-malignant disease,
2021_Wu_NatGenet_Breast|CID4535,0.01818181818181818,0.0,0.6909090909090909,0.17575757575757575,0.030303030303030304,0.03636363636363636,0.0,0.0,0.0,0.048484848484848485,0.0,0.0,0.0,0.0,0.0,0.0,Cancer_Tumor,BRCA
2023_Kumar_Nature_Breast|hbca_n08,0.0,0.0,0.04994797086368366,0.021852237252861603,0.20187304890738814,0.7263267429760666,0.0,0.0,0.0,0.0,0.0,0.0,0.0,0.0,0.0,0.0,Control,
2023_Lake_Nature_Kidney|KBCVD3,0.0,0.0,0.3103448275862069,0.017241379310344827,0.15517241379310345,0.017241379310344827,0.0,0.0,0.0,0.0,0.0,0.0,0.0,0.5,0.0,0.0,Non-malignant disease,
2023_Kong_Immunity_CD|N130064_N1,0.29334787350054525,0.0,0.15267175572519084,0.07306434023991276,0.12213740458015267,0.35877862595419846,0.0,0.0,0.0,0.0,0.0,0.0,0.0,0.0,0.0,0.0,Non-malignant disease,
2022_TabulaSapiens_Science_TabulaSapiens|TSP10_Fat_SCAT_10X,0.5459641255605381,0.017937219730941704,0.11659192825112108,0.3172645739910314,0.0,0.0,0.0,0.002242152466367713,0.0,0.0,0.0,0.0,0.0,0.0,0.0,0.0,Control,
2022_Hwang_NatGenet_PDAC|U8_Untreated,0.0,0.0,0.30392156862745096,0.0,0.44313725490196076,0.0784313725490196,0.0,0.0,0.17254901960784313,0.0,0.0,0.0,0.0,0.00196078431372549,0.0,0.0,Cancer_Tumor,PC
2022_TabulaSapiens_Science_TabulaSapiens|TSP2_Muscle_diaphragm_smartseq2,0.8277310924369747,0.0,0.037815126050420166,0.0,0.01680672268907563,0.11764705882352941,0.0,0.0,0.0,0.0,0.0,0.0,0.0,0.0,0.0,0.0,Control,
2022_Guilliams_Cell_Liver|CS42,0.0,0.0,0.0,0.021505376344086023,0.0,0.25806451612903225,0.7204301075268817,0.0,0.0,0.0,0.0,0.0,0.0,0.0,0.0,0.0,Cancer_Metastasis,CRC
2021_Pal_EMBO_Breast|GSM4909299_ER-MH0114-T3,0.06451612903225806,0.0,0.27956989247311825,0.043010752688172046,0.0,0.4838709677419355,0.0,0.0,0.06451612903225806,0.06451612903225806,0.0,0.0,0.0,0.0,0.0,0.0,Cancer_Tumor,BRCA
2022_Reichart_Science_Heart|BO_H29_LV0_premrna,0.0,0.0,0.125,0.80625,0.0,0.0,0.0,0.0,0.05625,0.0,0.0,0.0,0.0,0.0125,0.0,0.0,Non-malignant disease,
2021_Pelka_Cell_CRC|C169_T_1_1_0_c1_v3,0.10144927536231885,0.0,0.08695652173913043,0.0,0.0,0.043478260869565216,0.0,0.0,0.0,0.7681159420289855,0.0,0.0,0.0,0.0,0.0,0.0,Cancer_Tumor,CRC
2020_Litvinukova_Nature_Heart|HCAHeartST11350197,0.0,0.0,0.08588957055214724,0.3128834355828221,0.0,0.0736196319018405,0.0,0.12883435582822086,0.3987730061349693,0.0,0.0,0.0,0.0,0.0,0.0,0.0,Control,
2022_Emont_Nature_WAT|Hs_SAT_254-1,0.0,0.0,0.3115646258503401,0.3020408163265306,0.10204081632653061,0.26258503401360545,0.0,0.0,0.021768707482993196,0.0,0.0,0.0,0.0,0.0,0.0,0.0,Control,
2023_Kumar_Nature_Breast|hbca_c79,0.7776659959758552,0.026156941649899398,0.08048289738430583,0.0,0.047283702213279676,0.06841046277665996,0.0,0.0,0.0,0.0,0.0,0.0,0.0,0.0,0.0,0.0,Control,
2022_Reichart_Science_Heart|BO_H21_LV0_premrna,0.0,0.0,0.21981424148606812,0.6377708978328174,0.08978328173374613,0.0,0.0,0.0030959752321981426,0.04953560371517028,0.0,0.0,0.0,0.0,0.0,0.0,0.0,Non-malignant disease,
2020_Litvinukova_Nature_Heart|HCAHeart7843999,0.0,0.0,0.1453962703962704,0.8546037296037297,0.0,0.0,0.0,0.0,0.0,0.0,0.0,0.0,0.0,0.0,0.0,0.0,Control,
2023_Fonseca_NatGenet_Endometriosis|sample23,0.25,0.0,0.018115942028985508,0.0,0.2644927536231884,0.39855072463768115,0.0,0.0,0.021739130434782608,0.04710144927536232,0.0,0.0,0.0,0.0,0.0,0.0,Non-malignant disease,
2023_Kumar_Nature_Breast|hbca_c116,0.6380697050938338,0.14298480786416443,0.09115281501340483,0.0,0.05987488829311886,0.0679177837354781,0.0,0.0,0.0,0.0,0.0,0.0,0.0,0.0,0.0,0.0,Cancer_Tumor,BRCA
2022_Kumar_CancerDis_Gastric|GSM5573481_sample16,0.2716049382716049,0.0,0.1111111111111111,0.0,0.0,0.08641975308641975,0.0,0.0,0.0,0.5308641975308642,0.0,0.0,0.0,0.0,0.0,0.0,Cancer_Tumor,GC
2023_Kumar_Nature_Breast|hbca_n09,0.0,0.0,0.140625,0.015625,0.8203125,0.0234375,0.0,0.0,0.0,0.0,0.0,0.0,0.0,0.0,0.0,0.0,Control,
2021_Pal_EMBO_Breast|GSM4909317_ER-MH0173-T,0.0,0.0,0.3023255813953488,0.0,0.0,0.13953488372093023,0.0,0.0,0.0,0.5581395348837209,0.0,0.0,0.0,0.0,0.0,0.0,Cancer_Tumor,BRCA
2023_Kong_Immunity_CD|N109389_L3,0.0,0.0,0.052083333333333336,0.2604166666666667,0.4375,0.25,0.0,0.0,0.0,0.0,0.0,0.0,0.0,0.0,0.0,0.0,Non-malignant disease,
2022_Hwang_NatGenet_PDAC|U10_Untreated,0.0,0.0,0.17592592592592593,0.0,0.046296296296296294,0.018518518518518517,0.0,0.0,0.1574074074074074,0.5462962962962963,0.0,0.0,0.0,0.05555555555555555,0.0,0.0,Cancer_Tumor,PC
2023_Kumar_Nature_Breast|hbca_c58,0.5387387387387388,0.05405405405405406,0.0936936936936937,0.0,0.12792792792792793,0.16216216216216217,0.0,0.0,0.0,0.0,0.0,0.0,0.0,0.0,0.023423423423423424,0.0,Control,
2023_Hickey_Nature_Intestine|B008-A-401,0.0,0.0,0.12903225806451613,0.03225806451612903,0.4946236559139785,0.0,0.0,0.0,0.13978494623655913,0.0,0.0,0.0,0.0,0.20430107526881722,0.0,0.0,Control,
2023_Fonseca_NatGenet_Endometriosis|sample25,0.22988505747126436,0.0,0.11494252873563218,0.0,0.26436781609195403,0.3218390804597701,0.0,0.0,0.022988505747126436,0.04597701149425287,0.0,0.0,0.0,0.0,0.0,0.0,Non-malignant disease,
2023_Kumar_Nature_Breast|hbca_n19,0.0,0.0,0.15170278637770898,0.007430340557275541,0.530030959752322,0.30030959752321984,0.0,0.0,0.0,0.0,0.0,0.0,0.0,0.010526315789473684,0.0,0.0,Control,
2022_Emont_Nature_WAT|Hs_SAT_04-1,0.0,0.0,0.6356589147286822,0.1434108527131783,0.0,0.09689922480620156,0.0,0.0,0.12403100775193798,0.0,0.0,0.0,0.0,0.0,0.0,0.0,Control,
BICCN|HSB189_2_S1,0.0,0.0,0.053811659192825115,0.0,0.0,0.05829596412556054,0.0,0.0,0.013452914798206279,0.0,0.874439461883408,0.0,0.0,0.0,0.0,0.0,Control,
2023_Lake_Nature_Kidney|AKI3210034,0.0,0.0,0.08888888888888889,0.5222222222222223,0.0,0.18888888888888888,0.0,0.0,0.15555555555555556,0.022222222222222223,0.0,0.0,0.0,0.022222222222222223,0.0,0.0,Non-malignant disease,
2023_Kumar_Nature_Breast|hbca_c76,0.60580204778157,0.04607508532423208,0.06484641638225255,0.032423208191126277,0.17747440273037543,0.04607508532423208,0.0,0.0,0.0,0.027303754266211604,0.0,0.0,0.0,0.0,0.0,0.0,Control,
2023_Kumar_Nature_Breast|hbca_n11,0.0,0.0,0.6920980926430518,0.09536784741144415,0.12806539509536785,0.010899182561307902,0.0,0.0027247956403269754,0.07084468664850137,0.0,0.0,0.0,0.0,0.0,0.0,0.0,Control,
2023_Kumar_Nature_Breast|hbca_n12,0.02406417112299465,0.0,0.23529411764705882,0.053475935828877004,0.5240641711229946,0.07754010695187166,0.0,0.0,0.06417112299465241,0.0,0.0,0.0,0.0,0.0213903743315508,0.0,0.0,Control,
2022_Reichart_Science_Heart|BO_H84_S00_premrna,0.0,0.0,0.13442622950819672,0.6491803278688525,0.03278688524590164,0.013114754098360656,0.0,0.11147540983606558,0.05901639344262295,0.0,0.0,0.0,0.0,0.0,0.0,0.0,Non-malignant disease,
2023_Lake_Nature_Kidney|DKD3110040,0.0,0.0,0.4053497942386831,0.3271604938271605,0.01440329218106996,0.19958847736625515,0.0,0.0,0.03909465020576132,0.0,0.0,0.0,0.0,0.01440329218106996,0.0,0.0,Non-malignant disease,
2021_Pal_EMBO_Breast|GSM4909271_N-MH288-Total,0.9584120982986768,0.0,0.04158790170132325,0.0,0.0,0.0,0.0,0.0,0.0,0.0,0.0,0.0,0.0,0.0,0.0,0.0,Control,
2020_Litvinukova_Nature_Heart|HCAHeart7702873,0.0,0.0,0.12612612612612611,0.5405405405405406,0.10810810810810811,0.2072072072072072,0.0,0.018018018018018018,0.0,0.0,0.0,0.0,0.0,0.0,0.0,0.0,Control,
2023_Kumar_Nature_Breast|hbca_c60,0.5282167042889391,0.1399548532731377,0.033860045146726865,0.01805869074492099,0.12189616252821671,0.1580135440180587,0.0,0.0,0.0,0.0,0.0,0.0,0.0,0.0,0.0,0.0,Control,
2022_TabulaSapiens_Science_TabulaSapiens|TSP9_Pancreas_exocrine_10X,0.006405693950177936,0.0,0.032740213523131674,0.902491103202847,0.013523131672597865,0.0,0.0,0.0,0.0199288256227758,0.02491103202846975,0.0,0.0,0.0,0.0,0.0,0.0,Control,
2023_Kumar_Nature_Breast|hbca_c36,0.06077348066298342,0.007366482504604052,0.0,0.0,0.0,0.26519337016574585,0.0,0.0,0.0,0.6666666666666666,0.0,0.0,0.0,0.0,0.0,0.0,Cancer_Tumor,BRCA
2022_Reichart_Science_Heart|BO_H03_RV0_premrna,0.0,0.0,0.14601769911504425,0.6017699115044248,0.017699115044247787,0.022123893805309734,0.0,0.1836283185840708,0.028761061946902654,0.0,0.0,0.0,0.0,0.0,0.0,0.0,Non-malignant disease,
2022_Madissoon_NatGenet_Lung|HCA_A_LNG9387709,0.015625,0.0,0.109375,0.0,0.515625,0.0625,0.0,0.0,0.015625,0.0,0.0,0.28125,0.0,0.0,0.0,0.0,Control,
2021_Pal_EMBO_Breast|GSM4909254_N-PM0019-Total,0.9032258064516129,0.01935483870967742,0.0,0.0,0.05806451612903226,0.01935483870967742,0.0,0.0,0.0,0.0,0.0,0.0,0.0,0.0,0.0,0.0,Control,
2023_Kumar_Nature_Breast|hbca_c78,0.8063583815028902,0.03564547206165703,0.08285163776493257,0.0,0.028901734104046242,0.046242774566473986,0.0,0.0,0.0,0.0,0.0,0.0,0.0,0.0,0.0,0.0,Control,
2022_Reichart_Science_Heart|BO_H42_LV0_premrna,0.0,0.0,0.08368200836820083,0.8493723849372385,0.0,0.0,0.0,0.0,0.06694560669456066,0.0,0.0,0.0,0.0,0.0,0.0,0.0,Non-malignant disease,
2022_vanZyl_PNAS_Eye|Hu220OSCSWS1,0.05413105413105413,0.0,0.1623931623931624,0.0,0.6210826210826211,0.039886039886039885,0.0,0.0,0.09971509971509972,0.0,0.0,0.0,0.0,0.022792022792022793,0.0,0.0,Control,
2023_Lake_Nature_Kidney|AKI3410050,0.0,0.0,0.24812030075187969,0.45864661654135336,0.17293233082706766,0.007518796992481203,0.0,0.0,0.0,0.11278195488721804,0.0,0.0,0.0,0.0,0.0,0.0,Non-malignant disease,
2023_Kumar_Nature_Breast|hbca_c105,0.5072115384615384,0.1346153846153846,0.04326923076923077,0.026442307692307692,0.03125,0.25721153846153844,0.0,0.0,0.0,0.0,0.0,0.0,0.0,0.0,0.0,0.0,Control,
2021_Pelka_Cell_CRC|C124_T_0_3_0_c1_v2,0.13861386138613863,0.0,0.25742574257425743,0.1188118811881188,0.0,0.15841584158415842,0.0,0.0,0.0,0.32673267326732675,0.0,0.0,0.0,0.0,0.0,0.0,Cancer_Tumor,CRC
2022_Hwang_NatGenet_PDAC|U13_Untreated,0.011627906976744186,0.0,0.20930232558139536,0.0,0.20930232558139536,0.5348837209302325,0.0,0.0,0.0,0.023255813953488372,0.0,0.0,0.0,0.011627906976744186,0.0,0.0,Cancer_Tumor,PC
2022_Reichart_Science_Heart|BO_H10_S00_premrna,0.0,0.0,0.14645669291338584,0.631496062992126,0.05826771653543307,0.0,0.0,0.0,0.16377952755905512,0.0,0.0,0.0,0.0,0.0,0.0,0.0,Non-malignant disease,
2022_TabulaSapiens_Science_TabulaSapiens|TSP1_Pancreas_Endocrine_10X,0.0,0.007575757575757576,0.045454545454545456,0.8560606060606061,0.0,0.030303030303030304,0.0,0.0,0.0,0.06060606060606061,0.0,0.0,0.0,0.0,0.0,0.0,Control,
2020_Litvinukova_Nature_Heart|HCAHeartST11350193,0.0,0.0,0.16363636363636364,0.45454545454545453,0.11818181818181818,0.08181818181818182,0.0,0.08181818181818182,0.08181818181818182,0.0,0.0,0.00909090909090909,0.0,0.00909090909090909,0.0,0.0,Control,
2022_vanZyl_PNAS_Eye|Hu2160SCSW,0.034545454545454546,0.0,0.15272727272727274,0.0,0.6727272727272727,0.1,0.0,0.0,0.038181818181818185,0.0,0.0,0.0,0.0,0.0018181818181818182,0.0,0.0,Control,
2021_Pal_EMBO_Breast|GSM4909253_N-PM0092-Total,0.5151515151515151,0.48484848484848486,0.0,0.0,0.0,0.0,0.0,0.0,0.0,0.0,0.0,0.0,0.0,0.0,0.0,0.0,Control,
2020_Litvinukova_Nature_Heart|HCAHeartST10773165,0.0,0.0,0.05405405405405406,0.6054054054054054,0.21081081081081082,0.016216216216216217,0.0,0.03783783783783784,0.07567567567567568,0.0,0.0,0.0,0.0,0.0,0.0,0.0,Control,
2023_Hirz_NatComm_Prostate|GSM5494362_SCG-PCA10-T-LG,0.16666666666666666,0.031746031746031744,0.29365079365079366,0.30158730158730157,0.0,0.15873015873015872,0.0,0.0,0.047619047619047616,0.0,0.0,0.0,0.0,0.0,0.0,0.0,Cancer_Tumor,PRC
2023_Lake_Nature_Kidney|KM69,0.0,0.0,0.6368421052631579,0.11052631578947368,0.0,0.010526315789473684,0.0,0.0,0.0,0.0,0.0,0.0,0.0,0.24210526315789474,0.0,0.0,Control,
2023_Kong_Immunity_CD|I114902_N,0.0,0.0,0.12903225806451613,0.07526881720430108,0.0,0.7956989247311828,0.0,0.0,0.0,0.0,0.0,0.0,0.0,0.0,0.0,0.0,Non-malignant disease,
2022_TabulaSapiens_Science_TabulaSapiens|TSP4_Uterus_Myometrium_10X,0.8489702517162472,0.006102212051868803,0.13577421815408086,0.0,0.006102212051868803,0.0030511060259344014,0.0,0.0,0.0,0.0,0.0,0.0,0.0,0.0,0.0,0.0,Control,
2023_Hickey_Nature_Intestine|B012-A-001,0.0,0.0,0.11320754716981132,0.11320754716981132,0.3584905660377358,0.0,0.0,0.0,0.41509433962264153,0.0,0.0,0.0,0.0,0.0,0.0,0.0,Control,
2023_Lake_Nature_Kidney|LDPRE1905,0.0,0.0,0.07368421052631578,0.9157894736842105,0.0,0.010526315789473684,0.0,0.0,0.0,0.0,0.0,0.0,0.0,0.0,0.0,0.0,Control,
2022_Guilliams_Cell_Liver|CS109,0.0,0.0,0.06802721088435375,0.034013605442176874,0.034013605442176874,0.06802721088435375,0.7482993197278912,0.0,0.027210884353741496,0.0,0.0,0.0,0.0,0.02040816326530612,0.0,0.0,Cancer_Tumor,HCC
2022_Gur_Cell_Sceleroderma|GSM5837182_AB14118,0.03932584269662921,0.0,0.016853932584269662,0.0,0.0,0.9438202247191011,0.0,0.0,0.0,0.0,0.0,0.0,0.0,0.0,0.0,0.0,Non-malignant disease,
2020_Litvinukova_Nature_Heart|HCAHeart7829979,0.0,0.0,0.09333333333333334,0.24,0.48,0.16,0.0,0.02666666666666667,0.0,0.0,0.0,0.0,0.0,0.0,0.0,0.0,Control,
2023_Kumar_Nature_Breast|hbca_c41,0.30077691453940064,0.0,0.05216426193118757,0.0,0.04550499445061043,0.14206437291897892,0.0,0.0,0.0,0.4594894561598224,0.0,0.0,0.0,0.0,0.0,0.0,Cancer_Tumor,BRCA
2023_Kumar_Nature_Breast|hbca_c05,0.05123674911660778,0.0,0.03356890459363958,0.10247349823321555,0.6378091872791519,0.17491166077738515,0.0,0.0,0.0,0.0,0.0,0.0,0.0,0.0,0.0,0.0,Cancer_Tumor,BRCA
2020_Litvinukova_Nature_Heart|HCAHeart7850551,0.02023121387283237,0.0,0.37572254335260113,0.5809248554913294,0.0,0.012524084778420038,0.0,0.0,0.010597302504816955,0.0,0.0,0.0,0.0,0.0,0.0,0.0,Control,
2020_Litvinukova_Nature_Heart|HCAHeart7757639,0.0,0.0,0.1320754716981132,0.16981132075471697,0.0,0.6792452830188679,0.0,0.0,0.0,0.0,0.0,0.018867924528301886,0.0,0.0,0.0,0.0,Control,
2020_Litvinukova_Nature_Heart|HCAHeart7888929,0.0,0.0,0.2361111111111111,0.25,0.125,0.20833333333333334,0.0,0.18055555555555555,0.0,0.0,0.0,0.0,0.0,0.0,0.0,0.0,Control,
2021_Pelka_Cell_CRC|C112_N_0_1_2_c1_v2,0.0,0.0,0.19047619047619047,0.5904761904761905,0.06666666666666667,0.0380952380952381,0.0,0.0,0.11428571428571428,0.0,0.0,0.0,0.0,0.0,0.0,0.0,Control,
2020_Drokhlyansky_Cell_EntericNerve|H13_S62,0.0,0.0,0.33638443935926776,0.004576659038901602,0.6224256292906178,0.0,0.0,0.0,0.034324942791762014,0.0,0.0,0.0,0.0,0.002288329519450801,0.0,0.0,Cancer_AdjNorm,CRC
2023_Kumar_Nature_Breast|hbca_c98,0.4494875549048316,0.1903367496339678,0.17569546120058566,0.032210834553440704,0.043923865300146414,0.10834553440702782,0.0,0.0,0.0,0.0,0.0,0.0,0.0,0.0,0.0,0.0,Control,
2023_Lake_Nature_Kidney|LDSample1158EO3,0.0,0.0,0.11940298507462686,0.8805970149253731,0.0,0.0,0.0,0.0,0.0,0.0,0.0,0.0,0.0,0.0,0.0,0.0,Control,
2021_Wu_NatGenet_Breast|CID4463,0.48214285714285715,0.0,0.35714285714285715,0.0,0.0,0.08928571428571429,0.0,0.0,0.03571428571428571,0.03571428571428571,0.0,0.0,0.0,0.0,0.0,0.0,Cancer_Tumor,BRCA
2022_Gur_Cell_Sceleroderma|GSM5837233_AB6865,0.0,0.0,0.0,0.0,0.0,1.0,0.0,0.0,0.0,0.0,0.0,0.0,0.0,0.0,0.0,0.0,Non-malignant disease,
Evan2019|SN6060_b,0.0,0.0,0.0,0.11764705882352941,0.0,0.5686274509803921,0.0,0.0,0.0,0.0,0.3137254901960784,0.0,0.0,0.0,0.0,0.0,Non-malignant disease,
2020_Tosti_Gastroenterol_Pancreas|AFES448_FF4,0.0,0.0,0.08974358974358974,0.05128205128205128,0.0,0.8589743589743589,0.0,0.0,0.0,0.0,0.0,0.0,0.0,0.0,0.0,0.0,Control,
2023_Lake_Nature_Kidney|KC40,0.0,0.0,0.4666666666666667,0.1,0.05,0.0,0.0,0.0,0.0,0.0,0.0,0.0,0.0,0.38333333333333336,0.0,0.0,Control,
2022_Reichart_Science_Heart|BO_H01_S00_premrna,0.0,0.0,0.2961038961038961,0.5948051948051948,0.007792207792207792,0.03636363636363636,0.0,0.0,0.06493506493506493,0.0,0.0,0.0,0.0,0.0,0.0,0.0,Non-malignant disease,
2023_Hickey_Nature_Intestine|B012-A-101,0.0,0.0,0.140625,0.03125,0.46875,0.0,0.0,0.0,0.3125,0.0,0.0,0.0,0.0,0.046875,0.0,0.0,Control,
2022_Kumar_CancerDis_Gastric|GSM5573490_sample25,0.0,0.0,0.05642633228840126,0.896551724137931,0.0,0.025078369905956112,0.0,0.0,0.0219435736677116,0.0,0.0,0.0,0.0,0.0,0.0,0.0,Cancer_AdjNorm,GC
2021_Melms_Nature_Lung-COVID19|L04cov,0.0,0.0,0.0898876404494382,0.0,0.651685393258427,0.19101123595505617,0.0,0.0,0.02247191011235955,0.0,0.0,0.0449438202247191,0.0,0.0,0.0,0.0,Non-malignant disease,
2023_Kumar_Nature_Breast|hbca_c130,0.334384858044164,0.08517350157728706,0.19242902208201892,0.03785488958990536,0.2082018927444795,0.14195583596214512,0.0,0.0,0.0,0.0,0.0,0.0,0.0,0.0,0.0,0.0,Control,
2022_Nee_NatGenet_Breast|GSM5320171_scRNA_brca9,0.9537444933920705,0.0,0.0,0.0,0.0,0.02643171806167401,0.0,0.0,0.0,0.019823788546255508,0.0,0.0,0.0,0.0,0.0,0.0,Control,
2022_Reichart_Science_Heart|BS_DP1_S00_premrna,0.0,0.0,0.3005952380952381,0.5327380952380952,0.044642857142857144,0.0,0.0,0.0,0.11904761904761904,0.0,0.0,0.0,0.0,0.002976190476190476,0.0,0.0,Non-malignant disease,
2023_Lake_Nature_Kidney|KM102,0.0,0.0,0.8575268817204301,0.0,0.016129032258064516,0.0,0.0,0.0,0.0,0.0,0.0,0.0,0.0,0.12634408602150538,0.0,0.0,Control,
2023_Kumar_Nature_Breast|hbca_c149,0.6662650602409639,0.11204819277108434,0.11204819277108434,0.0,0.01566265060240964,0.09397590361445783,0.0,0.0,0.0,0.0,0.0,0.0,0.0,0.0,0.0,0.0,Control,
2023_Kong_Immunity_CD|N130064_N3,0.244173140954495,0.0,0.15205327413984462,0.049944506104328525,0.15538290788013318,0.39844617092119866,0.0,0.0,0.0,0.0,0.0,0.0,0.0,0.0,0.0,0.0,Non-malignant disease,
ROSMAP|191213-B7-B_Broad_S2,0.0,0.0,0.27906976744186046,0.0,0.0,0.06976744186046512,0.0,0.0,0.0,0.0,0.6511627906976745,0.0,0.0,0.0,0.0,0.0,Control,
2022_Madissoon_NatGenet_Lung|HCA_A_LNG9387716,0.009259259259259259,0.0,0.14814814814814814,0.0,0.32407407407407407,0.05555555555555555,0.0,0.0,0.027777777777777776,0.0,0.0,0.4351851851851852,0.0,0.0,0.0,0.0,Control,
2023_Kong_Immunity_CD|N10_LP_B,0.03409090909090909,0.0,0.0,0.38636363636363635,0.0,0.5795454545454546,0.0,0.0,0.0,0.0,0.0,0.0,0.0,0.0,0.0,0.0,Control,
2022_Reichart_Science_Heart|BO_H55_LV0_premrna,0.0,0.0,0.36444444444444446,0.5688888888888889,0.0,0.03111111111111111,0.0,0.0,0.017777777777777778,0.0,0.0,0.0,0.0,0.017777777777777778,0.0,0.0,Control,
2022_Madissoon_NatGenet_Lung|HCA_A_LNG9387718,0.010526315789473684,0.0,0.22105263157894736,0.0,0.49473684210526314,0.05263157894736842,0.0,0.010526315789473684,0.031578947368421054,0.0,0.0,0.17894736842105263,0.0,0.0,0.0,0.0,Control,
2023_Kumar_Nature_Breast|hbca_c53,0.30120481927710846,0.01606425702811245,0.05220883534136546,0.024096385542168676,0.43373493975903615,0.14859437751004015,0.0,0.0,0.024096385542168676,0.0,0.0,0.0,0.0,0.0,0.0,0.0,Control,
2021_Garcia-Alonso_NatGenet_Endometrial|4861STDY7771115,0.07725321888412018,0.0,0.41201716738197425,0.017167381974248927,0.017167381974248927,0.2532188841201717,0.0,0.0,0.02145922746781116,0.008583690987124463,0.0,0.0,0.0,0.19313304721030042,0.0,0.0,Control,
2021_Pal_EMBO_Breast|GSM4909294_HER2-MH0176,0.0,0.0,0.1962025316455696,0.12025316455696203,0.0,0.4430379746835443,0.0,0.0,0.0,0.24050632911392406,0.0,0.0,0.0,0.0,0.0,0.0,Cancer_Tumor,BRCA
2021_Pelka_Cell_CRC|C112_T_0_1_0_c1_v2,0.09803921568627451,0.0,0.3137254901960784,0.0784313725490196,0.0,0.058823529411764705,0.0,0.0,0.0392156862745098,0.4117647058823529,0.0,0.0,0.0,0.0,0.0,0.0,Cancer_Tumor,CRC
2021_Wu_NatGenet_Breast|CID4066,0.31221719457013575,0.0,0.2398190045248869,0.0,0.0,0.31447963800904977,0.0,0.0,0.0,0.1334841628959276,0.0,0.0,0.0,0.0,0.0,0.0,Cancer_Tumor,BRCA
2020_Litvinukova_Nature_Heart|HCAHeart9845436,0.0,0.0,0.15254237288135594,0.13559322033898305,0.0,0.014830508474576272,0.0,0.5932203389830508,0.1038135593220339,0.0,0.0,0.0,0.0,0.0,0.0,0.0,Control,
2020_Litvinukova_Nature_Heart|HCAHeart7888927,0.0,0.0,0.07142857142857142,0.8125,0.0,0.03571428571428571,0.0,0.0625,0.017857142857142856,0.0,0.0,0.0,0.0,0.0,0.0,0.0,Control,
2023_Kumar_Nature_Breast|hbca_c66,0.3108433734939759,0.0746987951807229,0.060240963855421686,0.0,0.5277108433734939,0.02650602409638554,0.0,0.0,0.0,0.0,0.0,0.0,0.0,0.0,0.0,0.0,Control,
2022_TabulaSapiens_Science_TabulaSapiens|TSP14_Thymus_nan_10X,0.47058823529411764,0.0,0.19878296146044624,0.1343813387423935,0.13032454361054766,0.015212981744421906,0.0,0.0,0.05070993914807302,0.0,0.0,0.0,0.0,0.0,0.0,0.0,Control,
2023_Kumar_Nature_Breast|hbca_c103,0.3524590163934426,0.12295081967213115,0.12704918032786885,0.13524590163934427,0.10655737704918032,0.1557377049180328,0.0,0.0,0.0,0.0,0.0,0.0,0.0,0.0,0.0,0.0,Control,
2022_vanZyl_PNAS_Eye|Hu235OSCSW,0.29441624365482233,0.0,0.18274111675126903,0.0,0.4593908629441624,0.0,0.0,0.0,0.06345177664974619,0.0,0.0,0.0,0.0,0.0,0.0,0.0,Control,
2023_Kumar_Nature_Breast|hbca_c64,0.6060606060606061,0.10909090909090909,0.01818181818181818,0.0,0.17575757575757575,0.09090909090909091,0.0,0.0,0.0,0.0,0.0,0.0,0.0,0.0,0.0,0.0,Control,
2022_Madissoon_NatGenet_Lung|HCA_A_LNG9387714,0.016194331983805668,0.0,0.1214574898785425,0.0,0.12955465587044535,0.044534412955465584,0.0,0.004048582995951417,0.04048582995951417,0.0,0.0,0.6396761133603239,0.0,0.004048582995951417,0.0,0.0,Control,
2023_Lake_Nature_Kidney|KB14,0.0,0.0,0.26666666666666666,0.05555555555555555,0.0,0.022222222222222223,0.0,0.0,0.044444444444444446,0.0,0.0,0.011111111111111112,0.0,0.6,0.0,0.0,Non-malignant disease,
2020_Drokhlyansky_Cell_EntericNerve|H10_S48,0.018691588785046728,0.0,0.2336448598130841,0.0,0.719626168224299,0.009345794392523364,0.0,0.0,0.018691588785046728,0.0,0.0,0.0,0.0,0.0,0.0,0.0,Cancer_AdjNorm,CRC
2023_Kong_Immunity_CD|I104152_N,0.0,0.0,0.015151515151515152,0.0,0.0,0.9848484848484849,0.0,0.0,0.0,0.0,0.0,0.0,0.0,0.0,0.0,0.0,Non-malignant disease,
2023_Kong_Immunity_CD|I130064_N1,0.11254295532646048,0.0,0.05756013745704467,0.0,0.07474226804123711,0.7551546391752577,0.0,0.0,0.0,0.0,0.0,0.0,0.0,0.0,0.0,0.0,Non-malignant disease,
2023_Wang_SciAdv_CRC|s0920_Colon_Tumor,0.6460176991150443,0.0,0.0,0.0,0.0,0.017699115044247787,0.0,0.0,0.0,0.3274336283185841,0.0,0.0,0.0,0.008849557522123894,0.0,0.0,Cancer_Tumor,CRC
2023_Hickey_Nature_Intestine|B009-A-101,0.20512820512820512,0.0,0.2222222222222222,0.03418803418803419,0.4700854700854701,0.0,0.0,0.008547008547008548,0.05982905982905983,0.0,0.0,0.0,0.0,0.0,0.0,0.0,Control,
2023_Lake_Nature_Kidney|DKD2910016,0.0,0.0,0.4789915966386555,0.3025210084033613,0.0,0.15966386554621848,0.0,0.0,0.0,0.0,0.0,0.0,0.0,0.058823529411764705,0.0,0.0,Non-malignant disease,
2023_Kumar_Nature_Breast|hbca_c61,0.4896373056994819,0.16839378238341968,0.06217616580310881,0.0,0.17616580310880828,0.10362694300518134,0.0,0.0,0.0,0.0,0.0,0.0,0.0,0.0,0.0,0.0,Control,
2022_Reichart_Science_Heart|BO_H65_LV0_premrna,0.0,0.0,0.18478260869565216,0.6920289855072463,0.043478260869565216,0.07246376811594203,0.0,0.0,0.007246376811594203,0.0,0.0,0.0,0.0,0.0,0.0,0.0,Non-malignant disease,
2023_Kong_Immunity_CD|I130064_N2,0.1118421052631579,0.0,0.10416666666666667,0.0,0.041666666666666664,0.7423245614035088,0.0,0.0,0.0,0.0,0.0,0.0,0.0,0.0,0.0,0.0,Non-malignant disease,
2023_Fonseca_NatGenet_Endometriosis|sample7,0.0,0.0,0.041463414634146344,0.01707317073170732,0.4195121951219512,0.5024390243902439,0.0,0.0,0.0,0.01951219512195122,0.0,0.0,0.0,0.0,0.0,0.0,Non-malignant disease,
BICCN|HSB106_1_S1,0.0,0.0,0.0,0.0,0.0,0.04145077720207254,0.0,0.0,0.0,0.0,0.9585492227979274,0.0,0.0,0.0,0.0,0.0,Control,
2023_Kong_Immunity_CD|I139892_L2,0.0,0.0,0.13,0.51,0.26,0.04,0.0,0.0,0.06,0.0,0.0,0.0,0.0,0.0,0.0,0.0,Non-malignant disease,
2023_Kumar_Nature_Breast|hbca_c01,0.0,0.0,0.015250544662309368,0.6405228758169934,0.11328976034858387,0.19825708061002179,0.0,0.0,0.032679738562091505,0.0,0.0,0.0,0.0,0.0,0.0,0.0,Cancer_Tumor,BRCA
2022_Reichart_Science_Heart|BO_H22_RV0_premrna,0.0,0.0,0.08215962441314555,0.7793427230046949,0.0,0.025821596244131457,0.0,0.009389671361502348,0.10328638497652583,0.0,0.0,0.0,0.0,0.0,0.0,0.0,Non-malignant disease,
2020_Tosti_Gastroenterol_Pancreas|AFES448_FF1,0.0410958904109589,0.0,0.2602739726027397,0.0,0.0,0.6712328767123288,0.0,0.0,0.0,0.0,0.0,0.0,0.0,0.0273972602739726,0.0,0.0,Control,
2020_Litvinukova_Nature_Heart|HCAHeartST10773169,0.0,0.0,0.08823529411764706,0.3137254901960784,0.0,0.0,0.0,0.49019607843137253,0.10784313725490197,0.0,0.0,0.0,0.0,0.0,0.0,0.0,Control,
2023_Kumar_Nature_Breast|hbca_c123,0.5854545454545454,0.13454545454545455,0.07151515151515152,0.0,0.0,0.2084848484848485,0.0,0.0,0.0,0.0,0.0,0.0,0.0,0.0,0.0,0.0,Control,
2022_Reichart_Science_Heart|BO_H14_S01_premrna,0.0,0.0,0.14521452145214522,0.7854785478547854,0.0,0.009900990099009901,0.0,0.0,0.026402640264026403,0.033003300330033,0.0,0.0,0.0,0.0,0.0,0.0,Non-malignant disease,
2021_Pelka_Cell_CRC|C134_N_0_3_1_c1_v2,0.0,0.0,0.410958904109589,0.4246575342465753,0.0,0.1095890410958904,0.0,0.0,0.0547945205479452,0.0,0.0,0.0,0.0,0.0,0.0,0.0,Control,
2021_Pal_EMBO_Breast|GSM4909268_N-MH0023-Total,0.9819819819819819,0.0,0.0,0.0,0.015765765765765764,0.0022522522522522522,0.0,0.0,0.0,0.0,0.0,0.0,0.0,0.0,0.0,0.0,Control,
2023_Fonseca_NatGenet_Endometriosis|sample19,0.023622047244094488,0.0,0.11023622047244094,0.047244094488188976,0.16535433070866143,0.6377952755905512,0.0,0.0,0.0,0.015748031496062992,0.0,0.0,0.0,0.0,0.0,0.0,Non-malignant disease,
2022_Gur_Cell_Sceleroderma|GSM5837144_AB13811,0.0,0.0,0.0,0.0,0.0,1.0,0.0,0.0,0.0,0.0,0.0,0.0,0.0,0.0,0.0,0.0,Non-malignant disease,
2022_Kumar_CancerDis_Gastric|GSM5573498_sample33,0.13043478260869565,0.0,0.07608695652173914,0.0,0.0,0.05434782608695652,0.0,0.0,0.03260869565217391,0.6739130434782609,0.0,0.0,0.0,0.010869565217391304,0.0,0.021739130434782608,Cancer_Tumor,GC
BICCN|HSB189_4_S1,0.0,0.0,0.0546875,0.005859375,0.0,0.009765625,0.0,0.0,0.0,0.0,0.9296875,0.0,0.0,0.0,0.0,0.0,Control,
2022_Reichart_Science_Heart|BO_H03_LV0_premrna,0.0,0.0,0.1458670988654781,0.7585089141004863,0.0,0.009724473257698542,0.0,0.024311183144246355,0.059967585089141004,0.0,0.0,0.0,0.0,0.0016207455429497568,0.0,0.0,Non-malignant disease,
2023_Kumar_Nature_Breast|hbca_c42,0.3275167785234899,0.0,0.06711409395973154,0.0,0.03758389261744966,0.10604026845637583,0.0,0.0,0.0,0.46174496644295304,0.0,0.0,0.0,0.0,0.0,0.0,Cancer_Tumor,BRCA
2022_Reichart_Science_Heart|BO_H29_S00_premrna,0.0,0.0,0.12077294685990338,0.7729468599033816,0.028985507246376812,0.03864734299516908,0.0,0.028985507246376812,0.0,0.0,0.0,0.0,0.0,0.00966183574879227,0.0,0.0,Non-malignant disease,
2022_Reichart_Science_Heart|BO_H53_LV0_premrna,0.0,0.0,0.15454545454545454,0.7818181818181819,0.045454545454545456,0.004545454545454545,0.0,0.004545454545454545,0.0,0.0,0.0,0.0,0.0,0.004545454545454545,0.004545454545454545,0.0,Control,
2023_Hirz_NatComm_Prostate|GSM5494346_HP0,0.12609970674486803,0.0,0.10263929618768329,0.0,0.0,0.7712609970674487,0.0,0.0,0.0,0.0,0.0,0.0,0.0,0.0,0.0,0.0,Control,
2023_Kong_Immunity_CD|N134300_L,0.0,0.0,0.0,0.5524475524475524,0.24475524475524477,0.20279720279720279,0.0,0.0,0.0,0.0,0.0,0.0,0.0,0.0,0.0,0.0,Non-malignant disease,
2022_Zhou_NatGenet_PDAC|HT056P-S1PAA1,0.034482758620689655,0.0,0.13793103448275862,0.0,0.0,0.3103448275862069,0.0,0.0,0.017241379310344827,0.5,0.0,0.0,0.0,0.0,0.0,0.0,Cancer_Tumor,PC
2023_Kong_Immunity_CD|N46_LP_A,0.04054054054054054,0.0,0.21621621621621623,0.4864864864864865,0.0,0.22972972972972974,0.0,0.0,0.013513513513513514,0.013513513513513514,0.0,0.0,0.0,0.0,0.0,0.0,Control,
2021_Pal_EMBO_Breast|GSM4909298_ER-PM0360,0.0,0.0,0.3118279569892473,0.22580645161290322,0.0,0.43010752688172044,0.0,0.0,0.03225806451612903,0.0,0.0,0.0,0.0,0.0,0.0,0.0,Cancer_Tumor,BRCA
2022_TabulaSapiens_Science_TabulaSapiens|TSP1_Lung_Proximal_smartseq2,0.0,0.0,0.058823529411764705,0.0,0.13725490196078433,0.0,0.0,0.0,0.0784313725490196,0.0,0.0,0.7254901960784313,0.0,0.0,0.0,0.0,Control,
2021_Elmentaite_Nature_Intestine|Human_colon_16S8001873,0.0,0.0,0.7472527472527473,0.0,0.11538461538461539,0.11538461538461539,0.0,0.0,0.02197802197802198,0.0,0.0,0.0,0.0,0.0,0.0,0.0,Control,
2022_Hwang_NatGenet_PDAC|T13_CRT,0.09304084720121028,0.0,0.3524962178517398,0.0,0.2980332829046899,0.01059001512859304,0.0,0.007564296520423601,0.17549167927382753,0.06278366111951589,0.0,0.0,0.0,0.0,0.0,0.0,Cancer_Tumor,PC
2023_Fonseca_NatGenet_Endometriosis|sample40,0.03797706335777402,0.0,0.07219402143260012,0.055649558187629254,0.004324121075390111,0.8078586200413611,0.0,0.0,0.021996615905245348,0.0,0.0,0.0,0.0,0.0,0.0,0.0,Non-malignant disease,
2023_Kong_Immunity_CD|N109389_L4,0.0,0.0,0.056818181818181816,0.29545454545454547,0.48863636363636365,0.1590909090909091,0.0,0.0,0.0,0.0,0.0,0.0,0.0,0.0,0.0,0.0,Non-malignant disease,
2020_Litvinukova_Nature_Heart|HCAHeartST13168796,0.0,0.0,0.09433962264150944,0.5471698113207547,0.0,0.12264150943396226,0.0,0.13679245283018868,0.09905660377358491,0.0,0.0,0.0,0.0,0.0,0.0,0.0,Control,
2023_Kong_Immunity_CD|N166301_N3,0.0,0.0,0.0,0.06609195402298851,0.0,0.9339080459770115,0.0,0.0,0.0,0.0,0.0,0.0,0.0,0.0,0.0,0.0,Non-malignant disease,
2022_Zhou_NatGenet_PDAC|HT060P1-S1R1A1G1Z1_1B2_1,0.0,0.0,0.10232558139534884,0.17209302325581396,0.0,0.06511627906976744,0.0,0.0,0.2,0.4604651162790698,0.0,0.0,0.0,0.0,0.0,0.0,Cancer_Tumor,PC
2020_Habermann_SciAdv_Lung-COVID19|GSM5226576_C53ctr,0.0,0.0,0.28225806451612906,0.0,0.2862903225806452,0.0846774193548387,0.0,0.0,0.024193548387096774,0.0,0.0,0.3225806451612903,0.0,0.0,0.0,0.0,Control,
2022_Hwang_NatGenet_PDAC|T22_Other,0.0,0.0,0.20224719101123595,0.06741573033707865,0.19101123595505617,0.12359550561797752,0.0,0.0,0.34831460674157305,0.06741573033707865,0.0,0.0,0.0,0.0,0.0,0.0,Cancer_Tumor,PC
2023_Lake_Nature_Kidney|LDPRE0194,0.0,0.0,0.10843373493975904,0.891566265060241,0.0,0.0,0.0,0.0,0.0,0.0,0.0,0.0,0.0,0.0,0.0,0.0,Control,
2020_Adams_SciAdv_IPF|021I,0.5443037974683544,0.0,0.06329113924050633,0.0,0.3291139240506329,0.029535864978902954,0.0,0.0,0.016877637130801686,0.0,0.0,0.016877637130801686,0.0,0.0,0.0,0.0,Non-malignant disease,
2022_Reichart_Science_Heart|BO_H36_LV0_premrna,0.0,0.0,0.11038961038961038,0.8766233766233766,0.0,0.0,0.0,0.0,0.012987012987012988,0.0,0.0,0.0,0.0,0.0,0.0,0.0,Non-malignant disease,
2023_Lake_Nature_Kidney|KB3,0.0,0.0,0.22522522522522523,0.05405405405405406,0.15315315315315314,0.0990990990990991,0.0,0.0,0.3153153153153153,0.0,0.0,0.036036036036036036,0.0,0.11711711711711711,0.0,0.0,Non-malignant disease,
2021_Chan_CancerCell_SCLC|RU1065C,0.0,0.0,0.0761904761904762,0.0,0.05714285714285714,0.26666666666666666,0.11428571428571428,0.0,0.2857142857142857,0.2,0.0,0.0,0.0,0.0,0.0,0.0,Cancer_Metastasis,SCLC
2023_Kumar_Nature_Breast|hbca_n23,0.0,0.0,0.2303473491773309,0.025594149908592323,0.5082266910420475,0.2340036563071298,0.0,0.0,0.0,0.0,0.0,0.0,0.0,0.0018281535648994515,0.0,0.0,Control,
2022_Reichart_Science_Heart|BS_DL2_LV0_premrna,0.0,0.0,0.03663003663003663,0.9542124542124543,0.0,0.009157509157509158,0.0,0.0,0.0,0.0,0.0,0.0,0.0,0.0,0.0,0.0,Non-malignant disease,
2023_Kumar_Nature_Breast|hbca_c34,0.2859641451683428,0.10275470048097946,0.08788806296458242,0.0,0.09575863576738085,0.1534761696545693,0.0,0.0,0.0,0.27415828596414515,0.0,0.0,0.0,0.0,0.0,0.0,Cancer_Tumor,BRCA
2023_Kumar_Nature_Breast|hbca_c85,0.524904214559387,0.06130268199233716,0.038314176245210725,0.0,0.10344827586206896,0.2720306513409962,0.0,0.0,0.0,0.0,0.0,0.0,0.0,0.0,0.0,0.0,Control,
2020_Litvinukova_Nature_Heart|HCAHeartST11350194,0.0,0.0,0.15570175438596492,0.631578947368421,0.03289473684210526,0.11403508771929824,0.0,0.008771929824561403,0.05043859649122807,0.0,0.0,0.0,0.0,0.006578947368421052,0.0,0.0,Control,
2020_Adams_SciAdv_IPF|59I,0.6101694915254238,0.0,0.1016949152542373,0.0,0.11016949152542373,0.0,0.0,0.0,0.11016949152542373,0.0,0.0,0.06779661016949153,0.0,0.0,0.0,0.0,Non-malignant disease,
2022_Reichart_Science_Heart|BO_H34_RV0_premrna,0.0,0.0,0.31666666666666665,0.6,0.0,0.0,0.0,0.041666666666666664,0.041666666666666664,0.0,0.0,0.0,0.0,0.0,0.0,0.0,Non-malignant disease,
BICCN|HSB340_1_S1,0.0,0.0,0.05806451612903226,0.0,0.0,0.035483870967741936,0.0,0.0,0.0,0.0,0.9064516129032258,0.0,0.0,0.0,0.0,0.0,Control,
2022_Hwang_NatGenet_PDAC|T1_CRT,0.0,0.0,0.058823529411764705,0.0,0.08235294117647059,0.8352941176470589,0.0,0.0,0.0,0.023529411764705882,0.0,0.0,0.0,0.0,0.0,0.0,Cancer_Tumor,PC
2021_Elmentaite_Nature_Intestine|4918STDY7447825,0.0,0.0,0.11904761904761904,0.38095238095238093,0.30952380952380953,0.13095238095238096,0.0,0.0,0.05952380952380952,0.0,0.0,0.0,0.0,0.0,0.0,0.0,Control,
2023_Kumar_Nature_Breast|hbca_c56,0.17105263157894737,0.01644736842105263,0.049342105263157895,0.1513157894736842,0.4243421052631579,0.1875,0.0,0.0,0.0,0.0,0.0,0.0,0.0,0.0,0.0,0.0,Control,
2022_Hwang_NatGenet_PDAC|U12_Untreated,0.0,0.0,0.23404255319148937,0.0,0.14184397163120568,0.0425531914893617,0.0,0.0,0.15602836879432624,0.41134751773049644,0.0,0.0070921985815602835,0.0,0.0070921985815602835,0.0,0.0,Cancer_Tumor,PC
2020_Litvinukova_Nature_Heart|HCAHeart8102859,0.06166630220861579,0.0,0.18018806035425322,0.758145637437131,0.0,0.0,0.0,0.0,0.0,0.0,0.0,0.0,0.0,0.0,0.0,0.0,Control,
2020_Litvinukova_Nature_Heart|HCAHeartST13189997,0.48214285714285715,0.0,0.13392857142857142,0.0625,0.24107142857142858,0.044642857142857144,0.008928571428571428,0.026785714285714284,0.0,0.0,0.0,0.0,0.0,0.0,0.0,0.0,Control,
2023_Kumar_Nature_Breast|hbca_c09,0.046031746031746035,0.0,0.015873015873015872,0.0746031746031746,0.46825396825396826,0.38412698412698415,0.0,0.0,0.011111111111111112,0.0,0.0,0.0,0.0,0.0,0.0,0.0,Control,
2022_Hwang_NatGenet_PDAC|T18_CRTl,0.09090909090909091,0.0,0.6212121212121212,0.0,0.0,0.0,0.0,0.0,0.18181818181818182,0.10606060606060606,0.0,0.0,0.0,0.0,0.0,0.0,Cancer_Tumor,PC
2020_Drokhlyansky_Cell_EntericNerve|H1_S4,0.0,0.0,0.31343283582089554,0.0,0.5671641791044776,0.04477611940298507,0.0,0.014925373134328358,0.05970149253731343,0.0,0.0,0.0,0.0,0.0,0.0,0.0,Cancer_AdjNorm,CRC
2022_Nee_NatGenet_Breast|GSM5320153_scRNA_ctrl2,0.7402413058907026,0.016323633782824698,0.050390347764371894,0.0,0.0248403122782115,0.0,0.0,0.0,0.0,0.16820440028388928,0.0,0.0,0.0,0.0,0.0,0.0,Control,
2022_Reichart_Science_Heart|BO_H02_LV0_premrna,0.0,0.0,0.36186770428015563,0.3346303501945525,0.0,0.04085603112840467,0.0019455252918287938,0.21011673151750973,0.05058365758754864,0.0,0.0,0.0,0.0,0.0,0.0,0.0,Non-malignant disease,
2022_TabulaSapiens_Science_TabulaSapiens|TSP14_Prostate_nan_10X,0.0,0.0,0.1232876712328767,0.0,0.0410958904109589,0.4383561643835616,0.0,0.0,0.3972602739726027,0.0,0.0,0.0,0.0,0.0,0.0,0.0,Control,
2020_Litvinukova_Nature_Heart|HCAHeart8102858,0.08993082244427364,0.0,0.04073789392774789,0.857033051498847,0.0,0.012298232129131437,0.0,0.0,0.0,0.0,0.0,0.0,0.0,0.0,0.0,0.0,Control,
2022_Zhou_NatGenet_PDAC|HT064P1-S1H9A2A1Z1_1B2_1,0.0,0.0,0.5060240963855421,0.0783132530120482,0.0,0.05421686746987952,0.0,0.0,0.1566265060240964,0.20481927710843373,0.0,0.0,0.0,0.0,0.0,0.0,Cancer_Tumor,PC
ROSMAP|191219-B9-A_Broad_S3,0.0,0.0,0.09090909090909091,0.0,0.0,0.06060606060606061,0.0,0.0,0.010101010101010102,0.0,0.8383838383838383,0.0,0.0,0.0,0.0,0.0,Control,
2020_Habermann_SciAdv_Lung-COVID19|GSM5226586_L06cov,0.0,0.0,0.08979591836734693,0.0,0.6122448979591837,0.061224489795918366,0.0,0.0,0.02040816326530612,0.0,0.0,0.2163265306122449,0.0,0.0,0.0,0.0,Non-malignant disease,
2020_Habermann_SciAdv_Lung-COVID19|GSM5226588_L08cov,0.0,0.0,0.16184971098265896,0.0,0.6647398843930635,0.09248554913294797,0.0,0.0,0.0,0.0,0.0,0.08092485549132948,0.0,0.0,0.0,0.0,Non-malignant disease,
2022_Hwang_NatGenet_PDAC|U16_Untreated,0.0,0.0,0.07272727272727272,0.0,0.0,0.0,0.0,0.01818181818181818,0.0,0.9090909090909091,0.0,0.0,0.0,0.0,0.0,0.0,Cancer_Tumor,PC
2020_Habermann_SciAdv_Lung-COVID19|GSM5226592_L12cov,0.0,0.0,0.13071895424836602,0.0,0.4444444444444444,0.38562091503267976,0.0,0.0,0.0,0.0,0.0,0.0392156862745098,0.0,0.0,0.0,0.0,Non-malignant disease,
2023_Lake_Nature_Kidney|LDPRE0181,0.057692307692307696,0.0,0.23076923076923078,0.6153846153846154,0.0,0.038461538461538464,0.0,0.0,0.057692307692307696,0.0,0.0,0.0,0.0,0.0,0.0,0.0,Control,
2023_Kumar_Nature_Breast|hbca_c94,0.709832134292566,0.014388489208633094,0.07913669064748201,0.0,0.050359712230215826,0.14628297362110312,0.0,0.0,0.0,0.0,0.0,0.0,0.0,0.0,0.0,0.0,Control,
2023_Hirz_NatComm_Prostate|GSM5494350_SCG-PCA3-T-LG,0.2668711656441718,0.0,0.13496932515337423,0.027607361963190184,0.0,0.5552147239263804,0.0,0.0,0.0,0.015337423312883436,0.0,0.0,0.0,0.0,0.0,0.0,Cancer_Tumor,PRC
2023_Kumar_Nature_Breast|hbca_c140,0.22686567164179106,0.3253731343283582,0.19402985074626866,0.04477611940298507,0.050746268656716415,0.1582089552238806,0.0,0.0,0.0,0.0,0.0,0.0,0.0,0.0,0.0,0.0,Control,
2022_Reichart_Science_Heart|BO_H09_LV0_premrna,0.0,0.0,0.2887323943661972,0.5422535211267606,0.035211267605633804,0.0,0.0,0.056338028169014086,0.07746478873239436,0.0,0.0,0.0,0.0,0.0,0.0,0.0,Non-malignant disease,
2022_Reichart_Science_Heart|BO_H22_LV0_premrna,0.0,0.0,0.15471698113207547,0.7547169811320755,0.022641509433962263,0.0,0.0,0.018867924528301886,0.04905660377358491,0.0,0.0,0.0,0.0,0.0,0.0,0.0,Non-malignant disease,
2022_Nee_NatGenet_Breast|GSM5320159_scRNA_ctrl8,0.6535947712418301,0.0,0.002178649237472767,0.0,0.054466230936819175,0.17429193899782136,0.0,0.0,0.0,0.11546840958605664,0.0,0.0,0.0,0.0,0.0,0.0,Control,
2020_Adams_SciAdv_IPF|022C-b,0.07692307692307693,0.0,0.2,0.0,0.23076923076923078,0.046153846153846156,0.0,0.0,0.03076923076923077,0.0,0.0,0.4153846153846154,0.0,0.0,0.0,0.0,Control,
2023_Kong_Immunity_CD|N105598_L1,0.0,0.0,0.015151515151515152,0.6818181818181818,0.13636363636363635,0.045454545454545456,0.0,0.0,0.10606060606060606,0.015151515151515152,0.0,0.0,0.0,0.0,0.0,0.0,Non-malignant disease,
2021_Garcia-Alonso_NatGenet_Endometrial|4861STDY7387183,0.2752420470262794,0.0,0.07814661134163209,0.011065006915629323,0.0,0.5850622406639004,0.0,0.0013831258644536654,0.04910096818810512,0.0,0.0,0.0,0.0,0.0,0.0,0.0,Control,
2022_Gur_Cell_Sceleroderma|GSM5837128_AB13789,0.0,0.0,0.008695652173913044,0.02608695652173913,0.0,0.9565217391304348,0.0,0.0,0.0,0.008695652173913044,0.0,0.0,0.0,0.0,0.0,0.0,Non-malignant disease,
2023_Kong_Immunity_CD|N168051_L2,0.0,0.0,0.17105263157894737,0.6052631578947368,0.18421052631578946,0.0,0.0,0.0,0.039473684210526314,0.0,0.0,0.0,0.0,0.0,0.0,0.0,Non-malignant disease,
2023_Kumar_Nature_Breast|hbca_c151,0.717628705148206,0.0998439937597504,0.0967238689547582,0.0,0.0062402496099844,0.07956318252730109,0.0,0.0,0.0,0.0,0.0,0.0,0.0,0.0,0.0,0.0,Control,
2023_Kong_Immunity_CD|H197396_N1,0.24087591240875914,0.0,0.145985401459854,0.0364963503649635,0.48175182481751827,0.0948905109489051,0.0,0.0,0.0,0.0,0.0,0.0,0.0,0.0,0.0,0.0,Control,
2022_Nee_NatGenet_Breast|GSM5320168_scRNA_brca6,0.9781818181818182,0.0,0.0,0.0,0.012363636363636363,0.0,0.0,0.0,0.0,0.009454545454545455,0.0,0.0,0.0,0.0,0.0,0.0,Control,
2023_Kumar_Nature_Breast|hbca_c80,0.4661290322580645,0.08709677419354839,0.12096774193548387,0.008064516129032258,0.13225806451612904,0.18548387096774194,0.0,0.0,0.0,0.0,0.0,0.0,0.0,0.0,0.0,0.0,Control,
2020_Adams_SciAdv_IPF|49I-a,0.20270270270270271,0.0,0.08108108108108109,0.0,0.33783783783783783,0.14864864864864866,0.0,0.0,0.0,0.013513513513513514,0.0,0.21621621621621623,0.0,0.0,0.0,0.0,Non-malignant disease,
2020_Drokhlyansky_Cell_EntericNerve|H1_S9,0.05555555555555555,0.0,0.23809523809523808,0.0,0.5317460317460317,0.09523809523809523,0.0,0.031746031746031744,0.031746031746031744,0.0,0.0,0.0,0.0,0.015873015873015872,0.0,0.0,Cancer_AdjNorm,CRC
2022_TabulaSapiens_Science_TabulaSapiens|TSP7_Tongue_Posterior_10X,0.47368421052631576,0.0,0.10526315789473684,0.05263157894736842,0.2894736842105263,0.0,0.0,0.0,0.0,0.07894736842105263,0.0,0.0,0.0,0.0,0.0,0.0,Control,
2020_Litvinukova_Nature_Heart|HCAHeart7844002,0.0,0.0,0.26542056074766357,0.6056074766355141,0.0,0.08971962616822429,0.0,0.020560747663551402,0.018691588785046728,0.0,0.0,0.0,0.0,0.0,0.0,0.0,Control,
Velmeshev2019|5387_BA9,0.0,0.0,0.0,0.0,0.017543859649122806,0.543859649122807,0.0,0.0,0.0,0.0,0.43859649122807015,0.0,0.0,0.0,0.0,0.0,Control,
2020_Litvinukova_Nature_Heart|HCAHeart7835148,0.0,0.0,0.07446808510638298,0.3829787234042553,0.13829787234042554,0.3829787234042553,0.0,0.0,0.010638297872340425,0.0,0.0,0.010638297872340425,0.0,0.0,0.0,0.0,Control,
2023_Lake_Nature_Kidney|DKD2910006b,0.0,0.0,0.15789473684210525,0.8157894736842105,0.0,0.02631578947368421,0.0,0.0,0.0,0.0,0.0,0.0,0.0,0.0,0.0,0.0,Non-malignant disease,
2022_Gur_Cell_Sceleroderma|GSM5837125_AB13786,0.0,0.0,0.0,0.1875,0.0,0.78125,0.0,0.0,0.0,0.03125,0.0,0.0,0.0,0.0,0.0,0.0,Non-malignant disease,
2023_Kumar_Nature_Breast|hbca_n20,0.0,0.0,0.06395348837209303,0.00872093023255814,0.7863372093023255,0.1308139534883721,0.0,0.0,0.0,0.0,0.0,0.0,0.0,0.010174418604651164,0.0,0.0,Control,
2020_Drokhlyansky_Cell_EntericNerve|H10_S55,0.018518518518518517,0.0,0.3925925925925926,0.0,0.5407407407407407,0.03333333333333333,0.007407407407407408,0.003703703703703704,0.0,0.0,0.0,0.0,0.0,0.003703703703703704,0.0,0.0,Cancer_AdjNorm,CRC
2023_Wang_SciAdv_CRC|s0813_Liver_Tumor,0.13861386138613863,0.009900990099009901,0.18811881188118812,0.04950495049504951,0.0,0.0,0.0297029702970297,0.0,0.13861386138613863,0.42574257425742573,0.0,0.0,0.0,0.0,0.0,0.019801980198019802,Cancer_Metastasis,CRC
2022_Hwang_NatGenet_PDAC|T25_Other,0.0,0.0,0.0,0.0,0.034482758620689655,0.08620689655172414,0.0,0.0,0.0,0.8620689655172413,0.0,0.0,0.0,0.017241379310344827,0.0,0.0,Cancer_Tumor,PC
2020_Habermann_SciAdv_Lung-COVID19|GSM5226578_C55ctr,0.0,0.0,0.08870967741935484,0.0,0.41935483870967744,0.024193548387096774,0.0,0.0,0.0,0.0,0.0,0.46774193548387094,0.0,0.0,0.0,0.0,Control,
2020_Adams_SciAdv_IPF|034I-a,0.40789473684210525,0.0,0.125,0.0,0.26973684210526316,0.023026315789473683,0.0,0.0,0.023026315789473683,0.04276315789473684,0.0,0.10855263157894737,0.0,0.0,0.0,0.0,Non-malignant disease,
2022_Reichart_Science_Heart|BO_H27_LV0_premrna,0.0,0.0,0.20689655172413793,0.6995073891625616,0.0,0.019704433497536946,0.0,0.0,0.07389162561576355,0.0,0.0,0.0,0.0,0.0,0.0,0.0,Non-malignant disease,
2022_Reichart_Science_Heart|BO_H08_S00_premrna,0.0,0.0,0.2606741573033708,0.6179775280898876,0.015730337078651686,0.0022471910112359553,0.0,0.008988764044943821,0.09438202247191012,0.0,0.0,0.0,0.0,0.0,0.0,0.0,Non-malignant disease,
2020_Litvinukova_Nature_Heart|HCAHeart7880860,0.0,0.0,0.06153846153846154,0.8307692307692308,0.0,0.1076923076923077,0.0,0.0,0.0,0.0,0.0,0.0,0.0,0.0,0.0,0.0,Control,
2023_Lake_Nature_Kidney|LDPRE19025,0.0,0.0,0.10126582278481013,0.8987341772151899,0.0,0.0,0.0,0.0,0.0,0.0,0.0,0.0,0.0,0.0,0.0,0.0,Control,
2020_Litvinukova_Nature_Heart|HCAHeart7606896,0.0,0.0,0.140625,0.78125,0.0,0.078125,0.0,0.0,0.0,0.0,0.0,0.0,0.0,0.0,0.0,0.0,Control,
2021_Wu_NatGenet_Breast|CID4067,0.2553191489361702,0.0,0.0851063829787234,0.0,0.0,0.5319148936170213,0.0,0.0,0.0,0.1276595744680851,0.0,0.0,0.0,0.0,0.0,0.0,Cancer_Tumor,BRCA
2023_Hickey_Nature_Intestine|B011-A-401,0.0,0.0,0.1509433962264151,0.03773584905660377,0.3018867924528302,0.0,0.0,0.0,0.18867924528301888,0.0,0.0,0.0,0.0,0.32075471698113206,0.0,0.0,Control,
2022_Reichart_Science_Heart|BO_H55_RV0_premrna,0.0,0.0,0.5528455284552846,0.24390243902439024,0.0,0.032520325203252036,0.0,0.056910569105691054,0.024390243902439025,0.08943089430894309,0.0,0.0,0.0,0.0,0.0,0.0,Control,
2023_Kumar_Nature_Breast|hbca_c164,0.6036036036036037,0.15915915915915915,0.11711711711711711,0.0,0.08408408408408409,0.036036036036036036,0.0,0.0,0.0,0.0,0.0,0.0,0.0,0.0,0.0,0.0,Control,
2023_Kumar_Nature_Breast|hbca_n17,0.0,0.0,0.2605932203389831,0.22033898305084745,0.23940677966101695,0.1483050847457627,0.0,0.0,0.11652542372881355,0.0,0.0,0.0,0.0,0.014830508474576272,0.0,0.0,Control,
2023_Kumar_Nature_Breast|hbca_c97,0.726161369193154,0.05256723716381418,0.08679706601466992,0.0,0.0745721271393643,0.05990220048899755,0.0,0.0,0.0,0.0,0.0,0.0,0.0,0.0,0.0,0.0,Control,
2022_Madissoon_NatGenet_Lung|5841STDY7991486,0.005698005698005698,0.005698005698005698,0.07977207977207977,0.0,0.301994301994302,0.002849002849002849,0.0,0.0,0.03133903133903134,0.002849002849002849,0.0,0.5669515669515669,0.0,0.0,0.0,0.002849002849002849,Control,
2023_Hirz_NatComm_Prostate|GSM5494343_HP2,0.015037593984962405,0.0,0.0,0.0,0.0,0.9849624060150376,0.0,0.0,0.0,0.0,0.0,0.0,0.0,0.0,0.0,0.0,Control,
2020_Litvinukova_Nature_Heart|HCAHeart7850542,0.0,0.0,0.2639593908629442,0.5888324873096447,0.0,0.04568527918781726,0.0,0.02030456852791878,0.08121827411167512,0.0,0.0,0.0,0.0,0.0,0.0,0.0,Control,
2022_Madissoon_NatGenet_Lung|WSSS8015048,0.5955056179775281,0.011235955056179775,0.21348314606741572,0.0,0.10112359550561797,0.02247191011235955,0.0,0.0,0.02247191011235955,0.033707865168539325,0.0,0.0,0.0,0.0,0.0,0.0,Control,
2021_Melms_Nature_Lung-COVID19|C53ctr,0.0,0.0,0.29435483870967744,0.0,0.2862903225806452,0.06854838709677419,0.0,0.0,0.024193548387096774,0.0,0.0,0.32661290322580644,0.0,0.0,0.0,0.0,Control,
2022_Reichart_Science_Heart|BO_H80_S00_premrna,0.0,0.0,0.1182170542635659,0.8294573643410853,0.0,0.01744186046511628,0.0,0.0,0.03488372093023256,0.0,0.0,0.0,0.0,0.0,0.0,0.0,Non-malignant disease,
2023_Kumar_Nature_Breast|hbca_c117,0.5180878552971576,0.268733850129199,0.07364341085271318,0.0,0.007751937984496124,0.13178294573643412,0.0,0.0,0.0,0.0,0.0,0.0,0.0,0.0,0.0,0.0,Cancer_Tumor,BRCA
2020_Drokhlyansky_Cell_EntericNerve|H1_S5,0.03333333333333333,0.0,0.2,0.0,0.6166666666666667,0.05,0.016666666666666666,0.0,0.06666666666666667,0.0,0.0,0.0,0.0,0.016666666666666666,0.0,0.0,Cancer_AdjNorm,CRC
2022_Reichart_Science_Heart|ED_DS3_LV0_premrna,0.0,0.0,0.3942857142857143,0.5371428571428571,0.0,0.06285714285714286,0.0,0.0,0.005714285714285714,0.0,0.0,0.0,0.0,0.0,0.0,0.0,Non-malignant disease,
2022_Madissoon_NatGenet_Lung|WTDAtest7732269,0.0,0.0,0.013215859030837005,0.0007342143906020558,0.4919236417033774,0.011747430249632892,0.0,0.0,0.0007342143906020558,0.0,0.0,0.47944199706314244,0.0,0.0,0.0022026431718061676,0.0,Control,
2021_Pelka_Cell_CRC|C163_T_1_1_0_c1_v3,0.296875,0.0,0.21875,0.0,0.03125,0.0,0.0,0.0,0.0,0.453125,0.0,0.0,0.0,0.0,0.0,0.0,Cancer_Tumor,CRC
2023_Kong_Immunity_CD|N130064_N2,0.2665964172813488,0.0,0.1506849315068493,0.06111696522655427,0.1506849315068493,0.37091675447839834,0.0,0.0,0.0,0.0,0.0,0.0,0.0,0.0,0.0,0.0,Non-malignant disease,
2022_Emont_Nature_WAT|Hs_OAT_266-1,0.0,0.0,0.29508196721311475,0.06557377049180328,0.5355191256830601,0.08196721311475409,0.0,0.0,0.02185792349726776,0.0,0.0,0.0,0.0,0.0,0.0,0.0,Control,
ROSMAP|191213-B7-A_Broad_S1,0.0,0.0,0.3793103448275862,0.0,0.0,0.12643678160919541,0.0,0.0,0.0,0.011494252873563218,0.4827586206896552,0.0,0.0,0.0,0.0,0.0,Control,
2023_Kumar_Nature_Breast|hbca_c33,0.3675847457627119,0.034957627118644065,0.025423728813559324,0.0,0.1885593220338983,0.12182203389830508,0.0,0.0,0.0,0.2616525423728814,0.0,0.0,0.0,0.0,0.0,0.0,Cancer_Tumor,BRCA
2022_TabulaSapiens_Science_TabulaSapiens|TSP4_Mammary_nan_10X,0.44363636363636366,0.0,0.04,0.0,0.09818181818181818,0.0,0.0,0.0,0.0,0.41818181818181815,0.0,0.0,0.0,0.0,0.0,0.0,Control,
2022_Reichart_Science_Heart|BO_H37_S00_premrna,0.0,0.0,0.23125,0.51875,0.0,0.0,0.0,0.13125,0.11875,0.0,0.0,0.0,0.0,0.0,0.0,0.0,Non-malignant disease,
2023_Hirz_NatComm_Prostate|GSM5494358_SCG-PCA7-T-HG,0.2857142857142857,0.0,0.08928571428571429,0.03571428571428571,0.0,0.5714285714285714,0.0,0.0,0.0,0.0,0.0,0.0,0.017857142857142856,0.0,0.0,0.0,Cancer_Tumor,PRC
2022_Hwang_NatGenet_PDAC|U11_Untreated,0.0,0.0,0.2827586206896552,0.0,0.034482758620689655,0.05517241379310345,0.0,0.0,0.14482758620689656,0.4827586206896552,0.0,0.0,0.0,0.0,0.0,0.0,Cancer_Tumor,PC
2022_Reichart_Science_Heart|BO_H09_RV0_premrna,0.0,0.0,0.354978354978355,0.47186147186147187,0.04329004329004329,0.030303030303030304,0.0,0.03463203463203463,0.06493506493506493,0.0,0.0,0.0,0.0,0.0,0.0,0.0,Non-malignant disease,
2022_Reichart_Science_Heart|BO_H59_LV0_premrna,0.0,0.0,0.25704225352112675,0.6936619718309859,0.0017605633802816902,0.007042253521126761,0.0,0.0,0.03345070422535211,0.0,0.0,0.0,0.007042253521126761,0.0,0.0,0.0,Non-malignant disease,
2023_Monavarfeshani_PNAS_Eye|Pt13Cho,0.0,0.0,0.6796116504854369,0.0,0.0,0.0,0.0024271844660194173,0.0048543689320388345,0.2961165048543689,0.01699029126213592,0.0,0.0,0.0,0.0,0.0,0.0,Control,
2022_Reichart_Science_Heart|BO_H31_RVW_premrna,0.0,0.0,0.09392265193370165,0.6519337016574586,0.027624309392265192,0.016574585635359115,0.0,0.055248618784530384,0.15469613259668508,0.0,0.0,0.0,0.0,0.0,0.0,0.0,Non-malignant disease,
2020_Litvinukova_Nature_Heart|HCAHeart7745967,0.0,0.0,0.17647058823529413,0.8151260504201681,0.0,0.008403361344537815,0.0,0.0,0.0,0.0,0.0,0.0,0.0,0.0,0.0,0.0,Control,
2023_Monavarfeshani_PNAS_Eye|Pt8PPS,0.05172413793103448,0.0,0.7068965517241379,0.0,0.0,0.022988505747126436,0.0,0.0,0.21839080459770116,0.0,0.0,0.0,0.0,0.0,0.0,0.0,Control,
2022_Reichart_Science_Heart|BO_H12_RV0_premrna,0.0,0.0,0.0958904109589041,0.8013698630136986,0.0,0.08904109589041095,0.0,0.0,0.0,0.0,0.0,0.0,0.0,0.0136986301369863,0.0,0.0,Non-malignant disease,
2021_Elmentaite_Nature_Intestine|WTDAtest7844024,0.0136986301369863,0.0,0.3972602739726027,0.0821917808219178,0.0410958904109589,0.1232876712328767,0.0,0.0,0.3424657534246575,0.0,0.0,0.0,0.0,0.0,0.0,0.0,Control,
2023_Hickey_Nature_Intestine|B008-A-301,0.0,0.0,0.15254237288135594,0.0,0.576271186440678,0.03389830508474576,0.0,0.0,0.0847457627118644,0.0,0.0,0.0,0.0,0.15254237288135594,0.0,0.0,Control,
2022_Reichart_Science_Heart|BO_H40_S00_premrna,0.0,0.0,0.19130434782608696,0.7130434782608696,0.0,0.06086956521739131,0.0,0.0,0.02608695652173913,0.008695652173913044,0.0,0.0,0.0,0.0,0.0,0.0,Non-malignant disease,
2022_TabulaSapiens_Science_TabulaSapiens|TSP10_Skin_nan_10X,0.7568058076225045,0.0,0.09437386569872959,0.0,0.038112522686025406,0.0,0.0,0.0,0.0,0.11070780399274047,0.0,0.0,0.0,0.0,0.0,0.0,Control,
2023_Fonseca_NatGenet_Endometriosis|sample29,0.2857142857142857,0.0,0.21674876847290642,0.0,0.2733990147783251,0.15270935960591134,0.0,0.012315270935960592,0.0,0.05665024630541872,0.0,0.0,0.0,0.0024630541871921183,0.0,0.0,Non-malignant disease,
2022_Reichart_Science_Heart|BS_DP2_LV0_premrna,0.0,0.0,0.1928374655647383,0.6253443526170799,0.03305785123966942,0.0,0.0,0.008264462809917356,0.14049586776859505,0.0,0.0,0.0,0.0,0.0,0.0,0.0,Non-malignant disease,
2021_Pelka_Cell_CRC|C162_T_0_0_0_c2_v2,0.13636363636363635,0.0,0.045454545454545456,0.19318181818181818,0.06818181818181818,0.19318181818181818,0.0,0.0,0.011363636363636364,0.3522727272727273,0.0,0.0,0.0,0.0,0.0,0.0,Cancer_Tumor,CRC
2021_Melms_Nature_Lung-COVID19|L17cov,0.0,0.0,0.141439205955335,0.0,0.5037220843672456,0.10669975186104218,0.0,0.0,0.022332506203473945,0.0,0.0,0.22580645161290322,0.0,0.0,0.0,0.0,Non-malignant disease,
2022_Madissoon_NatGenet_Lung|WSSS8123928,0.6422018348623854,0.0,0.11926605504587157,0.009174311926605505,0.10091743119266056,0.08256880733944955,0.0,0.0,0.009174311926605505,0.03669724770642202,0.0,0.0,0.0,0.0,0.0,0.0,Control,
2020_Litvinukova_Nature_Heart|HCAHeartST11350196,0.0,0.0,0.19230769230769232,0.38461538461538464,0.21794871794871795,0.02564102564102564,0.0,0.0,0.1794871794871795,0.0,0.0,0.0,0.0,0.0,0.0,0.0,Control,
2022_Reichart_Science_Heart|BO_H10_RV0_premrna,0.0,0.0,0.16993464052287582,0.6557734204793029,0.034858387799564274,0.0,0.0,0.054466230936819175,0.08496732026143791,0.0,0.0,0.0,0.0,0.0,0.0,0.0,Non-malignant disease,
Xie2021|R1_TP,0.0,0.0,0.0594059405940594,0.009900990099009901,0.0,0.07920792079207921,0.0,0.0,0.0,0.0,0.8514851485148515,0.0,0.0,0.0,0.0,0.0,Control,
2023_Fonseca_NatGenet_Endometriosis|sample12,0.0,0.003076923076923077,0.08615384615384615,0.0,0.31076923076923074,0.49230769230769234,0.0,0.0,0.0,0.08923076923076922,0.0,0.0,0.0,0.018461538461538463,0.0,0.0,Non-malignant disease,
2023_Hickey_Nature_Intestine|B005-A-002,0.0,0.0,0.12727272727272726,0.0,0.7090909090909091,0.09090909090909091,0.0,0.0,0.07272727272727272,0.0,0.0,0.0,0.0,0.0,0.0,0.0,Control,
2022_Reichart_Science_Heart|BO_H26_LV0_premrna,0.0,0.0,0.24378109452736318,0.7562189054726368,0.0,0.0,0.0,0.0,0.0,0.0,0.0,0.0,0.0,0.0,0.0,0.0,Non-malignant disease,
2022_Reichart_Science_Heart|BO_H19_LV0_premrna,0.0,0.0,0.20725388601036268,0.7357512953367875,0.0,0.0,0.0,0.0051813471502590676,0.05181347150259067,0.0,0.0,0.0,0.0,0.0,0.0,0.0,Non-malignant disease,
BICCN|10X171-1_S01,0.0,0.0,0.0,0.010416666666666666,0.0,0.9375,0.0,0.0,0.0,0.0,0.052083333333333336,0.0,0.0,0.0,0.0,0.0,Control,
2022_Reichart_Science_Heart|BO_H35_S0N_premrna,0.0,0.0,0.24468085106382978,0.700354609929078,0.0,0.0,0.0,0.0017730496453900709,0.05319148936170213,0.0,0.0,0.0,0.0,0.0,0.0,0.0,Non-malignant disease,
BICCN|10X224-2_S01,0.0,0.0,0.189873417721519,0.0,0.0,0.16455696202531644,0.0,0.0,0.0,0.012658227848101266,0.6329113924050633,0.0,0.0,0.0,0.0,0.0,Control,
2023_Kong_Immunity_CD|N165697_L1,0.0,0.0,0.0,0.4107142857142857,0.42857142857142855,0.08928571428571429,0.0,0.0,0.07142857142857142,0.0,0.0,0.0,0.0,0.0,0.0,0.0,Non-malignant disease,
2022_Guilliams_Cell_Liver|CS44,0.0,0.0,0.0,0.05333333333333334,0.0,0.05333333333333334,0.8933333333333333,0.0,0.0,0.0,0.0,0.0,0.0,0.0,0.0,0.0,Cancer_Metastasis,CRC
2021_Pelka_Cell_CRC|C162_T_0_0_1_c1_v3,0.4152542372881356,0.0,0.0847457627118644,0.1864406779661017,0.0,0.025423728813559324,0.0,0.0,0.03389830508474576,0.2542372881355932,0.0,0.0,0.0,0.0,0.0,0.0,Cancer_Tumor,CRC
2023_Lake_Nature_Kidney|KB8,0.0,0.0,0.558641975308642,0.0,0.033950617283950615,0.0,0.0,0.0,0.027777777777777776,0.0,0.0,0.0,0.0,0.37962962962962965,0.0,0.0,Non-malignant disease,
2021_Wu_NatGenet_Breast|CID4513,0.088,0.0,0.288,0.0,0.0,0.0,0.0,0.0,0.0,0.624,0.0,0.0,0.0,0.0,0.0,0.0,Cancer_Tumor,BRCA
2023_Kong_Immunity_CD|H197396_N3,0.3010752688172043,0.0,0.1935483870967742,0.10215053763440861,0.3118279569892473,0.0913978494623656,0.0,0.0,0.0,0.0,0.0,0.0,0.0,0.0,0.0,0.0,Control,
2022_Reichart_Science_Heart|BO_H02_S00_premrna,0.0,0.0,0.3832923832923833,0.3931203931203931,0.0,0.10565110565110565,0.0,0.0,0.11793611793611794,0.0,0.0,0.0,0.0,0.0,0.0,0.0,Non-malignant disease,
2023_Hirz_NatComm_Prostate|GSM5494359_SCG-PCA8-T-HG,0.4032258064516129,0.04838709677419355,0.22580645161290322,0.06451612903225806,0.0,0.1935483870967742,0.0,0.0,0.03225806451612903,0.016129032258064516,0.0,0.0,0.0,0.016129032258064516,0.0,0.0,Cancer_Tumor,PRC
2023_Kumar_Nature_Breast|hbca_c119,0.4334916864608076,0.15914489311163896,0.10688836104513064,0.057007125890736345,0.0855106888361045,0.15795724465558195,0.0,0.0,0.0,0.0,0.0,0.0,0.0,0.0,0.0,0.0,Control,
2023_Kumar_Nature_Breast|hbca_c44,0.40168243953732913,0.017875920084121977,0.0935856992639327,0.022082018927444796,0.1587802313354364,0.05783385909568875,0.0,0.0,0.0,0.24815983175604628,0.0,0.0,0.0,0.0,0.0,0.0,Cancer_Tumor,BRCA
2022_Kumar_CancerDis_Gastric|GSM5573470_sample5,0.0,0.02608695652173913,0.17391304347826086,0.7043478260869566,0.0,0.06956521739130435,0.0,0.0,0.02608695652173913,0.0,0.0,0.0,0.0,0.0,0.0,0.0,Cancer_Tumor,GC
2022_Nee_NatGenet_Breast|GSM5320158_scRNA_ctrl7,0.9741935483870968,0.0,0.0,0.0,0.0,0.01129032258064516,0.0,0.0,0.0,0.014516129032258065,0.0,0.0,0.0,0.0,0.0,0.0,Control,
2023_Fonseca_NatGenet_Endometriosis|sample30,0.5576923076923077,0.0,0.17307692307692307,0.0,0.0,0.0,0.0,0.0,0.0,0.019230769230769232,0.0,0.0,0.0,0.25,0.0,0.0,Non-malignant disease,
2022_Madissoon_NatGenet_Lung|HCA_A_LNG9387712,0.021739130434782608,0.0,0.13043478260869565,0.0,0.2391304347826087,0.05434782608695652,0.0,0.010869565217391304,0.043478260869565216,0.0,0.0,0.4891304347826087,0.0,0.010869565217391304,0.0,0.0,Control,
2021_Melms_Nature_Lung-COVID19|C52ctr,0.016666666666666666,0.011111111111111112,0.2,0.0,0.2222222222222222,0.011111111111111112,0.0,0.011111111111111112,0.0,0.011111111111111112,0.0,0.5166666666666667,0.0,0.0,0.0,0.0,Control,
2021_Chan_CancerCell_SCLC|RU1144_T,0.1016949152542373,0.0,0.03389830508474576,0.0,0.0,0.2711864406779661,0.0,0.0,0.0,0.5932203389830508,0.0,0.0,0.0,0.0,0.0,0.0,Cancer_Tumor,SCLC
2023_Fonseca_NatGenet_Endometriosis|sample38,0.019037546271813855,0.005288207297726071,0.10206240084611316,0.0,0.0,0.8397673188789001,0.0,0.004759386567953464,0.0,0.02908514013749339,0.0,0.0,0.0,0.0,0.0,0.0,Non-malignant disease,
2022_Reichart_Science_Heart|BO_H16_LV0_premrna,0.0,0.0,0.13,0.725,0.0,0.015,0.0,0.0,0.115,0.0,0.0,0.0,0.0,0.015,0.0,0.0,Non-malignant disease,
2023_Kong_Immunity_CD|I130064_N3,0.09751434034416825,0.0,0.06500956022944551,0.0,0.06309751434034416,0.7743785850860421,0.0,0.0,0.0,0.0,0.0,0.0,0.0,0.0,0.0,0.0,Non-malignant disease,
2023_Lake_Nature_Kidney|KC84,0.0,0.0,0.23880597014925373,0.5671641791044776,0.07462686567164178,0.04477611940298507,0.0,0.0,0.0,0.0,0.0,0.0,0.0,0.07462686567164178,0.0,0.0,Control,
2020_Litvinukova_Nature_Heart|HCAHeart8287128,0.09027777777777778,0.0,0.2013888888888889,0.24305555555555555,0.3819444444444444,0.013888888888888888,0.0,0.020833333333333332,0.04861111111111111,0.0,0.0,0.0,0.0,0.0,0.0,0.0,Control,
2021_Chan_CancerCell_SCLC|RU1128,0.0,0.0,0.23248407643312102,0.03821656050955414,0.054140127388535034,0.1624203821656051,0.0,0.025477707006369428,0.20063694267515925,0.0,0.0,0.28662420382165604,0.0,0.0,0.0,0.0,Cancer_Tumor,NSCLC
2023_Fonseca_NatGenet_Endometriosis|sample22,0.18461538461538463,0.0,0.055384615384615386,0.0,0.24307692307692308,0.4369230769230769,0.0,0.0,0.0,0.08,0.0,0.0,0.0,0.0,0.0,0.0,Non-malignant disease,
2021_Elmentaite_Nature_Intestine|4918STDY7923744,0.0,0.0,0.07462686567164178,0.5074626865671642,0.26865671641791045,0.14925373134328357,0.0,0.0,0.0,0.0,0.0,0.0,0.0,0.0,0.0,0.0,Control,
2023_Lake_Nature_Kidney|AKI3010018,0.0,0.0,0.31343283582089554,0.208955223880597,0.04477611940298507,0.417910447761194,0.0,0.0,0.014925373134328358,0.0,0.0,0.0,0.0,0.0,0.0,0.0,Non-malignant disease,
2021_Melms_Nature_Lung-COVID19|L22cov,0.0,0.0,0.03076923076923077,0.0,0.6615384615384615,0.26153846153846155,0.0,0.0,0.0,0.0,0.0,0.046153846153846156,0.0,0.0,0.0,0.0,Non-malignant disease,
2022_Reichart_Science_Heart|BO_H35_RV0_premrna,0.0,0.0,0.21550094517958412,0.7353497164461248,0.0,0.0,0.0,0.0,0.04914933837429111,0.0,0.0,0.0,0.0,0.0,0.0,0.0,Non-malignant disease,
2023_Lake_Nature_Kidney|DKD2910012,0.0,0.0,0.11893203883495146,0.7354368932038835,0.019417475728155338,0.0825242718446602,0.0,0.0,0.0,0.03398058252427184,0.0,0.0,0.0,0.009708737864077669,0.0,0.0,Non-malignant disease,
2022_Reichart_Science_Heart|BO_H13_LV0_premrna,0.0,0.0,0.08227848101265822,0.7932489451476793,0.010548523206751054,0.0,0.0,0.08227848101265822,0.03164556962025317,0.0,0.0,0.0,0.0,0.0,0.0,0.0,Non-malignant disease,
2023_Lake_Nature_Kidney|KM72,0.0,0.0,0.5021459227467812,0.0,0.02145922746781116,0.0,0.004291845493562232,0.0,0.0,0.0,0.0,0.0,0.0,0.4721030042918455,0.0,0.0,Control,
2020_Adams_SciAdv_IPF|138I-a,0.5416666666666666,0.0,0.2222222222222222,0.0,0.1736111111111111,0.0,0.0,0.0,0.0,0.0,0.0,0.0625,0.0,0.0,0.0,0.0,Non-malignant disease,
2022_Hwang_NatGenet_PDAC|T7_CRT,0.0,0.0,0.27472527472527475,0.0,0.054945054945054944,0.5384615384615384,0.0,0.0,0.03296703296703297,0.054945054945054944,0.0,0.0,0.0,0.04395604395604396,0.0,0.0,Cancer_Tumor,PC
2021_Pelka_Cell_CRC|C125_N_1_1_0_c1_v2,0.0,0.0,0.24390243902439024,0.35365853658536583,0.18292682926829268,0.12195121951219512,0.0,0.0,0.0975609756097561,0.0,0.0,0.0,0.0,0.0,0.0,0.0,Control,
2023_Fonseca_NatGenet_Endometriosis|sample20,0.0447427293064877,0.0,0.07606263982102908,0.0,0.31096196868008946,0.5682326621923938,0.0,0.0,0.0,0.0,0.0,0.0,0.0,0.0,0.0,0.0,Non-malignant disease,
2020_Adams_SciAdv_IPF|022I,0.48878923766816146,0.0,0.11210762331838565,0.0,0.17937219730941703,0.04932735426008968,0.02242152466367713,0.0,0.0,0.0,0.0,0.14798206278026907,0.0,0.0,0.0,0.0,Non-malignant disease,
2022_Kumar_CancerDis_Gastric|GSM5573483_sample18,0.19230769230769232,0.0,0.16153846153846155,0.27692307692307694,0.0,0.26153846153846155,0.0,0.0,0.038461538461538464,0.06923076923076923,0.0,0.0,0.0,0.0,0.0,0.0,Cancer_Tumor,GC
2020_Litvinukova_Nature_Heart|HCAHeartST13146206,0.41509433962264153,0.0,0.09433962264150944,0.0,0.0,0.24528301886792453,0.018867924528301886,0.18867924528301888,0.018867924528301886,0.0,0.0,0.018867924528301886,0.0,0.0,0.0,0.0,Control,
2022_Guilliams_Cell_Liver|CS87,0.0,0.0,0.0,0.11864406779661017,0.0,0.4406779661016949,0.3898305084745763,0.0,0.05084745762711865,0.0,0.0,0.0,0.0,0.0,0.0,0.0,Cancer_Metastasis,CRC
2023_Hirz_NatComm_Prostate|GSM5494373_SCG-PCA18-T-LG,0.14864864864864866,0.0,0.10810810810810811,0.0,0.0,0.7162162162162162,0.0,0.0,0.02702702702702703,0.0,0.0,0.0,0.0,0.0,0.0,0.0,Cancer_Tumor,PRC
2023_Kong_Immunity_CD|N166301_N2,0.0,0.0,0.014492753623188406,0.008051529790660225,0.0,0.9774557165861514,0.0,0.0,0.0,0.0,0.0,0.0,0.0,0.0,0.0,0.0,Non-malignant disease,
2020_Habermann_SciAdv_Lung-COVID19|GSM5226585_L05cov,0.0,0.0,0.15555555555555556,0.0,0.4666666666666667,0.14444444444444443,0.0,0.0,0.011111111111111112,0.0,0.0,0.2222222222222222,0.0,0.0,0.0,0.0,Non-malignant disease,
2020_Litvinukova_Nature_Heart|HCAHeart7702875,0.0,0.0,0.0782608695652174,0.6347826086956522,0.06086956521739131,0.20869565217391303,0.0,0.017391304347826087,0.0,0.0,0.0,0.0,0.0,0.0,0.0,0.0,Control,
2022_Gur_Cell_Sceleroderma|GSM5837297_AB7212,0.04580152671755725,0.0,0.0,0.0,0.0,0.9007633587786259,0.0,0.0,0.0,0.0,0.0,0.0,0.0,0.0,0.0,0.05343511450381679,Non-malignant disease,
2022_Hwang_NatGenet_PDAC|T12_CRT,0.1,0.0,0.2923076923076923,0.0,0.3076923076923077,0.05384615384615385,0.0,0.0,0.15384615384615385,0.09230769230769231,0.0,0.0,0.0,0.0,0.0,0.0,Cancer_Tumor,PC
2022_Madissoon_NatGenet_Lung|WTDAtest8550127,0.0,0.0,0.4329896907216495,0.0,0.20618556701030927,0.020618556701030927,0.0,0.0,0.1134020618556701,0.0,0.0,0.2268041237113402,0.0,0.0,0.0,0.0,Control,
2021_Garcia-Alonso_NatGenet_Endometrial|4861STDY7387182,0.0,0.0,0.0873015873015873,0.023809523809523808,0.06349206349206349,0.42857142857142855,0.0,0.0,0.023809523809523808,0.11904761904761904,0.0,0.0,0.0,0.25396825396825395,0.0,0.0,Control,
2023_Kong_Immunity_CD|N127693_L1,0.0,0.0,0.05357142857142857,0.5535714285714286,0.16071428571428573,0.125,0.0,0.0,0.10714285714285714,0.0,0.0,0.0,0.0,0.0,0.0,0.0,Non-malignant disease,
2022_Kumar_CancerDis_Gastric|GSM5573494_sample29,0.11827956989247312,0.0,0.10752688172043011,0.010752688172043012,0.0,0.053763440860215055,0.0,0.0,0.0,0.7096774193548387,0.0,0.0,0.0,0.0,0.0,0.0,Cancer_AdjNorm,GC
2021_Chan_CancerCell_SCLC|RU1170g,0.1919191919191919,0.12121212121212122,0.030303030303030304,0.2828282828282828,0.050505050505050504,0.0707070707070707,0.0,0.0,0.25252525252525254,0.0,0.0,0.0,0.0,0.0,0.0,0.0,Cancer_Tumor,NSCLC
2022_Reichart_Science_Heart|BO_H46_LV0_R2_premrna,0.0,0.0,0.11842105263157894,0.8552631578947368,0.0,0.0,0.0,0.02631578947368421,0.0,0.0,0.0,0.0,0.0,0.0,0.0,0.0,Control,
2023_Kumar_Nature_Breast|hbca_c32,0.36901408450704226,0.0,0.022535211267605635,0.0,0.18028169014084508,0.17112676056338028,0.0,0.0,0.0,0.25704225352112675,0.0,0.0,0.0,0.0,0.0,0.0,Control,
2023_Kumar_Nature_Breast|hbca_c46,0.34201954397394135,0.05863192182410423,0.0988056460369164,0.01520086862106406,0.30944625407166126,0.1758957654723127,0.0,0.0,0.0,0.0,0.0,0.0,0.0,0.0,0.0,0.0,Cancer_Tumor,BRCA
2021_Wu_NatGenet_Breast|CID4040,0.3275862068965517,0.0,0.3333333333333333,0.040229885057471264,0.06321839080459771,0.0,0.0,0.0,0.0,0.23563218390804597,0.0,0.0,0.0,0.0,0.0,0.0,Cancer_Tumor,BRCA
2022_Reichart_Science_Heart|BO_H13_S00_premrna,0.0,0.0,0.08391608391608392,0.8356643356643356,0.0,0.024475524475524476,0.0,0.0,0.055944055944055944,0.0,0.0,0.0,0.0,0.0,0.0,0.0,Non-malignant disease,
2020_Litvinukova_Nature_Heart|HCAHeart7850549,0.0,0.0,0.3952205882352941,0.5900735294117647,0.0,0.0,0.0,0.0,0.014705882352941176,0.0,0.0,0.0,0.0,0.0,0.0,0.0,Control,
2021_Garcia-Alonso_NatGenet_Endometrial|MRC_Endo8625698,0.0,0.0,0.03773584905660377,0.0,0.0,0.1509433962264151,0.0,0.0,0.0,0.03773584905660377,0.0,0.0,0.0,0.7735849056603774,0.0,0.0,Control,
2022_Emont_Nature_WAT|Hs_SAT_256-1,0.0,0.0,0.4194107452339688,0.09098786828422877,0.06412478336221837,0.39948006932409014,0.0,0.0,0.019064124783362217,0.0,0.0,0.0,0.0,0.0,0.006932409012131715,0.0,Control,
2020_Adams_SciAdv_IPF|098C-a,0.0,0.0,0.15,0.0,0.5928571428571429,0.014285714285714285,0.0,0.0,0.02857142857142857,0.0,0.0,0.21428571428571427,0.0,0.0,0.0,0.0,Control,
2022_Reichart_Science_Heart|BO_H44_LV0_premrna,0.0,0.0,0.6865671641791045,0.13432835820895522,0.0,0.05970149253731343,0.0,0.0,0.11940298507462686,0.0,0.0,0.0,0.0,0.0,0.0,0.0,Non-malignant disease,
2022_Hwang_NatGenet_PDAC|T6_CRT,0.0,0.0,0.24299065420560748,0.0,0.24299065420560748,0.2383177570093458,0.0,0.0,0.0,0.27102803738317754,0.0,0.0,0.0,0.004672897196261682,0.0,0.0,Cancer_Tumor,PC
2020_Litvinukova_Nature_Heart|HCAHeartST10773170,0.0,0.0,0.10299625468164794,0.1797752808988764,0.07865168539325842,0.024344569288389514,0.0,0.46441947565543074,0.149812734082397,0.0,0.0,0.0,0.0,0.0,0.0,0.0,Control,
2023_Kumar_Nature_Breast|hbca_c110,0.4737678855325914,0.1271860095389507,0.16057233704292528,0.03179650238473768,0.014308426073131956,0.1891891891891892,0.0,0.0,0.0,0.0,0.0,0.0,0.0,0.003179650238473768,0.0,0.0,Control,
2023_Lake_Nature_Kidney|DKD3110035,0.0,0.0,0.203125,0.46875,0.0,0.234375,0.0,0.0,0.0625,0.0,0.0,0.0,0.0,0.03125,0.0,0.0,Non-malignant disease,
2020_Habermann_SciAdv_Lung-COVID19|GSM5226596_L17cov,0.0,0.0,0.141439205955335,0.0,0.5037220843672456,0.10669975186104218,0.0,0.0,0.022332506203473945,0.0,0.0,0.22580645161290322,0.0,0.0,0.0,0.0,Non-malignant disease,
2023_Kumar_Nature_Breast|hbca_c135,0.5409836065573771,0.2540983606557377,0.06557377049180328,0.02459016393442623,0.0,0.11475409836065574,0.0,0.0,0.0,0.0,0.0,0.0,0.0,0.0,0.0,0.0,Control,
2022_Zhou_NatGenet_PDAC|TWCE-HT060P1-S1PAA1A1Z1B1,0.0,0.0,0.13917525773195877,0.11855670103092783,0.0,0.07216494845360824,0.0,0.0,0.1958762886597938,0.4742268041237113,0.0,0.0,0.0,0.0,0.0,0.0,Cancer_Tumor,PC
2022_TabulaSapiens_Science_TabulaSapiens|TSP2_Thymus_nan_smartseq2,0.018518518518518517,0.0,0.13580246913580246,0.5246913580246914,0.0,0.32098765432098764,0.0,0.0,0.0,0.0,0.0,0.0,0.0,0.0,0.0,0.0,Control,
2022_TabulaSapiens_Science_TabulaSapiens|TSP2_Muscle_nan_smartseq2,0.71875,0.0,0.0859375,0.1015625,0.0,0.09375,0.0,0.0,0.0,0.0,0.0,0.0,0.0,0.0,0.0,0.0,Control,
2023_Hirz_NatComm_Prostate|GSM5494347_SCG-PCA21-N-LG,0.05172413793103448,0.04310344827586207,0.2413793103448276,0.034482758620689655,0.0,0.6293103448275862,0.0,0.0,0.0,0.0,0.0,0.0,0.0,0.0,0.0,0.0,Cancer_AdjNorm,PRC
2020_Litvinukova_Nature_Heart|HCAHeart7905329,0.015408320493066256,0.0,0.12172573189522343,0.7796610169491526,0.0,0.0,0.0,0.029275808936825885,0.053929121725731895,0.0,0.0,0.0,0.0,0.0,0.0,0.0,Control,
2023_Kumar_Nature_Breast|hbca_c73,0.5258964143426295,0.0,0.09163346613545817,0.13147410358565736,0.20717131474103587,0.043824701195219126,0.0,0.0,0.0,0.0,0.0,0.0,0.0,0.0,0.0,0.0,Control,
2023_Kumar_Nature_Breast|hbca_c88,0.7055771725032426,0.042801556420233464,0.11673151750972763,0.016861219195849545,0.07263294422827497,0.04539559014267185,0.0,0.0,0.0,0.0,0.0,0.0,0.0,0.0,0.0,0.0,Control,
2020_Drokhlyansky_Cell_EntericNerve|H14_S61,0.05263157894736842,0.0,0.4817813765182186,0.008097165991902834,0.31983805668016196,0.0,0.004048582995951417,0.0,0.13360323886639677,0.0,0.0,0.0,0.0,0.0,0.0,0.0,Cancer_AdjNorm,CRC
2020_Litvinukova_Nature_Heart|HCAHeart7702874,0.0,0.0,0.0851063829787234,0.5851063829787234,0.06382978723404255,0.2127659574468085,0.0,0.031914893617021274,0.02127659574468085,0.0,0.0,0.0,0.0,0.0,0.0,0.0,Control,
2020_Litvinukova_Nature_Heart|HCAHeart7702879,0.0,0.0,0.11940298507462686,0.373134328358209,0.0,0.417910447761194,0.0,0.05970149253731343,0.029850746268656716,0.0,0.0,0.0,0.0,0.0,0.0,0.0,Control,
BICCN|HSB340_2_S1,0.0,0.0,0.0625,0.0,0.0,0.10714285714285714,0.0,0.0,0.0,0.0,0.8303571428571429,0.0,0.0,0.0,0.0,0.0,Control,
2023_Kumar_Nature_Breast|hbca_c87,0.2920962199312715,0.09621993127147767,0.1134020618556701,0.17525773195876287,0.1718213058419244,0.15120274914089346,0.0,0.0,0.0,0.0,0.0,0.0,0.0,0.0,0.0,0.0,Control,
2021_Elmentaite_Nature_Intestine|Human_colon_16S8002623,0.0,0.0,0.32051282051282054,0.0,0.5769230769230769,0.07692307692307693,0.0,0.0,0.02564102564102564,0.0,0.0,0.0,0.0,0.0,0.0,0.0,Control,
2022_Reichart_Science_Heart|BO_H20_RV0_premrna,0.0,0.0,0.10084033613445378,0.7836134453781513,0.02100840336134454,0.0,0.0,0.06302521008403361,0.031512605042016806,0.0,0.0,0.0,0.0,0.0,0.0,0.0,Non-malignant disease,
2021_Wu_NatGenet_Breast|CID4495,0.14423076923076922,0.0,0.36538461538461536,0.019230769230769232,0.0,0.125,0.0,0.0,0.0,0.34615384615384615,0.0,0.0,0.0,0.0,0.0,0.0,Cancer_Tumor,BRCA
2023_Kumar_Nature_Breast|hbca_c144,0.6201834862385321,0.1610091743119266,0.15091743119266054,0.0,0.0045871559633027525,0.06330275229357799,0.0,0.0,0.0,0.0,0.0,0.0,0.0,0.0,0.0,0.0,Control,
2020_Tosti_Gastroenterol_Pancreas|AFES448_FF2,0.0,0.0,0.21621621621621623,0.04054054054054054,0.13513513513513514,0.5945945945945946,0.0,0.013513513513513514,0.0,0.0,0.0,0.0,0.0,0.0,0.0,0.0,Control,
2023_Kumar_Nature_Breast|hbca_c10,0.056074766355140186,0.0,0.024922118380062305,0.0,0.08411214953271028,0.1277258566978193,0.0,0.0,0.0,0.7071651090342679,0.0,0.0,0.0,0.0,0.0,0.0,Control,
2023_Kumar_Nature_Breast|hbca_c155,0.736758136566688,0.053286534779834076,0.10433950223356733,0.014996809189534142,0.024250159540523293,0.06636885768985322,0.0,0.0,0.0,0.0,0.0,0.0,0.0,0.0,0.0,0.0,Cancer_Tumor,BRCA
2020_Litvinukova_Nature_Heart|HCAHeart7702878,0.0,0.0,0.08130081300813008,0.3983739837398374,0.0,0.3333333333333333,0.0,0.056910569105691054,0.13008130081300814,0.0,0.0,0.0,0.0,0.0,0.0,0.0,Control,
2022_Madissoon_NatGenet_Lung|WTDAtest7732267,0.0763888888888889,0.0,0.1909722222222222,0.041666666666666664,0.08333333333333333,0.13194444444444445,0.0,0.0,0.09027777777777778,0.0,0.0,0.3854166666666667,0.0,0.0,0.0,0.0,Control,
2020_Adams_SciAdv_IPF|152CO-a,0.05511811023622047,0.0,0.2440944881889764,0.0,0.5905511811023622,0.0,0.0,0.0,0.047244094488188976,0.0,0.0,0.06299212598425197,0.0,0.0,0.0,0.0,Non-malignant disease,
2021_Elmentaite_Nature_Intestine|4918STDY7273964,0.1597222222222222,0.0,0.1597222222222222,0.16666666666666666,0.13194444444444445,0.2916666666666667,0.0,0.0,0.05555555555555555,0.034722222222222224,0.0,0.0,0.0,0.0,0.0,0.0,Non-malignant disease,
2022_Zhou_NatGenet_PDAC|HT061P1-S1R1A1A1Z1_B2_1,0.0,0.0,0.029197080291970802,0.3795620437956204,0.0,0.1897810218978102,0.0,0.0,0.10218978102189781,0.29927007299270075,0.0,0.0,0.0,0.0,0.0,0.0,Cancer_Tumor,PC
2022_Reichart_Science_Heart|BO_H24_S00_premrna,0.0,0.0,0.21764705882352942,0.6235294117647059,0.052941176470588235,0.01764705882352941,0.0,0.0,0.07647058823529412,0.0,0.0,0.0,0.0,0.011764705882352941,0.0,0.0,Non-malignant disease,
2021_Pal_EMBO_Breast|GSM4909270_N-PM0342-Total,0.9230225988700564,0.0,0.018361581920903956,0.0,0.006355932203389831,0.052259887005649715,0.0,0.0,0.0,0.0,0.0,0.0,0.0,0.0,0.0,0.0,Control,
2020_Habermann_SciAdv_Lung-COVID19|GSM5226600_L22cov,0.0,0.0,0.03076923076923077,0.0,0.6615384615384615,0.26153846153846155,0.0,0.0,0.0,0.0,0.0,0.046153846153846156,0.0,0.0,0.0,0.0,Non-malignant disease,
2022_TabulaSapiens_Science_TabulaSapiens|TSP8_Prostate_nan_10X,0.05333333333333334,0.0,0.11666666666666667,0.61,0.043333333333333335,0.09333333333333334,0.0,0.0,0.07666666666666666,0.0,0.0,0.0,0.0,0.006666666666666667,0.0,0.0,Control,
2023_Hirz_NatComm_Prostate|GSM5494365_SCG-PCA12-T-LG,0.64,0.042666666666666665,0.072,0.0,0.0,0.24533333333333332,0.0,0.0,0.0,0.0,0.0,0.0,0.0,0.0,0.0,0.0,Cancer_Tumor,PRC
2022_TabulaSapiens_Science_TabulaSapiens|TSP12_Heart_Atria_10X,0.0,0.0,0.11310904872389792,0.8741299303944315,0.0,0.0,0.0,0.0,0.0,0.012761020881670533,0.0,0.0,0.0,0.0,0.0,0.0,Control,
2023_Kong_Immunity_CD|N171336_L1,0.0,0.0,0.0967741935483871,0.3225806451612903,0.5161290322580645,0.03225806451612903,0.0,0.0,0.03225806451612903,0.0,0.0,0.0,0.0,0.0,0.0,0.0,Non-malignant disease,
2022_Reichart_Science_Heart|BO_H41_LV0_premrna,0.0,0.0,0.1834862385321101,0.5871559633027523,0.03669724770642202,0.027522935779816515,0.0,0.01834862385321101,0.14678899082568808,0.0,0.0,0.0,0.0,0.0,0.0,0.0,Non-malignant disease,
2020_Litvinukova_Nature_Heart|HCAHeart7850543,0.0,0.0,0.11222780569514237,0.864321608040201,0.006700167504187605,0.0,0.0,0.0,0.01675041876046901,0.0,0.0,0.0,0.0,0.0,0.0,0.0,Control,
2023_Kong_Immunity_CD|I178961_L,0.09433962264150944,0.0,0.03773584905660377,0.16981132075471697,0.5849056603773585,0.0,0.0,0.0,0.11320754716981132,0.0,0.0,0.0,0.0,0.0,0.0,0.0,Non-malignant disease,
2022_Kumar_CancerDis_Gastric|GSM5573468_sample3,0.11764705882352941,0.014705882352941176,0.17647058823529413,0.0,0.0,0.0,0.0,0.0,0.0,0.6911764705882353,0.0,0.0,0.0,0.0,0.0,0.0,Cancer_Tumor,GC
2020_Adams_SciAdv_IPF|296C,0.03910614525139665,0.0,0.0,0.0,0.46368715083798884,0.0,0.0,0.0,0.0446927374301676,0.0,0.0,0.45251396648044695,0.0,0.0,0.0,0.0,Control,
2023_Hirz_NatComm_Prostate|GSM5494372_SCG-PCA18-N-LG,0.14814814814814814,0.0,0.09259259259259259,0.037037037037037035,0.0,0.7222222222222222,0.0,0.0,0.0,0.0,0.0,0.0,0.0,0.0,0.0,0.0,Cancer_AdjNorm,PRC
2020_Litvinukova_Nature_Heart|HCAHeart9845433,0.0,0.0,0.12359550561797752,0.6853932584269663,0.0,0.011235955056179775,0.0,0.16853932584269662,0.0,0.0,0.0,0.0,0.0,0.011235955056179775,0.0,0.0,Control,
2020_Litvinukova_Nature_Heart|HCAHeart7702881,0.0,0.0,0.05084745762711865,0.6991525423728814,0.11864406779661017,0.08050847457627118,0.0,0.05084745762711865,0.0,0.0,0.0,0.0,0.0,0.0,0.0,0.0,Control,
2023_Lake_Nature_Kidney|DKD2910006a,0.0,0.0,0.12195121951219512,0.8373983739837398,0.0,0.0,0.0,0.0,0.04065040650406504,0.0,0.0,0.0,0.0,0.0,0.0,0.0,Non-malignant disease,
2021_Melms_Nature_Lung-COVID19|L04covaddon,0.0,0.0,0.12244897959183673,0.0,0.7040816326530612,0.02040816326530612,0.0,0.0,0.1326530612244898,0.0,0.0,0.02040816326530612,0.0,0.0,0.0,0.0,Non-malignant disease,
2022_Reichart_Science_Heart|BO_H08_LV1_premrna,0.0,0.0,0.21,0.645,0.0,0.06,0.0,0.005,0.08,0.0,0.0,0.0,0.0,0.0,0.0,0.0,Non-malignant disease,
2021_Pal_EMBO_Breast|GSM4909319_mER-PM0178,0.0,0.0,0.057692307692307696,0.038461538461538464,0.0,0.6730769230769231,0.0,0.0,0.0,0.23076923076923078,0.0,0.0,0.0,0.0,0.0,0.0,Cancer_Tumor,BRCA
2021_Elmentaite_Nature_Intestine|4918STDY7962470,0.0,0.0,0.0,0.47580645161290325,0.4274193548387097,0.0967741935483871,0.0,0.0,0.0,0.0,0.0,0.0,0.0,0.0,0.0,0.0,Non-malignant disease,
2020_Litvinukova_Nature_Heart|HCAHeart7702876,0.0,0.0,0.07758620689655173,0.5603448275862069,0.1206896551724138,0.12931034482758622,0.0,0.11206896551724138,0.0,0.0,0.0,0.0,0.0,0.0,0.0,0.0,Control,
2021_Pal_EMBO_Breast|GSM4909288_TN-B1-MH0177,0.13425925925925927,0.0,0.18981481481481483,0.046296296296296294,0.06481481481481481,0.1574074074074074,0.0,0.0,0.0,0.3888888888888889,0.0,0.0,0.018518518518518517,0.0,0.0,0.0,Cancer_Tumor,BRCA
2023_Hickey_Nature_Intestine|B011-A-405,0.0,0.0,0.0625,0.0,0.40625,0.0,0.0,0.0,0.15625,0.0,0.0,0.0,0.0,0.375,0.0,0.0,Control,
2022_Reichart_Science_Heart|BO_H02_RV0_premrna,0.0,0.0,0.3736842105263158,0.41578947368421054,0.15789473684210525,0.03684210526315789,0.0,0.0,0.015789473684210527,0.0,0.0,0.0,0.0,0.0,0.0,0.0,Non-malignant disease,
2023_Lake_Nature_Kidney|LDSample1157EO3,0.0,0.0,0.17857142857142858,0.8214285714285714,0.0,0.0,0.0,0.0,0.0,0.0,0.0,0.0,0.0,0.0,0.0,0.0,Control,
2022_Reichart_Science_Heart|BO_H74_LV0_premrna,0.0,0.0,0.26639344262295084,0.5614754098360656,0.0,0.0778688524590164,0.0,0.0,0.040983606557377046,0.05327868852459016,0.0,0.0,0.0,0.0,0.0,0.0,Non-malignant disease,
2022_TabulaSapiens_Science_TabulaSapiens|TSP14_Muscle_Abdomen_10X,0.2727272727272727,0.0037105751391465678,0.07050092764378478,0.6530612244897959,0.0,0.0,0.0,0.0,0.0,0.0,0.0,0.0,0.0,0.0,0.0,0.0,Control,
2022_Reichart_Science_Heart|BO_H08_LV0_premrna,0.0,0.0,0.1810344827586207,0.7112068965517241,0.06465517241379311,0.0,0.0,0.0,0.04310344827586207,0.0,0.0,0.0,0.0,0.0,0.0,0.0,Non-malignant disease,
2022_Emont_Nature_WAT|Hs_OAT_254-1,0.0,0.0,0.27101335428122547,0.19167321288295366,0.2741555380989788,0.1358994501178319,0.0,0.0,0.1272584446190102,0.0,0.0,0.0,0.0,0.0,0.0,0.0,Control,
2023_Hickey_Nature_Intestine|B005-A-101,0.047619047619047616,0.0,0.14285714285714285,0.0,0.6031746031746031,0.015873015873015872,0.015873015873015872,0.0,0.1111111111111111,0.031746031746031744,0.0,0.0,0.0,0.031746031746031744,0.0,0.0,Control,
2021_Pelka_Cell_CRC|C126_N_1_1_1_c2_v2,0.0,0.0,0.2159090909090909,0.48863636363636365,0.0,0.03409090909090909,0.0,0.0,0.11363636363636363,0.06818181818181818,0.0,0.0,0.0,0.0,0.07954545454545454,0.0,Control,
2020_Litvinukova_Nature_Heart|HCAHeart8102862,0.06095626557897122,0.009064128710627692,0.07545887151597552,0.8481758440969862,0.002492635395422615,0.0038522547020167688,0.0,0.0,0.0,0.0,0.0,0.0,0.0,0.0,0.0,0.0,Control,
2023_Kong_Immunity_CD|N130084_L,0.11594202898550725,0.043478260869565216,0.043478260869565216,0.782608695652174,0.0,0.0,0.0,0.0,0.014492753623188406,0.0,0.0,0.0,0.0,0.0,0.0,0.0,Non-malignant disease,
2022_TabulaSapiens_Science_TabulaSapiens|TSP2_Thymus_nan_10X,0.029953917050691243,0.0,0.18433179723502305,0.6059907834101382,0.009216589861751152,0.0967741935483871,0.0,0.0,0.07373271889400922,0.0,0.0,0.0,0.0,0.0,0.0,0.0,Control,
2023_Kumar_Nature_Breast|hbca_c37,0.4573002754820937,0.0,0.09366391184573003,0.0,0.12672176308539945,0.06611570247933884,0.0,0.0,0.0,0.256198347107438,0.0,0.0,0.0,0.0,0.0,0.0,Cancer_Tumor,BRCA
2022_Emont_Nature_WAT|Hs_OAT_01-2,0.0,0.0,0.27099236641221375,0.015267175572519083,0.6145038167938931,0.03816793893129771,0.0,0.0,0.05343511450381679,0.0,0.0,0.0,0.0,0.007633587786259542,0.0,0.0,Control,
2023_Kong_Immunity_CD|H158108_N3,0.17587939698492464,0.0,0.135678391959799,0.22110552763819097,0.27638190954773867,0.11055276381909548,0.0,0.0,0.04522613065326633,0.02512562814070352,0.0,0.0,0.010050251256281407,0.0,0.0,0.0,Control,
2023_Kong_Immunity_CD|N109389_L2,0.06172839506172839,0.0,0.06172839506172839,0.12345679012345678,0.5308641975308642,0.2222222222222222,0.0,0.0,0.0,0.0,0.0,0.0,0.0,0.0,0.0,0.0,Non-malignant disease,
2023_Kong_Immunity_CD|N172428_L1,0.0,0.0,0.10256410256410256,0.5256410256410257,0.14102564102564102,0.0641025641025641,0.0,0.0,0.15384615384615385,0.01282051282051282,0.0,0.0,0.0,0.0,0.0,0.0,Non-malignant disease,
2020_Drokhlyansky_Cell_EntericNerve|H4_S26,0.0,0.0,0.043010752688172046,0.0,0.946236559139785,0.0,0.0,0.0,0.0,0.0,0.0,0.0,0.0,0.010752688172043012,0.0,0.0,Cancer_AdjNorm,CRC
2020_Litvinukova_Nature_Heart|HCAHeart7888926,0.0,0.0,0.09558823529411764,0.8308823529411765,0.029411764705882353,0.04411764705882353,0.0,0.0,0.0,0.0,0.0,0.0,0.0,0.0,0.0,0.0,Control,
2022_Madissoon_NatGenet_Lung|WSSS_A_LNG8620065,0.3333333333333333,0.0,0.17333333333333334,0.0,0.28,0.21333333333333335,0.0,0.0,0.0,0.0,0.0,0.0,0.0,0.0,0.0,0.0,Control,
2023_Lake_Nature_Kidney|DKD2910011,0.0,0.0,0.20952380952380953,0.7142857142857143,0.0761904761904762,0.0,0.0,0.0,0.0,0.0,0.0,0.0,0.0,0.0,0.0,0.0,Non-malignant disease,
2023_Kumar_Nature_Breast|hbca_c127,0.4423963133640553,0.2903225806451613,0.06451612903225806,0.0,0.055299539170506916,0.14746543778801843,0.0,0.0,0.0,0.0,0.0,0.0,0.0,0.0,0.0,0.0,Control,
2021_Elmentaite_Nature_Intestine|Human_colon_16S8002625,0.020202020202020204,0.020202020202020204,0.1717171717171717,0.0,0.7474747474747475,0.04040404040404041,0.0,0.0,0.0,0.0,0.0,0.0,0.0,0.0,0.0,0.0,Control,
2021_Melms_Nature_Lung-COVID19|L11cov,0.0,0.0,0.24193548387096775,0.0,0.6451612903225806,0.0967741935483871,0.0,0.0,0.0,0.0,0.0,0.016129032258064516,0.0,0.0,0.0,0.0,Non-malignant disease,
2022_Guilliams_Cell_Liver|CS111,0.0,0.0,0.0071633237822349575,0.0,0.0,0.04871060171919771,0.9369627507163324,0.0,0.0071633237822349575,0.0,0.0,0.0,0.0,0.0,0.0,0.0,Non-malignant disease,
2021_Chan_CancerCell_SCLC|RU1170g_Sort-Freeze,0.11842105263157894,0.05263157894736842,0.05263157894736842,0.35526315789473684,0.06578947368421052,0.06578947368421052,0.0,0.0,0.27631578947368424,0.013157894736842105,0.0,0.0,0.0,0.0,0.0,0.0,Cancer_Tumor,NSCLC
2023_Hickey_Nature_Intestine|B008-A-201,0.0,0.0,0.12903225806451613,0.056451612903225805,0.5887096774193549,0.06451612903225806,0.0,0.0,0.10483870967741936,0.0,0.0,0.0,0.0,0.056451612903225805,0.0,0.0,Control,
2021_Melms_Nature_Lung-COVID19|L01cov,0.0,0.0,0.19205298013245034,0.0,0.48344370860927155,0.033112582781456956,0.0,0.006622516556291391,0.0,0.0,0.0,0.2847682119205298,0.0,0.0,0.0,0.0,Non-malignant disease,
2020_Habermann_SciAdv_Lung-COVID19|GSM5226593_L13cov,0.0,0.0,0.09090909090909091,0.0,0.38257575757575757,0.48484848484848486,0.0,0.0,0.041666666666666664,0.0,0.0,0.0,0.0,0.0,0.0,0.0,Non-malignant disease,
2021_Wu_NatGenet_Breast|CID4465,0.3050847457627119,0.0,0.2033898305084746,0.0423728813559322,0.059322033898305086,0.2627118644067797,0.0,0.0,0.0,0.11864406779661017,0.0,0.0,0.0,0.0,0.0,0.00847457627118644,Cancer_Tumor,BRCA
2020_Litvinukova_Nature_Heart|HCAHeart7888924,0.0,0.0,0.08771929824561403,0.38596491228070173,0.0,0.5087719298245614,0.0,0.0,0.017543859649122806,0.0,0.0,0.0,0.0,0.0,0.0,0.0,Control,
2023_Hickey_Nature_Intestine|B004-A-204,0.0,0.0,0.5256410256410257,0.01282051282051282,0.38461538461538464,0.0,0.0,0.038461538461538464,0.0,0.0,0.0,0.0,0.0,0.038461538461538464,0.0,0.0,Control,
2022_Madissoon_NatGenet_Lung|WSSS8015047,0.13709677419354838,0.008064516129032258,0.3387096774193548,0.0,0.24193548387096775,0.07258064516129033,0.0,0.0,0.14516129032258066,0.008064516129032258,0.0,0.04838709677419355,0.0,0.0,0.0,0.0,Control,
2023_Kumar_Nature_Breast|hbca_c139,0.3755020080321285,0.2680722891566265,0.17269076305220885,0.05923694779116466,0.024096385542168676,0.10040160642570281,0.0,0.0,0.0,0.0,0.0,0.0,0.0,0.0,0.0,0.0,Control,
2022_TabulaSapiens_Science_TabulaSapiens|TSP2_Vasculature_aorta_smartseq2,0.0,0.0,0.0,0.0,0.0,1.0,0.0,0.0,0.0,0.0,0.0,0.0,0.0,0.0,0.0,0.0,Control,
Evan2019|SN6063_c,0.0,0.0,0.0,0.05660377358490566,0.0,0.49056603773584906,0.0,0.0,0.0,0.0,0.4528301886792453,0.0,0.0,0.0,0.0,0.0,Non-malignant disease,
2022_Kumar_CancerDis_Gastric|GSM5573492_sample27,0.6537313432835821,0.0,0.058208955223880594,0.0,0.0,0.12686567164179105,0.0,0.0,0.0,0.16119402985074627,0.0,0.0,0.0,0.0,0.0,0.0,Cancer_AdjNorm,GC
2021_Elmentaite_Nature_Intestine|Human_colon_16S8000511,0.034482758620689655,0.0,0.06896551724137931,0.0,0.4482758620689655,0.3448275862068966,0.0,0.0,0.10344827586206896,0.0,0.0,0.0,0.0,0.0,0.0,0.0,Control,
2022_Hwang_NatGenet_PDAC|T8_CRT,0.25,0.0,0.25,0.0,0.2916666666666667,0.18055555555555555,0.0,0.0,0.0,0.027777777777777776,0.0,0.0,0.0,0.0,0.0,0.0,Cancer_Tumor,PC
2021_Pelka_Cell_CRC|C157_T_0_0_0_c1_v3,0.0,0.0,0.14965986394557823,0.06802721088435375,0.08163265306122448,0.02040816326530612,0.0,0.0,0.1564625850340136,0.5238095238095238,0.0,0.0,0.0,0.0,0.0,0.0,Cancer_Tumor,CRC
2022_Nee_NatGenet_Breast|GSM5320161_scRNA_ctrl10,0.8126094570928196,0.0,0.0,0.0,0.01576182136602452,0.01926444833625219,0.0,0.0,0.0,0.15236427320490367,0.0,0.0,0.0,0.0,0.0,0.0,Control,
2023_Kumar_Nature_Breast|hbca_c77,0.5885509838998211,0.06082289803220036,0.08944543828264759,0.044722719141323794,0.15026833631484796,0.06618962432915922,0.0,0.0,0.0,0.0,0.0,0.0,0.0,0.0,0.0,0.0,Control,
2022_vanZyl_PNAS_Eye|Hu220OSCSWS2,0.06994818652849741,0.0,0.15544041450777202,0.0,0.6321243523316062,0.07772020725388601,0.0,0.0,0.05958549222797927,0.0,0.0,0.0,0.0,0.0051813471502590676,0.0,0.0,Control,
2021_Pal_EMBO_Breast|GSM4909279_B1-MH0023,0.9036144578313253,0.0,0.0572289156626506,0.0,0.009036144578313253,0.030120481927710843,0.0,0.0,0.0,0.0,0.0,0.0,0.0,0.0,0.0,0.0,Non-malignant disease,
2022_TabulaSapiens_Science_TabulaSapiens|TSP15_Eye_Sclera-etc_10X,0.4396551724137931,0.0,0.1336206896551724,0.06465517241379311,0.03879310344827586,0.10344827586206896,0.0,0.0,0.19827586206896552,0.021551724137931036,0.0,0.0,0.0,0.0,0.0,0.0,Control,
2023_Kumar_Nature_Breast|hbca_c112,0.6335078534031413,0.08376963350785341,0.02617801047120419,0.005235602094240838,0.0,0.2513089005235602,0.0,0.0,0.0,0.0,0.0,0.0,0.0,0.0,0.0,0.0,Cancer_Tumor,BRCA
2023_Lake_Nature_Kidney|KM71,0.0,0.0,0.6551724137931034,0.011494252873563218,0.0,0.0,0.0,0.0,0.05747126436781609,0.0,0.0,0.0,0.0,0.27586206896551724,0.0,0.0,Control,
2022_Hwang_NatGenet_PDAC|T2_CRT,0.0,0.0,0.26851851851851855,0.0,0.14814814814814814,0.12962962962962962,0.0,0.0,0.2777777777777778,0.17592592592592593,0.0,0.0,0.0,0.0,0.0,0.0,Cancer_Tumor,PC
2022_Emont_Nature_WAT|Hs_SAT_13-1,0.0,0.0,0.4666666666666667,0.08571428571428572,0.29904761904761906,0.0761904761904762,0.0,0.0,0.07238095238095238,0.0,0.0,0.0,0.0,0.0,0.0,0.0,Control,
2022_Reichart_Science_Heart|BO_H56_LV0_premrna,0.0,0.0,0.2929936305732484,0.5923566878980892,0.025477707006369428,0.0,0.0,0.0,0.08917197452229299,0.0,0.0,0.0,0.0,0.0,0.0,0.0,Non-malignant disease,
2023_Kong_Immunity_CD|I130084_L,0.32592592592592595,0.0,0.1259259259259259,0.011111111111111112,0.02962962962962963,0.3814814814814815,0.0,0.0,0.0,0.1259259259259259,0.0,0.0,0.0,0.0,0.0,0.0,Non-malignant disease,
2022_Reichart_Science_Heart|BO_H53_S00_premrna,0.0,0.0,0.19428571428571428,0.7371428571428571,0.0,0.005714285714285714,0.0,0.022857142857142857,0.04,0.0,0.0,0.0,0.0,0.0,0.0,0.0,Control,
2020_Habermann_SciAdv_Lung-COVID19|GSM5226597_L18cov,0.0,0.0,0.1125,0.0,0.7625,0.125,0.0,0.0,0.0,0.0,0.0,0.0,0.0,0.0,0.0,0.0,Non-malignant disease,
2022_Reichart_Science_Heart|BO_H08_RV0_premrna,0.0,0.0,0.39748953974895396,0.2594142259414226,0.03765690376569038,0.0,0.0,0.22594142259414227,0.0794979079497908,0.0,0.0,0.0,0.0,0.0,0.0,0.0,Non-malignant disease,
2020_Drokhlyansky_Cell_EntericNerve|H9_S44,0.0,0.0,0.4318181818181818,0.0,0.3977272727272727,0.14772727272727273,0.0,0.0,0.022727272727272728,0.0,0.0,0.0,0.0,0.0,0.0,0.0,Cancer_AdjNorm,CRC
2021_Pelka_Cell_CRC|C166_T_0_0_0_c1_v3,0.2807017543859649,0.0,0.10526315789473684,0.0,0.0,0.0,0.0,0.0,0.0,0.6140350877192983,0.0,0.0,0.0,0.0,0.0,0.0,Cancer_Tumor,CRC
BICCN|HSB340_4_S1,0.0,0.0,0.09554140127388536,0.0,0.0,0.022292993630573247,0.0,0.0,0.0,0.0,0.8821656050955414,0.0,0.0,0.0,0.0,0.0,Control,
2020_Litvinukova_Nature_Heart|HCAHeart7664654,0.0,0.0,0.058823529411764705,0.0392156862745098,0.0,0.8823529411764706,0.0,0.0,0.0,0.0196078431372549,0.0,0.0,0.0,0.0,0.0,0.0,Control,
2023_Kumar_Nature_Breast|hbca_c148,0.5334051724137931,0.11637931034482758,0.22306034482758622,0.004310344827586207,0.016163793103448277,0.10021551724137931,0.0,0.0,0.0,0.00646551724137931,0.0,0.0,0.0,0.0,0.0,0.0,Control,
2020_Drokhlyansky_Cell_EntericNerve|H1_S7,0.0859375,0.0,0.234375,0.0,0.609375,0.0078125,0.0,0.0078125,0.046875,0.0,0.0,0.0,0.0,0.0078125,0.0,0.0,Cancer_AdjNorm,CRC
2021_Pelka_Cell_CRC|C136_N_1_1_0_c1_v2,0.07692307692307693,0.0,0.1346153846153846,0.09615384615384616,0.5,0.07692307692307693,0.0,0.0,0.09615384615384616,0.0,0.0,0.0,0.0,0.019230769230769232,0.0,0.0,Control,
2023_Fonseca_NatGenet_Endometriosis|sample43,0.19480519480519481,0.012987012987012988,0.36363636363636365,0.07792207792207792,0.15584415584415584,0.19480519480519481,0.0,0.0,0.0,0.0,0.0,0.0,0.0,0.0,0.0,0.0,Non-malignant disease,
2023_Kumar_Nature_Breast|hbca_c55,0.23673469387755103,0.0,0.0326530612244898,0.20408163265306123,0.3877551020408163,0.13877551020408163,0.0,0.0,0.0,0.0,0.0,0.0,0.0,0.0,0.0,0.0,Control,
2020_Park_Science_Thymus|WSSS8062669,0.7272727272727273,0.06818181818181818,0.125,0.07954545454545454,0.0,0.0,0.0,0.0,0.0,0.0,0.0,0.0,0.0,0.0,0.0,0.0,Control,
2020_Litvinukova_Nature_Heart|HCAHeart9845431,0.0,0.0,0.09876543209876543,0.8765432098765432,0.0,0.0,0.0,0.0,0.024691358024691357,0.0,0.0,0.0,0.0,0.0,0.0,0.0,Control,
2023_Hirz_NatComm_Prostate|GSM5494375_SCG-PCA19-T-HG,0.24390243902439024,0.024390243902439025,0.21951219512195122,0.15853658536585366,0.0,0.35365853658536583,0.0,0.0,0.0,0.0,0.0,0.0,0.0,0.0,0.0,0.0,Cancer_Tumor,PRC
2022_Reichart_Science_Heart|BO_H28_LV0_premrna,0.0,0.0,0.10077519379844961,0.8430232558139535,0.046511627906976744,0.0,0.0,0.0,0.009689922480620155,0.0,0.0,0.0,0.0,0.0,0.0,0.0,Non-malignant disease,
2020_Habermann_SciAdv_Lung-COVID19|GSM5226574_C51ctr,0.0,0.0,0.12578616352201258,0.0,0.06079664570230608,0.0,0.0,0.0,0.016771488469601678,0.0,0.0,0.7966457023060797,0.0,0.0,0.0,0.0,Control,
2021_Elmentaite_Nature_Intestine|Human_colon_16S8001883,0.014634146341463415,0.0,0.36585365853658536,0.024390243902439025,0.1902439024390244,0.2097560975609756,0.0,0.0,0.1951219512195122,0.0,0.0,0.0,0.0,0.0,0.0,0.0,Control,
2023_Kumar_Nature_Breast|hbca_c03,0.0,0.0,0.020948180815876516,0.39029768467475195,0.4355016538037486,0.13120176405733186,0.0,0.0,0.022050716648291068,0.0,0.0,0.0,0.0,0.0,0.0,0.0,Cancer_Tumor,BRCA
2022_Madissoon_NatGenet_Lung|5841STDY7991482,0.004944375772558714,0.0,0.07416563658838071,0.0,0.8294190358467244,0.004944375772558714,0.0,0.0,0.023485784919653894,0.002472187886279357,0.0,0.06056860321384425,0.0,0.0,0.0,0.0,Control,
2023_Hirz_NatComm_Prostate|GSM5494380_SCG-PCA24-N-CplusD,0.29131175468483816,0.0,0.06984667802385008,0.04088586030664395,0.0,0.5979557069846678,0.0,0.0,0.0,0.0,0.0,0.0,0.0,0.0,0.0,0.0,Cancer_AdjNorm,PRC
2023_Kumar_Nature_Breast|hbca_c125,0.5517241379310345,0.021551724137931036,0.08189655172413793,0.0,0.27586206896551724,0.06896551724137931,0.0,0.0,0.0,0.0,0.0,0.0,0.0,0.0,0.0,0.0,Control,
2020_Litvinukova_Nature_Heart|HCAHeart7905330,0.0,0.013669821240799159,0.40799158780231337,0.31230283911671924,0.0,0.05783385909568875,0.0,0.030494216614090432,0.17770767613038907,0.0,0.0,0.0,0.0,0.0,0.0,0.0,Control,
2021_Melms_Nature_Lung-COVID19|L05cov,0.0,0.0,0.15555555555555556,0.0,0.4666666666666667,0.14444444444444443,0.0,0.0,0.011111111111111112,0.0,0.0,0.2222222222222222,0.0,0.0,0.0,0.0,Non-malignant disease,
2021_Pelka_Cell_CRC|C126_N_1_1_0_c1_v2,0.0,0.0,0.18461538461538463,0.5538461538461539,0.0,0.06153846153846154,0.0,0.0,0.1076923076923077,0.09230769230769231,0.0,0.0,0.0,0.0,0.0,0.0,Control,
2021_Wu_NatGenet_Breast|CID4398,0.48484848484848486,0.0,0.48484848484848486,0.015151515151515152,0.0,0.015151515151515152,0.0,0.0,0.0,0.0,0.0,0.0,0.0,0.0,0.0,0.0,Cancer_Tumor,BRCA
2020_Tosti_Gastroenterol_Pancreas|TUM_13,0.0,0.0,0.18478260869565216,0.29347826086956524,0.17391304347826086,0.33695652173913043,0.0,0.0,0.0,0.0,0.0,0.010869565217391304,0.0,0.0,0.0,0.0,Control,
2020_Litvinukova_Nature_Heart|HCAHeart7728606,0.0,0.0,0.11764705882352941,0.696078431372549,0.0,0.18627450980392157,0.0,0.0,0.0,0.0,0.0,0.0,0.0,0.0,0.0,0.0,Control,
2021_Pal_EMBO_Breast|GSM4909276_N-PM0372-Total,0.47058823529411764,0.10294117647058823,0.1411764705882353,0.0,0.2852941176470588,0.0,0.0,0.0,0.0,0.0,0.0,0.0,0.0,0.0,0.0,0.0,Control,
2022_TabulaSapiens_Science_TabulaSapiens|TSP7_Salivary_Gland_Parotid_10X,0.07462686567164178,0.0,0.1791044776119403,0.20149253731343283,0.417910447761194,0.0,0.0,0.0,0.12686567164179105,0.0,0.0,0.0,0.0,0.0,0.0,0.0,Control,
2023_Kong_Immunity_CD|H180844_N3,0.0,0.0,0.0,0.33962264150943394,0.03773584905660377,0.6226415094339622,0.0,0.0,0.0,0.0,0.0,0.0,0.0,0.0,0.0,0.0,Control,
2020_Litvinukova_Nature_Heart|HCAHeart7698015,0.0,0.0,0.03571428571428571,0.5714285714285714,0.0,0.375,0.0,0.0,0.017857142857142856,0.0,0.0,0.0,0.0,0.0,0.0,0.0,Control,
2023_Kumar_Nature_Breast|hbca_c146,0.5200553250345782,0.13692946058091288,0.2600276625172891,0.0,0.035961272475795295,0.04564315352697095,0.0,0.0,0.0,0.0013831258644536654,0.0,0.0,0.0,0.0,0.0,0.0,Control,
2022_Kumar_CancerDis_Gastric|GSM5573489_sample24,0.07017543859649122,0.0,0.0,0.0,0.0,0.2631578947368421,0.0,0.0,0.0,0.6666666666666666,0.0,0.0,0.0,0.0,0.0,0.0,Cancer_Tumor,GC
2020_Litvinukova_Nature_Heart|HCAHeart7964513,0.0,0.0,0.045081967213114756,0.8114754098360656,0.020491803278688523,0.10245901639344263,0.0,0.020491803278688523,0.0,0.0,0.0,0.0,0.0,0.0,0.0,0.0,Control,
2023_Hickey_Nature_Intestine|B012-A-405,0.0,0.0,0.18181818181818182,0.0,0.36363636363636365,0.012987012987012988,0.0,0.0,0.1038961038961039,0.0,0.0,0.0,0.0,0.33766233766233766,0.0,0.0,Control,
2021_Melms_Nature_Lung-COVID19|L18cov,0.0,0.0,0.1125,0.0,0.7625,0.125,0.0,0.0,0.0,0.0,0.0,0.0,0.0,0.0,0.0,0.0,Non-malignant disease,
2022_TabulaSapiens_Science_TabulaSapiens|TSP1_Pancreas_Exocrine_10X,0.0,0.013513513513513514,0.02702702702702703,0.8648648648648649,0.0,0.0,0.0,0.0,0.013513513513513514,0.06756756756756757,0.0,0.0,0.0,0.013513513513513514,0.0,0.0,Control,
2023_Kumar_Nature_Breast|hbca_c167,0.26605504587155965,0.009174311926605505,0.3669724770642202,0.08256880733944955,0.1651376146788991,0.11009174311926606,0.0,0.0,0.0,0.0,0.0,0.0,0.0,0.0,0.0,0.0,Control,
2023_Kong_Immunity_CD|N171336_L2,0.0,0.0,0.0,0.43617021276595747,0.30851063829787234,0.22340425531914893,0.0,0.0,0.010638297872340425,0.02127659574468085,0.0,0.0,0.0,0.0,0.0,0.0,Non-malignant disease,
2020_Litvinukova_Nature_Heart|HCAHeart8102860,0.1731651376146789,0.0,0.39105504587155965,0.43577981651376146,0.0,0.0,0.0,0.0,0.0,0.0,0.0,0.0,0.0,0.0,0.0,0.0,Control,
2021_Pelka_Cell_CRC|C170_T_0_0_0_c1_v3,0.25136612021857924,0.0,0.06557377049180328,0.01092896174863388,0.0273224043715847,0.0,0.0,0.0,0.0,0.644808743169399,0.0,0.0,0.0,0.0,0.0,0.0,Cancer_Tumor,CRC
2023_Kumar_Nature_Breast|hbca_c81,0.4251968503937008,0.07874015748031496,0.1597300337457818,0.02924634420697413,0.20247469066366705,0.09673790776152981,0.0,0.0,0.0,0.007874015748031496,0.0,0.0,0.0,0.0,0.0,0.0,Control,
2020_Litvinukova_Nature_Heart|HCAHeart8102868,0.0864567716141929,0.0,0.136431784107946,0.7656171914042978,0.010494752623688156,0.0,0.0,0.0009995002498750624,0.0,0.0,0.0,0.0,0.0,0.0,0.0,0.0,Control,
2023_Kong_Immunity_CD|H197396_N2,0.2634730538922156,0.0,0.20359281437125748,0.11976047904191617,0.2874251497005988,0.12574850299401197,0.0,0.0,0.0,0.0,0.0,0.0,0.0,0.0,0.0,0.0,Control,
2022_Reichart_Science_Heart|BO_H49_RV0_premrna,0.0,0.0,0.1935483870967742,0.6290322580645161,0.016129032258064516,0.0,0.0,0.06854838709677419,0.09274193548387097,0.0,0.0,0.0,0.0,0.0,0.0,0.0,Control,
2023_Lake_Nature_Kidney|dKC2,0.0,0.0,0.6607142857142857,0.09821428571428571,0.10714285714285714,0.026785714285714284,0.0,0.0,0.07142857142857142,0.0,0.0,0.0,0.0,0.03571428571428571,0.0,0.0,Non-malignant disease,
2023_Kumar_Nature_Breast|hbca_c39,0.3178294573643411,0.06718346253229975,0.029715762273901807,0.0,0.12015503875968993,0.0917312661498708,0.0,0.0,0.0,0.3733850129198966,0.0,0.0,0.0,0.0,0.0,0.0,Cancer_Tumor,BRCA
Evan2019|SN6060_a,0.0,0.0,0.0,0.19718309859154928,0.0,0.4225352112676056,0.0,0.0,0.0,0.0,0.38028169014084506,0.0,0.0,0.0,0.0,0.0,Non-malignant disease,
2023_Kong_Immunity_CD|N125985_L1,0.0,0.0,0.08045977011494253,0.5517241379310345,0.3103448275862069,0.0,0.0,0.0,0.05747126436781609,0.0,0.0,0.0,0.0,0.0,0.0,0.0,Non-malignant disease,
2023_Kong_Immunity_CD|I127693_L2,0.125,0.0,0.03571428571428571,0.5,0.07142857142857142,0.05357142857142857,0.0,0.0,0.125,0.08928571428571429,0.0,0.0,0.0,0.0,0.0,0.0,Non-malignant disease,
2023_Kumar_Nature_Breast|hbca_c06,0.11411411411411411,0.0,0.1021021021021021,0.14714714714714713,0.4804804804804805,0.12912912912912913,0.0,0.0,0.02702702702702703,0.0,0.0,0.0,0.0,0.0,0.0,0.0,Cancer_Tumor,BRCA
2022_Reichart_Science_Heart|BO_H13_RV0_premrna,0.0,0.0,0.12542372881355932,0.788135593220339,0.0,0.015254237288135594,0.0,0.01694915254237288,0.05254237288135593,0.0,0.0,0.0,0.0,0.001694915254237288,0.0,0.0,Non-malignant disease,
2022_Nee_NatGenet_Breast|GSM5320162_scRNA_ctrl11,0.9429477020602218,0.0,0.0,0.0,0.017432646592709985,0.011093502377179081,0.0,0.0,0.0,0.028526148969889066,0.0,0.0,0.0,0.0,0.0,0.0,Control,
2023_Kumar_Nature_Breast|hbca_n05,0.0,0.0,0.12931034482758622,0.0603448275862069,0.6724137931034483,0.13793103448275862,0.0,0.0,0.0,0.0,0.0,0.0,0.0,0.0,0.0,0.0,Cancer_AdjNorm,BRCA
2020_Litvinukova_Nature_Heart|HCAHeart7829976,0.0,0.0,0.11016949152542373,0.0,0.00847457627118644,0.711864406779661,0.0,0.16101694915254236,0.00847457627118644,0.0,0.0,0.0,0.0,0.0,0.0,0.0,Control,
BICCN|HSB340_3_S1,0.0,0.0,0.018050541516245487,0.0,0.0,0.039711191335740074,0.0,0.0,0.0,0.0,0.9422382671480144,0.0,0.0,0.0,0.0,0.0,Control,
2023_Fonseca_NatGenet_Endometriosis|sample15,0.23529411764705882,0.00980392156862745,0.0784313725490196,0.0,0.45098039215686275,0.1568627450980392,0.0,0.0,0.0,0.06862745098039216,0.0,0.0,0.0,0.0,0.0,0.0,Non-malignant disease,
2022_Hwang_NatGenet_PDAC|T4_CRT,0.0,0.0,0.328,0.008,0.048,0.456,0.0,0.0,0.08,0.064,0.0,0.0,0.0,0.016,0.0,0.0,Cancer_Tumor,PC
2022_TabulaSapiens_Science_TabulaSapiens|TSP1_Muscle_nan_smartseq2,0.5467289719626168,0.004672897196261682,0.08411214953271028,0.2897196261682243,0.0,0.07476635514018691,0.0,0.0,0.0,0.0,0.0,0.0,0.0,0.0,0.0,0.0,Control,
2021_Melms_Nature_Lung-COVID19|L15cov,0.0,0.0,0.10052910052910052,0.0,0.42857142857142855,0.10582010582010581,0.0,0.0,0.026455026455026454,0.0,0.0,0.3386243386243386,0.0,0.0,0.0,0.0,Non-malignant disease,
2022_Zhou_NatGenet_PDAC|HT056P-S1R1A1,0.024752475247524754,0.0,0.24257425742574257,0.12376237623762376,0.0,0.28217821782178215,0.0,0.0,0.21782178217821782,0.10891089108910891,0.0,0.0,0.0,0.0,0.0,0.0,Cancer_Tumor,PC
2022_Reichart_Science_Heart|BO_H42_S00_premrna,0.0,0.0,0.041935483870967745,0.8774193548387097,0.0,0.0,0.0,0.0,0.08064516129032258,0.0,0.0,0.0,0.0,0.0,0.0,0.0,Non-malignant disease,
2020_Litvinukova_Nature_Heart|HCAHeart7905331,0.0,0.0,0.18719611021069693,0.779578606158833,0.022285251215559156,0.0,0.0,0.0,0.01094003241491086,0.0,0.0,0.0,0.0,0.0,0.0,0.0,Control,
2022_Kumar_CancerDis_Gastric|GSM5573479_sample14,0.13333333333333333,0.02857142857142857,0.0,0.0,0.0,0.13333333333333333,0.0,0.0,0.0,0.6952380952380952,0.0,0.0,0.0,0.009523809523809525,0.0,0.0,Cancer_Tumor,GC
2022_TabulaSapiens_Science_TabulaSapiens|TSP2_Muscle_rectusabdominus_10X,0.5138028169014085,0.10253521126760563,0.07323943661971831,0.3019718309859155,0.0022535211267605635,0.006197183098591549,0.0,0.0,0.0,0.0,0.0,0.0,0.0,0.0,0.0,0.0,Control,
2023_Monavarfeshani_PNAS_Eye|Hu222ODScl,0.0,0.0,0.33554817275747506,0.0,0.0,0.03986710963455149,0.0,0.0,0.6245847176079734,0.0,0.0,0.0,0.0,0.0,0.0,0.0,Control,
2022_Gur_Cell_Sceleroderma|GSM5837122_AB13783,0.0784313725490196,0.0,0.0784313725490196,0.0392156862745098,0.17647058823529413,0.6274509803921569,0.0,0.0,0.0,0.0,0.0,0.0,0.0,0.0,0.0,0.0,Non-malignant disease,
2022_Zhou_NatGenet_PDAC|TWCE-HT060P1-S1PBA1A1Z1B1,0.03977272727272727,0.0,0.11931818181818182,0.25,0.0,0.08522727272727272,0.0,0.0,0.19318181818181818,0.3125,0.0,0.0,0.0,0.0,0.0,0.0,Cancer_Tumor,PC
2022_Madissoon_NatGenet_Lung|HCA_A_LNG9387711,0.009900990099009901,0.0,0.07920792079207921,0.0,0.2871287128712871,0.039603960396039604,0.0,0.019801980198019802,0.0594059405940594,0.0,0.0,0.504950495049505,0.0,0.0,0.0,0.0,Control,
2022_Kumar_CancerDis_Gastric|GSM5573493_sample28,0.18823529411764706,0.0,0.07058823529411765,0.4,0.0,0.11764705882352941,0.0,0.0,0.011764705882352941,0.21176470588235294,0.0,0.0,0.0,0.0,0.0,0.0,Cancer_Tumor,GC
2022_Reichart_Science_Heart|BO_H28_S00_premrna,0.0,0.0,0.12722298221614228,0.8071135430916553,0.008207934336525308,0.0,0.0,0.030095759233926128,0.027359781121751026,0.0,0.0,0.0,0.0,0.0,0.0,0.0,Non-malignant disease,
2022_Zhou_NatGenet_PDAC|HT056P-S1PBA3,0.05627705627705628,0.0,0.21212121212121213,0.16017316017316016,0.0,0.13852813852813853,0.0,0.004329004329004329,0.13852813852813853,0.29004329004329005,0.0,0.0,0.0,0.0,0.0,0.0,Cancer_Tumor,PC
2022_Madissoon_NatGenet_Lung|HCA_A_LNG9387713,0.007692307692307693,0.0038461538461538464,0.09615384615384616,0.0,0.1576923076923077,0.038461538461538464,0.0,0.0,0.023076923076923078,0.0,0.0,0.6730769230769231,0.0,0.0,0.0,0.0,Control,
2020_Litvinukova_Nature_Heart|HCAHeart7702882,0.0,0.0,0.05612244897959184,0.6530612244897959,0.12244897959183673,0.09693877551020408,0.0,0.07142857142857142,0.0,0.0,0.0,0.0,0.0,0.0,0.0,0.0,Control,
2020_Litvinukova_Nature_Heart|HCAHeart7728608,0.0,0.0,0.1182108626198083,0.8498402555910544,0.0,0.03194888178913738,0.0,0.0,0.0,0.0,0.0,0.0,0.0,0.0,0.0,0.0,Control,
2020_Litvinukova_Nature_Heart|HCAHeartST13189996,0.5027932960893855,0.0,0.12290502793296089,0.1005586592178771,0.1564245810055866,0.0670391061452514,0.00558659217877095,0.03910614525139665,0.0,0.0,0.0,0.0,0.0,0.0,0.0,0.00558659217877095,Control,
2022_Nee_NatGenet_Breast|GSM5320172_scRNA_brca10,0.9236641221374046,0.0,0.0,0.03104325699745547,0.0,0.026463104325699746,0.0,0.0,0.0,0.018829516539440202,0.0,0.0,0.0,0.0,0.0,0.0,Control,
2023_Kumar_Nature_Breast|hbca_c23,0.7902097902097902,0.0034965034965034965,0.024475524475524476,0.0,0.0,0.09090909090909091,0.0,0.0,0.0,0.09090909090909091,0.0,0.0,0.0,0.0,0.0,0.0,Control,
2020_Habermann_SciAdv_Lung-COVID19|GSM5226587_L07cov,0.0,0.0,0.1111111111111111,0.0,0.8796296296296297,0.0,0.0,0.0,0.0,0.0,0.0,0.009259259259259259,0.0,0.0,0.0,0.0,Non-malignant disease,
2020_Litvinukova_Nature_Heart|HCAHeart9508629,0.0,0.0,0.13978494623655913,0.7903225806451613,0.0,0.0017921146953405018,0.0,0.0,0.06272401433691756,0.0,0.0,0.0,0.0,0.005376344086021506,0.0,0.0,Control,
2023_Fonseca_NatGenet_Endometriosis|sample18,0.036036036036036036,0.0,0.14414414414414414,0.02702702702702703,0.24324324324324326,0.46846846846846846,0.0,0.0,0.08108108108108109,0.0,0.0,0.0,0.0,0.0,0.0,0.0,Non-malignant disease,
2022_Reichart_Science_Heart|BO_H84_RV0_premrna,0.0,0.0,0.12396694214876033,0.628099173553719,0.0,0.01652892561983471,0.0,0.15289256198347106,0.0743801652892562,0.0,0.0,0.0,0.0,0.004132231404958678,0.0,0.0,Non-malignant disease,
2023_Fonseca_NatGenet_Endometriosis|sample41,0.0,0.016666666666666666,0.011111111111111112,0.05555555555555555,0.07222222222222222,0.8444444444444444,0.0,0.0,0.0,0.0,0.0,0.0,0.0,0.0,0.0,0.0,Non-malignant disease,
2023_Kong_Immunity_CD|N104152_N,0.0,0.0,0.0,0.0,0.0,1.0,0.0,0.0,0.0,0.0,0.0,0.0,0.0,0.0,0.0,0.0,Non-malignant disease,
2021_Melms_Nature_Lung-COVID19|L08cov,0.0,0.0,0.16184971098265896,0.0,0.6647398843930635,0.09248554913294797,0.0,0.0,0.0,0.0,0.0,0.08092485549132948,0.0,0.0,0.0,0.0,Non-malignant disease,
2023_Kumar_Nature_Breast|hbca_c96,0.7623906705539358,0.023323615160349854,0.04664723032069971,0.0,0.03644314868804665,0.13119533527696792,0.0,0.0,0.0,0.0,0.0,0.0,0.0,0.0,0.0,0.0,Control,
2021_Melms_Nature_Lung-COVID19|L12cov,0.0,0.0,0.13071895424836602,0.0,0.4444444444444444,0.38562091503267976,0.0,0.0,0.0,0.0,0.0,0.0392156862745098,0.0,0.0,0.0,0.0,Non-malignant disease,
2023_Kumar_Nature_Breast|hbca_c145,0.5209125475285171,0.13878326996197718,0.13307984790874525,0.06463878326996197,0.0076045627376425855,0.13498098859315588,0.0,0.0,0.0,0.0,0.0,0.0,0.0,0.0,0.0,0.0,Control,
2022_TabulaSapiens_Science_TabulaSapiens|TSP6_Liver_nan_10X,0.0,0.0,0.20603015075376885,0.07035175879396985,0.02512562814070352,0.0,0.628140703517588,0.010050251256281407,0.06030150753768844,0.0,0.0,0.0,0.0,0.0,0.0,0.0,Control,
2020_Litvinukova_Nature_Heart|HCAHeart7850544,0.0,0.0,0.10152284263959391,0.8984771573604061,0.0,0.0,0.0,0.0,0.0,0.0,0.0,0.0,0.0,0.0,0.0,0.0,Control,
2022_Reichart_Science_Heart|BO_H49_S0N_premrna,0.0,0.0,0.13740458015267176,0.7480916030534351,0.0,0.0,0.0,0.04580152671755725,0.06870229007633588,0.0,0.0,0.0,0.0,0.0,0.0,0.0,Control,
2020_Litvinukova_Nature_Heart|HCAHeart7836684,0.0,0.0,0.04918032786885246,0.36065573770491804,0.0,0.5901639344262295,0.0,0.0,0.0,0.0,0.0,0.0,0.0,0.0,0.0,0.0,Control,
2023_Kong_Immunity_CD|N110204_L,0.2073170731707317,0.012195121951219513,0.14634146341463414,0.34146341463414637,0.0,0.21951219512195122,0.0,0.0,0.0,0.07317073170731707,0.0,0.0,0.0,0.0,0.0,0.0,Non-malignant disease,
2020_Litvinukova_Nature_Heart|HCAHeart7829978,0.0,0.0,0.011494252873563218,0.8735632183908046,0.0,0.11494252873563218,0.0,0.0,0.0,0.0,0.0,0.0,0.0,0.0,0.0,0.0,Control,
2022_Reichart_Science_Heart|BO_H19_S00_R2_premrna,0.0,0.0,0.16228748068006182,0.758887171561051,0.0,0.0,0.0,0.0061823802163833074,0.07264296754250386,0.0,0.0,0.0,0.0,0.0,0.0,0.0,Non-malignant disease,
2022_Nee_NatGenet_Breast|GSM5320154_scRNA_ctrl3,0.9103666817564509,0.0,0.023540063377093707,0.0,0.009506564056133997,0.0,0.0,0.0,0.0,0.05658669081032141,0.0,0.0,0.0,0.0,0.0,0.0,Control,
2022_Reichart_Science_Heart|BO_H06_LV0_premrna,0.0,0.0,0.13284132841328414,0.7878228782287823,0.0,0.02029520295202952,0.0,0.0,0.05904059040590406,0.0,0.0,0.0,0.0,0.0,0.0,0.0,Non-malignant disease,
2023_Lake_Nature_Kidney|LDPRE0551,0.0,0.0,0.16883116883116883,0.8311688311688312,0.0,0.0,0.0,0.0,0.0,0.0,0.0,0.0,0.0,0.0,0.0,0.0,Control,
2022_Reichart_Science_Heart|BO_H20_LVN_premrna,0.0,0.0,0.12341772151898735,0.8322784810126582,0.0,0.015822784810126583,0.0,0.0,0.028481012658227847,0.0,0.0,0.0,0.0,0.0,0.0,0.0,Non-malignant disease,
2023_Lake_Nature_Kidney|LDSample1158EO1,0.0,0.0,0.5,0.3181818181818182,0.0,0.0,0.0,0.0,0.18181818181818182,0.0,0.0,0.0,0.0,0.0,0.0,0.0,Control,
2020_Adams_SciAdv_IPF|158I-b,0.14925373134328357,0.0,0.14925373134328357,0.0,0.23880597014925373,0.05970149253731343,0.0,0.07462686567164178,0.16417910447761194,0.0,0.0,0.16417910447761194,0.0,0.0,0.0,0.0,Non-malignant disease,
2021_Pelka_Cell_CRC|C126_N_1_1_1_c1_v2,0.0,0.0,0.2413793103448276,0.4827586206896552,0.0,0.09195402298850575,0.0,0.0,0.05747126436781609,0.08045977011494253,0.0,0.0,0.0,0.0,0.04597701149425287,0.0,Control,
2022_Reichart_Science_Heart|BO_H81_LV0_premrna,0.0,0.0,0.3291139240506329,0.43037974683544306,0.0,0.08227848101265822,0.0,0.0379746835443038,0.0759493670886076,0.04430379746835443,0.0,0.0,0.0,0.0,0.0,0.0,Non-malignant disease,
2022_Reichart_Science_Heart|BO_H37_LV0_premrna,0.0,0.0,0.1717171717171717,0.494949494949495,0.13131313131313133,0.030303030303030304,0.0,0.0,0.1717171717171717,0.0,0.0,0.0,0.0,0.0,0.0,0.0,Non-malignant disease,
2020_Litvinukova_Nature_Heart|HCAHeart9845435,0.0,0.0,0.12446351931330472,0.8011444921316166,0.020028612303290415,0.0,0.0,0.0,0.05436337625178827,0.0,0.0,0.0,0.0,0.0,0.0,0.0,Control,
2022_Guilliams_Cell_Liver|CS108,0.0,0.0,0.0449438202247191,0.0,0.0,0.19101123595505617,0.7191011235955056,0.0,0.0449438202247191,0.0,0.0,0.0,0.0,0.0,0.0,0.0,Cancer_Tumor,HCC
2020_Litvinukova_Nature_Heart|HCAHeart7850541,0.0,0.0,0.18064516129032257,0.7096774193548387,0.0,0.04516129032258064,0.0,0.025806451612903226,0.0,0.0,0.0,0.0,0.03870967741935484,0.0,0.0,0.0,Control,
2022_Reichart_Science_Heart|BO_H15_RV0_premrna,0.0,0.0,0.18710493046776233,0.5410872313527181,0.11504424778761062,0.0,0.0,0.1011378002528445,0.05562579013906448,0.0,0.0,0.0,0.0,0.0,0.0,0.0,Non-malignant disease,
2022_Madissoon_NatGenet_Lung|5841STDY7991487,0.06224066390041494,0.008298755186721992,0.4605809128630705,0.004149377593360996,0.1037344398340249,0.0,0.0,0.0,0.14522821576763487,0.029045643153526972,0.0,0.18672199170124482,0.0,0.0,0.0,0.0,Control,
2020_Drokhlyansky_Cell_EntericNerve|H1_S16,0.0,0.0,0.1694915254237288,0.0,0.7457627118644068,0.01694915254237288,0.0,0.01694915254237288,0.0,0.0,0.0,0.01694915254237288,0.0,0.03389830508474576,0.0,0.0,Cancer_AdjNorm,CRC
2022_Gur_Cell_Sceleroderma|GSM5837148_AB13815,0.06349206349206349,0.0,0.0,0.0,0.07936507936507936,0.8571428571428571,0.0,0.0,0.0,0.0,0.0,0.0,0.0,0.0,0.0,0.0,Non-malignant disease,
2022_Gur_Cell_Sceleroderma|GSM5837238_AB6908,0.0,0.0,0.0,0.0,0.0,1.0,0.0,0.0,0.0,0.0,0.0,0.0,0.0,0.0,0.0,0.0,Non-malignant disease,
2021_Pal_EMBO_Breast|GSM4909257_N-PM0095-Total,0.6019536019536019,0.019536019536019536,0.047619047619047616,0.0,0.115995115995116,0.10378510378510379,0.0,0.0,0.0,0.1111111111111111,0.0,0.0,0.0,0.0,0.0,0.0,Control,
2023_Kumar_Nature_Breast|hbca_c50,0.5882978723404255,0.018085106382978722,0.13617021276595745,0.03404255319148936,0.0,0.18404255319148935,0.0,0.0,0.0,0.039361702127659576,0.0,0.0,0.0,0.0,0.0,0.0,Control,
2022_Reichart_Science_Heart|BO_H55_S00_premrna,0.0,0.0,0.44753086419753085,0.5061728395061729,0.0,0.0,0.006172839506172839,0.0030864197530864196,0.030864197530864196,0.0,0.0,0.0,0.0,0.006172839506172839,0.0,0.0,Control,
2022_Guilliams_Cell_Liver|CS167,0.0,0.0,0.0,0.0,0.0,0.0,0.9541666666666667,0.0,0.025,0.0,0.0,0.0,0.0,0.020833333333333332,0.0,0.0,Non-malignant disease,
2022_Hwang_NatGenet_PDAC|U1_Untreated,0.014925373134328358,0.0,0.35447761194029853,0.0,0.1044776119402985,0.26492537313432835,0.0,0.0,0.19029850746268656,0.06343283582089553,0.0,0.0,0.0,0.007462686567164179,0.0,0.0,Cancer_Tumor,PC
2023_Fonseca_NatGenet_Endometriosis|sample27,0.09195402298850575,0.0,0.06896551724137931,0.0,0.367816091954023,0.47126436781609193,0.0,0.0,0.0,0.0,0.0,0.0,0.0,0.0,0.0,0.0,Non-malignant disease,
2022_Reichart_Science_Heart|BO_H01_LV0_premrna,0.0,0.0,0.16256830601092895,0.7281420765027322,0.015027322404371584,0.009562841530054645,0.0,0.0,0.08469945355191257,0.0,0.0,0.0,0.0,0.0,0.0,0.0,Non-malignant disease,
2021_Pal_EMBO_Breast|GSM4909272_N-MH0021-Total,0.8581314878892734,0.0,0.01730103806228374,0.0,0.0328719723183391,0.09169550173010381,0.0,0.0,0.0,0.0,0.0,0.0,0.0,0.0,0.0,0.0,Control,
2021_Elmentaite_Nature_Intestine|4918STDY7901096,0.22295081967213115,0.0,0.1737704918032787,0.15737704918032788,0.12131147540983607,0.15081967213114755,0.0,0.0,0.0,0.1737704918032787,0.0,0.0,0.0,0.0,0.0,0.0,Non-malignant disease,
2020_Adams_SciAdv_IPF|003C,0.0,0.0,0.10606060606060606,0.0,0.6363636363636364,0.0,0.015151515151515152,0.0,0.0,0.0,0.0,0.24242424242424243,0.0,0.0,0.0,0.0,Control,
2022_TabulaSapiens_Science_TabulaSapiens|TSP14_Fat_SCAT_10X,0.08302583025830258,0.0,0.11623616236162361,0.7583025830258303,0.0,0.01107011070110701,0.0,0.00922509225092251,0.02214022140221402,0.0,0.0,0.0,0.0,0.0,0.0,0.0,Control,
2020_Adams_SciAdv_IPF|166I-a,0.08270676691729323,0.0,0.3458646616541353,0.0,0.24812030075187969,0.05263157894736842,0.0,0.03759398496240601,0.21052631578947367,0.0,0.0,0.022556390977443608,0.0,0.0,0.0,0.0,Non-malignant disease,
2022_Reichart_Science_Heart|BO_H07_RV0_premrna,0.0,0.0,0.33657587548638135,0.4027237354085603,0.10894941634241245,0.007782101167315175,0.0,0.09922178988326848,0.029182879377431907,0.01556420233463035,0.0,0.0,0.0,0.0,0.0,0.0,Non-malignant disease,
2023_Lake_Nature_Kidney|AKI3410187,0.0,0.0,0.7348066298342542,0.16574585635359115,0.022099447513812154,0.04419889502762431,0.0,0.0,0.0055248618784530384,0.0,0.0,0.0,0.0,0.027624309392265192,0.0,0.0,Non-malignant disease,
2023_Kumar_Nature_Breast|hbca_c104,0.4505928853754941,0.07509881422924901,0.22924901185770752,0.07509881422924901,0.09486166007905138,0.07509881422924901,0.0,0.0,0.0,0.0,0.0,0.0,0.0,0.0,0.0,0.0,Control,
2023_Kumar_Nature_Breast|hbca_n04,0.0,0.0,0.1875,0.0,0.59375,0.203125,0.0,0.015625,0.0,0.0,0.0,0.0,0.0,0.0,0.0,0.0,Cancer_Tumor,BRCA
2022_Reichart_Science_Heart|BO_H58_LV0_premrna,0.0,0.0,0.3013698630136986,0.5799086757990868,0.0319634703196347,0.0273972602739726,0.0,0.0,0.0547945205479452,0.0,0.0,0.0045662100456621,0.0,0.0,0.0,0.0,Non-malignant disease,
2023_Kumar_Nature_Breast|hbca_c27,0.14121699196326062,0.0,0.030998851894374284,0.010332950631458095,0.12284730195177956,0.21010332950631458,0.0,0.0,0.0,0.4845005740528129,0.0,0.0,0.0,0.0,0.0,0.0,Cancer_Tumor,BRCA
2022_Reichart_Science_Heart|BO_H11_LV0_premrna,0.0,0.0,0.08121827411167512,0.868020304568528,0.0,0.017766497461928935,0.0,0.0,0.03299492385786802,0.0,0.0,0.0,0.0,0.0,0.0,0.0,Non-malignant disease,
2022_TabulaSapiens_Science_TabulaSapiens|TSP14_Salivary_Gland_Submandibular_10X,0.6142322097378277,0.02247191011235955,0.13108614232209737,0.06367041198501873,0.056179775280898875,0.0,0.0,0.0,0.018726591760299626,0.09363295880149813,0.0,0.0,0.0,0.0,0.0,0.0,Control,
2022_Emont_Nature_WAT|Hs_OAT_09-1,0.0,0.0,0.14367816091954022,0.040229885057471264,0.6781609195402298,0.07471264367816093,0.0,0.0,0.0,0.0,0.0,0.0,0.0,0.034482758620689655,0.028735632183908046,0.0,Control,
2023_Fonseca_NatGenet_Endometriosis|sample32,0.05787781350482315,0.05144694533762058,0.10289389067524116,0.028938906752411574,0.11254019292604502,0.41479099678456594,0.0,0.0,0.0,0.06430868167202572,0.0,0.0,0.0,0.16720257234726688,0.0,0.0,Non-malignant disease,
2023_Hickey_Nature_Intestine|B011-A-002,0.0,0.0,0.19480519480519481,0.0,0.33766233766233766,0.0,0.0,0.0,0.36363636363636365,0.012987012987012988,0.0,0.0,0.0,0.09090909090909091,0.0,0.0,Control,
2020_Adams_SciAdv_IPF|237CO,0.0967741935483871,0.03225806451612903,0.06451612903225806,0.0,0.5967741935483871,0.04838709677419355,0.0,0.0,0.0,0.016129032258064516,0.0,0.14516129032258066,0.0,0.0,0.0,0.0,Non-malignant disease,
2020_Drokhlyansky_Cell_EntericNerve|H3_S37,0.0,0.0,0.5384615384615384,0.0,0.3076923076923077,0.11538461538461539,0.0,0.0,0.038461538461538464,0.0,0.0,0.0,0.0,0.0,0.0,0.0,Cancer_AdjNorm,CRC
2023_Lake_Nature_Kidney|LDPRE027,0.0,0.0,0.14516129032258066,0.7096774193548387,0.0,0.08064516129032258,0.0,0.0,0.06451612903225806,0.0,0.0,0.0,0.0,0.0,0.0,0.0,Control,
2023_Lake_Nature_Kidney|AKI3010125,0.0,0.0,0.16071428571428573,0.5714285714285714,0.0,0.16071428571428573,0.0,0.0,0.0,0.0,0.0,0.0,0.0,0.07142857142857142,0.0,0.03571428571428571,Non-malignant disease,
2020_Litvinukova_Nature_Heart|HCAHeart7880861,0.0,0.0,0.1,0.5666666666666667,0.0,0.25,0.0,0.06666666666666667,0.0,0.0,0.0,0.016666666666666666,0.0,0.0,0.0,0.0,Control,
2021_Melms_Nature_Lung-COVID19|L09cov,0.0,0.0,0.21052631578947367,0.0,0.15789473684210525,0.631578947368421,0.0,0.0,0.0,0.0,0.0,0.0,0.0,0.0,0.0,0.0,Non-malignant disease,
2020_Adams_SciAdv_IPF|222I-a,0.0,0.0,0.057692307692307696,0.0,0.5384615384615384,0.15384615384615385,0.0,0.11538461538461539,0.07692307692307693,0.0,0.0,0.057692307692307696,0.0,0.0,0.0,0.0,Non-malignant disease,
2022_TabulaSapiens_Science_TabulaSapiens|TSP14_Skin_Chest_10X,0.7970479704797048,0.0,0.12546125461254612,0.0,0.0,0.0,0.0,0.0,0.0,0.07749077490774908,0.0,0.0,0.0,0.0,0.0,0.0,Control,
2022_Madissoon_NatGenet_Lung|WSSS8062681,0.31059390048154095,0.12680577849117175,0.15168539325842698,0.0,0.09630818619582665,0.024879614767255216,0.0,0.0,0.056179775280898875,0.0008025682182985554,0.0,0.2319422150882825,0.0,0.0,0.0,0.0008025682182985554,Control,
2020_Adams_SciAdv_IPF|454C,0.0,0.0,0.12962962962962962,0.0,0.7407407407407407,0.0,0.0,0.0,0.07407407407407407,0.0,0.0,0.018518518518518517,0.0,0.0,0.037037037037037035,0.0,Control,
2022_Kumar_CancerDis_Gastric|GSM5573503_sample38,0.2972972972972973,0.0,0.28378378378378377,0.05405405405405406,0.0,0.32432432432432434,0.0,0.0,0.04054054054054054,0.0,0.0,0.0,0.0,0.0,0.0,0.0,Cancer_Metastasis,GC
2023_Kumar_Nature_Breast|hbca_c120,0.7068230277185501,0.053304904051172705,0.13326226012793177,0.0,0.0,0.07249466950959488,0.0,0.0,0.0,0.03411513859275053,0.0,0.0,0.0,0.0,0.0,0.0,Cancer_Tumor,BRCA
2020_Adams_SciAdv_IPF|001C,0.0,0.0,0.0,0.0,0.864406779661017,0.0,0.0,0.0,0.03389830508474576,0.0,0.0,0.1016949152542373,0.0,0.0,0.0,0.0,Control,
2023_Kong_Immunity_CD|N11_LP_B,0.0,0.0,0.0,0.39622641509433965,0.03773584905660377,0.5660377358490566,0.0,0.0,0.0,0.0,0.0,0.0,0.0,0.0,0.0,0.0,Control,
2023_Kumar_Nature_Breast|hbca_c28,0.183206106870229,0.0,0.022900763358778626,0.08778625954198473,0.5076335877862596,0.08778625954198473,0.0,0.019083969465648856,0.0648854961832061,0.0,0.0,0.0,0.0,0.0,0.026717557251908396,0.0,Cancer_Tumor,BRCA
2022_Reichart_Science_Heart|BO_H40_LV1_premrna,0.0,0.0,0.1649122807017544,0.6421052631578947,0.0,0.0,0.0,0.15789473684210525,0.03508771929824561,0.0,0.0,0.0,0.0,0.0,0.0,0.0,Non-malignant disease,
2022_Emont_Nature_WAT|Hs_OAT_13-1,0.0,0.0,0.19517102615694165,0.07243460764587525,0.6016096579476862,0.08450704225352113,0.0,0.0,0.04627766599597585,0.0,0.0,0.0,0.0,0.0,0.0,0.0,Control,
2023_Lake_Nature_Kidney|AKI3210074,0.0,0.0,0.328125,0.4375,0.0,0.203125,0.0,0.0,0.03125,0.0,0.0,0.0,0.0,0.0,0.0,0.0,Non-malignant disease,
2022_Hwang_NatGenet_PDAC|T14_CRT,0.3324175824175824,0.0,0.31043956043956045,0.0,0.21703296703296704,0.054945054945054944,0.0027472527472527475,0.01098901098901099,0.0,0.06043956043956044,0.0,0.0,0.0,0.01098901098901099,0.0,0.0,Cancer_Tumor,PC
2020_Drokhlyansky_Cell_EntericNerve|H10_S47,0.1016949152542373,0.0,0.22033898305084745,0.0,0.6779661016949152,0.0,0.0,0.0,0.0,0.0,0.0,0.0,0.0,0.0,0.0,0.0,Cancer_AdjNorm,CRC
2021_Elmentaite_Nature_Intestine|Human_colon_16S8000493,0.24193548387096775,0.0,0.46774193548387094,0.0,0.1774193548387097,0.04838709677419355,0.0,0.0,0.06451612903225806,0.0,0.0,0.0,0.0,0.0,0.0,0.0,Control,
2023_Kumar_Nature_Breast|hbca_c154,0.4884910485933504,0.1636828644501279,0.21739130434782608,0.030690537084398978,0.0,0.09974424552429667,0.0,0.0,0.0,0.0,0.0,0.0,0.0,0.0,0.0,0.0,Cancer_Tumor,BRCA
2023_Kumar_Nature_Breast|hbca_c14,0.9228448275862069,0.0,0.022844827586206897,0.0,0.027586206896551724,0.0,0.0,0.0,0.0,0.026724137931034484,0.0,0.0,0.0,0.0,0.0,0.0,Control,
2023_Kumar_Nature_Breast|hbca_c158,0.49712643678160917,0.13218390804597702,0.15517241379310345,0.034482758620689655,0.02586206896551724,0.15517241379310345,0.0,0.0,0.0,0.0,0.0,0.0,0.0,0.0,0.0,0.0,Cancer_Tumor,BRCA
2022_Nee_NatGenet_Breast|GSM5320156_scRNA_ctrl5,0.806841046277666,0.0,0.0,0.0,0.11267605633802817,0.02112676056338028,0.0,0.0,0.0,0.059356136820925554,0.0,0.0,0.0,0.0,0.0,0.0,Control,
2022_Guilliams_Cell_Liver|CS46,0.0,0.0,0.0,0.0,0.0,0.02702702702702703,0.972972972972973,0.0,0.0,0.0,0.0,0.0,0.0,0.0,0.0,0.0,Cancer_Tumor,HCA
2022_Reichart_Science_Heart|BO_H78_S00_premrna,0.0,0.0,0.22742474916387959,0.6354515050167224,0.0,0.020066889632107024,0.0,0.0,0.11705685618729098,0.0,0.0,0.0,0.0,0.0,0.0,0.0,Non-malignant disease,
ROSMAP|201007-B57-A_NYGC_S2,0.0,0.0,0.4642857142857143,0.0,0.0,0.2857142857142857,0.0,0.0,0.0,0.0,0.25,0.0,0.0,0.0,0.0,0.0,Control,
2020_Adams_SciAdv_IPF|098C-b,0.06015037593984962,0.0,0.09774436090225563,0.0,0.6090225563909775,0.022556390977443608,0.007518796992481203,0.03007518796992481,0.007518796992481203,0.0,0.0,0.16541353383458646,0.0,0.0,0.0,0.0,Control,
2022_Madissoon_NatGenet_Lung|5841STDY7991485,0.18032786885245902,0.01639344262295082,0.13114754098360656,0.0,0.3114754098360656,0.0,0.0,0.0,0.03278688524590164,0.03278688524590164,0.0,0.2459016393442623,0.01639344262295082,0.0,0.03278688524590164,0.0,Control,
2022_Reichart_Science_Heart|BS_DL3_LV0_premrna,0.0,0.0,0.07169117647058823,0.7996323529411765,0.0,0.12867647058823528,0.0,0.0,0.0,0.0,0.0,0.0,0.0,0.0,0.0,0.0,Non-malignant disease,
2023_Kumar_Nature_Breast|hbca_c84,0.5796269727403156,0.06886657101865136,0.07317073170731707,0.0,0.054519368723098996,0.22381635581061693,0.0,0.0,0.0,0.0,0.0,0.0,0.0,0.0,0.0,0.0,Control,
2023_Hirz_NatComm_Prostate|GSM5494342_HP1,0.04709141274238227,0.0,0.06371191135734072,0.0,0.0,0.889196675900277,0.0,0.0,0.0,0.0,0.0,0.0,0.0,0.0,0.0,0.0,Control,
2022_Gur_Cell_Sceleroderma|GSM5837156_AB13823,0.08536585365853659,0.0,0.0,0.036585365853658534,0.21951219512195122,0.6585365853658537,0.0,0.0,0.0,0.0,0.0,0.0,0.0,0.0,0.0,0.0,Control,
2020_Drokhlyansky_Cell_EntericNerve|H13_S59,0.0,0.0,0.5527210884353742,0.0,0.3758503401360544,0.0391156462585034,0.006802721088435374,0.0,0.023809523809523808,0.0,0.0,0.0,0.0,0.0,0.0017006802721088435,0.0,Cancer_AdjNorm,CRC
2022_Zhou_NatGenet_PDAC|HT061P1-S1PAA1A1Z1_1B2_1,0.0,0.0,0.07207207207207207,0.25225225225225223,0.0,0.09009009009009009,0.0,0.0,0.0990990990990991,0.4864864864864865,0.0,0.0,0.0,0.0,0.0,0.0,Cancer_Tumor,PC
2021_Melms_Nature_Lung-COVID19|L07cov,0.0,0.0,0.1111111111111111,0.0,0.8796296296296297,0.0,0.0,0.0,0.0,0.0,0.0,0.009259259259259259,0.0,0.0,0.0,0.0,Non-malignant disease,
2022_Reichart_Science_Heart|BO_H12_LV0_premrna,0.0,0.0,0.06967213114754098,0.8524590163934426,0.028688524590163935,0.012295081967213115,0.0,0.0,0.036885245901639344,0.0,0.0,0.0,0.0,0.0,0.0,0.0,Non-malignant disease,
2023_Kumar_Nature_Breast|hbca_c30,0.08248730964467005,0.0,0.04060913705583756,0.0,0.21446700507614214,0.18401015228426396,0.0,0.0,0.0,0.4784263959390863,0.0,0.0,0.0,0.0,0.0,0.0,Cancer_Tumor,BRCA
2022_Reichart_Science_Heart|BO_H33_S00_premrna,0.0,0.0,0.3229571984435798,0.4357976653696498,0.0,0.12840466926070038,0.0,0.0038910505836575876,0.10894941634241245,0.0,0.0,0.0,0.0,0.0,0.0,0.0,Non-malignant disease,
2021_Pal_EMBO_Breast|GSM4909263_N-MH0064-Total,1.0,0.0,0.0,0.0,0.0,0.0,0.0,0.0,0.0,0.0,0.0,0.0,0.0,0.0,0.0,0.0,Control,
2022_Zhou_NatGenet_PDAC|HT284P1-S1H2Fc2A2N1Z1_1Bmn1_1,0.0,0.0,0.08737864077669903,0.0,0.49514563106796117,0.36893203883495146,0.0,0.019417475728155338,0.02912621359223301,0.0,0.0,0.0,0.0,0.0,0.0,0.0,Cancer_Tumor,PC
2020_Litvinukova_Nature_Heart|HCAHeart7888922,0.0,0.0,0.0,0.35714285714285715,0.0,0.6428571428571429,0.0,0.0,0.0,0.0,0.0,0.0,0.0,0.0,0.0,0.0,Control,
2022_Gur_Cell_Sceleroderma|GSM5837378_AB7561,0.0,0.0,0.0,0.42105263157894735,0.0,0.43859649122807015,0.017543859649122806,0.0,0.0,0.0,0.0,0.0,0.12280701754385964,0.0,0.0,0.0,Non-malignant disease,
2020_Drokhlyansky_Cell_EntericNerve|H10_S49,0.0,0.0,0.19230769230769232,0.0,0.7692307692307693,0.019230769230769232,0.0,0.0,0.0,0.0,0.0,0.0,0.0,0.019230769230769232,0.0,0.0,Cancer_AdjNorm,CRC
2022_Reichart_Science_Heart|BO_H78_RV0_premrna,0.0,0.0,0.2818627450980392,0.5588235294117647,0.03431372549019608,0.031862745098039214,0.0,0.012254901960784314,0.07598039215686274,0.0,0.0,0.0,0.0,0.004901960784313725,0.0,0.0,Non-malignant disease,
2023_Lake_Nature_Kidney|KC77,0.0,0.0,0.45491803278688525,0.10655737704918032,0.05737704918032787,0.07377049180327869,0.0,0.0,0.1557377049180328,0.0,0.0,0.004098360655737705,0.0,0.14754098360655737,0.0,0.0,Control,
2022_TabulaSapiens_Science_TabulaSapiens|TSP2_Bladder_nan_10X,0.5376344086021505,0.0,0.17204301075268819,0.03225806451612903,0.06451612903225806,0.10752688172043011,0.0,0.0,0.0,0.08602150537634409,0.0,0.0,0.0,0.0,0.0,0.0,Control,
2020_Litvinukova_Nature_Heart|HCAHeart8102865,0.05211190345584202,0.0,0.1256171146461876,0.8222709818979704,0.0,0.0,0.0,0.0,0.0,0.0,0.0,0.0,0.0,0.0,0.0,0.0,Control,
2022_Hwang_NatGenet_PDAC|T20_Other,0.0345679012345679,0.0,0.5185185185185185,0.009876543209876543,0.03950617283950617,0.1037037037037037,0.0,0.0024691358024691358,0.25925925925925924,0.03209876543209877,0.0,0.0,0.0,0.0,0.0,0.0,Cancer_Tumor,PC
2022_Reichart_Science_Heart|BO_H51_LV1_premrna,0.0,0.0,0.1717171717171717,0.696969696969697,0.04040404040404041,0.005050505050505051,0.0,0.030303030303030304,0.05555555555555555,0.0,0.0,0.0,0.0,0.0,0.0,0.0,Control,
2020_Adams_SciAdv_IPF|063I-b,0.2111111111111111,0.0,0.12222222222222222,0.0,0.26666666666666666,0.1,0.0,0.0,0.1,0.011111111111111112,0.0,0.18888888888888888,0.0,0.0,0.0,0.0,Non-malignant disease,
2023_Fonseca_NatGenet_Endometriosis|sample36,0.0,0.0,0.05604719764011799,0.0,0.0471976401179941,0.8967551622418879,0.0,0.0,0.0,0.0,0.0,0.0,0.0,0.0,0.0,0.0,Control,
2023_Kumar_Nature_Breast|hbca_c133,0.5755467196819085,0.11530815109343936,0.147117296222664,0.02485089463220676,0.015904572564612324,0.12127236580516898,0.0,0.0,0.0,0.0,0.0,0.0,0.0,0.0,0.0,0.0,Control,
2021_Pal_EMBO_Breast|GSM4909274_N-MH275-Total,0.9056603773584906,0.07924528301886792,0.0,0.0,0.01509433962264151,0.0,0.0,0.0,0.0,0.0,0.0,0.0,0.0,0.0,0.0,0.0,Control,
2022_Hwang_NatGenet_PDAC|T24_Other,0.0,0.0,0.4520547945205479,0.136986301369863,0.0,0.1095890410958904,0.0,0.0,0.3013698630136986,0.0,0.0,0.0,0.0,0.0,0.0,0.0,Cancer_Tumor,PC
2023_Wang_SciAdv_CRC|s0115_Liver_Tumor,0.3505747126436782,0.011494252873563218,0.47701149425287354,0.017241379310344827,0.0,0.05172413793103448,0.022988505747126436,0.017241379310344827,0.0,0.05172413793103448,0.0,0.0,0.0,0.0,0.0,0.0,Cancer_Metastasis,CRC
2023_Lake_Nature_Kidney|KB5,0.0,0.0,0.3090909090909091,0.3393939393939394,0.030303030303030304,0.1696969696969697,0.0,0.0,0.01818181818181818,0.0,0.0,0.006060606060606061,0.0,0.12727272727272726,0.0,0.0,Non-malignant disease,
2022_Reichart_Science_Heart|BO_H14_LV0_premrna,0.0,0.0,0.12403100775193798,0.8488372093023255,0.0,0.0,0.001937984496124031,0.0,0.025193798449612403,0.0,0.0,0.0,0.0,0.0,0.0,0.0,Non-malignant disease,
2022_Madissoon_NatGenet_Lung|5841STDY7991483,0.06060606060606061,0.0,0.07575757575757576,0.015151515151515152,0.22727272727272727,0.5151515151515151,0.0,0.0,0.09090909090909091,0.0,0.0,0.0,0.0,0.0,0.015151515151515152,0.0,Control,
2022_TabulaSapiens_Science_TabulaSapiens|TSP14_Tongue_Anterior_10X,0.4,0.0,0.125,0.2,0.10833333333333334,0.06666666666666667,0.0,0.0,0.0,0.05,0.0,0.0,0.0,0.0,0.05,0.0,Control,
2022_Zhou_NatGenet_PDAC|HT306P1-S1H1Fc2A2N1Z1_1Bmn1_1,0.0,0.0,0.0,0.0,0.4174757281553398,0.21359223300970873,0.0,0.0,0.0,0.3592233009708738,0.0,0.0,0.0,0.009708737864077669,0.0,0.0,Cancer_Tumor,PC
2023_Fonseca_NatGenet_Endometriosis|sample34,0.0,0.0,0.16591928251121077,0.0,0.06278026905829596,0.6547085201793722,0.0,0.004484304932735426,0.0,0.08071748878923767,0.0,0.0,0.0,0.03139013452914798,0.0,0.0,Non-malignant disease,
2021_Melms_Nature_Lung-COVID19|L06cov,0.0,0.0,0.08979591836734693,0.0,0.6122448979591837,0.04897959183673469,0.0,0.0,0.02857142857142857,0.0,0.0,0.22040816326530613,0.0,0.0,0.0,0.0,Non-malignant disease,
2020_Litvinukova_Nature_Heart|HCAHeartST11064575,0.0,0.0,0.124,0.704,0.0,0.088,0.0,0.056,0.028,0.0,0.0,0.0,0.0,0.0,0.0,0.0,Control,
2023_Lake_Nature_Kidney|HCKD3110013,0.0,0.0,0.16,0.624,0.0,0.216,0.0,0.0,0.0,0.0,0.0,0.0,0.0,0.0,0.0,0.0,Non-malignant disease,
2023_Kumar_Nature_Breast|hbca_c63,0.47289156626506024,0.0963855421686747,0.07530120481927711,0.0030120481927710845,0.28012048192771083,0.07228915662650602,0.0,0.0,0.0,0.0,0.0,0.0,0.0,0.0,0.0,0.0,Control,
2022_Emont_Nature_WAT|Hs_OAT_255-1,0.0,0.0,0.26339285714285715,0.09821428571428571,0.45089285714285715,0.06473214285714286,0.0,0.0,0.11607142857142858,0.0,0.0,0.0,0.0,0.006696428571428571,0.0,0.0,Control,
2023_Kumar_Nature_Breast|hbca_c92,0.8556067588325653,0.03379416282642089,0.03225806451612903,0.0,0.05683563748079877,0.021505376344086023,0.0,0.0,0.0,0.0,0.0,0.0,0.0,0.0,0.0,0.0,Control,
2022_Madissoon_NatGenet_Lung|WSSS8062682,0.309375,0.11875,0.203125,0.003125,0.13125,0.05,0.0,0.0,0.0296875,0.0015625,0.0,0.1515625,0.0,0.0,0.0015625,0.0,Control,
2023_Kumar_Nature_Breast|hbca_c157,0.42592592592592593,0.043209876543209874,0.1728395061728395,0.0,0.24074074074074073,0.06790123456790123,0.0,0.0,0.030864197530864196,0.018518518518518517,0.0,0.0,0.0,0.0,0.0,0.0,Cancer_Tumor,BRCA
2023_Kumar_Nature_Breast|hbca_c136,0.7726218097447796,0.023781902552204175,0.06670533642691415,0.0,0.012180974477958236,0.10730858468677494,0.0,0.0,0.0,0.01740139211136891,0.0,0.0,0.0,0.0,0.0,0.0,Control,
2022_Zhou_NatGenet_PDAC|HT412P1-S1H1A3N1Z1_1Bmn1_1,0.0,0.0,0.15337423312883436,0.03680981595092025,0.15337423312883436,0.3803680981595092,0.0,0.0,0.09202453987730061,0.04294478527607362,0.0,0.0,0.0,0.1411042944785276,0.0,0.0,Cancer_Tumor,PC
2022_Emont_Nature_WAT|Hs_SAT_255-1,0.13291139240506328,0.0,0.5537974683544303,0.19936708860759494,0.03164556962025317,0.04430379746835443,0.0,0.0,0.03481012658227848,0.0,0.0,0.0,0.0,0.0031645569620253164,0.0,0.0,Control,
2022_Gur_Cell_Sceleroderma|GSM5837116_AB13777,0.015873015873015872,0.0,0.0,0.0,0.0,0.9841269841269841,0.0,0.0,0.0,0.0,0.0,0.0,0.0,0.0,0.0,0.0,Control,
2022_Emont_Nature_WAT|Hs_SAT_02-1,0.0,0.0,0.298876404494382,0.2,0.011235955056179775,0.2966292134831461,0.0,0.0,0.19325842696629214,0.0,0.0,0.0,0.0,0.0,0.0,0.0,Control,
2022_Hwang_NatGenet_PDAC|T23_Other,0.11940298507462686,0.0,0.24875621890547264,0.0,0.35323383084577115,0.06965174129353234,0.0,0.0,0.0945273631840796,0.06467661691542288,0.0,0.0,0.0,0.04975124378109453,0.0,0.0,Cancer_Tumor,PC
2023_Kumar_Nature_Breast|hbca_c26,0.19710669077757687,0.0,0.02531645569620253,0.018083182640144666,0.0433996383363472,0.1844484629294756,0.0,0.0,0.0,0.5316455696202531,0.0,0.0,0.0,0.0,0.0,0.0,Control,
2022_Reichart_Science_Heart|BS_DO1_LV0_premrna,0.0,0.0,0.5316455696202531,0.2911392405063291,0.0,0.08860759493670886,0.0,0.0,0.02531645569620253,0.06329113924050633,0.0,0.0,0.0,0.0,0.0,0.0,Non-malignant disease,
2020_Litvinukova_Nature_Heart|HCAHeart9508627,0.0,0.0,0.07692307692307693,0.5384615384615384,0.0,0.3076923076923077,0.0,0.0,0.057692307692307696,0.019230769230769232,0.0,0.0,0.0,0.0,0.0,0.0,Control,
2022_Reichart_Science_Heart|BO_H06_S00_premrna,0.0,0.0,0.10011641443538999,0.30034924330616997,0.0,0.010477299185098952,0.0011641443538998836,0.459837019790454,0.1280558789289872,0.0,0.0,0.0,0.0,0.0,0.0,0.0,Non-malignant disease,
ROSMAP|191219-B9-B_Broad_S4,0.0,0.0,0.125,0.0,0.0,0.022727272727272728,0.0,0.0,0.0,0.0,0.8522727272727273,0.0,0.0,0.0,0.0,0.0,Control,
2021_Chan_CancerCell_SCLC|RU1134-CN2,0.10833333333333334,0.0,0.0,0.075,0.09166666666666666,0.625,0.0,0.0,0.0,0.1,0.0,0.0,0.0,0.0,0.0,0.0,Cancer_Tumor,NSCLC
2022_Reichart_Science_Heart|BO_H84_LV0_premrna,0.0,0.0,0.08808290155440414,0.8549222797927462,0.0,0.0,0.0,0.02072538860103627,0.03626943005181347,0.0,0.0,0.0,0.0,0.0,0.0,0.0,Non-malignant disease,
2023_Kumar_Nature_Breast|hbca_c83,0.36281179138321995,0.08616780045351474,0.10430839002267574,0.006802721088435374,0.15873015873015872,0.2811791383219955,0.0,0.0,0.0,0.0,0.0,0.0,0.0,0.0,0.0,0.0,Control,
2023_Kumar_Nature_Breast|hbca_c107,0.5297339593114241,0.10485133020344288,0.09702660406885759,0.023474178403755867,0.0,0.24491392801251957,0.0,0.0,0.0,0.0,0.0,0.0,0.0,0.0,0.0,0.0,Control,
2022_Reichart_Science_Heart|BO_H46_S00_premrna,0.0,0.0,0.16170212765957448,0.7191489361702128,0.01276595744680851,0.06808510638297872,0.0,0.01702127659574468,0.02127659574468085,0.0,0.0,0.0,0.0,0.0,0.0,0.0,Control,
2022_Reichart_Science_Heart|BO_H11_RV0_premrna,0.0,0.0,0.1092436974789916,0.7282913165266106,0.0,0.06162464985994398,0.0,0.10084033613445378,0.0,0.0,0.0,0.0,0.0,0.0,0.0,0.0,Non-malignant disease,
2023_Kumar_Nature_Breast|hbca_c52,0.10659186535764376,0.0,0.021037868162692847,0.1514726507713885,0.2594670406732118,0.4431977559607293,0.0,0.0,0.0182328190743338,0.0,0.0,0.0,0.0,0.0,0.0,0.0,Control,
Xie2021|R3_TP,0.0,0.0,0.0967741935483871,0.0,0.0,0.13978494623655913,0.03225806451612903,0.0,0.0,0.0,0.7311827956989247,0.0,0.0,0.0,0.0,0.0,Control,
2023_Kumar_Nature_Breast|hbca_c114,0.5136268343815513,0.12159329140461216,0.19077568134171907,0.039832285115303984,0.029350104821802937,0.10482180293501048,0.0,0.0,0.0,0.0,0.0,0.0,0.0,0.0,0.0,0.0,Control,
2022_Reichart_Science_Heart|BO_H25_RVN_premrna,0.0,0.0,0.2058287795992714,0.5500910746812386,0.03460837887067395,0.01639344262295082,0.0,0.1930783242258652,0.0,0.0,0.0,0.0,0.0,0.0,0.0,0.0,Non-malignant disease,
2020_Litvinukova_Nature_Heart|HCAHeart7905328,0.005872680291284942,0.0,0.18792576932111815,0.7801268498942917,0.0,0.026074700493305146,0.0,0.0,0.0,0.0,0.0,0.0,0.0,0.0,0.0,0.0,Control,
2023_Lake_Nature_Kidney|LDPRE98sc,0.0,0.0,0.13580246913580246,0.7901234567901234,0.04938271604938271,0.0,0.0,0.0,0.024691358024691357,0.0,0.0,0.0,0.0,0.0,0.0,0.0,Control,
2020_Habermann_SciAdv_Lung-COVID19|GSM5226575_C52ctr,0.016666666666666666,0.011111111111111112,0.2,0.0,0.2222222222222222,0.011111111111111112,0.0,0.011111111111111112,0.0,0.011111111111111112,0.0,0.5166666666666667,0.0,0.0,0.0,0.0,Control,
2020_Litvinukova_Nature_Heart|HCAHeart7850546,0.06017699115044248,0.0,0.3504424778761062,0.5646017699115045,0.0,0.024778761061946902,0.0,0.0,0.0,0.0,0.0,0.0,0.0,0.0,0.0,0.0,Control,
2023_Kumar_Nature_Breast|hbca_n15,0.0,0.0,0.11428571428571428,0.0380952380952381,0.7873015873015873,0.06031746031746032,0.0,0.0,0.0,0.0,0.0,0.0,0.0,0.0,0.0,0.0,Control,
2020_Litvinukova_Nature_Heart|HCAHeart9845432,0.0,0.0,0.11025641025641025,0.8358974358974359,0.0,0.028205128205128206,0.0,0.0,0.02564102564102564,0.0,0.0,0.0,0.0,0.0,0.0,0.0,Control,
ROSMAP|190409-B5-A_Broad_S1,0.0,0.0,0.008620689655172414,0.0,0.0,0.0,0.0,0.0,0.0,0.0,0.9913793103448276,0.0,0.0,0.0,0.0,0.0,Control,
2022_Reichart_Science_Heart|BO_H72_LV0_premrna,0.0,0.0,0.2924901185770751,0.5889328063241107,0.019762845849802372,0.043478260869565216,0.0,0.0,0.043478260869565216,0.011857707509881422,0.0,0.0,0.0,0.0,0.0,0.0,Non-malignant disease,
2023_Kumar_Nature_Breast|hbca_c153,0.5818476499189628,0.1426256077795786,0.09562398703403566,0.011345218800648298,0.04376012965964344,0.12479740680713128,0.0,0.0,0.0,0.0,0.0,0.0,0.0,0.0,0.0,0.0,Control,
2022_Madissoon_NatGenet_Lung|WSSS8123930,0.02127659574468085,0.018912529550827423,0.1938534278959811,0.0,0.07092198581560284,0.03309692671394799,0.0,0.0,0.10638297872340426,0.004728132387706856,0.0,0.541371158392435,0.002364066193853428,0.0,0.002364066193853428,0.004728132387706856,Control,
2021_Pal_EMBO_Breast|GSM4909265_N-PM0233-Total,0.4899598393574297,0.2971887550200803,0.060240963855421686,0.0,0.11646586345381527,0.03614457831325301,0.0,0.0,0.0,0.0,0.0,0.0,0.0,0.0,0.0,0.0,Control,
2022_Reichart_Science_Heart|BO_H49_LV1_premrna,0.0,0.0,0.09714285714285714,0.68,0.06285714285714286,0.06285714285714286,0.0,0.0,0.09714285714285714,0.0,0.0,0.0,0.0,0.0,0.0,0.0,Control,
2023_Kumar_Nature_Breast|hbca_c38,0.22665210267613325,0.0,0.0480611687602403,0.0,0.05570726379027854,0.16056799563080285,0.0,0.0,0.0,0.509011469142545,0.0,0.0,0.0,0.0,0.0,0.0,Control,
2022_Reichart_Science_Heart|BO_H57_LV0_premrna,0.0,0.0,0.7391304347826086,0.17391304347826086,0.0,0.07608695652173914,0.0,0.0,0.010869565217391304,0.0,0.0,0.0,0.0,0.0,0.0,0.0,Non-malignant disease,
2022_Reichart_Science_Heart|BO_H49_LV0_premrna,0.0,0.0,0.11965811965811966,0.5811965811965812,0.05982905982905983,0.0,0.0,0.05982905982905983,0.1794871794871795,0.0,0.0,0.0,0.0,0.0,0.0,0.0,Control,
BICCN|HSB106_4_S1,0.0,0.0,0.007575757575757576,0.007575757575757576,0.0,0.026515151515151516,0.0,0.0,0.0,0.0,0.9583333333333334,0.0,0.0,0.0,0.0,0.0,Control,
2023_Kumar_Nature_Breast|hbca_c160,0.5255102040816326,0.17346938775510204,0.10459183673469388,0.0,0.03571428571428571,0.16071428571428573,0.0,0.0,0.0,0.0,0.0,0.0,0.0,0.0,0.0,0.0,Cancer_Tumor,BRCA
2022_Nee_NatGenet_Breast|GSM5320170_scRNA_brca8,0.667060212514758,0.0,0.0,0.0,0.08146399055489964,0.0,0.0,0.0,0.0,0.2514757969303424,0.0,0.0,0.0,0.0,0.0,0.0,Control,
2022_Kumar_CancerDis_Gastric|GSM5573480_sample15,0.27170868347338933,0.0,0.056022408963585436,0.0,0.01680672268907563,0.1092436974789916,0.0,0.0,0.0,0.5462184873949579,0.0,0.0,0.0,0.0,0.0,0.0,Cancer_Tumor,GC
2021_Garcia-Alonso_NatGenet_Endometrial|4861STDY7771123,0.29094827586206895,0.03556034482758621,0.48060344827586204,0.009698275862068966,0.0,0.1584051724137931,0.0,0.0,0.0,0.0,0.0,0.0,0.0,0.02478448275862069,0.0,0.0,Control,
2023_Hirz_NatComm_Prostate|GSM5494353_SCG-PCA4-N-HG,0.5555555555555556,0.020202020202020204,0.11616161616161616,0.08080808080808081,0.0,0.22727272727272727,0.0,0.0,0.0,0.0,0.0,0.0,0.0,0.0,0.0,0.0,Cancer_AdjNorm,PRC
2020_Litvinukova_Nature_Heart|HCAHeartST11064576,0.0,0.0,0.18181818181818182,0.6363636363636364,0.056818181818181816,0.056818181818181816,0.0,0.011363636363636364,0.056818181818181816,0.0,0.0,0.0,0.0,0.0,0.0,0.0,Control,
2022_Reichart_Science_Heart|BO_H40_LV2_premrna,0.0,0.0,0.17266187050359713,0.7482014388489209,0.0,0.017985611510791366,0.0,0.03237410071942446,0.02877697841726619,0.0,0.0,0.0,0.0,0.0,0.0,0.0,Non-malignant disease,
2022_Gur_Cell_Sceleroderma|GSM5837136_AB13797,0.1016949152542373,0.03389830508474576,0.06779661016949153,0.0,0.03389830508474576,0.7627118644067796,0.0,0.0,0.0,0.0,0.0,0.0,0.0,0.0,0.0,0.0,Control,
2021_Wu_NatGenet_Breast|CID4290A,0.2826086956521739,0.0,0.14673913043478262,0.0,0.0,0.09239130434782608,0.0,0.0,0.0,0.4782608695652174,0.0,0.0,0.0,0.0,0.0,0.0,Cancer_Tumor,BRCA
2022_Madissoon_NatGenet_Lung|WSSS8062679,0.22847100175746923,0.19947275922671354,0.25746924428822493,0.019332161687170474,0.1265377855887522,0.0913884007029877,0.0,0.0,0.009666080843585237,0.023725834797891036,0.0,0.043936731107205626,0.0,0.0,0.0,0.0,Control,
2022_Hwang_NatGenet_PDAC|T10_CRT,0.35,0.0,0.22,0.0,0.34,0.03,0.0,0.05,0.0,0.0,0.0,0.0,0.0,0.01,0.0,0.0,Cancer_Tumor,PC
2022_Reichart_Science_Heart|BO_H35_LV0_premrna,0.0,0.0,0.08888888888888889,0.9037037037037037,0.007407407407407408,0.0,0.0,0.0,0.0,0.0,0.0,0.0,0.0,0.0,0.0,0.0,Non-malignant disease,
2022_Madissoon_NatGenet_Lung|5841STDY7991484,0.36893203883495146,0.0,0.038834951456310676,0.0,0.47572815533980584,0.04854368932038835,0.0,0.0,0.019417475728155338,0.0,0.0,0.02912621359223301,0.0,0.0,0.019417475728155338,0.0,Control,
2021_Elmentaite_Nature_Intestine|WTDAtest7770719,0.09259259259259259,0.0,0.018518518518518517,0.12962962962962962,0.6481481481481481,0.07407407407407407,0.0,0.0,0.0,0.0,0.0,0.0,0.0,0.0,0.037037037037037035,0.0,Control,
2022_Hwang_NatGenet_PDAC|U18_Untreated,0.0,0.0,0.0625,0.0,0.4642857142857143,0.050595238095238096,0.0,0.0,0.0,0.40773809523809523,0.0,0.0,0.0,0.01488095238095238,0.0,0.0,Cancer_Tumor,PC
2020_Litvinukova_Nature_Heart|HCAHeart7745969,0.0,0.0,0.29222520107238603,0.3190348525469169,0.0,0.21447721179624665,0.0,0.13404825737265416,0.040214477211796246,0.0,0.0,0.0,0.0,0.0,0.0,0.0,Control,
2023_Lake_Nature_Kidney|LDSample1157EO2,0.0,0.0,0.1111111111111111,0.8611111111111112,0.0,0.013888888888888888,0.0,0.0,0.0,0.0,0.0,0.0,0.0,0.013888888888888888,0.0,0.0,Control,
2023_Lake_Nature_Kidney|KB10,0.0,0.0,0.4727272727272727,0.024242424242424242,0.04242424242424243,0.0,0.0,0.0,0.11515151515151516,0.0,0.0,0.0,0.0,0.34545454545454546,0.0,0.0,Non-malignant disease,
2020_Litvinukova_Nature_Heart|HCAHeart7664653,0.0,0.0,0.08333333333333333,0.7333333333333333,0.0,0.15,0.0,0.0,0.03333333333333333,0.0,0.0,0.0,0.0,0.0,0.0,0.0,Control,
2022_Kumar_CancerDis_Gastric|GSM5573497_sample32,0.10476190476190476,0.0,0.19047619047619047,0.0,0.0,0.13333333333333333,0.0,0.0,0.0,0.5714285714285714,0.0,0.0,0.0,0.0,0.0,0.0,Cancer_Tumor,GC
2021_Wu_NatGenet_Breast|CID3586,0.19,0.0,0.19,0.0,0.08,0.36,0.0,0.0,0.0,0.18,0.0,0.0,0.0,0.0,0.0,0.0,Cancer_Tumor,BRCA
2023_Kumar_Nature_Breast|hbca_c69,0.3847019122609674,0.06299212598425197,0.06636670416197975,0.01124859392575928,0.4184476940382452,0.02924634420697413,0.0,0.0,0.0,0.0,0.0,0.0,0.0,0.0,0.02699662542182227,0.0,Control,
2021_Elmentaite_Nature_Intestine|Human_colon_16S8123908,0.0,0.0,0.208,0.104,0.164,0.244,0.0,0.0,0.28,0.0,0.0,0.0,0.0,0.0,0.0,0.0,Control,
2022_Reichart_Science_Heart|BO_H10_LV0_premrna,0.0,0.0,0.0759493670886076,0.8227848101265823,0.006329113924050633,0.0,0.0,0.0189873417721519,0.0759493670886076,0.0,0.0,0.0,0.0,0.0,0.0,0.0,Non-malignant disease,
2022_Hwang_NatGenet_PDAC|U5_Untreated,0.0,0.0,0.33712984054669703,0.0,0.12984054669703873,0.17084282460136674,0.0,0.0,0.24145785876993167,0.11617312072892938,0.0,0.0,0.0,0.004555808656036446,0.0,0.0,Cancer_Tumor,PC
2020_Litvinukova_Nature_Heart|HCAHeartST11350198,0.0,0.0,0.14414414414414414,0.25225225225225223,0.0,0.04504504504504504,0.0,0.0990990990990991,0.4594594594594595,0.0,0.0,0.0,0.0,0.0,0.0,0.0,Control,
2020_Litvinukova_Nature_Heart|HCAHeart9508628,0.0,0.0,0.25,0.125,0.0,0.12760416666666666,0.0,0.22916666666666666,0.265625,0.0,0.0,0.0,0.0026041666666666665,0.0,0.0,0.0,Control,
2020_Litvinukova_Nature_Heart|HCAHeartST13180616,0.0,0.0,0.216,0.192,0.096,0.156,0.0,0.196,0.144,0.0,0.0,0.0,0.0,0.0,0.0,0.0,Control,
2022_Reichart_Science_Heart|BO_H36_RV0_premrna,0.0,0.0,0.16137931034482758,0.7862068965517242,0.001379310344827586,0.0,0.0,0.0,0.05103448275862069,0.0,0.0,0.0,0.0,0.0,0.0,0.0,Non-malignant disease,
2022_Guilliams_Cell_Liver|CS110,0.0,0.0,0.0,0.0,0.0,0.0,1.0,0.0,0.0,0.0,0.0,0.0,0.0,0.0,0.0,0.0,Non-malignant disease,
2023_Kumar_Nature_Breast|hbca_c11,0.0,0.0,0.056,0.084,0.668,0.128,0.0,0.0,0.028,0.0,0.0,0.0,0.0,0.0,0.036,0.0,Cancer_Tumor,BRCA
2021_Melms_Nature_Lung-COVID19|C51ctr,0.0,0.0,0.12578616352201258,0.0,0.06079664570230608,0.0,0.0,0.0,0.016771488469601678,0.0,0.0,0.7966457023060797,0.0,0.0,0.0,0.0,Control,
2023_Kumar_Nature_Breast|hbca_c22,0.8273092369477911,0.0,0.0642570281124498,0.0,0.0,0.024096385542168676,0.0,0.0,0.0,0.08433734939759036,0.0,0.0,0.0,0.0,0.0,0.0,Control,
2023_Hirz_NatComm_Prostate|GSM5494354_SCG-PCA5-T-LG,0.16203703703703703,0.013888888888888888,0.08796296296296297,0.0,0.0,0.7361111111111112,0.0,0.0,0.0,0.0,0.0,0.0,0.0,0.0,0.0,0.0,Cancer_Tumor,PRC
2021_Pelka_Cell_CRC|C125_N_1_1_1_c1_v2,0.0,0.0,0.1896551724137931,0.4827586206896552,0.1206896551724138,0.08620689655172414,0.0,0.0,0.1206896551724138,0.0,0.0,0.0,0.0,0.0,0.0,0.0,Control,
BICCN|10X222-7_S01,0.0,0.0,0.078125,0.03125,0.0,0.203125,0.0,0.0,0.0,0.0,0.6875,0.0,0.0,0.0,0.0,0.0,Control,
2023_Lake_Nature_Kidney|LDSample1153EO1,0.0,0.0,0.10309278350515463,0.8969072164948454,0.0,0.0,0.0,0.0,0.0,0.0,0.0,0.0,0.0,0.0,0.0,0.0,Control,
2021_Pelka_Cell_CRC|C161_T_1_1_0_c1_v3,0.0,0.0,0.19736842105263158,0.02631578947368421,0.0,0.0,0.0,0.0,0.06578947368421052,0.7105263157894737,0.0,0.0,0.0,0.0,0.0,0.0,Cancer_Tumor,CRC
2023_Lake_Nature_Kidney|KC82,0.0,0.0,0.07352941176470588,0.10294117647058823,0.3088235294117647,0.25,0.0,0.0,0.0,0.0,0.0,0.04411764705882353,0.0,0.22058823529411764,0.0,0.0,Control,
2020_Litvinukova_Nature_Heart|HCAHeart7844001,0.03531688437348815,0.0,0.12772133526850507,0.7987421383647799,0.002660861151427189,0.030962747943880018,0.0,0.004596032897919691,0.0,0.0,0.0,0.0,0.0,0.0,0.0,0.0,Control,
ROSMAP|191217-B8-B_Broad_S2,0.0,0.0,0.06382978723404255,0.0,0.0,0.0,0.0,0.0,0.0,0.0,0.9361702127659575,0.0,0.0,0.0,0.0,0.0,Control,
2020_Litvinukova_Nature_Heart|HCAHeart7844000,0.0,0.0,0.13663259817105972,0.8375470683162991,0.0,0.020441097364174286,0.0,0.0,0.0,0.0,0.0,0.0,0.0053792361484669175,0.0,0.0,0.0,Control,
2021_Wu_NatGenet_Breast|CID3948,0.08928571428571429,0.0,0.2857142857142857,0.0,0.0,0.39285714285714285,0.0,0.0,0.0,0.21428571428571427,0.0,0.0,0.017857142857142856,0.0,0.0,0.0,Cancer_Tumor,BRCA
BICCN|10X222-2_S01,0.0,0.0,0.2,0.0,0.0,0.01,0.0,0.0,0.0,0.0,0.79,0.0,0.0,0.0,0.0,0.0,Control,
2023_Hickey_Nature_Intestine|B008-A-002,0.0,0.0,0.12987012987012986,0.03896103896103896,0.4155844155844156,0.0,0.0,0.07792207792207792,0.23376623376623376,0.0,0.0,0.0,0.0,0.1038961038961039,0.0,0.0,Control,
2023_Kong_Immunity_CD|N191305_L1,0.017543859649122806,0.0,0.12280701754385964,0.6140350877192983,0.19298245614035087,0.0,0.0,0.0,0.05263157894736842,0.0,0.0,0.0,0.0,0.0,0.0,0.0,Non-malignant disease,
2022_Zhou_NatGenet_PDAC|HT064P1-S1H1A2A1Z1_1B2_1,0.05128205128205128,0.0,0.5641025641025641,0.0,0.0,0.15384615384615385,0.0,0.0,0.05128205128205128,0.1794871794871795,0.0,0.0,0.0,0.0,0.0,0.0,Cancer_Tumor,PC
2023_Kumar_Nature_Breast|hbca_c129,0.5633136094674556,0.1408284023668639,0.09349112426035502,0.0,0.08875739644970414,0.1136094674556213,0.0,0.0,0.0,0.0,0.0,0.0,0.0,0.0,0.0,0.0,Control,
2021_Wu_NatGenet_Breast|CID4515,0.5641025641025641,0.0,0.19230769230769232,0.0,0.0,0.038461538461538464,0.0,0.0,0.0,0.20512820512820512,0.0,0.0,0.0,0.0,0.0,0.0,Cancer_Tumor,BRCA
2023_Lake_Nature_Kidney|HCKD2910008,0.0,0.0,0.8062015503875969,0.06976744186046512,0.0,0.0,0.0,0.0,0.015503875968992248,0.06976744186046512,0.0,0.0,0.0,0.03875968992248062,0.0,0.0,Non-malignant disease,
2023_Kumar_Nature_Breast|hbca_c89,0.7125668449197861,0.08155080213903744,0.0962566844919786,0.0,0.06283422459893048,0.04679144385026738,0.0,0.0,0.0,0.0,0.0,0.0,0.0,0.0,0.0,0.0,Control,
2021_Pal_EMBO_Breast|GSM4909303_ER-MH0151,0.0,0.0,0.19767441860465115,0.046511627906976744,0.05813953488372093,0.26744186046511625,0.0,0.0,0.05813953488372093,0.37209302325581395,0.0,0.0,0.0,0.0,0.0,0.0,Cancer_Tumor,BRCA
2020_Adams_SciAdv_IPF|056CO,0.0,0.0,0.1896551724137931,0.0,0.46551724137931033,0.05172413793103448,0.0,0.0,0.0,0.0,0.0,0.29310344827586204,0.0,0.0,0.0,0.0,Non-malignant disease,
2023_Kumar_Nature_Breast|hbca_c59,0.10416666666666667,0.0,0.052083333333333336,0.0,0.5416666666666666,0.3020833333333333,0.0,0.0,0.0,0.0,0.0,0.0,0.0,0.0,0.0,0.0,Control,
2021_Pelka_Cell_CRC|C162_T_0_0_1_c2_v2,0.10891089108910891,0.0,0.06930693069306931,0.21782178217821782,0.0,0.3564356435643564,0.0,0.0,0.0297029702970297,0.21782178217821782,0.0,0.0,0.0,0.0,0.0,0.0,Cancer_Tumor,CRC
2022_Madissoon_NatGenet_Lung|WTDAtest7732266,0.0,0.0,0.042801556420233464,0.0,0.4085603112840467,0.01556420233463035,0.0,0.0,0.007782101167315175,0.0,0.0,0.5214007782101168,0.0,0.0,0.0038910505836575876,0.0,Control,
BICCN|HSB189_1_S1,0.0,0.0,0.07606263982102908,0.0,0.0,0.035794183445190156,0.0,0.0,0.0,0.0,0.8881431767337807,0.0,0.0,0.0,0.0,0.0,Control,
2022_Reichart_Science_Heart|BO_H67_LV0_premrna,0.0,0.0,0.15165876777251186,0.7914691943127962,0.014218009478672985,0.02843601895734597,0.0,0.014218009478672985,0.0,0.0,0.0,0.0,0.0,0.0,0.0,0.0,Control,
2020_Litvinukova_Nature_Heart|HCAHeart8102864,0.23243243243243245,0.0,0.22702702702702704,0.5297297297297298,0.0,0.010810810810810811,0.0,0.0,0.0,0.0,0.0,0.0,0.0,0.0,0.0,0.0,Control,
2022_Reichart_Science_Heart|BO_H40_LVW_premrna,0.0,0.0,0.15151515151515152,0.6484848484848484,0.05454545454545454,0.0,0.0,0.03636363636363636,0.10909090909090909,0.0,0.0,0.0,0.0,0.0,0.0,0.0,Non-malignant disease,
2021_Elmentaite_Nature_Intestine|Human_colon_16S8000484,0.0,0.0,0.11333333333333333,0.07333333333333333,0.58,0.18,0.0,0.0,0.05333333333333334,0.0,0.0,0.0,0.0,0.0,0.0,0.0,Control,
2022_Guilliams_Cell_Liver|CS31,0.23387096774193547,0.0,0.24193548387096775,0.12903225806451613,0.0,0.11290322580645161,0.20161290322580644,0.04032258064516129,0.04032258064516129,0.0,0.0,0.0,0.0,0.0,0.0,0.0,Cancer_Metastasis,CRC
2022_Gur_Cell_Sceleroderma|GSM5837132_AB13793,0.07017543859649122,0.0,0.03508771929824561,0.0,0.03508771929824561,0.8421052631578947,0.017543859649122806,0.0,0.0,0.0,0.0,0.0,0.0,0.0,0.0,0.0,Control,
2023_Kong_Immunity_CD|N183146_L2,0.0,0.0,0.034782608695652174,0.22608695652173913,0.4608695652173913,0.24347826086956523,0.0,0.0,0.034782608695652174,0.0,0.0,0.0,0.0,0.0,0.0,0.0,Non-malignant disease,
2023_Fonseca_NatGenet_Endometriosis|sample14,0.05737704918032787,0.0,0.03278688524590164,0.0,0.06557377049180328,0.6639344262295082,0.0,0.0,0.0,0.18032786885245902,0.0,0.0,0.0,0.0,0.0,0.0,Non-malignant disease,
2023_Kumar_Nature_Breast|hbca_c82,0.3333333333333333,0.08143939393939394,0.1534090909090909,0.06818181818181818,0.15151515151515152,0.21212121212121213,0.0,0.0,0.0,0.0,0.0,0.0,0.0,0.0,0.0,0.0,Control,
2021_Wu_NatGenet_Breast|CID44971,0.43478260869565216,0.12318840579710146,0.18115942028985507,0.09420289855072464,0.0,0.13043478260869565,0.0,0.0,0.0,0.036231884057971016,0.0,0.0,0.0,0.0,0.0,0.0,Cancer_Tumor,BRCA
2020_Litvinukova_Nature_Heart|HCAHeartST13180617,0.0,0.0,0.21385542168674698,0.1716867469879518,0.10542168674698796,0.16566265060240964,0.0,0.21084337349397592,0.13253012048192772,0.0,0.0,0.0,0.0,0.0,0.0,0.0,Control,
2022_Gur_Cell_Sceleroderma|GSM5837183_AB14119,0.015151515151515152,0.0,0.0,0.0,0.0,0.9848484848484849,0.0,0.0,0.0,0.0,0.0,0.0,0.0,0.0,0.0,0.0,Non-malignant disease,
2022_Nee_NatGenet_Breast|GSM5320167_scRNA_brca5,0.9539641943734015,0.0,0.0,0.0,0.0,0.0,0.0,0.0,0.0,0.04603580562659847,0.0,0.0,0.0,0.0,0.0,0.0,Control,
2021_Chan_CancerCell_SCLC|RU1137,0.4068767908309456,0.0,0.07736389684813753,0.04871060171919771,0.4326647564469914,0.008595988538681949,0.0,0.0,0.0,0.025787965616045846,0.0,0.0,0.0,0.0,0.0,0.0,Cancer_Tumor,NSCLC
2020_Litvinukova_Nature_Heart|HCAHeart8287127,0.0594059405940594,0.009900990099009901,0.2871287128712871,0.36633663366336633,0.21782178217821782,0.039603960396039604,0.0,0.019801980198019802,0.0,0.0,0.0,0.0,0.0,0.0,0.0,0.0,Control,
2020_Litvinukova_Nature_Heart|HCAHeartST13180615,0.0,0.0,0.2302839116719243,0.19558359621451105,0.14511041009463724,0.11041009463722397,0.0,0.19873817034700317,0.11987381703470032,0.0,0.0,0.0,0.0,0.0,0.0,0.0,Control,
2022_TabulaSapiens_Science_TabulaSapiens|TSP15_Eye_Cornea-etc_10X,0.7016574585635359,0.0,0.03314917127071823,0.0,0.22099447513812154,0.04419889502762431,0.0,0.0,0.0,0.0,0.0,0.0,0.0,0.0,0.0,0.0,Control,
Evan2019|SN6063_b,0.0,0.0,0.0,0.03333333333333333,0.0,0.25,0.0,0.0,0.0,0.0,0.7166666666666667,0.0,0.0,0.0,0.0,0.0,Non-malignant disease,
2023_Lake_Nature_Kidney|AKI3010034,0.0,0.0,0.17307692307692307,0.6442307692307693,0.057692307692307696,0.04807692307692308,0.0,0.0,0.07692307692307693,0.0,0.0,0.0,0.0,0.0,0.0,0.0,Non-malignant disease,
2020_Litvinukova_Nature_Heart|HCAHeartST11350192,0.0,0.0,0.14285714285714285,0.36507936507936506,0.0,0.13227513227513227,0.0,0.05291005291005291,0.30158730158730157,0.0,0.0,0.0,0.0,0.005291005291005291,0.0,0.0,Control,
2023_Hickey_Nature_Intestine|B011-A-301,0.0,0.0,0.22727272727272727,0.0,0.5151515151515151,0.0,0.0,0.0,0.13636363636363635,0.0,0.0,0.0,0.0,0.12121212121212122,0.0,0.0,Control,
2020_Litvinukova_Nature_Heart|HCAHeart8287126,0.021052631578947368,0.0,0.3157894736842105,0.5052631578947369,0.10526315789473684,0.0,0.0,0.010526315789473684,0.042105263157894736,0.0,0.0,0.0,0.0,0.0,0.0,0.0,Control,
2021_Pelka_Cell_CRC|C173_T_0_0_0_c1_v3,0.037037037037037035,0.0,0.09259259259259259,0.0,0.0,0.0,0.0,0.0,0.0,0.8703703703703703,0.0,0.0,0.0,0.0,0.0,0.0,Cancer_Tumor,CRC
2022_Reichart_Science_Heart|IC_H02_LV0_premrna,0.0,0.0,0.32653061224489793,0.38961038961038963,0.014842300556586271,0.07792207792207792,0.0,0.18181818181818182,0.0,0.00927643784786642,0.0,0.0,0.0,0.0,0.0,0.0,Non-malignant disease,
2023_Lake_Nature_Kidney|DKD2910006c,0.0,0.0,0.3275862068965517,0.5344827586206896,0.0,0.1206896551724138,0.0,0.0,0.0,0.017241379310344827,0.0,0.0,0.0,0.0,0.0,0.0,Non-malignant disease,
2022_Reichart_Science_Heart|BO_H41_S00_premrna,0.0,0.0,0.18468468468468469,0.545045045045045,0.07207207207207207,0.0,0.0,0.10810810810810811,0.09009009009009009,0.0,0.0,0.0,0.0,0.0,0.0,0.0,Non-malignant disease,
2020_Litvinukova_Nature_Heart|HCAHeart7833853,0.0,0.0,0.20833333333333334,0.052083333333333336,0.010416666666666666,0.6041666666666666,0.0,0.11458333333333333,0.010416666666666666,0.0,0.0,0.0,0.0,0.0,0.0,0.0,Control,
2023_Hirz_NatComm_Prostate|GSM5494369_SCG-PCA16-T-HG,0.18141592920353983,0.0,0.09292035398230089,0.061946902654867256,0.0,0.6637168141592921,0.0,0.0,0.0,0.0,0.0,0.0,0.0,0.0,0.0,0.0,Cancer_Tumor,PRC
2023_Kumar_Nature_Breast|hbca_c152,0.510718789407314,0.17276166456494324,0.1450189155107188,0.0,0.04665825977301387,0.12484237074401008,0.0,0.0,0.0,0.0,0.0,0.0,0.0,0.0,0.0,0.0,Control,
2022_Madissoon_NatGenet_Lung|WSSS8015049,0.06532663316582915,0.0,0.32663316582914576,0.010050251256281407,0.18592964824120603,0.07035175879396985,0.0,0.0,0.11557788944723618,0.020100502512562814,0.0,0.19095477386934673,0.005025125628140704,0.0,0.0,0.010050251256281407,Control,
2023_Kumar_Nature_Breast|hbca_c138,0.7179700499168054,0.06655574043261231,0.1048252911813644,0.0,0.04326123128119801,0.06073211314475874,0.0,0.0,0.0,0.0066555740432612314,0.0,0.0,0.0,0.0,0.0,0.0,Control,
2020_Drokhlyansky_Cell_EntericNerve|H4_S24,0.0,0.0,0.04854368932038835,0.0,0.9514563106796117,0.0,0.0,0.0,0.0,0.0,0.0,0.0,0.0,0.0,0.0,0.0,Cancer_AdjNorm,CRC
2022_Reichart_Science_Heart|BO_H32_LVN_premrna,0.0,0.0,0.4308510638297872,0.4734042553191489,0.031914893617021274,0.005319148936170213,0.0,0.026595744680851064,0.031914893617021274,0.0,0.0,0.0,0.0,0.0,0.0,0.0,Non-malignant disease,
2023_Lake_Nature_Kidney|LDSample1162EO1,0.0,0.0,0.1504424778761062,0.8141592920353983,0.0,0.035398230088495575,0.0,0.0,0.0,0.0,0.0,0.0,0.0,0.0,0.0,0.0,Control,
2022_TabulaSapiens_Science_TabulaSapiens|TSP14_Salivary_Gland_Parotid_10X,0.07692307692307693,0.0,0.12307692307692308,0.3384615384615385,0.07692307692307693,0.07692307692307693,0.0,0.0,0.3076923076923077,0.0,0.0,0.0,0.0,0.0,0.0,0.0,Control,
2023_Kumar_Nature_Breast|hbca_c101,0.6652949245541838,0.06995884773662552,0.09190672153635117,0.009602194787379973,0.0205761316872428,0.14266117969821673,0.0,0.0,0.0,0.0,0.0,0.0,0.0,0.0,0.0,0.0,Control,
2020_Litvinukova_Nature_Heart|HCAHeart7656537,0.0,0.0,0.16666666666666666,0.7631578947368421,0.0,0.07017543859649122,0.0,0.0,0.0,0.0,0.0,0.0,0.0,0.0,0.0,0.0,Control,
2022_Reichart_Science_Heart|BO_H39_RV0_premrna,0.0,0.0,0.08602150537634409,0.8709677419354839,0.0,0.0,0.0,0.005376344086021506,0.026881720430107527,0.0,0.0,0.0,0.0,0.010752688172043012,0.0,0.0,Non-malignant disease,
2023_Monavarfeshani_PNAS_Eye|Hu222ODCho,0.0,0.0,0.2549019607843137,0.0196078431372549,0.0,0.0392156862745098,0.0,0.0,0.6862745098039216,0.0,0.0,0.0,0.0,0.0,0.0,0.0,Control,
2020_Litvinukova_Nature_Heart|HCAHeartST11064577,0.0,0.0,0.09059633027522936,0.7821100917431193,0.0,0.11009174311926606,0.0,0.0,0.017201834862385322,0.0,0.0,0.0,0.0,0.0,0.0,0.0,Control,
2023_Kumar_Nature_Breast|hbca_c126,0.5284090909090909,0.2215909090909091,0.08712121212121213,0.013257575757575758,0.056818181818181816,0.0928030303030303,0.0,0.0,0.0,0.0,0.0,0.0,0.0,0.0,0.0,0.0,Control,
2022_Madissoon_NatGenet_Lung|WSSS8123931,0.146163215590743,0.07673568818514007,0.08891595615103533,0.00243605359317905,0.06942752740560293,0.0682095006090134,0.0,0.0,0.10962241169305725,0.415347137637028,0.0,0.015834348355663823,0.001218026796589525,0.0036540803897685747,0.00243605359317905,0.0,Control,
2020_Park_Science_Thymus|WSSS8062670,0.8085876875323331,0.01189860320744956,0.11174340403517848,0.0,0.020693222969477496,0.0470770822555613,0.0,0.0,0.0,0.0,0.0,0.0,0.0,0.0,0.0,0.0,Control,
2022_Hwang_NatGenet_PDAC|T15_CRTl,0.07692307692307693,0.019230769230769232,0.34615384615384615,0.0,0.038461538461538464,0.038461538461538464,0.0,0.0,0.3269230769230769,0.15384615384615385,0.0,0.0,0.0,0.0,0.0,0.0,Cancer_Tumor,PC
BICCN|HSB628_3_S1,0.0,0.0,0.09090909090909091,0.0,0.0,0.015151515151515152,0.0,0.0,0.0,0.0,0.8863636363636364,0.0,0.007575757575757576,0.0,0.0,0.0,Control,
2022_Hwang_NatGenet_PDAC|T16_CRTl,0.07575757575757576,0.0,0.22727272727272727,0.0,0.0,0.0,0.0,0.0,0.0,0.6818181818181818,0.0,0.0,0.0,0.015151515151515152,0.0,0.0,Cancer_Tumor,PC
2020_Habermann_SciAdv_Lung-COVID19|GSM5226594_L15cov,0.0,0.0,0.10052910052910052,0.0,0.42857142857142855,0.10582010582010581,0.0,0.0,0.026455026455026454,0.0,0.0,0.3386243386243386,0.0,0.0,0.0,0.0,Non-malignant disease,
2020_Litvinukova_Nature_Heart|HCAHeart9845434,0.0,0.0,0.17448405253283303,0.7936210131332082,0.0,0.016885553470919325,0.0,0.0150093808630394,0.0,0.0,0.0,0.0,0.0,0.0,0.0,0.0,Control,
2020_Litvinukova_Nature_Heart|HCAHeart7656534,0.0,0.0,0.07180851063829788,0.8643617021276596,0.0,0.034574468085106384,0.0,0.015957446808510637,0.0,0.013297872340425532,0.0,0.0,0.0,0.0,0.0,0.0,Control,
2023_Kumar_Nature_Breast|hbca_c65,0.4457831325301205,0.06827309236947791,0.08032128514056225,0.020080321285140562,0.18875502008032127,0.19678714859437751,0.0,0.0,0.0,0.0,0.0,0.0,0.0,0.0,0.0,0.0,Control,
2023_Kumar_Nature_Breast|hbca_c163,0.6031434184675835,0.08840864440078586,0.15913555992141454,0.0,0.0412573673870334,0.10805500982318271,0.0,0.0,0.0,0.0,0.0,0.0,0.0,0.0,0.0,0.0,Cancer_Tumor,BRCA
2023_Kumar_Nature_Breast|hbca_c108,0.396584440227704,0.23908918406072105,0.03795066413662239,0.0,0.015180265654648957,0.3111954459203036,0.0,0.0,0.0,0.0,0.0,0.0,0.0,0.0,0.0,0.0,Control,
2022_Reichart_Science_Heart|BS_DP1_LV0_premrna,0.0,0.0,0.263254113345521,0.5319926873857403,0.0,0.15356489945155394,0.0,0.0,0.051188299817184646,0.0,0.0,0.0,0.0,0.0,0.0,0.0,Non-malignant disease,
