,Monocyte|Classical_general,Monocyte|ISG,Monocyte|Non-classical,Monocyte|Intermediate,Monocyte|Classical_CCL4,Monocyte|Classical_IL1R2,Monocyte|Classical_FABP5,Monocyte|HSP,Cancer_Tissue,Cancer_Type
GSE171555_180E1A-00,0.7867469879518072,0.12409638554216867,0.08072289156626505,0.008433734939759036,0.0,0.0,0.0,0.0,Non-malignant disease,
GSE200173_Gene_express_2-3,0.034482758620689655,0.0,0.0,0.0,0.7854406130268199,0.16283524904214558,0.017241379310344827,0.0,Cancer_Tumor,HCC
GSE161329_8donor_PBMC_A1,0.69901547116737,0.05063291139240506,0.22784810126582278,0.02250351617440225,0.0,0.0,0.0,0.0,Control,
GSE136103_healthy1_cd45-A_2,0.8545454545454545,0.0,0.0,0.0,0.0,0.14545454545454545,0.0,0.0,Control,
GSE168859_AHMWWJBBXX_LGL_23_bt1,0.5517241379310345,0.041379310344827586,0.18620689655172415,0.1310344827586207,0.0,0.0,0.0,0.0896551724137931,Control,
GSE136103_cirrhotic2_cd45-_2,0.2791666666666667,0.44583333333333336,0.1625,0.020833333333333332,0.0875,0.0,0.004166666666666667,0.0,Non-malignant disease,
GSE172225_192566_GEX_HHT,0.8797687861271676,0.0,0.10751445086705202,0.0,0.0,0.0,0.012716763005780347,0.0,Non-malignant disease,
GSE132338_p1035852-6,0.8606060606060606,0.0,0.1393939393939394,0.0,0.0,0.0,0.0,0.0,Non-malignant disease,
GSE216329_P22_T_ADM001_MorD3_4_G,0.4624277456647399,0.0,0.5260115606936416,0.011560693641618497,0.0,0.0,0.0,0.0,Cancer_Blood,NSCLC
GSE174401_fq3_CSF-11,0.19166666666666668,0.8083333333333333,0.0,0.0,0.0,0.0,0.0,0.0,Cancer_Metastasis,MEL
GSE166489_113-GEX_HCR,0.9949748743718593,0.005025125628140704,0.0,0.0,0.0,0.0,0.0,0.0,Non-malignant disease,
GSE142444_bt3-Monocytes_1,0.7999552472588946,0.006712911165808906,0.15529201163571268,0.0380398299395838,0.0,0.0,0.0,0.0,Control,
GSE136103_cirrhotic3_cd45plus_1,0.768,0.0,0.032,0.168,0.032,0.0,0.0,0.0,Non-malignant disease,
GSE162806_MM3038_4h,0.7663209273947529,0.0,0.010982306284319707,0.0,0.0,0.2226967663209274,0.0,0.0,Non-malignant disease,
GSE176417_Sc_W2,0.058333333333333334,0.0,0.05,0.0,0.75,0.0875,0.0,0.05416666666666667,Non-malignant disease,
GSE164690_HN02_CD45p,0.8778280542986425,0.0,0.01809954751131222,0.0,0.0,0.0,0.10407239819004525,0.0,Cancer_Tumor,HNSCC
GSE168522_16_20171027,0.8074158153613318,0.0,0.17517972001513432,0.01740446462353386,0.0,0.0,0.0,0.0,Control,
GSE168933_NASH1_POOL_20190318_NASH_1,0.5079365079365079,0.023809523809523808,0.40476190476190477,0.06349206349206349,0.0,0.0,0.0,0.0,Non-malignant disease,
GSE166489_Y129-1-5P_HHT,0.4368726888536714,0.0,0.0,0.0,0.0,0.531431590068674,0.016376122556788168,0.01531959852086635,Non-malignant disease,
GSE165645_BM_AgaC2_GEX,0.8936781609195402,0.0,0.05,0.0,0.0,0.0,0.05632183908045977,0.0,Non-malignant disease,
GSE182381_KC42_2_placenta,0.08187134502923976,0.0,0.06725146198830409,0.0,0.12573099415204678,0.1111111111111111,0.6140350877192983,0.0,Control,
GSE132338_p1035850-3,0.9411764705882353,0.0,0.058823529411764705,0.0,0.0,0.0,0.0,0.0,Non-malignant disease,
GSE168163_ACDPYUANXX_Tcell_1_bt1,0.835820895522388,0.0,0.08955223880597014,0.07462686567164178,0.0,0.0,0.0,0.0,Control,
GSE164690_HN11_PBL,0.8296199213630406,0.011795543905635648,0.15858453473132372,0.0,0.0,0.0,0.0,0.0,Cancer_Blood,HNSCC
GSE159913_Kidney_Normal_Myhl,0.03467561521252797,0.0,0.0,0.0,0.1331096196868009,0.25615212527964204,0.010067114093959731,0.5659955257270693,Cancer_AdjNorm,RCC
GSE130157_14562X2,0.7583826429980276,0.05621301775147929,0.17159763313609466,0.013806706114398421,0.0,0.0,0.0,0.0,Cancer_Blood,CRC
GSE159677_02dat20190717tisCARconDIS,0.042704626334519574,0.0,0.0,0.0,0.7188612099644128,0.13167259786476868,0.0,0.10676156583629894,Non-malignant disease,
GSE182244_HD2,0.7653631284916201,0.0,0.2346368715083799,0.0,0.0,0.0,0.0,0.0,Control,
GSE132338_p1035836-9,0.9370860927152318,0.0,0.023178807947019868,0.039735099337748346,0.0,0.0,0.0,0.0,Non-malignant disease,
GSE178991_sample_IV_3_5primeGEX,0.012345679012345678,0.0,0.19753086419753085,0.0,0.0,0.0,0.7901234567901234,0.0,Non-malignant disease,
GSE138867_scRNA_V041_F043,0.9691119691119691,0.0,0.03088803088803089,0.0,0.0,0.0,0.0,0.0,Control,
GSE155673_cov_scrna_17,0.5735950044603033,0.03508771929824561,0.3458221825750818,0.045495093666369314,0.0,0.0,0.0,0.0,Control,
GSE166992_IVAR55D,0.6856435643564357,0.0,0.12623762376237624,0.0297029702970297,0.04702970297029703,0.0594059405940594,0.05198019801980198,0.0,Non-malignant disease,
GSE138867_scRNA_V045_F120,0.9885433715220949,0.0,0.011456628477905073,0.0,0.0,0.0,0.0,0.0,Control,
GSE171964_2051_7,0.3400946585530764,0.012170385395537525,0.6342123056118999,0.013522650439486139,0.0,0.0,0.0,0.0,Non-malignant disease,
GSE171555_61BBAD-00,0.7776324395029431,0.0,0.20994113799869196,0.012426422498364944,0.0,0.0,0.0,0.0,Control,
GSE150877_Fresh-Human-Blood,0.7048554282596836,0.027823240589198037,0.14238952536824878,0.12493180578286961,0.0,0.0,0.0,0.0,Control,
GSE130157_14546X7,0.810359231411863,0.0,0.14870509607351712,0.04093567251461988,0.0,0.0,0.0,0.0,Cancer_Blood,CRC
GSE136103_blood3,0.8312113495816661,0.03892324481629684,0.07093488541287742,0.058930520189159695,0.0,0.0,0.0,0.0,Non-malignant disease,
GSE163633_SCC002-Bl-HLADR,0.14524147727272727,0.0,0.8547585227272727,0.0,0.0,0.0,0.0,0.0,Cancer_Blood,HNSCC
GSE130157_15435X7,0.7597402597402597,0.0,0.22294372294372294,0.017316017316017316,0.0,0.0,0.0,0.0,Cancer_Blood,CRC
GSE178991_12-14,0.17333333333333334,0.0,0.13333333333333333,0.0,0.0,0.013333333333333334,0.68,0.0,Non-malignant disease,
GSE132338_p1035846-3,0.44932432432432434,0.0,0.47297297297297297,0.0777027027027027,0.0,0.0,0.0,0.0,Non-malignant disease,
GSE178991_V6,0.06896551724137931,0.0,0.095952023988006,0.0,0.0,0.0,0.8350824587706147,0.0,Non-malignant disease,
GSE155850_NL15Myeloid,0.016587677725118485,0.0,0.011848341232227487,0.0,0.6769352290679305,0.0,0.29462875197472355,0.0,Control,
GSE133747_NDRI_1b,0.05263157894736842,0.0,0.0,0.0,0.2631578947368421,0.38345864661654133,0.022556390977443608,0.2781954887218045,Control,
GSE162806_MM3001_24h,0.9636767976278725,0.0,0.020756115641215715,0.015567086730911787,0.0,0.0,0.0,0.0,Non-malignant disease,
GSE162806_MM3012_Ctrl,0.6223776223776224,0.0,0.34965034965034963,0.027972027972027972,0.0,0.0,0.0,0.0,Control,
GSE133028_3_PB_uns_5pGEX,0.9072727272727272,0.034545454545454546,0.05818181818181818,0.0,0.0,0.0,0.0,0.0,Control,
GSE171964_2051_2,0.40769835035349566,0.05734485467399843,0.5106048703849175,0.024351924587588374,0.0,0.0,0.0,0.0,Non-malignant disease,
GSE168859_AHMWWJBBXX_LGL_8_bt1,0.8205128205128205,0.0,0.09743589743589744,0.03076923076923077,0.0,0.0,0.0,0.05128205128205128,Control,
GSE144945_pat6,0.0,0.0,0.0,0.0,0.5802469135802469,0.037037037037037035,0.1728395061728395,0.20987654320987653,Cancer_Tumor,NSCLC
GSE183852_TWCM-H8-lib1,0.004201680672268907,0.0,0.0,0.0,0.8277310924369747,0.10084033613445378,0.0,0.06722689075630252,Non-malignant disease,
GSE132802_SKIN_HV5,0.8152,0.0,0.1408,0.044,0.0,0.0,0.0,0.0,Control,
GSE155468_10x_RPP_TAA_5,0.06451612903225806,0.0,0.0,0.0,0.8548387096774194,0.0,0.0,0.08064516129032258,Non-malignant disease,
GSE162806_MM3005_4h,0.8051575931232091,0.0,0.06876790830945559,0.0,0.0,0.10028653295128939,0.025787965616045846,0.0,Non-malignant disease,
GSE136103_cirrhotic2_cd45-_1,0.3022222222222222,0.49777777777777776,0.15555555555555556,0.0,0.02666666666666667,0.0,0.017777777777777778,0.0,Non-malignant disease,
GSE164690_HN10_CD45n,0.8505747126436781,0.0,0.14942528735632185,0.0,0.0,0.0,0.0,0.0,Cancer_Tumor,HNSCC
GSE173252_sf1,0.0,0.0,0.08571428571428572,0.08571428571428572,0.0,0.6571428571428571,0.17142857142857143,0.0,Control,
GSE142444_bt1-Monocytes_1,0.7942908926144087,0.0,0.17149977344811962,0.03420933393747168,0.0,0.0,0.0,0.0,Control,
GSE136103_healthy5_cd45plus,0.6198198198198198,0.0,0.08648648648648649,0.12972972972972974,0.02882882882882883,0.07927927927927927,0.055855855855855854,0.0,Control,
GSE163633_124_OM_HLADR,0.1469387755102041,0.0,0.0,0.0,0.746938775510204,0.061224489795918366,0.044897959183673466,0.0,Non-malignant disease,
GSE164690_HN14_PBL,0.9034907597535934,0.018480492813141684,0.07802874743326489,0.0,0.0,0.0,0.0,0.0,Cancer_Blood,HNSCC
GSE136103_cirrhotic1_cd45plus,0.5659340659340659,0.027472527472527472,0.2032967032967033,0.11538461538461539,0.0,0.01098901098901099,0.07692307692307693,0.0,Non-malignant disease,
GSE171964_2049_0,0.6975806451612904,0.0,0.2846774193548387,0.017741935483870968,0.0,0.0,0.0,0.0,Non-malignant disease,
GSE153834_COHP_34150_1_UN_Whole_C1_XCSCR_L27414_HVGW2DSXX_AGCATGGT,0.0784313725490196,0.0,0.0,0.0,0.0392156862745098,0.0,0.09803921568627451,0.7843137254901961,Control,
GSE171555_22CBD6-00,0.9082230418745932,0.0,0.07919288348882621,0.012584074636580603,0.0,0.0,0.0,0.0,Control,
GSE173303_65B-5GE,0.976326530612245,0.0,0.013061224489795919,0.0,0.0,0.010612244897959184,0.0,0.0,Non-malignant disease,
GSE178991_sample_V_2_5primeGEX,0.11538461538461539,0.0,0.15384615384615385,0.0,0.0,0.0,0.7307692307692307,0.0,Non-malignant disease,
GSE178481_SCG_RCC-BM2-P-T1,0.18471337579617833,0.0,0.0,0.0,0.0,0.025477707006369428,0.0,0.7898089171974523,Cancer_Tumor,RCC
GSE145370_R4B5,0.14705882352941177,0.0,0.09313725490196079,0.0,0.7058823529411765,0.05392156862745098,0.0,0.0,Cancer_AdjNorm,ESCA
GSE132338_p1035855-7,0.9611650485436893,0.0,0.038834951456310676,0.0,0.0,0.0,0.0,0.0,Non-malignant disease,
GSE179886_Normal,0.7230320699708455,0.04956268221574344,0.17784256559766765,0.016034985422740525,0.033527696793002916,0.0,0.0,0.0,Control,
GSE159677_02dat20190515tisCARconDIS,0.06389776357827476,0.03514376996805112,0.0,0.0,0.25878594249201275,0.16293929712460065,0.46006389776357826,0.019169329073482427,Non-malignant disease,
GSE183219_HSA_JGR_514SN_G,0.31092436974789917,0.0,0.0,0.0,0.0,0.680672268907563,0.008403361344537815,0.0,Cancer_AdjNorm,NSCLC
GSE136103_cirrhotic3_cd45-_1,0.6646884272997032,0.0,0.12166172106824925,0.13649851632047477,0.02373887240356083,0.0,0.05341246290801187,0.0,Non-malignant disease,
GSE132338_p1035868-6,0.7701149425287356,0.0,0.19540229885057472,0.034482758620689655,0.0,0.0,0.0,0.0,Non-malignant disease,
GSE168163_ACDPV5ANXX_Tcell_11_bt1,0.8911290322580645,0.0,0.10483870967741936,0.0,0.0,0.0,0.004032258064516129,0.0,Non-malignant disease,
GSE136103_cirrhotic2_cd45plus_4,0.5108695652173914,0.30434782608695654,0.15217391304347827,0.0,0.0,0.021739130434782608,0.010869565217391304,0.0,Non-malignant disease,
GSE168933_HEALTHY1_LIB037235,0.30158730158730157,0.0,0.30952380952380953,0.031746031746031744,0.023809523809523808,0.31746031746031744,0.015873015873015872,0.0,Control,
GSE162806_MM3038_Ctrl,0.30803080308030806,0.5313531353135313,0.16061606160616063,0.0,0.0,0.0,0.0,0.0,Control,
GSE171964_2053_0,0.5537906137184115,0.039711191335740074,0.3783393501805054,0.02815884476534296,0.0,0.0,0.0,0.0,Non-malignant disease,
GSE213282_GEX_NextGEM_C,0.755656108597285,0.0,0.24434389140271492,0.0,0.0,0.0,0.0,0.0,Control,
GSE173303_62B-5GE,0.7132132132132132,0.0,0.0915915915915916,0.02252252252252252,0.0,0.036036036036036036,0.13663663663663664,0.0,Non-malignant disease,
GSE164291_MM20567_01,0.055865921787709494,0.0,0.0446927374301676,0.0111731843575419,0.1340782122905028,0.5083798882681564,0.22905027932960895,0.01675977653631285,Control,
GSE178481_RCC-PR3-T1,0.03803888419273035,0.0,0.5071851225697379,0.0,0.18765849535080303,0.12510566356720204,0.0,0.14201183431952663,Cancer_Tumor,RCC
GSE168163_ACDPYUANXX_Tcell_2_bt1,0.8952380952380953,0.0,0.09523809523809523,0.0,0.0,0.0,0.009523809523809525,0.0,Control,
GSE164690_HN18_CD45p,0.22556390977443608,0.05263157894736842,0.0,0.0,0.40601503759398494,0.0,0.3157894736842105,0.0,Cancer_Tumor,HNSCC
GSE132338_p1035843-7,1.0,0.0,0.0,0.0,0.0,0.0,0.0,0.0,Non-malignant disease,
GSE182244_HD1,0.6949728260869565,0.0,0.265625,0.03940217391304348,0.0,0.0,0.0,0.0,Control,
GSE166992_IVAR105D,0.7607030978071702,0.0,0.20727462582666203,0.03202227636616777,0.0,0.0,0.0,0.0,Control,
GSE182208_SC_NS-2,0.12643678160919541,0.0,0.1839080459770115,0.0,0.4367816091954023,0.13793103448275862,0.0,0.11494252873563218,Control,
GSE179346_HD1,0.9212121212121213,0.0,0.06060606060606061,0.0,0.006060606060606061,0.0,0.012121212121212121,0.0,Control,
GSE132338_p1035845-9,0.8146964856230032,0.0,0.1853035143769968,0.0,0.0,0.0,0.0,0.0,Non-malignant disease,
GSE136035_165,0.21341463414634146,0.7865853658536586,0.0,0.0,0.0,0.0,0.0,0.0,Non-malignant disease,
GSE178481_RCC-PR7-T,0.0,0.0,0.37777777777777777,0.0,0.40444444444444444,0.1511111111111111,0.0,0.06666666666666667,Cancer_Tumor,RCC
GSE157591_Patient_3,0.9621621621621622,0.0,0.03783783783783784,0.0,0.0,0.0,0.0,0.0,Non-malignant disease,
GSE167029_P5,0.04608294930875576,0.0,0.08294930875576037,0.0,0.029953917050691243,0.01152073732718894,0.8294930875576036,0.0,Non-malignant disease,
GSE155850_NL16Myeloid,0.011984021304926764,0.0,0.0,0.0,0.8042609853528628,0.0,0.18375499334221038,0.0,Control,
GSE171964_2049_2,0.10440456769983687,0.5048939641109299,0.33115823817292006,0.02773246329526917,0.03181076672104405,0.0,0.0,0.0,Non-malignant disease,
GSE136103_cirrhotic3_cd45plus_2,0.8181818181818182,0.0,0.09917355371900827,0.06611570247933884,0.0,0.0,0.01652892561983471,0.0,Non-malignant disease,
GSE163633_TBl020_HLADR,0.4243191893603547,0.08233058898036733,0.493350221659278,0.0,0.0,0.0,0.0,0.0,Cancer_Blood,HNSCC
GSE171555_61BBAD-14,0.7498165810711666,0.0,0.23771093176815847,0.012472487160674981,0.0,0.0,0.0,0.0,Control,
GSE136103_blood2,0.8311004784688996,0.04354066985645933,0.09904306220095693,0.02631578947368421,0.0,0.0,0.0,0.0,Non-malignant disease,
GSE162616_IT20180531,0.14049586776859505,0.0,0.5977961432506887,0.0,0.26170798898071623,0.0,0.0,0.0,Cancer_Tumor,HCC
GSE171555_40067F-07,0.799294532627866,0.0,0.16613756613756614,0.0345679012345679,0.0,0.0,0.0,0.0,Non-malignant disease,
GSE163633_122_OM_HLADR,0.24739583333333334,0.0,0.018229166666666668,0.0,0.671875,0.036458333333333336,0.013020833333333334,0.013020833333333334,Non-malignant disease,
GSE168163_ACDPV5ANXX_Tcell_15_bt1,0.880225988700565,0.0,0.08700564971751412,0.0327683615819209,0.0,0.0,0.0,0.0,Non-malignant disease,
GSE178991_sample_II_3_5primeGEX,0.13636363636363635,0.0,0.06818181818181818,0.0,0.0,0.0,0.7954545454545454,0.0,Non-malignant disease,
GSE216329_P1_TN_ADM001_DaHi_G,0.8031311154598826,0.024657534246575342,0.1354207436399217,0.03679060665362035,0.0,0.0,0.0,0.0,Cancer_Blood,NSCLC
GSE132338_ngs-43txyd66at,0.7424242424242424,0.0,0.22727272727272727,0.0,0.0,0.0,0.030303030303030304,0.0,Non-malignant disease,
GSE133028_29_PB_uns_5pGEX,0.8585164835164835,0.0,0.09409340659340659,0.04739010989010989,0.0,0.0,0.0,0.0,Non-malignant disease,
GSE132338_p1035813-6,0.9459459459459459,0.0,0.05405405405405406,0.0,0.0,0.0,0.0,0.0,Non-malignant disease,
GSE167272_2_Ki0100022_CMVneg,0.0,0.046511627906976744,0.9534883720930233,0.0,0.0,0.0,0.0,0.0,Control,
GSE216329_P21_T_ADM001_MorD3_3_G,0.5499153976311336,0.0,0.40609137055837563,0.02707275803722504,0.0,0.0,0.01692047377326565,0.0,Cancer_Blood,NSCLC
GSE162806_MM3012_4h,0.6116666666666667,0.0,0.375,0.013333333333333334,0.0,0.0,0.0,0.0,Non-malignant disease,
GSE136103_blood1,0.8670964542524175,0.03149020580213241,0.07785767418794942,0.02355566575750062,0.0,0.0,0.0,0.0,Non-malignant disease,
GSE216329_P10_T_ADM001_MorD2_5_G,0.3333333333333333,0.03333333333333333,0.6166666666666667,0.0,0.0,0.0,0.016666666666666666,0.0,Cancer_Blood,NSCLC
GSE121380_HB35,0.3939393939393939,0.12121212121212122,0.0,0.0,0.45454545454545453,0.0,0.030303030303030304,0.0,Non-malignant disease,
GSE130157_15435X5,0.7129485179407177,0.0,0.23244929797191888,0.054602184087363496,0.0,0.0,0.0,0.0,Cancer_Blood,CRC
GSE162806_MM3038_24h,0.9598214285714286,0.0,0.011904761904761904,0.028273809523809524,0.0,0.0,0.0,0.0,Non-malignant disease,
GSE145370_R5A5,0.04835164835164835,0.06373626373626373,0.0,0.0,0.7626373626373626,0.07912087912087912,0.041758241758241756,0.004395604395604396,Cancer_Tumor,ESCA
GSE178991_sample_II_1_5primeGEX,0.11363636363636363,0.0,0.056818181818181816,0.0,0.0,0.0,0.8295454545454546,0.0,Non-malignant disease,
GSE132771_N2W,0.03008849557522124,0.0,0.0,0.0,0.019469026548672566,0.9504424778761061,0.0,0.0,Control,
GSE168933_NASH2_POOL_20190318_NASH_2,0.4980237154150198,0.0,0.44664031620553357,0.04743083003952569,0.007905138339920948,0.0,0.0,0.0,Non-malignant disease,
GSE173303_63-5GE,0.03305785123966942,0.9421487603305785,0.0,0.0,0.008264462809917356,0.0,0.01652892561983471,0.0,Non-malignant disease,
GSE142444_bt2-Monocytes_3,0.9496695475343162,0.014997458057956279,0.035332994407727504,0.0,0.0,0.0,0.0,0.0,Control,
GSE183852_TWCM-H4,0.23550724637681159,0.0,0.10507246376811594,0.0,0.5144927536231884,0.13405797101449277,0.0,0.010869565217391304,Non-malignant disease,
GSE167029_C31,0.3413089373680507,0.0,0.09078114004222379,0.0,0.0,0.0,0.5679099225897255,0.0,Control,
GSE168933_NASH1_POOL_20190311_NASH_1,0.7721518987341772,0.02531645569620253,0.05063291139240506,0.11392405063291139,0.0,0.0,0.0,0.0379746835443038,Non-malignant disease,
GSE164690_HN08_CD45p,0.29523809523809524,0.009523809523809525,0.0,0.0,0.24761904761904763,0.0,0.41904761904761906,0.02857142857142857,Cancer_Tumor,HNSCC
GSE162806_MM3005_Ctrl,0.8639455782312925,0.01652089407191448,0.08357628765792031,0.03595724003887269,0.0,0.0,0.0,0.0,Control,
GSE176465_USC_DK013,0.012048192771084338,0.0,0.0,0.0,0.18072289156626506,0.0,0.5903614457831325,0.21686746987951808,Non-malignant disease,
GSE163633_TBl_HLADR_027,0.40668765606340246,0.20594940831614375,0.3873629356204538,0.0,0.0,0.0,0.0,0.0,Cancer_Blood,HNSCC
GSE145370_R3B5,0.062111801242236024,0.0,0.059006211180124224,0.0,0.5279503105590062,0.16459627329192547,0.0,0.18633540372670807,Cancer_AdjNorm,ESCA
GSE132338_p1035812-7,0.9382716049382716,0.0,0.06172839506172839,0.0,0.0,0.0,0.0,0.0,Non-malignant disease,
GSE178481_RCC-PR5-T1,0.0,0.0,0.21323529411764705,0.0,0.2610294117647059,0.20955882352941177,0.007352941176470588,0.3088235294117647,Cancer_Tumor,RCC
GSE171964_2052_42,0.7585421412300684,0.0,0.2306378132118451,0.01082004555808656,0.0,0.0,0.0,0.0,Non-malignant disease,
GSE164291_MM20567_02,0.09883720930232558,0.0,0.05813953488372093,0.0,0.13953488372093023,0.4418604651162791,0.2616279069767442,0.0,Control,
GSE155673_cov_scrna_09,0.5914127423822715,0.0,0.32132963988919666,0.08725761772853186,0.0,0.0,0.0,0.0,Control,
GSE130157_14546X9,0.8759493670886076,0.018565400843881856,0.06582278481012659,0.039662447257383965,0.0,0.0,0.0,0.0,Cancer_Blood,HCC
GSE200173_Gene_express_2-2,0.04262295081967213,0.0,0.0,0.0,0.8426229508196721,0.11475409836065574,0.0,0.0,Control,
GSE168933_HEALTHY1_LIB037233,0.9953703703703703,0.0,0.0,0.0,0.0,0.0,0.004629629629629629,0.0,Control,
GSE181082_SynTissue_50_6000,0.06878306878306878,0.0,0.0,0.0,0.0,0.015873015873015872,0.9153439153439153,0.0,Control,
GSE128066_TB_PBL,0.8149779735682819,0.00881057268722467,0.1762114537444934,0.0,0.0,0.0,0.0,0.0,Control,
GSE154778_Y00027_H5HVVBGX5_ACGACATT,0.7307692307692307,0.0,0.0,0.0,0.24358974358974358,0.01282051282051282,0.01282051282051282,0.0,Cancer_Metastasis,PC
GSE178481_RCC-PR8-N,0.0,0.0,0.5060240963855421,0.024096385542168676,0.3493975903614458,0.12048192771084337,0.0,0.0,Cancer_AdjNorm,RCC
GSE158723_NGS18-G344-UCL-NP1-6000cells,1.0,0.0,0.0,0.0,0.0,0.0,0.0,0.0,Control,
GSE149133_MG139B_NOIGHD_HHT,0.53,0.0,0.38,0.06,0.0,0.0,0.03,0.0,Non-malignant disease,
GSE128993_Human,0.5981838819523269,0.0,0.12939841089670828,0.021566401816118047,0.21452894438138478,0.018161180476730987,0.007945516458569807,0.01021566401816118,Control,
GSE171964_2055_42,0.5938461538461538,0.09692307692307692,0.26153846153846155,0.047692307692307694,0.0,0.0,0.0,0.0,Non-malignant disease,
GSE163633_121_OM_HLADR,0.24611708482676226,0.0,0.0,0.0,0.6248506571087217,0.11589008363201912,0.013142174432497013,0.0,Non-malignant disease,
GSE117824_ET05_PC,0.8516483516483516,0.057692307692307696,0.03983516483516483,0.050824175824175824,0.0,0.0,0.0,0.0,Non-malignant disease,
GSE167030_C27,0.7705570291777188,0.029177718832891247,0.10079575596816977,0.09946949602122016,0.0,0.0,0.0,0.0,Control,
GSE163633_T015_Bl_HLADR,0.540523427606585,0.0,0.45947657239341494,0.0,0.0,0.0,0.0,0.0,Cancer_Blood,HNSCC
GSE129845_126,0.9573333333333334,0.0,0.042666666666666665,0.0,0.0,0.0,0.0,0.0,Non-malignant disease,
GSE171555_0BF51C-00,0.051364365971107544,0.4579989299090423,0.0,0.0,0.0,0.0,0.49063670411985016,0.0,Non-malignant disease,
GSE132338_p1035869-3,0.845,0.0,0.155,0.0,0.0,0.0,0.0,0.0,Non-malignant disease,
GSE168163_ACDPV5ANXX_Tcell_1_bt1,0.8524590163934426,0.01639344262295082,0.08196721311475409,0.04918032786885246,0.0,0.0,0.0,0.0,Control,
GSE142444_bt1-Monocytes_5,0.9319033735943357,0.013952519783423574,0.033944189920866306,0.020199916701374426,0.0,0.0,0.0,0.0,Control,
GSE130157_14546X3,0.6881188118811881,0.034653465346534656,0.18316831683168316,0.09405940594059406,0.0,0.0,0.0,0.0,Cancer_Blood,PC
GSE168163_ACDPV5ANXX_Tcell_3_bt1,0.9385474860335196,0.0,0.061452513966480445,0.0,0.0,0.0,0.0,0.0,Control,
GSE136103_cirrhotic2_cd45plus_3,0.4666666666666667,0.2222222222222222,0.17777777777777778,0.022222222222222223,0.044444444444444446,0.0,0.06666666666666667,0.0,Non-malignant disease,
GSE132771_F4W,0.13028764805414553,0.0,0.22673434856175972,0.0,0.0,0.5160744500846024,0.12690355329949238,0.0,Non-malignant disease,
GSE130157_14562X1,0.70254110612855,0.07025411061285501,0.22720478325859492,0.0,0.0,0.0,0.0,0.0,Cancer_Blood,CRC
GSE130157_14554X1,0.6189759036144579,0.022590361445783132,0.3177710843373494,0.04066265060240964,0.0,0.0,0.0,0.0,Cancer_Blood,CRC
GSE173303_A40B-5GE,0.9838220424671386,0.0,0.016177957532861477,0.0,0.0,0.0,0.0,0.0,Non-malignant disease,
GSE136103_healthy4_cd45-_3,0.3739130434782609,0.013043478260869565,0.33043478260869563,0.26521739130434785,0.013043478260869565,0.0,0.0,0.004347826086956522,Control,
GSE162806_MM3008_Ctrl,0.6374501992031872,0.035856573705179286,0.28884462151394424,0.037848605577689244,0.0,0.0,0.0,0.0,Control,
GSE130157_14554X3,0.6114942528735632,0.0,0.335632183908046,0.052873563218390804,0.0,0.0,0.0,0.0,Cancer_Blood,CRC
GSE130157_14554X9,0.6022099447513812,0.0,0.35911602209944754,0.03867403314917127,0.0,0.0,0.0,0.0,Cancer_Blood,CRC
GSE148020_20190809chi,0.0,0.0,0.0657834627683874,0.0,0.9342165372316126,0.0,0.0,0.0,Control,
GSE171555_7768E4-28,0.7504774029280713,0.0,0.18077657542966263,0.06874602164226608,0.0,0.0,0.0,0.0,Control,
GSE171964_2047_0,0.8523489932885906,0.019463087248322148,0.12080536912751678,0.00738255033557047,0.0,0.0,0.0,0.0,Non-malignant disease,
GSE178991_sample_V_3_5primeGEX,0.04285714285714286,0.0,0.15714285714285714,0.0,0.0,0.0,0.8,0.0,Non-malignant disease,
GSE171964_2047_2,0.5945273631840796,0.18034825870646767,0.15671641791044777,0.06840796019900497,0.0,0.0,0.0,0.0,Non-malignant disease,
GSE168933_Healthy2_POOL_20190214_healthy_2,0.6616161616161617,0.0,0.18686868686868688,0.15151515151515152,0.0,0.0,0.0,0.0,Control,
GSE166489_Y124-5P_HHT,0.8074866310160428,0.0,0.05561497326203209,0.0,0.0,0.13689839572192514,0.0,0.0,Non-malignant disease,
GSE162806_MM3020_4h,0.25906735751295334,0.7409326424870466,0.0,0.0,0.0,0.0,0.0,0.0,Non-malignant disease,
GSE167029_P8,0.06403940886699508,0.0,0.0,0.0,0.03940886699507389,0.0,0.896551724137931,0.0,Non-malignant disease,
GSE164241_PD164c,0.3225806451612903,0.0,0.0,0.0,0.6129032258064516,0.0,0.06451612903225806,0.0,Non-malignant disease,
GSE164690_HN14_CD45p,0.5185185185185185,0.05555555555555555,0.04938271604938271,0.0,0.12345679012345678,0.024691358024691357,0.17901234567901234,0.04938271604938271,Cancer_Tumor,HNSCC
GSE132771_F5W,0.0,0.0,0.0,0.0,0.046632124352331605,0.23834196891191708,0.5595854922279793,0.15544041450777202,Non-malignant disease,
GSE165193_Control2,0.8699724517906336,0.0,0.03471074380165289,0.02809917355371901,0.0,0.0,0.06721763085399449,0.0,Control,
GSE178991_V8,0.1905829596412556,0.0,0.14349775784753363,0.0,0.0,0.0,0.6659192825112108,0.0,Non-malignant disease,
GSE132338_p1035872-2,0.8283582089552238,0.0,0.17164179104477612,0.0,0.0,0.0,0.0,0.0,Control,
GSE136103_cirrhotic5_cd45plus,0.6883116883116883,0.0,0.08441558441558442,0.09740259740259741,0.11688311688311688,0.0,0.012987012987012988,0.0,Non-malignant disease,
GSE164690_HN10_CD45p,0.8027681660899654,0.010380622837370242,0.11764705882352941,0.0,0.06920415224913495,0.0,0.0,0.0,Cancer_Tumor,HNSCC
GSE179159_Fresh_ROB_2026,0.3708791208791209,0.3956043956043956,0.03571428571428571,0.0,0.0,0.0,0.13736263736263737,0.06043956043956044,Non-malignant disease,
GSE159677_01dat20190717tisCARconHEA,0.3888888888888889,0.07777777777777778,0.08333333333333333,0.044444444444444446,0.1388888888888889,0.25,0.0,0.016666666666666666,Non-malignant disease,
GSE136103_healthy4_cd45plus_4,0.6912751677852349,0.053691275167785234,0.10067114093959731,0.12080536912751678,0.03355704697986577,0.0,0.0,0.0,Control,
GSE142444_bt2-Monocytes_6,0.8929361451113406,0.0,0.0861229907093349,0.020940864179324583,0.0,0.0,0.0,0.0,Control,
GSE133028_5_PB_uns_5pGEX,0.8555008210180624,0.0,0.1291735084838533,0.01532567049808429,0.0,0.0,0.0,0.0,Non-malignant disease,
GSE171381_CNTRL_2__villi__HCR,0.0792507204610951,0.012968299711815562,0.04755043227665706,0.0,0.0,0.1239193083573487,0.7363112391930836,0.0,Control,
GSE142444_bt1-Monocytes_3,0.9585241730279899,0.0,0.04147582697201018,0.0,0.0,0.0,0.0,0.0,Control,
GSE161329_8donor_PBMC_AD,0.7903030303030303,0.009696969696969697,0.15393939393939393,0.03151515151515152,0.0,0.0,0.014545454545454545,0.0,Control,
GSE173303_A7B-5GE,0.3549618320610687,0.08778625954198473,0.46564885496183206,0.0916030534351145,0.0,0.0,0.0,0.0,Non-malignant disease,
GSE138867_scRNA_V054_F209,0.8631578947368421,0.0,0.1368421052631579,0.0,0.0,0.0,0.0,0.0,Control,
GSE178481_RCC-PR6-N,0.011363636363636364,0.0,0.29545454545454547,0.0,0.18181818181818182,0.4659090909090909,0.045454545454545456,0.0,Cancer_AdjNorm,RCC
GSE130157_14554X5,0.9011943539630836,0.0,0.06948968512486428,0.029315960912052116,0.0,0.0,0.0,0.0,Cancer_Blood,PC
GSE167295_SC167,0.06015037593984962,0.0,0.22556390977443608,0.0,0.08270676691729323,0.5639097744360902,0.06766917293233082,0.0,Non-malignant disease,
GSE171555_61BBAD-07,0.7323055360896986,0.0,0.21864050455501052,0.04905395935529082,0.0,0.0,0.0,0.0,Control,
GSE178481_RCC-RCC1-N,0.04,0.0,0.37333333333333335,0.0,0.4,0.18666666666666668,0.0,0.0,Cancer_AdjNorm,RCC
GSE171964_2051_42,0.5416178194607268,0.0,0.44079718640093785,0.017584994138335287,0.0,0.0,0.0,0.0,Non-malignant disease,
GSE132338_p1035837-6,0.7872648335745297,0.04052098408104197,0.12445730824891461,0.04775687409551375,0.0,0.0,0.0,0.0,Non-malignant disease,
GSE146974_RP002,0.922266139657444,0.0,0.06587615283267458,0.011857707509881422,0.0,0.0,0.0,0.0,Control,
GSE163633_SCC002-Tumor-HLADR,0.3698630136986301,0.0,0.1506849315068493,0.0,0.1506849315068493,0.0958904109589041,0.0958904109589041,0.136986301369863,Cancer_Tumor,HNSCC
GSE143704_Sample_84100_HFVWYBGX9_hu_092718,0.13214285714285715,0.0,0.03571428571428571,0.0,0.05,0.6892857142857143,0.09285714285714286,0.0,Control,
GSE163633_125_Bl_HLADR,0.6668717317748385,0.011073515841279606,0.2857582282374654,0.03629652414641649,0.0,0.0,0.0,0.0,Control,
GSE154778_Y00027_H5HVVBGX5_CACGTCGG,0.5569620253164557,0.0,0.0,0.012658227848101266,0.4177215189873418,0.0,0.012658227848101266,0.0,Cancer_Metastasis,PC
GSE133028_18_PB_uns_3pGEX,0.7437325905292479,0.12952646239554316,0.10236768802228412,0.02437325905292479,0.0,0.0,0.0,0.0,Non-malignant disease,
GSE171964_2052_2,0.4850444624090542,0.17946645109135004,0.3185125303152789,0.016976556184316895,0.0,0.0,0.0,0.0,Non-malignant disease,
GSE178991_sample_I_2_5primeGEX,0.2916666666666667,0.0,0.0763888888888889,0.0,0.027777777777777776,0.0,0.6041666666666666,0.0,Non-malignant disease,
GSE165045_BL4,0.0,0.0,0.0,0.0,0.423728813559322,0.3050847457627119,0.1694915254237288,0.1016949152542373,Non-malignant disease,
GSE145370_R4A5,0.05743740795287187,0.0,0.0,0.0,0.6067746686303387,0.055964653902798235,0.27982326951399117,0.0,Cancer_Tumor,ESCA
GSE171555_180E1A-07,0.7776497695852534,0.0,0.18778801843317972,0.03456221198156682,0.0,0.0,0.0,0.0,Non-malignant disease,
GSE178481_RCC-PR6-T,0.05555555555555555,0.0,0.16666666666666666,0.0,0.46296296296296297,0.2037037037037037,0.09259259259259259,0.018518518518518517,Cancer_Tumor,RCC
GSE171555_82CCF5-14,0.8854166666666666,0.0,0.04861111111111111,0.06597222222222222,0.0,0.0,0.0,0.0,Non-malignant disease,
GSE164690_HN11_CD45p,0.7027027027027027,0.0,0.11711711711711711,0.0,0.15315315315315314,0.0,0.02702702702702703,0.0,Cancer_Tumor,HNSCC
GSE171964_2047_7,0.47003154574132494,0.0,0.5094637223974764,0.02050473186119874,0.0,0.0,0.0,0.0,Non-malignant disease,
GSE181919_C15,0.008152173913043478,0.0,0.0,0.0,0.532608695652174,0.035326086956521736,0.42391304347826086,0.0,Cancer_Tumor,HNSCC
GSE164690_HN09_CD45n,0.592,0.0,0.272,0.048,0.048,0.0,0.04,0.0,Cancer_Tumor,HNSCC
GSE142444_bt2-Monocytes_5,0.9408958938199917,0.011406055578598091,0.031729572791372875,0.01596847781003733,0.0,0.0,0.0,0.0,Control,
GSE133028_24_PB_uns_5pGEX,0.6445714285714286,0.0,0.3394285714285714,0.016,0.0,0.0,0.0,0.0,Non-malignant disease,
GSE164291_MM20567_04,0.06179775280898876,0.0,0.07865168539325842,0.0,0.056179775280898875,0.5730337078651685,0.2303370786516854,0.0,Control,
GSE136103_healthy2_cd45plus_2,0.7300380228136882,0.0,0.21673003802281368,0.019011406844106463,0.034220532319391636,0.0,0.0,0.0,Control,
GSE216329_P17_TN_ADM001_MorD2_5_G,0.3333333333333333,0.0,0.6666666666666666,0.0,0.0,0.0,0.0,0.0,Cancer_Blood,NSCLC
GSE171964_2055_0,0.7204724409448819,0.07480314960629922,0.1515748031496063,0.0531496062992126,0.0,0.0,0.0,0.0,Non-malignant disease,
GSE216329_P21_TN_ADM001_MorD3_3_G,0.5606508875739645,0.0,0.4171597633136095,0.0,0.0,0.0,0.022189349112426034,0.0,Cancer_Blood,NSCLC
GSE163633_122_Bl_HLADR,0.7642064010450685,0.0,0.1952971913781842,0.0,0.040496407576747225,0.0,0.0,0.0,Control,
GSE168163_BCDR30ANXX_Tcell_1_bt1,0.8095238095238095,0.015873015873015872,0.1111111111111111,0.06349206349206349,0.0,0.0,0.0,0.0,Control,
GSE132338_p1035858-8,0.8865979381443299,0.0,0.1134020618556701,0.0,0.0,0.0,0.0,0.0,Non-malignant disease,
GSE178481_RCC-PR5-T3,0.0,0.0,0.26666666666666666,0.0,0.1935483870967742,0.17419354838709677,0.002150537634408602,0.3634408602150538,Cancer_Tumor,RCC
GSE136103_cirrhotic2_cd45plus_2,0.5657894736842105,0.19736842105263158,0.18421052631578946,0.0,0.039473684210526314,0.0,0.013157894736842105,0.0,Non-malignant disease,
GSE178991_sample_IV_2_5primeGEX,0.078125,0.0,0.203125,0.0,0.0,0.0,0.71875,0.0,Non-malignant disease,
GSE156285_1051762513_3976_IT,0.5675675675675675,0.0,0.3123123123123123,0.12012012012012012,0.0,0.0,0.0,0.0,Non-malignant disease,
GSE132338_p1035838-2,0.6344827586206897,0.10344827586206896,0.2620689655172414,0.0,0.0,0.0,0.0,0.0,Non-malignant disease,
GSE162806_MM3009_4h,0.8860103626943006,0.0,0.07081174438687392,0.04317789291882556,0.0,0.0,0.0,0.0,Non-malignant disease,
GSE171555_0BF51C-07,0.976027397260274,0.0,0.023972602739726026,0.0,0.0,0.0,0.0,0.0,Non-malignant disease,
GSE136103_healthy4_cd45plus_1,0.6644295302013423,0.04697986577181208,0.1342281879194631,0.10067114093959731,0.013422818791946308,0.013422818791946308,0.026845637583892617,0.0,Control,
GSE145370_S159A5,0.14018691588785046,0.0,0.0,0.0,0.5654205607476636,0.14953271028037382,0.13551401869158877,0.009345794392523364,Cancer_Tumor,ESCA
GSE168163_ACDPYUANXX_Tcell_11_bt1,0.7790697674418605,0.046511627906976744,0.11627906976744186,0.05813953488372093,0.0,0.0,0.0,0.0,Non-malignant disease,
GSE168163_ACDPYUANXX_Tcell_4_bt1,0.9289340101522843,0.0,0.07106598984771574,0.0,0.0,0.0,0.0,0.0,Control,
GSE155673_cov_scrna_11,0.06914212548015365,0.9308578745198464,0.0,0.0,0.0,0.0,0.0,0.0,Non-malignant disease,
GSE165193_Control3,0.1823871256146625,0.0,0.08225301743406348,0.029950827000447027,0.0,0.0,0.705409029950827,0.0,Control,
GSE163633_121_Bl_HLADR,0.8217898832684825,0.0,0.15719844357976653,0.021011673151750974,0.0,0.0,0.0,0.0,Control,
GSE157591_Patient_4,1.0,0.0,0.0,0.0,0.0,0.0,0.0,0.0,Non-malignant disease,
GSE156310_SC174,0.08256880733944955,0.0,0.0,0.0,0.0,0.5045871559633027,0.41284403669724773,0.0,Non-malignant disease,
GSE183852_TWCM-H5,0.1038961038961039,0.0,0.1038961038961039,0.0,0.35064935064935066,0.15584415584415584,0.03896103896103896,0.24675324675324675,Control,
GSE163834_BH_2,0.7718120805369127,0.020134228187919462,0.2080536912751678,0.0,0.0,0.0,0.0,0.0,Control,
GSE162806_MM3015_4h,0.8411214953271028,0.0,0.04984423676012461,0.0,0.0,0.01557632398753894,0.09345794392523364,0.0,Non-malignant disease,
GSE136103_cirrhotic3_cd45-_3,0.6859756097560976,0.0,0.10670731707317073,0.19207317073170732,0.012195121951219513,0.0,0.003048780487804878,0.0,Non-malignant disease,
GSE145927_Bx39B,0.4418604651162791,0.23255813953488372,0.313953488372093,0.011627906976744186,0.0,0.0,0.0,0.0,Non-malignant disease,
GSE164690_HN08_PBL,0.7438848920863309,0.0,0.1856115107913669,0.07050359712230216,0.0,0.0,0.0,0.0,Cancer_Blood,HNSCC
GSE132509_PBMMC_1_1of2,1.0,0.0,0.0,0.0,0.0,0.0,0.0,0.0,Control,
GSE146974_RP009,0.8450654403961797,0.027237354085603113,0.10718075698620445,0.020516448532012736,0.0,0.0,0.0,0.0,Control,
GSE171555_7085CA-00,0.045724907063197026,0.954275092936803,0.0,0.0,0.0,0.0,0.0,0.0,Non-malignant disease,
GSE171555_EB057C-00,0.8812260536398467,0.02681992337164751,0.04597701149425287,0.0,0.0,0.0,0.04597701149425287,0.0,Non-malignant disease,
GSE132771_F1W,0.16161616161616163,0.0,0.0,0.0,0.0,0.1717171717171717,0.6161616161616161,0.050505050505050504,Non-malignant disease,
GSE173303_62-5GE,0.03686635944700461,0.055299539170506916,0.0,0.0,0.0,0.0,0.847926267281106,0.059907834101382486,Non-malignant disease,
GSE117824_MF04_FC,0.7327586206896551,0.09482758620689655,0.09482758620689655,0.07758620689655173,0.0,0.0,0.0,0.0,Non-malignant disease,
GSE178991_020218_6,0.059907834101382486,0.0,0.0,0.0,0.0,0.0,0.9400921658986175,0.0,Non-malignant disease,
GSE136103_blood4,0.8404831320283215,0.0,0.13494377342773844,0.024573094543940025,0.0,0.0,0.0,0.0,Non-malignant disease,
GSE217235_S005,0.4444444444444444,0.0,0.0,0.0,0.1111111111111111,0.375,0.041666666666666664,0.027777777777777776,Non-malignant disease,
GSE167029_P20,0.24358974358974358,0.717948717948718,0.0,0.0,0.029914529914529916,0.0,0.008547008547008548,0.0,Non-malignant disease,
GSE171964_2052_0,0.5421052631578948,0.0,0.45789473684210524,0.0,0.0,0.0,0.0,0.0,Non-malignant disease,
GSE164690_HN07_PBL,0.8607498087222647,0.0,0.11553175210405509,0.023718439173680182,0.0,0.0,0.0,0.0,Cancer_Blood,HNSCC
GSE171555_655A91-00,0.8598006644518272,0.0,0.11960132890365449,0.020598006644518274,0.0,0.0,0.0,0.0,Control,
GSE171381_CNTRL_1__villi__HCR,0.6239316239316239,0.0,0.021367521367521368,0.0,0.0,0.0811965811965812,0.10683760683760683,0.16666666666666666,Control,
GSE174401_fq9_MB-20,0.5230769230769231,0.0,0.0,0.0,0.0,0.0,0.47692307692307695,0.0,Cancer_Metastasis,MEL
GSE164690_HN05_PBL,0.7033557046979866,0.10604026845637583,0.1906040268456376,0.0,0.0,0.0,0.0,0.0,Cancer_Blood,HNSCC
GSE171555_180E1A-14,0.7247191011235955,0.0,0.22953451043338685,0.045746388443017656,0.0,0.0,0.0,0.0,Non-malignant disease,
GSE146165_S02_CDNA,0.7037037037037037,0.17592592592592593,0.06481481481481481,0.05555555555555555,0.0,0.0,0.0,0.0,Control,
GSE130157_15424X1,0.8567567567567568,0.0,0.11081081081081082,0.032432432432432434,0.0,0.0,0.0,0.0,Cancer_Blood,HCC
GSE168933_NASH2_LIB037226,0.7531380753138075,0.12552301255230125,0.06694560669456066,0.05439330543933055,0.0,0.0,0.0,0.0,Non-malignant disease,
GSE164690_HN05_CD45n,0.032520325203252036,0.012195121951219513,0.1842818428184282,0.0,0.0,0.0,0.7710027100271003,0.0,Cancer_Tumor,HNSCC
GSE165193_Case2,0.9514426460239268,0.0,0.04433497536945813,0.0,0.0,0.0,0.00422237860661506,0.0,Non-malignant disease,
GSE168163_ACDPYUANXX_Tcell_9_bt1,0.8631578947368421,0.015789473684210527,0.12105263157894737,0.0,0.0,0.0,0.0,0.0,Non-malignant disease,
GSE171381_COVID_5__villi__HHT,0.014285714285714285,0.0,0.07142857142857142,0.0,0.0,0.6857142857142857,0.22857142857142856,0.0,Non-malignant disease,
GSE155673_cov_scrna_03,0.3181818181818182,0.5192307692307693,0.16258741258741258,0.0,0.0,0.0,0.0,0.0,Non-malignant disease,
GSE182685_BPDCN712_10x_scRNAseq,0.6101694915254238,0.2768361581920904,0.11299435028248588,0.0,0.0,0.0,0.0,0.0,Control,
GSE136103_cirrhotic4_cd45plus,0.3157894736842105,0.23026315789473684,0.11842105263157894,0.013157894736842105,0.21052631578947367,0.013157894736842105,0.08552631578947369,0.013157894736842105,Non-malignant disease,
GSE144469_C6-CD45,0.0,0.08974358974358974,0.038461538461538464,0.0,0.0,0.0,0.0,0.8717948717948718,Non-malignant disease,
GSE171555_450905-00,0.09156751163993793,0.9084324883600621,0.0,0.0,0.0,0.0,0.0,0.0,Non-malignant disease,
GSE178481_RCC-PR5-T2,0.0,0.0,0.20152091254752852,0.0,0.46387832699619774,0.17870722433460076,0.0076045627376425855,0.1482889733840304,Cancer_Tumor,RCC
GSE172225_192566SKL_GEX_HHT,0.0,0.0,0.0,0.0,0.2826086956521739,0.0,0.717391304347826,0.0,Non-malignant disease,
GSE142444_bt2-Monocytes_9,0.6745640636846095,0.1055724033358605,0.21986353297952996,0.0,0.0,0.0,0.0,0.0,Non-malignant disease,
GSE162122_061919Myometrium_GEXL,0.21621621621621623,0.013513513513513514,0.21621621621621623,0.0,0.0,0.25675675675675674,0.0,0.2972972972972973,Control,
GSE202374_RS-03378690_P10_RS-03377709,0.25301204819277107,0.25301204819277107,0.24096385542168675,0.018072289156626505,0.1746987951807229,0.0,0.060240963855421686,0.0,Cancer_Tumor,RCC
GSE168163_ACDPV5ANXX_Tcell_4_bt1,0.9230769230769231,0.0,0.07692307692307693,0.0,0.0,0.0,0.0,0.0,Control,
GSE162806_MM3040_Ctrl,0.7357392316647264,0.01979045401629802,0.16065192083818394,0.08381839348079162,0.0,0.0,0.0,0.0,Control,
GSE132338_p1035864-0,0.8580645161290322,0.0,0.11612903225806452,0.025806451612903226,0.0,0.0,0.0,0.0,Non-malignant disease,
GSE171555_45FBA5-00,0.06508205998868138,0.9349179400113187,0.0,0.0,0.0,0.0,0.0,0.0,Non-malignant disease,
GSE179346_RD3,0.9424657534246575,0.0,0.038356164383561646,0.0,0.0,0.0,0.019178082191780823,0.0,Non-malignant disease,
GSE130157_15424X3,0.8221476510067114,0.0,0.13758389261744966,0.040268456375838924,0.0,0.0,0.0,0.0,Cancer_Blood,HCC
GSE171555_2DB5F9-00,1.0,0.0,0.0,0.0,0.0,0.0,0.0,0.0,Non-malignant disease,
GSE175817_D408A,0.05660377358490566,0.0,0.0,0.0,0.8018867924528302,0.0,0.0660377358490566,0.07547169811320754,Non-malignant disease,
GSE164690_HN09_CD45p,0.18309859154929578,0.1643192488262911,0.06572769953051644,0.0,0.4647887323943662,0.0,0.12206572769953052,0.0,Cancer_Tumor,HNSCC
GSE138867_scRNA_V043_F047,0.9466666666666667,0.0,0.05333333333333334,0.0,0.0,0.0,0.0,0.0,Control,
GSE129845_185,0.6646825396825397,0.09523809523809523,0.22123015873015872,0.018849206349206348,0.0,0.0,0.0,0.0,Non-malignant disease,
GSE171555_80A16A-14,0.8206349206349206,0.0,0.15873015873015872,0.020634920634920634,0.0,0.0,0.0,0.0,Control,
GSE132771_N3W,0.0,0.0,0.0,0.0,0.0,0.9212121212121213,0.07272727272727272,0.006060606060606061,Control,
GSE165045_BL6,0.1276595744680851,0.0,0.0,0.0,0.0,0.3404255319148936,0.2978723404255319,0.23404255319148937,Control,
GSE138867_scRNA_V035_F031,0.9689655172413794,0.0,0.0,0.0,0.0,0.0,0.0,0.03103448275862069,Control,
GSE184111_U3,0.03365384615384615,0.0,0.03365384615384615,0.0,0.0,0.6105769230769231,0.32211538461538464,0.0,Control,
GSE169657_h62AP-GEX,0.0,0.889763779527559,0.0,0.0,0.05511811023622047,0.0,0.015748031496062992,0.03937007874015748,Cancer_Tumor,BRCA
GSE164690_HN07_CD45p,0.10975609756097561,0.032520325203252036,0.0,0.0,0.4186991869918699,0.0,0.37398373983739835,0.06504065040650407,Cancer_Tumor,HNSCC
GSE163633_125_OM_HLADR,0.6537678207739308,0.0,0.0,0.0,0.32382892057026474,0.02240325865580448,0.0,0.0,Non-malignant disease,
GSE121380_HB15,0.19047619047619047,0.0,0.0,0.0,0.6984126984126984,0.1111111111111111,0.0,0.0,Non-malignant disease,
GSE173303_A56B-5GE,0.536961819658814,0.0,0.39073923639317626,0.07229894394800974,0.0,0.0,0.0,0.0,Non-malignant disease,
GSE156285_1572874946_3976_P,0.5512820512820513,0.0,0.1282051282051282,0.07692307692307693,0.0,0.0,0.24358974358974358,0.0,Non-malignant disease,
GSE136103_healthy2_cd45-_1,0.7520661157024794,0.0,0.19834710743801653,0.03305785123966942,0.0,0.01652892561983471,0.0,0.0,Control,
GSE136103_healthy4_cd45-_2,0.3090128755364807,0.05150214592274678,0.26180257510729615,0.34334763948497854,0.02145922746781116,0.0,0.012875536480686695,0.0,Control,
GSE171555_0BF51C-14,0.841640378548896,0.0,0.1583596214511041,0.0,0.0,0.0,0.0,0.0,Non-malignant disease,
GSE132338_ngs-aya5d3607a,0.5888888888888889,0.05555555555555555,0.3111111111111111,0.044444444444444446,0.0,0.0,0.0,0.0,Control,
GSE165045_BL7,0.291044776119403,0.0,0.0,0.0,0.0,0.1417910447761194,0.39552238805970147,0.17164179104477612,Control,
GSE172225_192564SKL_GEX_HHT,0.0,0.0,0.0,0.0,0.6643835616438356,0.0,0.3356164383561644,0.0,Non-malignant disease,
GSE168163_ACDPV5ANXX_Tcell_16_bt1,0.9215686274509803,0.0,0.0784313725490196,0.0,0.0,0.0,0.0,0.0,Non-malignant disease,
GSE164690_HN06_PBL,0.75,0.1324404761904762,0.1056547619047619,0.011904761904761904,0.0,0.0,0.0,0.0,Cancer_Blood,HNSCC
GSE171964_2051_1,0.2972636815920398,0.27611940298507465,0.42661691542288555,0.0,0.0,0.0,0.0,0.0,Non-malignant disease,
GSE172225_192565SKL_GEX_HHT,0.0,0.0,0.0,0.0,1.0,0.0,0.0,0.0,Non-malignant disease,
GSE164690_HN05_CD45p,0.04591836734693878,0.576530612244898,0.0,0.0,0.3112244897959184,0.0,0.05612244897959184,0.01020408163265306,Cancer_Tumor,HNSCC
GSE164690_HN10_PBL,0.8615725359911407,0.014396456256921373,0.09966777408637874,0.024363233665559248,0.0,0.0,0.0,0.0,Cancer_Blood,HNSCC
GSE185477_TLH_18_09_20_CITE_3,0.8823529411764706,0.0,0.0,0.0,0.0,0.11764705882352941,0.0,0.0,Control,
GSE162806_MM3015_24h,0.8356164383561644,0.0,0.07534246575342465,0.08904109589041095,0.0,0.0,0.0,0.0,Non-malignant disease,
GSE145370_S150A5,0.3514376996805112,0.0,0.04153354632587859,0.0,0.3738019169329074,0.16293929712460065,0.07028753993610223,0.0,Cancer_Tumor,ESCA
GSE150877_Fixed-Human-Blood,0.8890641430073607,0.03680336487907466,0.07413249211356467,0.0,0.0,0.0,0.0,0.0,Control,
GSE174401_fq2_CSF-11,0.23157894736842105,0.7684210526315789,0.0,0.0,0.0,0.0,0.0,0.0,Cancer_Metastasis,MEL
GSE182381_KC40_2_placenta,0.05806451612903226,0.0,0.04946236559139785,0.0,0.4258064516129032,0.15913978494623657,0.30752688172043013,0.0,Control,
GSE154778_Y00027_H5HVVBGX5_TGTCAGAC,0.6078431372549019,0.0,0.0196078431372549,0.0196078431372549,0.3333333333333333,0.0,0.0196078431372549,0.0,Cancer_Metastasis,PC
GSE163633_T015_TIL_HLADR,0.13651877133105803,0.0,0.0,0.0,0.5307167235494881,0.23208191126279865,0.10068259385665529,0.0,Cancer_Tumor,HNSCC
GSE175817_D404,0.03614457831325301,0.0,0.0,0.0,0.24096385542168675,0.0,0.3373493975903614,0.3855421686746988,Non-malignant disease,
GSE162806_MM3016_24h,0.93026706231454,0.0,0.05341246290801187,0.016320474777448073,0.0,0.0,0.0,0.0,Non-malignant disease,
GSE167029_C28,0.7198795180722891,0.06927710843373494,0.0,0.06701807228915663,0.0,0.0,0.1438253012048193,0.0,Control,
GSE200173_Gene_express_2-4,0.03,0.0,0.0,0.0,0.745,0.14,0.085,0.0,Cancer_Tumor,HCC
GSE164241_PD164b,0.4444444444444444,0.0,0.0,0.0,0.46825396825396826,0.0873015873015873,0.0,0.0,Non-malignant disease,
GSE167029_P47,0.12681912681912683,0.0,0.05405405405405406,0.04158004158004158,0.0,0.0,0.7775467775467776,0.0,Non-malignant disease,
GSE142444_bt1-Monocytes_9,0.6607008289374529,0.10493594574227581,0.2290881688018086,0.0052750565184626974,0.0,0.0,0.0,0.0,Non-malignant disease,
GSE171964_2047_42,0.558303886925795,0.0,0.4416961130742049,0.0,0.0,0.0,0.0,0.0,Non-malignant disease,
GSE166895_RBG31066_mRNA,0.314070351758794,0.0,0.01507537688442211,0.0,0.0,0.0,0.6708542713567839,0.0,Control,
GSE178481_RCC-PR3-T3,0.08798114689709348,0.0,0.558523173605656,0.0,0.18303220738413198,0.1657501963864886,0.0,0.004713275726630008,Cancer_Tumor,RCC
GSE167029_P23,0.272975432211101,0.0,0.040036396724294813,0.0,0.0,0.0,0.6869881710646042,0.0,Non-malignant disease,
GSE194129_U1,0.12317666126418152,0.0,0.03565640194489465,0.0,0.009724473257698542,0.419773095623987,0.41166936790923825,0.0,Control,
GSE156310_SC175,0.0,0.0,0.0,0.0,0.11666666666666667,0.43333333333333335,0.45,0.0,Non-malignant disease,
GSE130157_14546X5,0.921028466483012,0.0,0.07897153351698806,0.0,0.0,0.0,0.0,0.0,Cancer_Blood,CRC
GSE142444_bt3-Monocytes_20,0.6558079725675097,0.020788684097728247,0.3234033433347621,0.0,0.0,0.0,0.0,0.0,Non-malignant disease,
GSE166489_Y125-1-5P_HHT,0.9815789473684211,0.0,0.018421052631578946,0.0,0.0,0.0,0.0,0.0,Non-malignant disease,
GSE128892_Hu_Tm-Fib,0.7821782178217822,0.0,0.0,0.0,0.0,0.19801980198019803,0.019801980198019802,0.0,Control,
GSE171555_82CCF5-00,0.8878737541528239,0.0,0.07807308970099668,0.0340531561461794,0.0,0.0,0.0,0.0,Non-malignant disease,
GSE132338_p1035822-1,0.9004329004329005,0.030303030303030304,0.05627705627705628,0.0,0.0,0.0,0.012987012987012988,0.0,Non-malignant disease,
GSE168933_HEALTHY2_LIB037236,0.5643564356435643,0.0,0.297029702970297,0.0,0.039603960396039604,0.07920792079207921,0.019801980198019802,0.0,Control,
GSE162806_MM3020_24h,0.3302752293577982,0.6697247706422018,0.0,0.0,0.0,0.0,0.0,0.0,Non-malignant disease,
GSE182244_GPP2,0.7711213517665131,0.009216589861751152,0.2196620583717358,0.0,0.0,0.0,0.0,0.0,Non-malignant disease,
GSE130157_14554X2,0.5911179173047473,0.0,0.3169984686064318,0.09188361408882083,0.0,0.0,0.0,0.0,Cancer_Blood,CRC
GSE171964_2047_1,0.21505376344086022,0.056152927120669056,0.7287933094384708,0.0,0.0,0.0,0.0,0.0,Non-malignant disease,
GSE132771_F3W,0.13131313131313133,0.0,0.0,0.0,0.010101010101010102,0.3333333333333333,0.23232323232323232,0.29292929292929293,Non-malignant disease,
GSE130157_14554X6,0.7817796610169492,0.12076271186440678,0.0625,0.034957627118644065,0.0,0.0,0.0,0.0,Cancer_Blood,PC
GSE167029_C29,0.073992673992674,0.0,0.09047619047619047,0.0,0.0,0.0,0.8355311355311356,0.0,Control,
GSE138867_scRNA_V040_F198,0.13725490196078433,0.8627450980392157,0.0,0.0,0.0,0.0,0.0,0.0,Control,
GSE163633_TIL_HLADR_027,0.03541315345699832,0.0,0.0,0.0,0.8549747048903878,0.0,0.046374367622259695,0.06323777403035413,Cancer_Tumor,HNSCC
GSE165045_BL2,0.0,0.0,0.0,0.0,0.1958762886597938,0.5670103092783505,0.23711340206185566,0.0,Non-malignant disease,
GSE216329_P2_TN_ADM001_ATP1_1_G,0.2909090909090909,0.0,0.7090909090909091,0.0,0.0,0.0,0.0,0.0,Cancer_Blood,NSCLC
GSE166992_IVAR95D,0.7263157894736842,0.0,0.17894736842105263,0.0,0.0,0.031578947368421054,0.06315789473684211,0.0,Non-malignant disease,
GSE171964_2052_7,0.7119078104993598,0.0,0.26696542893725994,0.02112676056338028,0.0,0.0,0.0,0.0,Non-malignant disease,
GSE162806_MM3001_4h,0.9228871067242443,0.0,0.011412708204811845,0.0,0.0,0.0,0.06570018507094386,0.0,Non-malignant disease,
GSE136103_healthy1_cd45plus_1,0.6625258799171843,0.0,0.031055900621118012,0.0,0.0,0.15320910973084886,0.15320910973084886,0.0,Control,
GSE136103_healthy1_cd45-A_3,0.8095238095238095,0.0,0.0,0.0,0.0,0.10476190476190476,0.08571428571428572,0.0,Control,
GSE164690_HN04_CD45p,0.4144144144144144,0.0,0.05405405405405406,0.0,0.13513513513513514,0.05405405405405406,0.34234234234234234,0.0,Cancer_Tumor,HNSCC
GSE166489_Y28-2-5P_HHT,0.08938120702826585,0.0,0.09702062643239114,0.0,0.0,0.0,0.813598166539343,0.0,Control,
GSE155468_10x_RPP_TAA_7,0.13548387096774195,0.0,0.0,0.0,0.7548387096774194,0.04516129032258064,0.025806451612903226,0.03870967741935484,Non-malignant disease,
GSE136103_cirrhotic1_cd45-B,0.5294117647058824,0.058823529411764705,0.13725490196078433,0.11764705882352941,0.0392156862745098,0.0196078431372549,0.09803921568627451,0.0,Non-malignant disease,
GSE142444_bt2-Monocytes_8,0.7682926829268293,0.1402439024390244,0.09146341463414634,0.0,0.0,0.0,0.0,0.0,Non-malignant disease,
GSE178991_sample_III_2_5primeGEX,0.0,0.0,0.08333333333333333,0.0,0.0,0.0,0.9166666666666666,0.0,Non-malignant disease,
GSE171555_2AD75E-14,0.9028314028314028,0.0,0.09716859716859717,0.0,0.0,0.0,0.0,0.0,Non-malignant disease,
GSE136035_79trans,0.8736842105263158,0.0,0.07368421052631578,0.05263157894736842,0.0,0.0,0.0,0.0,Control,
GSE133747_HC1,0.15873015873015872,0.0,0.25396825396825395,0.015873015873015872,0.07936507936507936,0.49206349206349204,0.0,0.0,Control,
GSE194129_U3,0.03626943005181347,0.0,0.025906735751295335,0.0,0.0,0.6476683937823834,0.29015544041450775,0.0,Control,
GSE178991_020218_8,0.031055900621118012,0.0,0.027950310559006212,0.0,0.3136645962732919,0.0,0.6273291925465838,0.0,Non-malignant disease,
GSE162806_MM3012_72h,0.8644338118022329,0.046251993620414676,0.05263157894736842,0.03668261562998405,0.0,0.0,0.0,0.0,Non-malignant disease,
GSE155673_cov_scrna_12,0.3028571428571429,0.4942857142857143,0.20285714285714285,0.0,0.0,0.0,0.0,0.0,Non-malignant disease,
GSE171381_CNTRL_3__villi__HCR,0.11634756995581738,0.0,0.0,0.0,0.039764359351988215,0.3961708394698085,0.4477172312223859,0.0,Control,
GSE162806_MM3040_24h,0.8365714285714285,0.0,0.15314285714285714,0.010285714285714285,0.0,0.0,0.0,0.0,Non-malignant disease,
GSE171555_0B943B-14,0.8443140794223827,0.0,0.14530685920577618,0.010379061371841155,0.0,0.0,0.0,0.0,Non-malignant disease,
GSE166992_IVAR4_5D_CKDL200155938-1a-SI_GA_D2_H5NG5DSXY,0.6916058394160584,0.1964720194647202,0.0851581508515815,0.0267639902676399,0.0,0.0,0.0,0.0,Control,
GSE150876_Fresh-Human-Blood,0.7151702786377709,0.04540763673890609,0.16047471620227038,0.07894736842105263,0.0,0.0,0.0,0.0,Control,
GSE167029_P3,0.05693069306930693,0.0,0.019801980198019802,0.0,0.009900990099009901,0.0,0.9133663366336634,0.0,Non-malignant disease,
GSE168163_BCDR30ANXX_Tcell_4_bt1,0.9344262295081968,0.0,0.06557377049180328,0.0,0.0,0.0,0.0,0.0,Control,
GSE133028_7_PB_uns_5pGEX,0.8713629402756509,0.02986217457886677,0.07274119448698316,0.026033690658499236,0.0,0.0,0.0,0.0,Non-malignant disease,
GSE155673_cov_scrna_07,0.5031512605042017,0.0,0.4180672268907563,0.012605042016806723,0.0661764705882353,0.0,0.0,0.0,Control,
GSE168859_AHMWWJBBXX_LGL_24_bt1,0.8383838383838383,0.0,0.16161616161616163,0.0,0.0,0.0,0.0,0.0,Control,
GSE132338_p1035811-5,0.842391304347826,0.0,0.11956521739130435,0.03804347826086957,0.0,0.0,0.0,0.0,Non-malignant disease,
GSE165193_Control1,0.9602322206095791,0.0,0.022060957910014514,0.017706821480406386,0.0,0.0,0.0,0.0,Control,
GSE171555_450905-14,0.6619156214367161,0.010262257696693273,0.282212086659065,0.04561003420752566,0.0,0.0,0.0,0.0,Non-malignant disease,
GSE200173_Gene_express_1-1,0.4007682458386684,0.0,0.04225352112676056,0.010243277848911651,0.2727272727272727,0.2701664532650448,0.0038412291933418692,0.0,Cancer_Tumor,HCC
GSE162806_MM3005_24h,0.9327317473338802,0.0,0.03855619360131255,0.02871205906480722,0.0,0.0,0.0,0.0,Non-malignant disease,
GSE160517_S03,0.9757281553398058,0.0,0.024271844660194174,0.0,0.0,0.0,0.0,0.0,Non-malignant disease,
GSE132338_p1035827-8,0.8363636363636363,0.0,0.16363636363636364,0.0,0.0,0.0,0.0,0.0,Non-malignant disease,
GSE130157_14562X3,0.4098360655737705,0.3333333333333333,0.2040072859744991,0.052823315118397086,0.0,0.0,0.0,0.0,Cancer_Blood,CRC
GSE167029_P17,0.3040816326530612,0.636734693877551,0.05918367346938776,0.0,0.0,0.0,0.0,0.0,Non-malignant disease,
GSE167297_TN1904R2479--TCAAGGCC,0.0,0.0,0.0,0.0,0.5462184873949579,0.0,0.453781512605042,0.0,Cancer_Tumor,GC
GSE162122_Myometrium_PBSP_GEXL,0.3271604938271605,0.0,0.5185185185185185,0.0,0.0,0.09876543209876543,0.0,0.05555555555555555,Control,
GSE142444_bt3-Monocytes_5,0.9258804258804259,0.01638001638001638,0.03665028665028665,0.02108927108927109,0.0,0.0,0.0,0.0,Control,
GSE145370_S150B5,0.3147208121827411,0.0,0.11421319796954314,0.0,0.15862944162436549,0.33375634517766495,0.07868020304568528,0.0,Cancer_AdjNorm,ESCA
GSE162806_MM3009_24h,0.8276762402088773,0.0,0.1174934725848564,0.05483028720626632,0.0,0.0,0.0,0.0,Non-malignant disease,
GSE171964_2051_0,0.5583333333333333,0.0,0.4008333333333333,0.04083333333333333,0.0,0.0,0.0,0.0,Non-malignant disease,
GSE168933_NASH2_POOL_20190311_NASH_2,0.8554216867469879,0.0,0.04819277108433735,0.060240963855421686,0.0,0.0,0.024096385542168676,0.012048192771084338,Non-malignant disease,
GSE130157_15424X4,0.8343434343434344,0.0,0.13535353535353536,0.030303030303030304,0.0,0.0,0.0,0.0,Cancer_Blood,CRC
GSE166992_IVAR65D,0.44291338582677164,0.5570866141732284,0.0,0.0,0.0,0.0,0.0,0.0,Non-malignant disease,
GSE172225_192561SKL_GEX_HHT,0.0,0.0,0.0,0.0,0.8969072164948454,0.0,0.041237113402061855,0.061855670103092786,Non-malignant disease,
GSE173303_A7-5GE,0.25477707006369427,0.6942675159235668,0.0,0.0,0.0,0.0,0.03184713375796178,0.01910828025477707,Non-malignant disease,
GSE145370_S149A5,0.11764705882352941,0.75,0.0,0.0,0.0,0.0,0.029411764705882353,0.10294117647058823,Cancer_Tumor,ESCA
GSE182244_GPP1_1,0.7890295358649789,0.0,0.2109704641350211,0.0,0.0,0.0,0.0,0.0,Non-malignant disease,
GSE150877_Fadi_Fresh,0.6192271442035815,0.1988689915174364,0.12158341187558906,0.060320452403393024,0.0,0.0,0.0,0.0,Control,
GSE155850_HS22_Myeloid,0.012755102040816327,0.0,0.0,0.0,0.907312925170068,0.0,0.07993197278911565,0.0,Non-malignant disease,
GSE173303_45B-5GE,0.6875,0.0,0.13636363636363635,0.024147727272727272,0.0,0.0,0.15198863636363635,0.0,Non-malignant disease,
GSE171964_2049_1,0.5045351473922902,0.3321995464852608,0.16326530612244897,0.0,0.0,0.0,0.0,0.0,Non-malignant disease,
GSE216329_P1_T_ADM001_DaHi4_G,0.6348517715112075,0.0,0.25668835864063627,0.10845986984815618,0.0,0.0,0.0,0.0,Cancer_Blood,NSCLC
GSE178991_020218_9,0.6845637583892618,0.0,0.0,0.0738255033557047,0.0,0.0,0.24161073825503357,0.0,Non-malignant disease,
GSE166489_35F-GEX_HCR,0.6679340937896071,0.057034220532319393,0.2661596958174905,0.008871989860583017,0.0,0.0,0.0,0.0,Control,
GSE172225_192567SKN_GEX_HHT,0.0,0.0,0.0,0.0,1.0,0.0,0.0,0.0,Control,
GSE178991_V0,0.08038585209003216,0.0,0.21864951768488747,0.0,0.0,0.0,0.6977491961414791,0.003215434083601286,Non-malignant disease,
GSE164690_HN13_PBL,0.928082191780822,0.0,0.07191780821917808,0.0,0.0,0.0,0.0,0.0,Cancer_Blood,HNSCC
GSE164690_HN04_PBL,0.6864,0.0,0.2864,0.0272,0.0,0.0,0.0,0.0,Cancer_Blood,HNSCC
GSE182208_SC_NS-5,0.029411764705882353,0.0,0.07352941176470588,0.0,0.4264705882352941,0.0,0.22058823529411764,0.25,Non-malignant disease,
GSE130157_14546X1,0.5741935483870968,0.0,0.3870967741935484,0.03870967741935484,0.0,0.0,0.0,0.0,Cancer_Blood,PC
GSE167297_TN1904R2479--CTCCTAGT,0.0,0.0,0.0,0.0,0.48043478260869565,0.008695652173913044,0.5108695652173914,0.0,Cancer_Tumor,GC
GSE132771_F6W,0.0472972972972973,0.0,0.0,0.0,0.015202702702702704,0.24155405405405406,0.5489864864864865,0.14695945945945946,Non-malignant disease,
GSE178991_10-15,0.49404761904761907,0.0,0.08928571428571429,0.0,0.0,0.0,0.4166666666666667,0.0,Non-malignant disease,
GSE130157_14562X5,0.9118942731277533,0.0,0.05066079295154185,0.037444933920704845,0.0,0.0,0.0,0.0,Cancer_Blood,HCC
GSE164690_HN12_PBL,0.7563291139240507,0.0770042194092827,0.16666666666666666,0.0,0.0,0.0,0.0,0.0,Cancer_Blood,HNSCC
GSE171555_40067F-14,0.7838910947249007,0.0,0.19001701644923427,0.026091888825865002,0.0,0.0,0.0,0.0,Non-malignant disease,
GSE161500_22228,0.0718954248366013,0.7581699346405228,0.0,0.0,0.0,0.0,0.16993464052287582,0.0,Non-malignant disease,
GSE153892_Sample_02_healthy,0.31901840490797545,0.0,0.0,0.0,0.07975460122699386,0.147239263803681,0.0,0.4539877300613497,Cancer_AdjNorm,PRC
GSE166992_IVAR85D,0.2958579881656805,0.011834319526627219,0.16370808678500987,0.05325443786982249,0.03550295857988166,0.04142011834319527,0.398422090729783,0.0,Non-malignant disease,
GSE171555_94D44E-00,0.882793867120954,0.0,0.10017035775127768,0.017035775127768313,0.0,0.0,0.0,0.0,Control,
GSE133028_21_CSF_uns_5pGEX,0.8295454545454546,0.0,0.17045454545454544,0.0,0.0,0.0,0.0,0.0,Non-malignant disease,
GSE128066_TC_PBL,0.9154589371980676,0.0,0.07246376811594203,0.012077294685990338,0.0,0.0,0.0,0.0,Control,
GSE145927_Bx39D,0.3235294117647059,0.2647058823529412,0.28431372549019607,0.0392156862745098,0.0392156862745098,0.0,0.0196078431372549,0.029411764705882353,Non-malignant disease,
GSE213282_GEX_NextGEM_B,0.759009009009009,0.0,0.21621621621621623,0.024774774774774775,0.0,0.0,0.0,0.0,Control,
GSE159677_02dat20190620tisCARconDIS,0.10377358490566038,0.0,0.0,0.0,0.33962264150943394,0.29245283018867924,0.19811320754716982,0.0660377358490566,Non-malignant disease,
GSE164690_HN03_PBL,0.967487684729064,0.0,0.03251231527093596,0.0,0.0,0.0,0.0,0.0,Cancer_Blood,HNSCC
GSE142444_bt3-Monocytes_7,0.9982794113128706,0.0017205886871293821,0.0,0.0,0.0,0.0,0.0,0.0,Non-malignant disease,
GSE164690_HN17_PBL,0.6185383244206774,0.07754010695187166,0.2798573975044563,0.02406417112299465,0.0,0.0,0.0,0.0,Cancer_Blood,HNSCC
GSE168522_28_20171027,0.6741573033707865,0.0,0.31380417335473515,0.012038523274478331,0.0,0.0,0.0,0.0,Non-malignant disease,
GSE182244_GPP1_2,0.6845637583892618,0.05536912751677853,0.22651006711409397,0.03355704697986577,0.0,0.0,0.0,0.0,Non-malignant disease,
GSE117824_MF03_GSa,0.7061224489795919,0.12653061224489795,0.07755102040816327,0.08979591836734693,0.0,0.0,0.0,0.0,Non-malignant disease,
GSE171555_0993F8-00,0.4808362369337979,0.4843205574912892,0.0,0.03484320557491289,0.0,0.0,0.0,0.0,Non-malignant disease,
GSE175817_D318,0.08,0.04,0.0,0.0,0.82,0.0,0.06,0.0,Non-malignant disease,
GSE164690_HN02_PBL,0.7449664429530202,0.09395973154362416,0.1342281879194631,0.026845637583892617,0.0,0.0,0.0,0.0,Cancer_Blood,HNSCC
GSE178481_ID_BM9-P-N,0.24493731918997108,0.0,0.25265188042430087,0.0,0.16297010607521698,0.28833172613307617,0.05110896817743491,0.0,Cancer_AdjNorm,RCC
GSE145370_S149B5,0.552,0.032,0.108,0.0,0.124,0.144,0.02,0.02,Cancer_AdjNorm,ESCA
GSE216329_P24_T_ADM001_MorD3_6_G,0.5786350148367952,0.0,0.39317507418397624,0.028189910979228485,0.0,0.0,0.0,0.0,Cancer_Blood,PRC
GSE142444_bt3-Monocytes_9,0.6424634099980993,0.12849268199961986,0.22334157004371794,0.005702337958563011,0.0,0.0,0.0,0.0,Non-malignant disease,
GSE171964_2049_42,0.5211267605633803,0.051056338028169015,0.33274647887323944,0.09507042253521127,0.0,0.0,0.0,0.0,Non-malignant disease,
GSE171555_2AD75E-00,0.551948051948052,0.3939393939393939,0.05411255411255411,0.0,0.0,0.0,0.0,0.0,Non-malignant disease,
GSE167029_C30,0.8693181818181818,0.05113636363636364,0.04788961038961039,0.03165584415584415,0.0,0.0,0.0,0.0,Control,
GSE136103_cirrhotic3_cd45plus_3,0.8195488721804511,0.0,0.03759398496240601,0.12781954887218044,0.015037593984962405,0.0,0.0,0.0,Non-malignant disease,
GSE152981_KC_PBMC_20181119,0.8244378217285289,0.021403413709021945,0.14765646166350582,0.006502302898943376,0.0,0.0,0.0,0.0,Control,
GSE169471_SC161,0.0,0.0,0.38580246913580246,0.0,0.015432098765432098,0.4691358024691358,0.12962962962962962,0.0,Non-malignant disease,
GSE173303_76B-5GE,0.8648648648648649,0.0,0.11936936936936937,0.0,0.0,0.0,0.015765765765765764,0.0,Non-malignant disease,
GSE166489_Y29-2-5P_HHT,0.1838340486409156,0.0,0.05436337625178827,0.015736766809728183,0.0,0.0,0.746065808297568,0.0,Control,
GSE178481_RCC-PR9-N,0.0,0.0,0.6791979949874687,0.0,0.16290726817042606,0.11528822055137844,0.042606516290726815,0.0,Cancer_AdjNorm,RCC
GSE136103_cirrhotic2_cd45plus_1,0.4835164835164835,0.2857142857142857,0.16483516483516483,0.02197802197802198,0.0,0.0,0.04395604395604396,0.0,Non-malignant disease,
GSE171964_2053_2,0.2792564427545416,0.34262779890156314,0.36248415716096327,0.01563160118293198,0.0,0.0,0.0,0.0,Non-malignant disease,
GSE216329_P20_TN_ADM001_MorD3_2_G,0.554635761589404,0.0,0.43211920529801323,0.013245033112582781,0.0,0.0,0.0,0.0,Cancer_Blood,NSCLC
GSE171555_40067F-00,0.7639109697933227,0.14149443561208266,0.08505564387917329,0.009538950715421303,0.0,0.0,0.0,0.0,Non-malignant disease,
GSE130157_15435X6,0.7620578778135049,0.0,0.1864951768488746,0.05144694533762058,0.0,0.0,0.0,0.0,Cancer_Blood,CRC
GSE132509_PBMMC_3,0.9362637362637363,0.0,0.05714285714285714,0.006593406593406593,0.0,0.0,0.0,0.0,Control,
GSE157591_Healthy_2,0.9523809523809523,0.0,0.0,0.0,0.0,0.0,0.047619047619047616,0.0,Control,
GSE166489_32M-GEX_HCR,0.8330170777988615,0.018026565464895637,0.1204933586337761,0.028462998102466792,0.0,0.0,0.0,0.0,Control,
GSE168163_ACDPYUANXX_Tcell_10_bt1,0.7169811320754716,0.026415094339622643,0.13584905660377358,0.12075471698113208,0.0,0.0,0.0,0.0,Non-malignant disease,
GSE136103_cirrhotic3_cd45-_4,0.6590909090909091,0.0,0.07670454545454546,0.20738636363636365,0.028409090909090908,0.0,0.028409090909090908,0.0,Non-malignant disease,
GSE216329_P19_T_ADM001_MorD3_1_G,0.5349544072948328,0.0,0.46504559270516715,0.0,0.0,0.0,0.0,0.0,Cancer_Blood,HNSCC
GSE168163_ACDPYUANXX_Tcell_3_bt1,0.8978494623655914,0.021505376344086023,0.08064516129032258,0.0,0.0,0.0,0.0,0.0,Control,
GSE162806_MM3016_72h,0.9012345679012346,0.0,0.044444444444444446,0.05432098765432099,0.0,0.0,0.0,0.0,Non-malignant disease,
GSE136103_healthy1_cd45plus_2,0.6923076923076923,0.0,0.02702702702702703,0.0,0.016632016632016633,0.10810810810810811,0.15176715176715178,0.004158004158004158,Control,
GSE129845_179,0.8914728682170543,0.0,0.04263565891472868,0.06589147286821706,0.0,0.0,0.0,0.0,Non-malignant disease,
GSE178991_11-13,0.16326530612244897,0.0,0.10884353741496598,0.0,0.0,0.0,0.7278911564625851,0.0,Non-malignant disease,
GSE176417_Sc_skin1,0.12643678160919541,0.0,0.1839080459770115,0.0,0.4367816091954023,0.13793103448275862,0.0,0.11494252873563218,Control,
GSE171555_7085CA-07,0.8879310344827587,0.0,0.0980603448275862,0.014008620689655173,0.0,0.0,0.0,0.0,Non-malignant disease,
GSE168163_BCDR30ANXX_Tcell_3_bt1,0.8923076923076924,0.0,0.06666666666666667,0.041025641025641026,0.0,0.0,0.0,0.0,Control,
GSE162806_MM3016_Ctrl,0.8706786171574904,0.014084507042253521,0.11523687580025609,0.0,0.0,0.0,0.0,0.0,Control,
GSE130157_15424X6,0.7989130434782609,0.0,0.16666666666666666,0.034420289855072464,0.0,0.0,0.0,0.0,Cancer_Blood,CRC
GSE132771_N1W,0.09523809523809523,0.0,0.0,0.0,0.0,0.9047619047619048,0.0,0.0,Control,
GSE168933_HEALTHY1_LIB037231,0.625,0.0,0.18125,0.04375,0.13125,0.01875,0.0,0.0,Control,
GSE142444_bt3-Monocytes_8,0.7984293193717278,0.10383944153577661,0.09773123909249563,0.0,0.0,0.0,0.0,0.0,Non-malignant disease,
GSE178991_sample_I_1_5primeGEX,0.33613445378151263,0.0,0.07563025210084033,0.0,0.0,0.0,0.5882352941176471,0.0,Non-malignant disease,
GSE171555_936128-00,0.9035631293570875,0.03292021688613478,0.0,0.05073586367157242,0.0,0.0,0.012780790085205267,0.0,Non-malignant disease,
GSE130157_14554X4,0.5734513274336284,0.0,0.368141592920354,0.0584070796460177,0.0,0.0,0.0,0.0,Cancer_Blood,CRC
GSE182381_KC42_1_placenta,0.06666666666666667,0.006060606060606061,0.0,0.0,0.12727272727272726,0.08181818181818182,0.696969696969697,0.021212121212121213,Control,
GSE132509_PBMMC_2,0.8755555555555555,0.12444444444444444,0.0,0.0,0.0,0.0,0.0,0.0,Control,
GSE167029_P12,0.051490514905149054,0.7371273712737128,0.0,0.0,0.02710027100271003,0.0,0.1842818428184282,0.0,Non-malignant disease,
GSE171964_2053_42,0.6059225512528473,0.024297646165527716,0.34092634776006076,0.02885345482156416,0.0,0.0,0.0,0.0,Non-malignant disease,
GSE176417_Sc_W1,0.07335907335907337,0.0,0.0,0.0,0.4942084942084942,0.04247104247104247,0.1274131274131274,0.2625482625482625,Non-malignant disease,
GSE130157_15424X8,0.8819188191881919,0.0,0.1014760147601476,0.016605166051660517,0.0,0.0,0.0,0.0,Cancer_Blood,ESCA
GSE171555_7085CA-14,0.838937093275488,0.0,0.14859002169197397,0.012472885032537961,0.0,0.0,0.0,0.0,Non-malignant disease,
GSE164690_HN09_PBL,0.7545605306799337,0.0,0.21724709784411278,0.028192371475953566,0.0,0.0,0.0,0.0,Cancer_Blood,HNSCC
GSE178481_RCC-PR2-T,0.025896414342629483,0.0,0.5059760956175299,0.0,0.2450199203187251,0.22310756972111553,0.0,0.0,Cancer_Tumor,RCC
GSE136353_KS1,0.4155495978552279,0.00804289544235925,0.21715817694369974,0.0,0.3190348525469169,0.0,0.00804289544235925,0.032171581769437,Non-malignant disease,
GSE142444_bt1-Monocytes_6,0.8982523696682464,0.0,0.08397511848341233,0.017772511848341232,0.0,0.0,0.0,0.0,Control,
GSE133028_28_PB_uns_5pGEX,0.770293609671848,0.018998272884283247,0.17962003454231434,0.031088082901554404,0.0,0.0,0.0,0.0,Non-malignant disease,
GSE168163_ACDPYUANXX_Tcell_12_bt1,0.9178571428571428,0.017857142857142856,0.05,0.014285714285714285,0.0,0.0,0.0,0.0,Non-malignant disease,
GSE171555_0B943B-00,0.5702410640066501,0.4247714048212801,0.004987531172069825,0.0,0.0,0.0,0.0,0.0,Non-malignant disease,
GSE160517_S02,0.9385964912280702,0.0,0.06140350877192982,0.0,0.0,0.0,0.0,0.0,Control,
GSE178991_020218_5,0.04231311706629055,0.0,0.023977433004231313,0.0,0.0,0.021156558533145273,0.9125528913963329,0.0,Non-malignant disease,
GSE168522_17_20171027,0.8890401633764465,0.0,0.11095983662355344,0.0,0.0,0.0,0.0,0.0,Control,
GSE142444_bt1-Monocytes_2,0.9093137254901961,0.0,0.08427601809954752,0.00641025641025641,0.0,0.0,0.0,0.0,Control,
GSE181919_P15,0.13580246913580246,0.0,0.0,0.0,0.4691358024691358,0.0,0.35802469135802467,0.037037037037037035,Cancer_Tumor,Leukoplakia
GSE132338_p1035857-4,0.9391304347826087,0.0,0.0,0.06086956521739131,0.0,0.0,0.0,0.0,Non-malignant disease,
GSE178481_RCC-PR9-T2,0.0,0.0,0.32558139534883723,0.0,0.5548172757475083,0.10299003322259136,0.016611295681063124,0.0,Cancer_Tumor,RCC
GSE136103_healthy1_cd45-A_1,0.7719298245614035,0.0,0.0,0.0,0.0,0.11403508771929824,0.11403508771929824,0.0,Control,
GSE168163_BCDR30ANXX_Tcell_15_bt1,0.8210075026795284,0.03429796355841372,0.08467309753483387,0.06002143622722401,0.0,0.0,0.0,0.0,Non-malignant disease,
GSE168522_27_20171027,0.9236011477761836,0.0,0.06922525107604018,0.007173601147776184,0.0,0.0,0.0,0.0,Non-malignant disease,
GSE216329_P22_TN_ADM001_MorD3_4_G,0.44891640866873067,0.0,0.544891640866873,0.006191950464396285,0.0,0.0,0.0,0.0,Cancer_Blood,NSCLC
GSE162806_MM3016_4h,0.9539438856537851,0.0,0.04605611434621493,0.0,0.0,0.0,0.0,0.0,Non-malignant disease,
GSE171555_77DA77-00,0.9626844084466301,0.0,0.03731559155336998,0.0,0.0,0.0,0.0,0.0,Control,
GSE179346_RD2,0.9821428571428571,0.0,0.017857142857142856,0.0,0.0,0.0,0.0,0.0,Non-malignant disease,
GSE202374_RS-03378691_P14_RS-03377710,0.5,0.01984126984126984,0.3055555555555556,0.12698412698412698,0.011904761904761904,0.03571428571428571,0.0,0.0,Cancer_Tumor,RCC
GSE162806_MM3009_72h,0.9719101123595506,0.0,0.028089887640449437,0.0,0.0,0.0,0.0,0.0,Non-malignant disease,
GSE146974_MH001,0.8850841555426582,0.022634939059779455,0.056877539175856064,0.035403366221706326,0.0,0.0,0.0,0.0,Control,
GSE168522_23_20171027,0.7932489451476793,0.0,0.1940928270042194,0.012658227848101266,0.0,0.0,0.0,0.0,Non-malignant disease,
GSE184111_U5,0.5994236311239193,0.0,0.020172910662824207,0.0,0.05763688760806916,0.2219020172910663,0.10086455331412104,0.0,Control,
GSE164690_HN15_PBL,0.7225433526011561,0.0,0.19653179190751446,0.028901734104046242,0.0,0.0,0.05202312138728324,0.0,Cancer_Blood,HNSCC
GSE171555_7768E4-02,0.7004524886877828,0.06063348416289593,0.18733031674208145,0.051583710407239816,0.0,0.0,0.0,0.0,Control,
GSE162806_MM3012_24h,0.7014285714285714,0.18571428571428572,0.11285714285714285,0.0,0.0,0.0,0.0,0.0,Non-malignant disease,
GSE165045_BL8,0.32,0.08,0.28,0.0,0.0,0.0,0.0,0.32,Control,
GSE167029_P13,0.032766990291262135,0.0,0.1953883495145631,0.04247572815533981,0.0,0.0,0.7293689320388349,0.0,Non-malignant disease,
GSE132338_p1035816-2,0.9139344262295082,0.02459016393442623,0.06147540983606557,0.0,0.0,0.0,0.0,0.0,Non-malignant disease,
GSE182381_KC40_1_placenta,0.05432595573440644,0.0,0.05835010060362173,0.0,0.43259557344064387,0.11267605633802817,0.3420523138832998,0.0,Control,
GSE159913_Kidney_Tumor_Myl,0.011420943340255117,0.0,0.0,0.0,0.2545238801542569,0.1729457134381489,0.008751112429546128,0.5523583506377929,Cancer_Tumor,RCC
GSE162806_MM3020_Ctrl,0.7322834645669292,0.0,0.22440944881889763,0.04330708661417323,0.0,0.0,0.0,0.0,Control,
GSE168163_BCDR30ANXX_Tcell_9_bt1,0.8808290155440415,0.0,0.11917098445595854,0.0,0.0,0.0,0.0,0.0,Non-malignant disease,
GSE132338_p1035871-4,0.8526570048309179,0.0,0.1473429951690821,0.0,0.0,0.0,0.0,0.0,Control,
GSE168933_NASH1_LIB037227,0.7389558232931727,0.0,0.20883534136546184,0.05220883534136546,0.0,0.0,0.0,0.0,Non-malignant disease,
GSE185477_C70_Caudate_3pr_v2,0.7457627118644068,0.01694915254237288,0.0847457627118644,0.0,0.0,0.15254237288135594,0.0,0.0,Control,
GSE166992_IVAR2_5D_CKDL200155936-1a-SI_GA_B2_H5NG5DSXY,0.8898180029513035,0.0,0.08853910477127398,0.02164289227742253,0.0,0.0,0.0,0.0,Control,
GSE164690_HN15_CD45p,0.5592417061611374,0.0,0.061611374407582936,0.0,0.2938388625592417,0.07109004739336493,0.014218009478672985,0.0,Cancer_Tumor,HNSCC
GSE129845_128,0.0,0.0,0.0,0.0,0.946236559139785,0.03225806451612903,0.021505376344086023,0.0,Non-malignant disease,
GSE150877_Yonatan_PTM,0.9074074074074074,0.021494708994708994,0.0710978835978836,0.0,0.0,0.0,0.0,0.0,Control,
GSE130157_15424X2,0.759493670886076,0.03164556962025317,0.2088607594936709,0.0,0.0,0.0,0.0,0.0,Cancer_Blood,HCC
GSE171555_460F8D-00,0.9541603302194221,0.0,0.021724961981316532,0.0,0.0,0.0,0.02411470779926135,0.0,Non-malignant disease,
GSE173303_63B-5GE,0.46958637469586373,0.49391727493917276,0.0364963503649635,0.0,0.0,0.0,0.0,0.0,Non-malignant disease,
GSE166992_IVAR3_5D_CKDL200155937-1a-SI_GA_C2_H5NG5DSXY,0.6642453591606134,0.05488297013720742,0.24051654560129138,0.04035512510088781,0.0,0.0,0.0,0.0,Non-malignant disease,
GSE168933_HEALTHY2_LIB037238,0.8088235294117647,0.11764705882352941,0.07352941176470588,0.0,0.0,0.0,0.0,0.0,Control,
GSE136035_78trans,0.640625,0.0,0.359375,0.0,0.0,0.0,0.0,0.0,Control,
GSE216329_P17_T_ADM001_MorD2_5_G,0.2727272727272727,0.0,0.7272727272727273,0.0,0.0,0.0,0.0,0.0,Cancer_Blood,NSCLC
GSE136103_healthy4_cd45-_4,0.22846441947565543,0.03745318352059925,0.27715355805243447,0.33707865168539325,0.08239700374531835,0.0,0.00749063670411985,0.0299625468164794,Control,
GSE157591_Patient_2,0.9230769230769231,0.07692307692307693,0.0,0.0,0.0,0.0,0.0,0.0,Non-malignant disease,
GSE171555_450905-07,0.8636363636363636,0.0,0.08434343434343435,0.05202020202020202,0.0,0.0,0.0,0.0,Non-malignant disease,
GSE132338_p1035835-3,0.9041095890410958,0.0,0.0958904109589041,0.0,0.0,0.0,0.0,0.0,Non-malignant disease,
GSE178481_RCC-PR4-T,0.0,0.0,0.16105769230769232,0.0,0.12980769230769232,0.14182692307692307,0.0,0.5673076923076923,Cancer_Tumor,RCC
GSE162806_MM3015_Ctrl,0.9123661148977604,0.008763388510223954,0.062317429406037,0.016553067185978577,0.0,0.0,0.0,0.0,Control,
GSE166489_Y28-4-5P_HHT,0.07628524046434494,0.0,0.18076285240464346,0.0,0.0,0.0,0.7429519071310116,0.0,Control,
GSE171381_CNTRL_3__decidua__HCR,0.029411764705882353,0.0,0.07352941176470588,0.0,0.1323529411764706,0.17647058823529413,0.5882352941176471,0.0,Control,
GSE164015_ACE-044-AC-Epi,0.8701298701298701,0.0,0.0,0.012987012987012988,0.06493506493506493,0.0,0.025974025974025976,0.025974025974025976,Non-malignant disease,
GSE130157_14562X6,0.8449848024316109,0.0,0.0972644376899696,0.057750759878419454,0.0,0.0,0.0,0.0,Cancer_Blood,HCC
GSE145370_R3A5,0.19428571428571428,0.0,0.0,0.0,0.12571428571428572,0.06285714285714286,0.05142857142857143,0.5657142857142857,Cancer_Tumor,ESCA
GSE144870_TTA15,0.9545454545454546,0.045454545454545456,0.0,0.0,0.0,0.0,0.0,0.0,Control,
GSE139249_CY129-2-Blood,0.8424135910954892,0.03046280023432923,0.10720562390158173,0.01991798476859988,0.0,0.0,0.0,0.0,Cancer_Blood,MEL
GSE175386_scRNAseq_4,0.5454545454545454,0.0,0.45454545454545453,0.0,0.0,0.0,0.0,0.0,Control,
GSE168933_Healthy1_POOL_20190214_healthy_1,0.6186046511627907,0.0,0.26046511627906976,0.12093023255813953,0.0,0.0,0.0,0.0,Control,
GSE155673_cov_scrna_08,0.7698630136986301,0.0,0.21643835616438356,0.0136986301369863,0.0,0.0,0.0,0.0,Control,
GSE179886_FLV,0.865296803652968,0.0,0.13470319634703196,0.0,0.0,0.0,0.0,0.0,Non-malignant disease,
GSE133028_10_PB_uns_5pGEX,0.8301435406698564,0.0,0.13995215311004786,0.029904306220095694,0.0,0.0,0.0,0.0,Non-malignant disease,
GSE159677_01dat20190515tisCARconHEL,0.32857142857142857,0.0,0.0,0.0,0.38571428571428573,0.2714285714285714,0.014285714285714285,0.0,Non-malignant disease,
GSE171555_B85D75-07,0.8714488636363636,0.0,0.09375,0.03480113636363636,0.0,0.0,0.0,0.0,Non-malignant disease,
GSE171555_52BA23-00,0.8480769230769231,0.0,0.13653846153846153,0.015384615384615385,0.0,0.0,0.0,0.0,Control,
GSE168163_BCDR30ANXX_Tcell_10_bt1,0.7547169811320755,0.04905660377358491,0.09433962264150944,0.1018867924528302,0.0,0.0,0.0,0.0,Non-malignant disease,
GSE142444_bt1-Monocytes_8,0.7784926470588235,0.13143382352941177,0.08363970588235294,0.006433823529411764,0.0,0.0,0.0,0.0,Non-malignant disease,
GSE171703_R125_RNA,0.40336134453781514,0.06722689075630252,0.5210084033613446,0.008403361344537815,0.0,0.0,0.0,0.0,Non-malignant disease,
GSE167029_P43,0.1731669266770671,0.0,0.07644305772230889,0.0,0.0,0.0,0.750390015600624,0.0,Non-malignant disease,
GSE202374_RS-03378686_C23_RS-03377705,0.5006657789613849,0.0,0.35019973368841545,0.14913448735019974,0.0,0.0,0.0,0.0,Cancer_Tumor,RCC
GSE162616_xgl20181010,0.04807692307692308,0.019230769230769232,0.7211538461538461,0.0,0.21153846153846154,0.0,0.0,0.0,Control,
GSE178991_sample_II_2_5primeGEX,0.0660377358490566,0.0,0.07547169811320754,0.0,0.0,0.009433962264150943,0.8490566037735849,0.0,Non-malignant disease,
GSE136103_healthy4_cd45-_1,0.2962962962962963,0.0823045267489712,0.24691358024691357,0.35390946502057613,0.0,0.0,0.0,0.0205761316872428,Control,
GSE183852_TWCM-H3,0.06228373702422145,0.0,0.02422145328719723,0.0,0.5536332179930796,0.29411764705882354,0.05536332179930796,0.010380622837370242,Non-malignant disease,
GSE136103_healthy4_cd45plus_2,0.6802721088435374,0.06802721088435375,0.12244897959183673,0.06802721088435375,0.0,0.0,0.02040816326530612,0.04081632653061224,Control,
GSE153834_COHP_34150_1_UN_Whole_C1_XCSCR_L27414_HVGW2DSXX_CAAGCTCC,0.0425531914893617,0.0,0.0,0.0,0.0,0.0,0.02127659574468085,0.9361702127659575,Control,
GSE213282_GEX_NextGEM_D,0.7352941176470589,0.0,0.2420814479638009,0.02262443438914027,0.0,0.0,0.0,0.0,Control,
GSE158723_NGS18-G346-UCL-NP2-6000cells,1.0,0.0,0.0,0.0,0.0,0.0,0.0,0.0,Control,
GSE161329_8donor_PBMC_AH,0.6015779092702169,0.029585798816568046,0.13214990138067062,0.0,0.0,0.0,0.23668639053254437,0.0,Control,
GSE168859_AHMWWJBBXX_LGL_15_bt1,0.6739130434782609,0.03260869565217391,0.0,0.11956521739130435,0.0,0.021739130434782608,0.15217391304347827,0.0,Control,
GSE142444_bt2-Monocytes_1,0.7995525727069351,0.0,0.15704697986577182,0.043400447427293064,0.0,0.0,0.0,0.0,Control,
GSE155673_cov_scrna_01,0.6059602649006622,0.0,0.28807947019867547,0.03642384105960265,0.0,0.0,0.0695364238410596,0.0,Non-malignant disease,
GSE142444_bt3-Monocytes_3,0.9307304785894207,0.03047858942065491,0.038790931989924435,0.0,0.0,0.0,0.0,0.0,Control,
GSE167029_C24,0.8256048387096774,0.047379032258064516,0.08568548387096774,0.04133064516129032,0.0,0.0,0.0,0.0,Control,
GSE181919_N21,0.2909090909090909,0.0,0.05454545454545454,0.0,0.4909090909090909,0.16363636363636364,0.0,0.0,Cancer_AdjNorm,HNSCC
GSE162122_Myometrium-55_12640_GEXL,0.09615384615384616,0.0,0.07692307692307693,0.0,0.0,0.11538461538461539,0.09615384615384616,0.6153846153846154,Control,
GSE162806_MM3008_4h,0.7413793103448276,0.0,0.0603448275862069,0.0,0.0,0.07327586206896551,0.125,0.0,Non-malignant disease,
GSE145927_Bx39C,0.3253012048192771,0.25301204819277107,0.2891566265060241,0.13253012048192772,0.0,0.0,0.0,0.0,Non-malignant disease,
GSE171964_2053_7,0.38074398249452956,0.0,0.5915390226112327,0.027716994894237783,0.0,0.0,0.0,0.0,Non-malignant disease,
GSE155673_cov_scrna_02,0.0,1.0,0.0,0.0,0.0,0.0,0.0,0.0,Non-malignant disease,
GSE168163_BCDR30ANXX_Tcell_12_bt1,0.8932384341637011,0.0,0.08896797153024912,0.0071174377224199285,0.0,0.010676156583629894,0.0,0.0,Non-malignant disease,
GSE164690_HN03_CD45p,0.3843283582089552,0.1417910447761194,0.022388059701492536,0.0,0.2798507462686567,0.048507462686567165,0.11194029850746269,0.011194029850746268,Cancer_Tumor,HNSCC
GSE178481_RCC-PR4-N,0.009345794392523364,0.0,0.2897196261682243,0.0,0.2616822429906542,0.29906542056074764,0.14018691588785046,0.0,Cancer_AdjNorm,RCC
GSE178991_sample_III_1_5primeGEX,0.15463917525773196,0.0,0.07216494845360824,0.0,0.0,0.0,0.7731958762886598,0.0,Non-malignant disease,
GSE130157_14562X4,0.9111922141119222,0.0,0.08880778588807786,0.0,0.0,0.0,0.0,0.0,Cancer_Blood,HCC
GSE213282_GEX_NextGEM_A,0.7380410022779044,0.0,0.23690205011389523,0.025056947608200455,0.0,0.0,0.0,0.0,Control,
GSE166489_Y124-1_re-5P_HHT,0.21076923076923076,0.0,0.33384615384615385,0.0,0.0,0.06384615384615384,0.39153846153846156,0.0,Non-malignant disease,
GSE171555_BAAF62-14,0.8635612817971589,0.0,0.10274198876775685,0.03369672943508424,0.0,0.0,0.0,0.0,Non-malignant disease,
GSE200173_Gene_express_2-1,0.1343612334801762,0.0,0.0,0.0,0.8237885462555066,0.028634361233480177,0.013215859030837005,0.0,Control,
GSE155673_cov_scrna_04,0.1902654867256637,0.0,0.8097345132743363,0.0,0.0,0.0,0.0,0.0,Non-malignant disease,
GSE168933_NASH1_LIB037225,0.592741935483871,0.3225806451612903,0.06854838709677419,0.016129032258064516,0.0,0.0,0.0,0.0,Non-malignant disease,
GSE202374_RS-03378685_C1_RS-03377704,0.2824207492795389,0.0,0.6685878962536023,0.04899135446685879,0.0,0.0,0.0,0.0,Cancer_Tumor,RCC
GSE166489_NC-13F-5P_HHT,0.9420035149384886,0.0,0.05799648506151142,0.0,0.0,0.0,0.0,0.0,Control,
GSE155468_10x_RPP_TAA_4,0.0,0.0,0.0,0.0,1.0,0.0,0.0,0.0,Non-malignant disease,
GSE171555_0B943B-03,0.9166666666666666,0.0,0.0627062706270627,0.020627062706270627,0.0,0.0,0.0,0.0,Non-malignant disease,
GSE174748_healthy2,1.0,0.0,0.0,0.0,0.0,0.0,0.0,0.0,Control,
GSE130157_15424X5,0.7777777777777778,0.0035842293906810036,0.1039426523297491,0.11469534050179211,0.0,0.0,0.0,0.0,Cancer_Blood,CRC
GSE176417_Sc_W3,0.5089820359281437,0.08383233532934131,0.0,0.0,0.0,0.0,0.09580838323353294,0.31137724550898205,Non-malignant disease,
GSE175386_scRNAseq_9,0.5388127853881278,0.0,0.4429223744292237,0.0,0.0182648401826484,0.0,0.0,0.0,Control,
GSE155850_HSEx17Myeloid,0.04672897196261682,0.0,0.0,0.0,0.7917222963951935,0.0,0.09746328437917223,0.06408544726301736,Non-malignant disease,
GSE164690_HN01_CD45p,0.11538461538461539,0.07692307692307693,0.0,0.0,0.46153846153846156,0.038461538461538464,0.3076923076923077,0.0,Cancer_Tumor,HNSCC
GSE167272_4_Ki0100022_CMVneg_3p,0.0,0.0,1.0,0.0,0.0,0.0,0.0,0.0,Control,
GSE182244_HD3,0.8836363636363637,0.0,0.07090909090909091,0.045454545454545456,0.0,0.0,0.0,0.0,Control,
GSE136035_Mountz_182_AllB,0.0958904109589041,0.7671232876712328,0.136986301369863,0.0,0.0,0.0,0.0,0.0,Non-malignant disease,
GSE167029_C27_bis,0.8141993957703928,0.0,0.16993957703927492,0.015861027190332326,0.0,0.0,0.0,0.0,Control,
GSE162122_Myometrium-55_11564_GEXL,0.3484848484848485,0.0,0.5151515151515151,0.09090909090909091,0.030303030303030304,0.015151515151515152,0.0,0.0,Control,
GSE181919_C6,0.0,0.0,0.0,0.0,0.8,0.05641025641025641,0.14358974358974358,0.0,Cancer_Tumor,HNSCC
GSE166489_Y117_re-5P_HHT,0.7648942985265855,0.012812299807815503,0.1934657270980141,0.026905829596412557,0.0,0.0,0.0019218449711723255,0.0,Non-malignant disease,
GSE136103_healthy4_cd45plus_3,0.6644295302013423,0.053691275167785234,0.12080536912751678,0.11409395973154363,0.04697986577181208,0.0,0.0,0.0,Control,
GSE156776_A04,0.048,0.0,0.0,0.0,0.688,0.0,0.0,0.264,Non-malignant disease,
GSE181919_C26,0.0,0.038869257950530034,0.0,0.0,0.7455830388692579,0.01060070671378092,0.1519434628975265,0.053003533568904596,Cancer_Tumor,HNSCC
GSE174401_fq9_MB-16,0.518796992481203,0.03759398496240601,0.0,0.0,0.0,0.21804511278195488,0.22556390977443608,0.0,Cancer_Metastasis,MEL
GSE136103_healthy2_cd45-_2,0.6666666666666666,0.008130081300813009,0.23577235772357724,0.056910569105691054,0.016260162601626018,0.016260162601626018,0.0,0.0,Control,
GSE155673_cov_scrna_18,0.6479679450486548,0.014882655981682884,0.3371493989696623,0.0,0.0,0.0,0.0,0.0,Control,
GSE178481_RCC-PR3-T2,0.016406890894175553,0.0,0.42083675143560295,0.0,0.3896636587366694,0.16735028712059064,0.005742411812961444,0.0,Cancer_Tumor,RCC
GSE171555_7768E4-14,0.7878787878787878,0.0,0.16614420062695925,0.04597701149425287,0.0,0.0,0.0,0.0,Control,
GSE142444_bt3-Monocytes_2,0.900605831124574,0.0,0.08803483528966301,0.011359333585762969,0.0,0.0,0.0,0.0,Control,
GSE164241_PD164,0.3333333333333333,0.0,0.0,0.0,0.47619047619047616,0.09523809523809523,0.09523809523809523,0.0,Non-malignant disease,
GSE166489_111-GEX_HCR,0.48031496062992124,0.0,0.029921259842519685,0.0,0.0,0.4818897637795276,0.0,0.007874015748031496,Non-malignant disease,
GSE167029_C32,0.4544334975369458,0.35591133004926107,0.14285714285714285,0.046798029556650245,0.0,0.0,0.0,0.0,Control,
GSE167118_Bac17L_CD3neg_GEX,0.3389830508474576,0.0,0.0,0.0,0.0,0.0,0.6610169491525424,0.0,Non-malignant disease,
GSE143704_Sample_87380_HH3NGBGX9_hu_120518,0.1794871794871795,0.0,0.11538461538461539,0.0,0.0,0.7051282051282052,0.0,0.0,Control,
GSE174401_CSF-K,0.0,1.0,0.0,0.0,0.0,0.0,0.0,0.0,Cancer_Metastasis,MEL
GSE148020_Liu,0.8614375745188213,0.0315959802418668,0.09563958439788792,0.011326860841423949,0.0,0.0,0.0,0.0,Non-malignant disease,
GSE162806_MM3038_72h,0.9822784810126582,0.0,0.0,0.017721518987341773,0.0,0.0,0.0,0.0,Non-malignant disease,
GSE157591_Patient_5,0.9348659003831418,0.0,0.06513409961685823,0.0,0.0,0.0,0.0,0.0,Non-malignant disease,
GSE141578_CSF7,0.9824561403508771,0.017543859649122806,0.0,0.0,0.0,0.0,0.0,0.0,Non-malignant disease,
GSE153534_g131_mfs_root,0.7549019607843137,0.0,0.0,0.0,0.058823529411764705,0.18627450980392157,0.0,0.0,Non-malignant disease,
GSE162806_MM3001_72h,0.9637096774193549,0.0,0.036290322580645164,0.0,0.0,0.0,0.0,0.0,Non-malignant disease,
GSE166489_Y70-4-5P_HHT,0.0,0.0,0.0,0.0,0.8179886685552408,0.0,0.1820113314447592,0.0,Control,
GSE179159_Fresh_1667,0.6534653465346535,0.0,0.12376237623762376,0.026402640264026403,0.0231023102310231,0.041254125412541254,0.08250825082508251,0.04950495049504951,Non-malignant disease,
GSE165045_BL5,0.0,0.0,0.0,0.0,0.4941860465116279,0.20930232558139536,0.25,0.046511627906976744,Non-malignant disease,
GSE159117_RA-CW,0.029233870967741934,0.7338709677419355,0.2368951612903226,0.0,0.0,0.0,0.0,0.0,Non-malignant disease,
GSE138867_scRNA_V039_F093,0.9225053078556263,0.0,0.04670912951167728,0.0074309978768577496,0.008492569002123142,0.0,0.0,0.014861995753715499,Control,
GSE165045_BL3,0.0,0.0,0.0,0.0,0.4380952380952381,0.2,0.23333333333333334,0.12857142857142856,Non-malignant disease,
GSE167297_TN1904R2479--GATGCCAA,0.009592326139088728,0.0,0.0,0.0,0.4628297362110312,0.0,0.5275779376498801,0.0,Cancer_Tumor,GC
GSE171555_BAAF62-00,0.8836432999523128,0.0,0.07439198855507868,0.04196471149260849,0.0,0.0,0.0,0.0,Non-malignant disease,
GSE168933_Healthy2_POOL_20190312_healthy_2,0.5121951219512195,0.0,0.3170731707317073,0.06504065040650407,0.0,0.10569105691056911,0.0,0.0,Control,
GSE130157_14546X4,0.48717948717948717,0.0,0.45787545787545786,0.054945054945054944,0.0,0.0,0.0,0.0,Cancer_Blood,PC
GSE136103_healthy2_cd45plus_1,0.7681159420289855,0.0,0.19927536231884058,0.014492753623188406,0.018115942028985508,0.0,0.0,0.0,Control,
GSE178481_RCC-PR5-N,0.0,0.0,0.0,0.0,0.04857142857142857,0.16285714285714287,0.0,0.7885714285714286,Cancer_AdjNorm,RCC
GSE158723_NGS18-G345-UCL-P40-6000cells,0.9433962264150944,0.0,0.0,0.0,0.0,0.05660377358490566,0.0,0.0,Control,
GSE143704_Sample_103477_HVGL3BGXB_hu_061419,0.04285714285714286,0.0,0.08571428571428572,0.0,0.014285714285714285,0.5285714285714286,0.21428571428571427,0.11428571428571428,Control,
GSE130157_15424X7,0.800314465408805,0.0110062893081761,0.18553459119496854,0.0031446540880503146,0.0,0.0,0.0,0.0,Cancer_Blood,ESCA
GSE216329_P23_TN_ADM001_MorD3_5_G,0.5684357541899442,0.0,0.3994413407821229,0.027932960893854747,0.0,0.0,0.004189944134078212,0.0,Cancer_Blood,PRC
GSE138867_scRNA_V044_F037,0.8453865336658354,0.0,0.1546134663341646,0.0,0.0,0.0,0.0,0.0,Control,
GSE133028_2_PB_uns_5pGEX,0.7833333333333333,0.0,0.1595238095238095,0.05714285714285714,0.0,0.0,0.0,0.0,Control,
GSE162806_MM3020_72h,0.8258064516129032,0.12903225806451613,0.04516129032258064,0.0,0.0,0.0,0.0,0.0,Non-malignant disease,
GSE178481_RCC-PR3-N,0.024922118380062305,0.0,0.4984423676012461,0.0,0.16822429906542055,0.3052959501557632,0.003115264797507788,0.0,Cancer_AdjNorm,RCC
GSE167297_TN1904R2479--AGGTATTG,0.0,0.0,0.0,0.0,0.5021459227467812,0.0,0.4978540772532189,0.0,Cancer_Tumor,GC
GSE164241_PD170,0.06614785992217899,0.0,0.0,0.0,0.8404669260700389,0.038910505836575876,0.054474708171206226,0.0,Non-malignant disease,
GSE145927_Bx39A,0.4175824175824176,0.24175824175824176,0.2857142857142857,0.0,0.0,0.0,0.03296703296703297,0.02197802197802198,Non-malignant disease,
GSE178991_020218_7,0.18779342723004694,0.0,0.018779342723004695,0.018779342723004695,0.3333333333333333,0.0,0.4413145539906103,0.0,Non-malignant disease,
GSE128066_CS_PBL,0.82421875,0.05859375,0.08984375,0.02734375,0.0,0.0,0.0,0.0,Control,
GSE164690_HN01_PBL,0.86892177589852,0.0,0.06765327695560254,0.06342494714587738,0.0,0.0,0.0,0.0,Cancer_Blood,HNSCC
GSE173303_A56-5GE,0.19166666666666668,0.0,0.0,0.025,0.0,0.0,0.7333333333333333,0.05,Non-malignant disease,
GSE216329_P23_T_ADM001_MorD3_5_G,0.5810055865921788,0.0,0.39106145251396646,0.027932960893854747,0.0,0.0,0.0,0.0,Cancer_Blood,PRC
GSE142444_bt3-Monocytes_6,0.8965466351829988,0.0,0.0820543093270366,0.02139905548996458,0.0,0.0,0.0,0.0,Control,
GSE133028_21_PB_uns_5pGEX,0.8122406639004149,0.023858921161825725,0.16390041493775934,0.0,0.0,0.0,0.0,0.0,Non-malignant disease,
GSE166489_Y127-1-5P_HHT,0.8996235884567126,0.0,0.07089084065244668,0.015056461731493099,0.0,0.014429109159347553,0.0,0.0,Non-malignant disease,
GSE178481_SCG_RCC-BM2-P-N,0.0,0.0,0.2608695652173913,0.0,0.2288329519450801,0.30892448512585813,0.0,0.20137299771167047,Cancer_AdjNorm,RCC
GSE168933_Healthy1_POOL_20190312_healthy_1,0.47058823529411764,0.0,0.4117647058823529,0.0,0.0,0.058823529411764705,0.058823529411764705,0.0,Control,
GSE132338_p1035859-0,0.9223880597014925,0.0,0.07761194029850746,0.0,0.0,0.0,0.0,0.0,Non-malignant disease,
GSE178991_sample_I_3_5primeGEX,0.3,0.0,0.046153846153846156,0.0,0.0,0.0,0.6538461538461539,0.0,Non-malignant disease,
GSE171555_B85D75-00,0.9087509349289454,0.0,0.030665669409124907,0.0605833956619297,0.0,0.0,0.0,0.0,Non-malignant disease,
GSE128066_KC_PBL,0.8052959501557633,0.037383177570093455,0.13707165109034267,0.020249221183800622,0.0,0.0,0.0,0.0,Control,
GSE167029_C39,0.30501089324618735,0.0,0.0784313725490196,0.0,0.032679738562091505,0.0,0.5838779956427015,0.0,Control,
GSE153892_Sample_01_tumor,0.0,0.0,0.1206896551724138,0.0,0.6724137931034483,0.20689655172413793,0.0,0.0,Cancer_Tumor,PRC
GSE145370_R5B5,0.15332197614991483,0.0,0.09710391822827939,0.0,0.19931856899488926,0.4804088586030664,0.03577512776831346,0.034071550255536626,Cancer_AdjNorm,ESCA
GSE200173_Gene_express_1-2,0.21455938697318008,0.0,0.0,0.0,0.12260536398467432,0.3544061302681992,0.07471264367816093,0.23371647509578544,Cancer_Tumor,HCC
GSE175386_scRNAseq_7,0.0,0.0,1.0,0.0,0.0,0.0,0.0,0.0,Control,
GSE202374_RS-03378689_P6_RS-03377708,0.32,0.0,0.42857142857142855,0.03428571428571429,0.21714285714285714,0.0,0.0,0.0,Cancer_Tumor,RCC
GSE132338_p1035819-1,0.6795180722891566,0.0,0.3132530120481928,0.007228915662650603,0.0,0.0,0.0,0.0,Non-malignant disease,
GSE145370_S159B5,0.09272727272727273,0.0,0.00909090909090909,0.0,0.40636363636363637,0.4381818181818182,0.053636363636363635,0.0,Cancer_AdjNorm,ESCA
GSE168163_ACDPYUANXX_Tcell_15_bt1,0.8311546840958606,0.020697167755991286,0.08932461873638345,0.058823529411764705,0.0,0.0,0.0,0.0,Non-malignant disease,
GSE136103_cirrhotic3_cd45-_2,0.6948640483383686,0.0,0.06646525679758308,0.2084592145015106,0.01812688821752266,0.0,0.012084592145015106,0.0,Non-malignant disease,
GSE130157_15435X8,0.7553041018387553,0.13154172560113153,0.11315417256011315,0.0,0.0,0.0,0.0,0.0,Cancer_Blood,PC
GSE171555_82CCF5-07,0.8983174835405998,0.0,0.07973664959765911,0.021945866861741038,0.0,0.0,0.0,0.0,Non-malignant disease,
GSE164690_HN18_PBL,0.6976065382370111,0.02568593111500292,0.2469352014010508,0.0297723292469352,0.0,0.0,0.0,0.0,Cancer_Blood,HNSCC
GSE178481_ID_BM9-P-T,0.18,0.0,0.16666666666666666,0.0,0.23777777777777778,0.10444444444444445,0.0,0.3111111111111111,Cancer_Tumor,RCC
GSE148020_Hu,0.7923627684964201,0.0,0.20143198090692124,0.006205250596658711,0.0,0.0,0.0,0.0,Control,
GSE132338_p1035851-9,0.7954545454545454,0.011961722488038277,0.11483253588516747,0.07775119617224881,0.0,0.0,0.0,0.0,Non-malignant disease,
GSE129845_CD15P,0.8427860696517413,0.0,0.13134328358208955,0.025870646766169153,0.0,0.0,0.0,0.0,Non-malignant disease,
GSE156776_H1,0.0,0.0,0.0,0.0,1.0,0.0,0.0,0.0,Control,
GSE162806_MM3009_Ctrl,0.9059602649006623,0.015231788079470199,0.04900662251655629,0.029801324503311258,0.0,0.0,0.0,0.0,Control,
GSE158723_NGS18-G696_UCL-NPF10000,0.8494623655913979,0.0,0.08602150537634409,0.0,0.0,0.043010752688172046,0.021505376344086023,0.0,Non-malignant disease,
GSE168522_24_20171027,0.8639584317430326,0.03259329239489844,0.07416154936230515,0.029286726499763816,0.0,0.0,0.0,0.0,Non-malignant disease,
GSE130157_15435X3,0.9197530864197531,0.08024691358024691,0.0,0.0,0.0,0.0,0.0,0.0,Cancer_Blood,ESCA
GSE163633_TBl_CD3_027,0.3258426966292135,0.1797752808988764,0.43820224719101125,0.056179775280898875,0.0,0.0,0.0,0.0,Cancer_Blood,HNSCC
GSE166489_Y54-4-5P_HHT,0.8175675675675675,0.0,0.0518018018018018,0.11486486486486487,0.01126126126126126,0.0045045045045045045,0.0,0.0,Control,
GSE202374_RS-03378692_P15_RS-03377711,0.15203426124197003,0.05139186295503212,0.19700214132762311,0.010706638115631691,0.09635974304068523,0.029978586723768737,0.4625267665952891,0.0,Cancer_Tumor,RCC
GSE178991_020218_4,0.05333333333333334,0.0,0.0,0.0,0.0,0.0,0.9466666666666667,0.0,Non-malignant disease,
GSE148665_cDNA_KC_20180918,0.7054263565891473,0.0,0.11627906976744186,0.0,0.17829457364341086,0.0,0.0,0.0,Control,
GSE162806_MM3040_4h,0.7320754716981132,0.0,0.03773584905660377,0.0,0.0,0.18490566037735848,0.045283018867924525,0.0,Non-malignant disease,
GSE164015_ACE-044-DIL-Epi,0.8876404494382022,0.0,0.11235955056179775,0.0,0.0,0.0,0.0,0.0,Non-malignant disease,
GSE164690_HN16_PBL,0.2857142857142857,0.0,0.6666666666666666,0.047619047619047616,0.0,0.0,0.0,0.0,Cancer_Blood,HNSCC
GSE168933_HEALTHY1_LIB037237,0.6323529411764706,0.0,0.14705882352941177,0.11764705882352941,0.0,0.058823529411764705,0.0,0.04411764705882353,Control,
GSE178481_RCC-PR9-T,0.014675052410901468,0.0,0.5828092243186582,0.0,0.3270440251572327,0.07547169811320754,0.0,0.0,Cancer_Tumor,RCC
GSE174401_fq1_CSF-11,0.36585365853658536,0.6341463414634146,0.0,0.0,0.0,0.0,0.0,0.0,Cancer_Metastasis,MEL
GSE142444_bt2-Monocytes_2,0.9019083969465649,0.0,0.07824427480916031,0.01984732824427481,0.0,0.0,0.0,0.0,Control,
GSE168859_AHMWWJBBXX_LGL_32_bt1,1.0,0.0,0.0,0.0,0.0,0.0,0.0,0.0,Control,
GSE162806_MM3040_72h,0.5997171145685997,0.0,0.3988684582743989,0.0014144271570014145,0.0,0.0,0.0,0.0,Non-malignant disease,
GSE161329_7donor_PBMC,0.8691006233303651,0.0,0.11160581775007421,0.0192935589195607,0.0,0.0,0.0,0.0,Control,
GSE168163_ACDPV5ANXX_Tcell_10_bt1,0.7941176470588235,0.022058823529411766,0.07352941176470588,0.11029411764705882,0.0,0.0,0.0,0.0,Non-malignant disease,
GSE216329_P20_T_ADM001_MorD3_2_G,0.536283185840708,0.0,0.44601769911504424,0.017699115044247787,0.0,0.0,0.0,0.0,Cancer_Blood,NSCLC
GSE162806_MM3008_72h,0.8174982911825017,0.0,0.1825017088174983,0.0,0.0,0.0,0.0,0.0,Non-malignant disease,
GSE173303_76-5GE,0.10294117647058823,0.07352941176470588,0.0,0.0,0.0,0.029411764705882353,0.6470588235294118,0.14705882352941177,Non-malignant disease,
GSE159252_K411_Blood_Longitudinal_GEX,0.7271214642262895,0.0,0.05823627287853577,0.06655574043261231,0.0,0.0,0.1480865224625624,0.0,Cancer_Blood,MEL
GSE155673_cov_scrna_10,1.0,0.0,0.0,0.0,0.0,0.0,0.0,0.0,Non-malignant disease,
GSE166489_Y117-1-5P_HHT,0.6967213114754098,0.0,0.10819672131147541,0.0,0.0,0.19508196721311474,0.0,0.0,Non-malignant disease,
GSE216329_P19_TN_ADM001_MorD3_1_G,0.503030303030303,0.0,0.48484848484848486,0.012121212121212121,0.0,0.0,0.0,0.0,Cancer_Blood,HNSCC
GSE194129_U4,0.03389830508474576,0.0,0.09322033898305085,0.0,0.012711864406779662,0.6504237288135594,0.2097457627118644,0.0,Control,
GSE130157_14554X8,0.7175438596491228,0.06315789473684211,0.13157894736842105,0.08771929824561403,0.0,0.0,0.0,0.0,Cancer_Blood,PC
GSE130157_15435X4,0.8833333333333333,0.11666666666666667,0.0,0.0,0.0,0.0,0.0,0.0,Cancer_Blood,ESCA
GSE136103_healthy1_cd45-A_4,0.7657657657657657,0.0,0.0,0.0,0.0,0.18018018018018017,0.05405405405405406,0.0,Control,
GSE164241_GM238,0.3442622950819672,0.0,0.0,0.0,0.4262295081967213,0.13114754098360656,0.09836065573770492,0.0,Control,
GSE171555_2AD75E-07,0.9322548028311426,0.0,0.06774519716885744,0.0,0.0,0.0,0.0,0.0,Non-malignant disease,
GSE159677_01dat20190620tisCARconHEA,0.44660194174757284,0.038834951456310676,0.0,0.0,0.10679611650485436,0.3300970873786408,0.07766990291262135,0.0,Non-malignant disease,
GSE161329_8donor_PBMC_A2,0.6554744525547446,0.07883211678832117,0.2656934306569343,0.0,0.0,0.0,0.0,0.0,Control,
GSE157591_Patient_7,1.0,0.0,0.0,0.0,0.0,0.0,0.0,0.0,Non-malignant disease,
GSE178991_sample_V_1_5primeGEX,0.12,0.0,0.17,0.0,0.0,0.0,0.71,0.0,Non-malignant disease,
GSE178481_SCG_RCC-BM2-P-T2,0.4628099173553719,0.0,0.0,0.0,0.0,0.0,0.0,0.5371900826446281,Cancer_Tumor,RCC
GSE171555_80A16A-00,0.8809523809523809,0.0,0.11904761904761904,0.0,0.0,0.0,0.0,0.0,Control,
GSE151087_hPBMCs_day0,0.9864341085271318,0.0,0.0,0.0,0.009689922480620155,0.0,0.003875968992248062,0.0,Control,
GSE168163_BCDR30ANXX_Tcell_2_bt1,0.8846153846153846,0.0,0.11538461538461539,0.0,0.0,0.0,0.0,0.0,Control,
GSE136103_healthy3_cd45plus,0.4805194805194805,0.012987012987012988,0.35714285714285715,0.11688311688311688,0.01948051948051948,0.0,0.0,0.012987012987012988,Control,
GSE173303_A40-5GE,0.07262569832402235,0.9273743016759777,0.0,0.0,0.0,0.0,0.0,0.0,Non-malignant disease,
GSE171555_BAAF62-07,0.9127234490010515,0.0,0.060988433228180865,0.026288117770767613,0.0,0.0,0.0,0.0,Non-malignant disease,
GSE130157_14546X8,0.8440860215053764,0.0,0.12258064516129032,0.03333333333333333,0.0,0.0,0.0,0.0,Cancer_Blood,CRC
GSE150877_Foxp3,0.8201438848920863,0.02158273381294964,0.1223021582733813,0.03597122302158273,0.0,0.0,0.0,0.0,Control,
GSE165193_Case3,0.8393953708077468,0.0,0.02172886159659896,0.0,0.0,0.0,0.13887576759565423,0.0,Non-malignant disease,
GSE166992_IVAR75D,0.7972972972972973,0.0,0.1554054054054054,0.02702702702702703,0.02027027027027027,0.0,0.0,0.0,Non-malignant disease,
GSE184111_U1,0.0946372239747634,0.0,0.03470031545741325,0.0,0.0,0.47791798107255523,0.39274447949526814,0.0,Control,
GSE168933_HEALTHY2_LIB037232,0.5961538461538461,0.0,0.21794871794871795,0.0641025641025641,0.08333333333333333,0.038461538461538464,0.0,0.0,Control,
GSE167118_Sar01L_CD3neg_GEX,0.05,0.0,0.0,0.0,0.016666666666666666,0.0,0.9333333333333333,0.0,Non-malignant disease,
GSE162806_MM3008_24h,0.9049716803020768,0.0,0.0723725613593455,0.022655758338577723,0.0,0.0,0.0,0.0,Non-malignant disease,
GSE144469_C3-CD45,0.1044776119402985,0.07462686567164178,0.0,0.0,0.3582089552238806,0.07462686567164178,0.0,0.3880597014925373,Non-malignant disease,
GSE161500_3830_3pr_v3,0.1111111111111111,0.0,0.0,0.037037037037037035,0.0,0.0,0.8518518518518519,0.0,Non-malignant disease,
GSE178991_sample_III_3_5primeGEX,0.15384615384615385,0.0,0.07692307692307693,0.0,0.0,0.0,0.7692307692307693,0.0,Non-malignant disease,
GSE154778_T9,0.07547169811320754,0.0,0.0,0.0,0.3584905660377358,0.05660377358490566,0.37735849056603776,0.1320754716981132,Cancer_Tumor,PC
GSE133028_16_PB_uns_3pGEX,0.8141060688901038,0.026790595954073265,0.10989611809732094,0.049207217058501916,0.0,0.0,0.0,0.0,Non-malignant disease,
GSE164690_HN07_CD45n,0.6923076923076923,0.0,0.10576923076923077,0.07211538461538461,0.08173076923076923,0.019230769230769232,0.028846153846153848,0.0,Cancer_Tumor,HNSCC
GSE136103_cirrhotic3_cd45plus_4,0.7272727272727273,0.0,0.03305785123966942,0.1652892561983471,0.04132231404958678,0.008264462809917356,0.024793388429752067,0.0,Non-malignant disease,
GSE150877_Yonatan_Fresh,0.8957968476357268,0.0,0.1042031523642732,0.0,0.0,0.0,0.0,0.0,Control,
GSE145370_S158B5,0.3325942350332594,0.04212860310421286,0.0,0.0,0.49223946784922396,0.09534368070953436,0.037694013303769404,0.0,Cancer_AdjNorm,ESCA
GSE130157_15435X1,0.8125,0.041666666666666664,0.13541666666666666,0.010416666666666666,0.0,0.0,0.0,0.0,Cancer_Blood,ESCA
GSE162806_MM3001_Ctrl,0.8838709677419355,0.03963133640552995,0.05806451612903226,0.018433179723502304,0.0,0.0,0.0,0.0,Control,
GSE167029_C26,0.8455843469063987,0.01639344262295082,0.10999471179270227,0.028027498677948175,0.0,0.0,0.0,0.0,Control,
GSE130157_14546X2,0.6691729323308271,0.03007518796992481,0.18045112781954886,0.12030075187969924,0.0,0.0,0.0,0.0,Cancer_Blood,PC
GSE168163_BCDR30ANXX_Tcell_11_bt1,0.7558139534883721,0.050387596899224806,0.15503875968992248,0.03875968992248062,0.0,0.0,0.0,0.0,Non-malignant disease,
GSE166489_36M-GEX_HCR,0.7014409221902017,0.07492795389048991,0.1792507204610951,0.04438040345821326,0.0,0.0,0.0,0.0,Control,
GSE143704_Sample_84102_HMYWJBGX7_hu_101018,0.1953125,0.0,0.0859375,0.0,0.0,0.4921875,0.2265625,0.0,Control,
GSE136103_healthy1_cd45plus_3,0.6586826347305389,0.0,0.03792415169660679,0.0,0.0,0.11776447105788423,0.18562874251497005,0.0,Control,
GSE165645_BM_HD_2253_GEX,0.9702127659574468,0.0,0.00851063829787234,0.02127659574468085,0.0,0.0,0.0,0.0,Control,
GSE136103_cirrhotic2_cd45-_4,0.3137254901960784,0.5441176470588235,0.10294117647058823,0.014705882352941176,0.024509803921568627,0.0,0.0,0.0,Non-malignant disease,
GSE178991_sample_IV_1_5primeGEX,0.0425531914893617,0.0,0.23404255319148937,0.0,0.0,0.0,0.723404255319149,0.0,Non-malignant disease,
GSE130157_15435X2,1.0,0.0,0.0,0.0,0.0,0.0,0.0,0.0,Cancer_Blood,ESCA
GSE136103_cirrhotic2_cd45-_3,0.29357798165137616,0.45871559633027525,0.1743119266055046,0.0,0.05504587155963303,0.0,0.0,0.01834862385321101,Non-malignant disease,
GSE171964_2049_7,0.7837541163556532,0.0,0.19099890230515917,0.025246981339187707,0.0,0.0,0.0,0.0,Non-malignant disease,
GSE216329_P24_TN_ADM001_MorD3_6_G,0.582089552238806,0.0,0.41044776119402987,0.0,0.0,0.0,0.007462686567164179,0.0,Cancer_Blood,PRC
2021_Ren_Cell_COVID|S-S014,0.6878342245989305,0.0,0.13502673796791445,0.001336898395721925,0.17580213903743316,0.0,0.0,0.0,Non-malignant disease,
2021_Zheng_Science_TIL|UCEC_P20190213_T,0.011111111111111112,0.0,0.0,0.0,0.05555555555555555,0.08888888888888889,0.45555555555555555,0.3888888888888889,Cancer_Tumor,EC
2022_Dominguez-Conde_Science_CellTypist|CZINY-0058,0.47634069400630913,0.0,0.07570977917981073,0.025236593059936908,0.0,0.23659305993690852,0.1861198738170347,0.0,Control,
2023_Hirz_NatComm_Prostate|GSM5494379_SCG-PCA22-T-HG,0.0,0.0,0.0,0.0,0.0,0.05063291139240506,0.0,0.9493670886075949,Cancer_Tumor,PRC
2023_Terekhova_Immunity_PBMC|M27,0.9434121621621622,0.0,0.056587837837837836,0.0,0.0,0.0,0.0,0.0,Control,
2021_Szabo_Immunity_COVID19|COV028_blood_2days,0.9884575026232949,0.0,0.011542497376705142,0.0,0.0,0.0,0.0,0.0,Non-malignant disease,
2023_Terekhova_Immunity_PBMC|M04,0.7527910685805422,0.018341307814992026,0.16427432216905902,0.0,0.045454545454545456,0.019138755980861243,0.0,0.0,Control,
2023_Terekhova_Immunity_PBMC|FC04,0.8819497334348819,0.0,0.11805026656511805,0.0,0.0,0.0,0.0,0.0,Control,
2023_Terekhova_Immunity_PBMC|J10,0.6840307429547395,0.033304867634500426,0.25448334756618274,0.028181041844577284,0.0,0.0,0.0,0.0,Control,
2022_Madissoon_NatGenet_Lung|WSSS_A_LNG8620062,0.56,0.0,0.404,0.0,0.0,0.024,0.008,0.004,Control,
2021_Pelka_Cell_CRC|C135_T_1_1_0_c1_v2,0.21621621621621623,0.0945945945945946,0.0,0.0,0.12162162162162163,0.40540540540540543,0.16216216216216217,0.0,Cancer_Tumor,CRC
2023_Terekhova_Immunity_PBMC|L22,0.6942307692307692,0.023076923076923078,0.2,0.08269230769230769,0.0,0.0,0.0,0.0,Control,
2023_Terekhova_Immunity_PBMC|D21,0.8909952606635071,0.013270142180094787,0.09573459715639811,0.0,0.0,0.0,0.0,0.0,Control,
2020_Adams_SciAdv_IPF|133C-a,0.0,0.0,0.023776223776223775,0.0,0.0,0.0,0.9762237762237762,0.0,Control,
2020_Adams_SciAdv_IPF|022C-a,0.0,0.0,0.0,0.0,0.0,0.6189111747851003,0.37249283667621774,0.008595988538681949,Control,
2022_Dominguez-Conde_Science_CellTypist|CZINY-0049,0.5681233933161953,0.0,0.05141388174807198,0.0,0.0,0.15167095115681234,0.22879177377892032,0.0,Control,
2021_Pelka_Cell_CRC|C110_T_1_1_0_c1_v2,0.05357142857142857,0.0,0.0,0.0,0.25,0.07142857142857142,0.35714285714285715,0.26785714285714285,Cancer_Tumor,CRC
2022_Madissoon_NatGenet_Lung|WSSS8015045,0.7349027635619243,0.0020470829068577278,0.08393039918116683,0.01023541453428864,0.0040941658137154556,0.07471852610030706,0.01842374616171955,0.07164790174002048,Control,
2021_Cheng_Cell_Myeloid|UCEC-P20190213-T,0.0,0.0,0.0,0.0,0.10679611650485436,0.07766990291262135,0.33980582524271846,0.47572815533980584,Cancer_Tumor,EC
2021_Stephenson_NatMed_COVID19|MH9143323,0.2167645488521089,0.7832354511478911,0.0,0.0,0.0,0.0,0.0,0.0,Non-malignant disease,
2023_Terekhova_Immunity_PBMC|D08,0.6275787187839305,0.0,0.3496199782844734,0.02280130293159609,0.0,0.0,0.0,0.0,Control,
2023_Terekhova_Immunity_PBMC|C17,0.7220708446866485,0.043596730245231606,0.19618528610354224,0.03814713896457766,0.0,0.0,0.0,0.0,Control,
2021_Szabo_Immunity_COVID19|COV026_respiratory_airway_8days,0.1133428981348637,0.0,0.0,0.0,0.6499282639885222,0.03730272596843615,0.16929698708751795,0.03012912482065997,Non-malignant disease,
2021_Ren_Cell_COVID|S-S087-2,0.7729367406786761,0.22706325932132385,0.0,0.0,0.0,0.0,0.0,0.0,Non-malignant disease,
2023_Terekhova_Immunity_PBMC|C13,0.7700534759358288,0.0,0.17914438502673796,0.05080213903743316,0.0,0.0,0.0,0.0,Control,
2023_Terekhova_Immunity_PBMC|FL04,0.788261515601783,0.0,0.17904903417533433,0.03268945022288262,0.0,0.0,0.0,0.0,Control,
2023_Terekhova_Immunity_PBMC|A11,0.9215291750503019,0.012072434607645875,0.06639839034205232,0.0,0.0,0.0,0.0,0.0,Control,
2021_Pelka_Cell_CRC|C143_T_1_1_0_c1_v2,0.2647058823529412,0.0,0.0,0.0,0.10294117647058823,0.0,0.6323529411764706,0.0,Cancer_Tumor,CRC
2023_Terekhova_Immunity_PBMC|H10,0.9489164086687306,0.0,0.05108359133126935,0.0,0.0,0.0,0.0,0.0,Control,
2021_Stephenson_NatMed_COVID19|AP9,0.8992290748898678,0.0,0.10077092511013216,0.0,0.0,0.0,0.0,0.0,Non-malignant disease,
2023_Wang_SciAdv_CRC|s0115_Liver_Metastasis,0.0,0.0,0.0,0.0,0.46153846153846156,0.16923076923076924,0.36923076923076925,0.0,Cancer_Metastasis,CRC
2023_Hirz_NatComm_Prostate|GSM5494366_SCG-PCA12-N-LG,0.022857142857142857,0.0,0.2571428571428571,0.0,0.17714285714285713,0.5428571428571428,0.0,0.0,Cancer_AdjNorm,PRC
2021_Pelka_Cell_CRC|C165_T_0_0_0_c1_v3,0.0962566844919786,0.0,0.016042780748663103,0.0,0.1711229946524064,0.0,0.7165775401069518,0.0,Cancer_Tumor,CRC
2023_Terekhova_Immunity_PBMC|P11,0.7669491525423728,0.02824858757062147,0.20480225988700565,0.0,0.0,0.0,0.0,0.0,Control,
2022_Perez_Science_SLE|dmx_YE_7-26,0.6094052326070497,0.31404054849835955,0.07058130731050728,0.005972911584083453,0.0,0.0,0.0,0.0,Non-malignant disease,
2023_Wang_SciAdv_CRC|s0813_Colon_Tumor,0.0,0.0,0.0,0.0,0.9761904761904762,0.023809523809523808,0.0,0.0,Cancer_Tumor,CRC
2022_Emont_Nature_WAT|Hs_SAT_12-1,0.8714285714285714,0.0,0.1,0.02857142857142857,0.0,0.0,0.0,0.0,Control,
2023_Terekhova_Immunity_PBMC|G06,0.9431818181818182,0.0,0.056818181818181816,0.0,0.0,0.0,0.0,0.0,Control,
2022_Gur_Cell_Sceleroderma|GSM5837533_AB8329,0.9230769230769231,0.0,0.07692307692307693,0.0,0.0,0.0,0.0,0.0,Non-malignant disease,
2021_Stephenson_NatMed_COVID19|BGCV13_CV0073,1.0,0.0,0.0,0.0,0.0,0.0,0.0,0.0,Non-malignant disease,
2023_Terekhova_Immunity_PBMC|H13,0.8496420047732697,0.022275258552108195,0.0883054892601432,0.03420843277645187,0.005568814638027049,0.0,0.0,0.0,Control,
2021_Cheng_Cell_Myeloid|ESCA-P20181123-T,0.0,0.0,0.0,0.0,0.9523809523809523,0.0,0.047619047619047616,0.0,Cancer_Tumor,ESCA
2022_Gur_Cell_Sceleroderma|GSM5837037_AB11870,1.0,0.0,0.0,0.0,0.0,0.0,0.0,0.0,Control,
2020_Adams_SciAdv_IPF|226C-b,0.0,0.0,0.0,0.0,0.4192336589030804,0.07362885048835462,0.410969196093163,0.09616829451540196,Control,
2023_Terekhova_Immunity_PBMC|G10,0.9077306733167082,0.0,0.09226932668329177,0.0,0.0,0.0,0.0,0.0,Control,
2023_Terekhova_Immunity_PBMC|A12,0.8011461318051576,0.0,0.1845272206303725,0.014326647564469915,0.0,0.0,0.0,0.0,Control,
2022_Guilliams_Cell_Liver|CS81,0.6084452975047985,0.0,0.3857965451055662,0.005758157389635317,0.0,0.0,0.0,0.0,Non-malignant disease,
2021_Cheng_Cell_Myeloid|ESCA-P20190404-N,0.08383233532934131,0.0,0.038922155688622756,0.0,0.3023952095808383,0.5748502994011976,0.0,0.0,Cancer_AdjNorm,ESCA
2021_Ren_Cell_COVID|S-S047,0.0,0.9687750200160128,0.0,0.0,0.03122497998398719,0.0,0.0,0.0,Non-malignant disease,
2021_Stephenson_NatMed_COVID19|MH8919179,0.660377358490566,0.020319303338171262,0.2728592162554427,0.04644412191582003,0.0,0.0,0.0,0.0,Control,
2021_Ren_Cell_COVID|S-S081,0.7638483965014577,0.013119533527696793,0.048104956268221574,0.061224489795918366,0.008746355685131196,0.0,0.10495626822157435,0.0,Non-malignant disease,
2022_Gur_Cell_Sceleroderma|GSM5837559_AB8473,0.9818181818181818,0.0,0.01818181818181818,0.0,0.0,0.0,0.0,0.0,Non-malignant disease,
2021_Ren_Cell_COVID|S-M026-2,0.6133333333333333,0.36,0.0,0.013333333333333334,0.0,0.013333333333333334,0.0,0.0,Non-malignant disease,
2023_Terekhova_Immunity_PBMC|L20,0.9295478443743428,0.028391167192429023,0.04206098843322818,0.0,0.0,0.0,0.0,0.0,Control,
2021_Zheng_Science_TIL|ESCA_P20181123_T,0.0,0.0,0.0,0.0,1.0,0.0,0.0,0.0,Cancer_Tumor,ESCA
2021_Cheng_Cell_Myeloid|THCA-P20190118-T,0.0,0.0,0.18666666666666668,0.0,0.7933333333333333,0.02,0.0,0.0,Cancer_Tumor,THCA
2023_Terekhova_Immunity_PBMC|K03,0.6931540342298288,0.0,0.22127139364303178,0.08557457212713937,0.0,0.0,0.0,0.0,Control,
2021_Cheng_Cell_Myeloid|RC-P20181224-T,0.0,0.0,0.6449579831932774,0.0,0.12815126050420167,0.12289915966386554,0.0,0.10399159663865547,Cancer_Tumor,RCC
2021_Cheng_Cell_Myeloid|RC-P20190919-N,0.013688212927756654,0.0,0.0,0.0,0.0403041825095057,0.02129277566539924,0.0,0.9247148288973384,Cancer_AdjNorm,RCC
2021_Ren_Cell_COVID|S-M012,0.6299659477866061,0.056753688989784334,0.08626560726447219,0.0,0.22701475595913734,0.0,0.0,0.0,Non-malignant disease,
2021_Ren_Cell_COVID|S-M047,0.0,0.991869918699187,0.0,0.0,0.0,0.008130081300813009,0.0,0.0,Non-malignant disease,
2022_Dominguez-Conde_Science_CellTypist|CZINY-0108,0.7922912205567452,0.0,0.0,0.0,0.004282655246252677,0.20342612419700215,0.0,0.0,Control,
2021_Stephenson_NatMed_COVID19|BGCV08_CV0073,0.9215686274509803,0.0,0.0784313725490196,0.0,0.0,0.0,0.0,0.0,Non-malignant disease,
2023_Terekhova_Immunity_PBMC|L04,0.8350071736011477,0.0,0.15351506456241032,0.011477761836441894,0.0,0.0,0.0,0.0,Control,
2021_Ren_Cell_COVID|S-S064,0.7904442581726739,0.010058675607711651,0.16177703269069574,0.037720033528918694,0.0,0.0,0.0,0.0,Non-malignant disease,
2020_Adams_SciAdv_IPF|225I-b,0.0,0.0,0.11959287531806616,0.0,0.007633587786259542,0.11450381679389313,0.7582697201017812,0.0,Non-malignant disease,
2021_Zheng_Science_TIL|PAAD_P20181121_T,0.0,0.0,0.0,0.0,0.5932203389830508,0.0,0.2542372881355932,0.15254237288135594,Cancer_Tumor,PC
2021_Ren_Cell_COVID|S-S088-2,0.8636782315013817,0.13632176849861835,0.0,0.0,0.0,0.0,0.0,0.0,Non-malignant disease,
2021_Szabo_Immunity_COVID19|COV026_respiratory_airway_6days,0.08783783783783784,0.0,0.0,0.0,0.19594594594594594,0.02027027027027027,0.581081081081081,0.11486486486486487,Non-malignant disease,
2021_Chan_CancerCell_SCLC|RU1134_Sort-Freeze,0.0,0.0,0.1262135922330097,0.0,0.0,0.4368932038834951,0.4174757281553398,0.019417475728155338,Cancer_Tumor,NSCLC
2021_Ren_Cell_COVID|S-M045,0.16101026045777428,0.7671665351223362,0.0718232044198895,0.0,0.0,0.0,0.0,0.0,Non-malignant disease,
2023_Kong_Immunity_CD|N134764_E,0.10588235294117647,0.0,0.0,0.0,0.6470588235294118,0.0,0.0,0.24705882352941178,Non-malignant disease,
2020_Adams_SciAdv_IPF|207CO,0.00909090909090909,0.0,0.13636363636363635,0.0,0.006060606060606061,0.296969696969697,0.5515151515151515,0.0,Non-malignant disease,
2023_Terekhova_Immunity_PBMC|D11,0.9782433521353747,0.0,0.021756647864625302,0.0,0.0,0.0,0.0,0.0,Control,
2020_Adams_SciAdv_IPF|157I-b,0.0,0.0,0.18110236220472442,0.0,0.07874015748031496,0.11023622047244094,0.6299212598425197,0.0,Non-malignant disease,
2023_Kong_Immunity_CD|I104689_N1,0.6526315789473685,0.10526315789473684,0.0,0.0,0.14736842105263157,0.0,0.0,0.09473684210526316,Non-malignant disease,
2021_Cheng_Cell_Myeloid|THCA-P20190125-N,0.04411764705882353,0.0,0.20588235294117646,0.0,0.25,0.4852941176470588,0.0,0.014705882352941176,Cancer_AdjNorm,THCA
2022_Dominguez-Conde_Science_CellTypist|Pan_T7991591,0.25125628140703515,0.2663316582914573,0.0,0.0,0.0,0.06030150753768844,0.0,0.4221105527638191,Control,
2023_Terekhova_Immunity_PBMC|B04,0.806146572104019,0.0,0.1938534278959811,0.0,0.0,0.0,0.0,0.0,Control,
2021_Stephenson_NatMed_COVID19|MH9143272,0.11466942148760331,0.8853305785123967,0.0,0.0,0.0,0.0,0.0,0.0,Non-malignant disease,
2020_Litvinukova_Nature_Heart|HCAHeart7656538,0.22413793103448276,0.0,0.13793103448275862,0.034482758620689655,0.13793103448275862,0.017241379310344827,0.43103448275862066,0.017241379310344827,Control,
2021_Zheng_Science_TIL|THCA_P20190125_N,0.04411764705882353,0.0,0.20588235294117646,0.0,0.27941176470588236,0.45588235294117646,0.0,0.014705882352941176,Cancer_AdjNorm,THCA
2023_Terekhova_Immunity_PBMC|D14,0.7966305655836342,0.019253910950661854,0.16606498194945848,0.018050541516245487,0.0,0.0,0.0,0.0,Control,
2022_Kumar_CancerDis_Gastric|GSM5573499_sample34,0.0,0.01875,0.0,0.0,0.79375,0.0,0.065625,0.121875,Cancer_Tumor,GC
2021_Ren_Cell_COVID|S-HC022,0.42843232716650437,0.1801363193768257,0.3563777994157741,0.03018500486854917,0.0,0.0,0.004868549172346641,0.0,Control,
2023_Wang_SciAdv_CRC|s0920_Blood_Blood,0.8476658476658476,0.0,0.15233415233415235,0.0,0.0,0.0,0.0,0.0,Cancer_Blood,CRC
2023_Hirz_NatComm_Prostate|GSM5494352_SCG-PCA4-T-HG,0.03184713375796178,0.0,0.0,0.0,0.16560509554140126,0.39490445859872614,0.06369426751592357,0.34394904458598724,Cancer_Tumor,PRC
2022_Dominguez-Conde_Science_CellTypist|CZINY-0110,0.8316633266533067,0.0,0.0,0.0,0.0,0.1623246492985972,0.006012024048096192,0.0,Control,
2023_Terekhova_Immunity_PBMC|L05,0.7258566978193146,0.0,0.2523364485981308,0.021806853582554516,0.0,0.0,0.0,0.0,Control,
2023_Terekhova_Immunity_PBMC|T14,0.6714422158548233,0.011461318051575931,0.17096466093600765,0.0,0.14613180515759314,0.0,0.0,0.0,Control,
2022_Kumar_CancerDis_Gastric|GSM5573487_sample22,0.0,0.0,0.0,0.0,0.37623762376237624,0.0,0.6138613861386139,0.009900990099009901,Cancer_Tumor,GC
2021_Cheng_Cell_Myeloid|ESCA-P20190916-N,0.05973025048169557,0.0,0.017341040462427744,0.0,0.6840077071290944,0.22928709055876687,0.009633911368015413,0.0,Cancer_AdjNorm,ESCA
2021_Ren_Cell_COVID|S-M040-1,0.9385682856659333,0.004061600947706888,0.03553900829243527,0.02183110509392452,0.0,0.0,0.0,0.0,Non-malignant disease,
2021_Ren_Cell_COVID|S-S044,0.9289473684210526,0.0,0.0,0.0,0.02894736842105263,0.031578947368421054,0.010526315789473684,0.0,Non-malignant disease,
2021_Pelka_Cell_CRC|C165_T_0_0_1_c1_v3,0.13714285714285715,0.02857142857142857,0.0,0.0,0.04,0.011428571428571429,0.7828571428571428,0.0,Cancer_Tumor,CRC
2021_Pelka_Cell_CRC|C138_N_0_0_1_c1_v2,0.6986301369863014,0.0,0.2465753424657534,0.0547945205479452,0.0,0.0,0.0,0.0,Control,
2023_Lake_Nature_Kidney|DKD2910013,0.3025210084033613,0.0,0.6722689075630253,0.025210084033613446,0.0,0.0,0.0,0.0,Non-malignant disease,
2022_Dominguez-Conde_Science_CellTypist|CZINY-0063,0.5263157894736842,0.0,0.09868421052631579,0.0,0.0,0.09539473684210527,0.27960526315789475,0.0,Control,
2021_Ren_Cell_COVID|S-S013,0.6967741935483871,0.0,0.08870967741935484,0.0,0.21451612903225806,0.0,0.0,0.0,Non-malignant disease,
2021_Stephenson_NatMed_COVID19|BGCV05_CV0929,0.8553459119496856,0.006289308176100629,0.13836477987421383,0.0,0.0,0.0,0.0,0.0,Control,
2023_Fonseca_NatGenet_Endometriosis|sample8,0.3656716417910448,0.0,0.0,0.0,0.5970149253731343,0.0,0.0,0.03731343283582089,Control,
2023_Terekhova_Immunity_PBMC|B14,0.8621621621621621,0.0,0.0972972972972973,0.04054054054054054,0.0,0.0,0.0,0.0,Control,
2021_Stephenson_NatMed_COVID19|AP12,0.7603911980440098,0.2396088019559902,0.0,0.0,0.0,0.0,0.0,0.0,Non-malignant disease,
2023_Terekhova_Immunity_PBMC|S02,0.9172733289212442,0.0,0.0827266710787558,0.0,0.0,0.0,0.0,0.0,Control,
2023_Terekhova_Immunity_PBMC|M26,0.6996699669966997,0.0,0.15841584158415842,0.056105610561056105,0.0858085808580858,0.0,0.0,0.0,Control,
2021_Zheng_Science_TIL|ESCA_P20181123_N,0.0,0.0,0.0,0.0,0.9701492537313433,0.029850746268656716,0.0,0.0,Cancer_AdjNorm,ESCA
2022_TabulaSapiens_Science_TabulaSapiens|TSP2_Spleen_nan_smartseq2,0.056818181818181816,0.0,0.056818181818181816,0.0,0.125,0.7386363636363636,0.022727272727272728,0.0,Control,
2021_Ren_Cell_COVID|S-S036-2,0.9684813753581661,0.0,0.03151862464183381,0.0,0.0,0.0,0.0,0.0,Non-malignant disease,
2021_Zheng_Science_TIL|KIDNEY_P20181224_N,0.0,0.0,0.5585284280936454,0.0,0.3277591973244147,0.11371237458193979,0.0,0.0,Cancer_AdjNorm,RCC
2021_Stephenson_NatMed_COVID19|BGCV09_CV0171,0.9692307692307692,0.0,0.0,0.0,0.03076923076923077,0.0,0.0,0.0,Non-malignant disease,
2021_Ren_Cell_COVID|S-S069-3,0.11397058823529412,0.0,0.0,0.022058823529411766,0.027573529411764705,0.29411764705882354,0.5422794117647058,0.0,Non-malignant disease,
2023_Terekhova_Immunity_PBMC|FD06,0.9427374301675978,0.027932960893854747,0.029329608938547486,0.0,0.0,0.0,0.0,0.0,Control,
2021_Ren_Cell_COVID|S-S005-2,0.0,0.0,0.0,0.0,0.18012422360248448,0.0,0.8198757763975155,0.0,Non-malignant disease,
2022_Kumar_CancerDis_Gastric|GSM5573505_sample40,0.0,0.0,0.0,0.0,0.492600422832981,0.06765327695560254,0.12896405919661733,0.3107822410147992,Cancer_Tumor,GC
2023_Kumar_Nature_Breast|hbca_c02,0.28888888888888886,0.0,0.15555555555555556,0.0,0.18888888888888888,0.13333333333333333,0.23333333333333334,0.0,Cancer_Tumor,BRCA
2021_Ren_Cell_COVID|S-M070,0.7662517289073306,0.07053941908713693,0.1355463347164592,0.027662517289073305,0.0,0.0,0.0,0.0,Non-malignant disease,
2023_Fonseca_NatGenet_Endometriosis|sample31,0.0,0.0,0.0,0.0,0.90625,0.0,0.0,0.09375,Control,
2022_Gur_Cell_Sceleroderma|GSM5837664_AB9113,0.9479166666666666,0.0,0.052083333333333336,0.0,0.0,0.0,0.0,0.0,Non-malignant disease,
2023_Terekhova_Immunity_PBMC|FC06,0.837752808988764,0.04404494382022472,0.09842696629213483,0.019775280898876403,0.0,0.0,0.0,0.0,Control,
2021_Pelka_Cell_CRC|C112_T_0_1_1_c1_v2,0.22727272727272727,0.0,0.0,0.0,0.20454545454545456,0.32954545454545453,0.23863636363636365,0.0,Cancer_Tumor,CRC
2022_Kumar_CancerDis_Gastric|GSM5573469_sample4,0.0,0.0,0.0,0.0,0.25,0.19444444444444445,0.027777777777777776,0.5277777777777778,Cancer_AdjNorm,GC
2023_Terekhova_Immunity_PBMC|E09,0.6225806451612903,0.0,0.2645161290322581,0.1032258064516129,0.0,0.00967741935483871,0.0,0.0,Control,
Sarah2019|MS176_CI,1.0,0.0,0.0,0.0,0.0,0.0,0.0,0.0,Non-malignant disease,
2023_Terekhova_Immunity_PBMC|A05,0.6503937007874016,0.014173228346456693,0.30393700787401573,0.031496062992125984,0.0,0.0,0.0,0.0,Control,
2021_Hao_Cell_Blood|P7_3,0.07709251101321586,0.08472834067547724,0.05947136563876652,0.0,0.7787077826725404,0.0,0.0,0.0,Control,
2022_Gur_Cell_Sceleroderma|GSM5837546_AB8456,1.0,0.0,0.0,0.0,0.0,0.0,0.0,0.0,Non-malignant disease,
2021_Ren_Cell_COVID|S-HC016,0.8342657342657342,0.025174825174825177,0.1020979020979021,0.038461538461538464,0.0,0.0,0.0,0.0,Control,
2021_Zheng_Science_TIL|KIDNEY_P20190919_T,0.17647058823529413,0.0,0.0,0.0,0.0,0.0,0.0,0.8235294117647058,Cancer_Tumor,RCC
2022_TabulaSapiens_Science_TabulaSapiens|TSP2_Blood_nan_10X,0.9799581735796444,0.0033112582781456954,0.013419309864064134,0.0033112582781456954,0.0,0.0,0.0,0.0,Control,
2020_Adams_SciAdv_IPF|192C-a,0.0,0.0,0.0,0.0,0.0,0.0,1.0,0.0,Control,
2023_Terekhova_Immunity_PBMC|H18,0.5275490816972768,0.3584547181760608,0.09373020899303357,0.02026599113362888,0.0,0.0,0.0,0.0,Control,
2023_Terekhova_Immunity_PBMC|A34,0.8992,0.0104,0.0688,0.0216,0.0,0.0,0.0,0.0,Control,
2022_Dominguez-Conde_Science_CellTypist|CZINY-0109,0.8326848249027238,0.0,0.0,0.0,0.0,0.16731517509727625,0.0,0.0,Control,
2022_Madissoon_NatGenet_Lung|5841STDY7991475,0.33980582524271846,0.04854368932038835,0.36893203883495146,0.02912621359223301,0.0,0.13592233009708737,0.05825242718446602,0.019417475728155338,Control,
2021_Stephenson_NatMed_COVID19|AP8,0.3442028985507246,0.6557971014492754,0.0,0.0,0.0,0.0,0.0,0.0,Non-malignant disease,
2022_Perez_Science_SLE|dmx_YE_7-20,0.7731530504194836,0.14058809155331106,0.08300073307811355,0.0032581249490917976,0.0,0.0,0.0,0.0,Control,
2022_Gur_Cell_Sceleroderma|GSM5837548_AB8458,1.0,0.0,0.0,0.0,0.0,0.0,0.0,0.0,Non-malignant disease,
2023_Terekhova_Immunity_PBMC|D17,0.9503424657534246,0.0,0.04965753424657534,0.0,0.0,0.0,0.0,0.0,Control,
2021_Ren_Cell_COVID|S-M003-1,0.0,0.0,0.0,0.0,0.8133333333333334,0.0,0.0,0.18666666666666668,Non-malignant disease,
2021_Ren_Cell_COVID|S-S037,0.7722222222222223,0.0,0.0,0.0,0.18888888888888888,0.025,0.011111111111111112,0.002777777777777778,Non-malignant disease,
2023_Terekhova_Immunity_PBMC|A36,0.7853107344632768,0.0,0.13559322033898305,0.07909604519774012,0.0,0.0,0.0,0.0,Control,
2021_Ren_Cell_COVID|S-S071-2,0.20491803278688525,0.7540983606557377,0.0,0.0,0.0,0.040983606557377046,0.0,0.0,Non-malignant disease,
2021_Pelka_Cell_CRC|C137_T_1_1_1_c1_v2,0.07575757575757576,0.0,0.0,0.0,0.6060606060606061,0.10606060606060606,0.13636363636363635,0.07575757575757576,Cancer_Tumor,CRC
2021_Hao_Cell_Blood|P3_5,0.6876494023904383,0.07569721115537849,0.18087649402390438,0.055776892430278883,0.0,0.0,0.0,0.0,Control,
2021_Stephenson_NatMed_COVID19|MH9143371,0.5569804721655494,0.4430195278344506,0.0,0.0,0.0,0.0,0.0,0.0,Non-malignant disease,
2023_Terekhova_Immunity_PBMC|T22,0.7886819484240688,0.0673352435530086,0.10458452722063037,0.03939828080229226,0.0,0.0,0.0,0.0,Control,
2021_Wu_NatGenet_Breast|CID45171,0.24615384615384617,0.046153846153846156,0.4461538461538462,0.0,0.1076923076923077,0.15384615384615385,0.0,0.0,Cancer_Tumor,BRCA
2020_Adams_SciAdv_IPF|145I-a,0.0,0.0,0.1865671641791045,0.0,0.0,0.14676616915422885,0.6567164179104478,0.009950248756218905,Non-malignant disease,
2020_Adams_SciAdv_IPF|253C,0.0,0.0,0.05181347150259067,0.0,0.0,0.3626943005181347,0.5854922279792746,0.0,Control,
2022_Guilliams_Cell_Liver|CS126,0.5023255813953489,0.0,0.42093023255813955,0.05813953488372093,0.018604651162790697,0.0,0.0,0.0,Non-malignant disease,
2023_Terekhova_Immunity_PBMC|M29,0.783410138248848,0.03225806451612903,0.141321044546851,0.043010752688172046,0.0,0.0,0.0,0.0,Control,
2023_Wang_SciAdv_CRC|s0115_Liver_AdjNorm,0.46296296296296297,0.0,0.12962962962962962,0.018518518518518517,0.2037037037037037,0.0,0.0,0.18518518518518517,Cancer_AdjNorm,CRC
2020_Adams_SciAdv_IPF|053I,0.017543859649122806,0.0,0.2807017543859649,0.0,0.12280701754385964,0.05263157894736842,0.5263157894736842,0.0,Non-malignant disease,
2021_Ren_Cell_COVID|S-S001-2,0.037037037037037035,0.0,0.0,0.0,0.5802469135802469,0.037037037037037035,0.345679012345679,0.0,Non-malignant disease,
2022_Perez_Science_SLE|dmx_count_AH7TNHDMXX_YE_8-30,0.8573922704547258,0.01904610745178954,0.10602333148162844,0.017538290611856203,0.0,0.0,0.0,0.0,Control,
2022_Gur_Cell_Sceleroderma|GSM5837219_AB6851,0.9041095890410958,0.0,0.0958904109589041,0.0,0.0,0.0,0.0,0.0,Non-malignant disease,
2023_Terekhova_Immunity_PBMC|G18,0.78099173553719,0.0,0.2190082644628099,0.0,0.0,0.0,0.0,0.0,Control,
2021_Szabo_Immunity_COVID19|COV022_respiratory_airway_2days,0.025522041763341066,0.0,0.0,0.0,0.404292343387471,0.1525522041763341,0.3822505800464037,0.03538283062645012,Non-malignant disease,
2021_Cheng_Cell_Myeloid|UCEC-P20190717-N,0.0,0.0,0.0,0.0,0.7023809523809523,0.27380952380952384,0.023809523809523808,0.0,Cancer_AdjNorm,EC
2022_TabulaSapiens_Science_TabulaSapiens|TSP14_Bone_Marrow_nan_10X,0.75,0.0,0.0,0.0,0.0,0.235,0.0,0.015,Control,
2022_TabulaSapiens_Science_TabulaSapiens|TSP8_Blood_nan_10X,0.9244186046511628,0.0,0.0,0.011627906976744186,0.0,0.06395348837209303,0.0,0.0,Control,
2021_Stephenson_NatMed_COVID19|BGCV14_CV0284,0.8110236220472441,0.0,0.14960629921259844,0.0,0.03937007874015748,0.0,0.0,0.0,Non-malignant disease,
2022_Dominguez-Conde_Science_CellTypist|CZINY-0101,0.7895791583166333,0.0,0.0,0.0,0.0,0.19438877755511022,0.01002004008016032,0.006012024048096192,Control,
2022_Guilliams_Cell_Liver|CS85,0.6575091575091575,0.04212454212454213,0.1446886446886447,0.14652014652014653,0.009157509157509158,0.0,0.0,0.0,Cancer_Metastasis,CRC
2020_Adams_SciAdv_IPF|137C-b,0.0,0.0,0.00819672131147541,0.0,0.0,0.02459016393442623,0.9672131147540983,0.0,Control,
2021_Stephenson_NatMed_COVID19|MH9179824,0.9458424507658644,0.02024070021881838,0.018599562363238512,0.015317286652078774,0.0,0.0,0.0,0.0,Non-malignant disease,
2021_Pelka_Cell_CRC|C158_T_1_1_0_c1_v3,0.07142857142857142,0.0,0.0,0.0,0.02857142857142857,0.0,0.8857142857142857,0.014285714285714285,Cancer_Tumor,CRC
2021_Cheng_Cell_Myeloid|UCEC-P20190910-N,0.0,0.028037383177570093,0.13551401869158877,0.0,0.26635514018691586,0.2897196261682243,0.2803738317757009,0.0,Cancer_AdjNorm,EC
2022_Dominguez-Conde_Science_CellTypist|CZI-IA10466283+CZI-IA10466379,0.019230769230769232,0.0,0.0673076923076923,0.0,0.3942307692307692,0.5192307692307693,0.0,0.0,Control,
2020_Adams_SciAdv_IPF|052CO-a,0.00392156862745098,0.0,0.3137254901960784,0.0,0.0,0.4980392156862745,0.17647058823529413,0.00784313725490196,Non-malignant disease,
2022_Guilliams_Cell_Liver|CS83,0.43529411764705883,0.1,0.20588235294117646,0.2529411764705882,0.0058823529411764705,0.0,0.0,0.0,Non-malignant disease,
2022_Gur_Cell_Sceleroderma|GSM5837502_AB8041,1.0,0.0,0.0,0.0,0.0,0.0,0.0,0.0,Non-malignant disease,
2023_Hirz_NatComm_Prostate|GSM5494378_SCG-PCA22-N-HG,0.01818181818181818,0.0,0.0,0.0,0.0,0.2909090909090909,0.03636363636363636,0.6545454545454545,Cancer_AdjNorm,PRC
2022_Gur_Cell_Sceleroderma|GSM5837228_AB6860,0.8113207547169812,0.0,0.18867924528301888,0.0,0.0,0.0,0.0,0.0,Non-malignant disease,
2021_Hao_Cell_Blood|P6_5,0.5602957906712173,0.28668941979522183,0.10637087599544938,0.04664391353811149,0.0,0.0,0.0,0.0,Control,
2021_Cheng_Cell_Myeloid|RC-P20181224-N,0.0,0.0,0.47560975609756095,0.0,0.3475609756097561,0.14329268292682926,0.0,0.03353658536585366,Cancer_AdjNorm,RCC
2023_Terekhova_Immunity_PBMC|G15,0.8969072164948454,0.030927835051546393,0.07216494845360824,0.0,0.0,0.0,0.0,0.0,Control,
2021_Zheng_Science_TIL|ESCA_P20190410_N,0.08695652173913043,0.0,0.0,0.0,0.5797101449275363,0.3333333333333333,0.0,0.0,Cancer_AdjNorm,ESCA
2020_Litvinukova_Nature_Heart|HCAHeart8102861,0.08588957055214724,0.0,0.0,0.0,0.0036809815950920245,0.3852760736196319,0.0,0.5251533742331288,Control,
2022_Gur_Cell_Sceleroderma|GSM5837562_AB8476,0.8387096774193549,0.0,0.16129032258064516,0.0,0.0,0.0,0.0,0.0,Non-malignant disease,
2023_Wang_SciAdv_CRC|s1125_Liver_AdjNorm,0.19931271477663232,0.0,0.030927835051546393,0.0,0.13745704467353953,0.5670103092783505,0.030927835051546393,0.03436426116838488,Cancer_AdjNorm,CRC
2022_Gur_Cell_Sceleroderma|GSM5837429_AB7768,0.9090909090909091,0.03409090909090909,0.056818181818181816,0.0,0.0,0.0,0.0,0.0,Non-malignant disease,
2023_Terekhova_Immunity_PBMC|P05,0.9007832898172323,0.0,0.08877284595300261,0.010443864229765013,0.0,0.0,0.0,0.0,Control,
2020_Adams_SciAdv_IPF|184CO-b,0.0,0.0,0.4977168949771689,0.0,0.0,0.4360730593607306,0.06621004566210045,0.0,Non-malignant disease,
2023_Terekhova_Immunity_PBMC|B12,0.6073113207547169,0.018867924528301886,0.3466981132075472,0.027122641509433963,0.0,0.0,0.0,0.0,Control,
2022_Madissoon_NatGenet_Lung|WTDAtest7732265,0.875,0.0,0.08333333333333333,0.03571428571428571,0.0,0.0,0.005952380952380952,0.0,Control,
2021_Ren_Cell_COVID|S-S018,0.899245159172957,0.09156547423695438,0.009189366590088613,0.0,0.0,0.0,0.0,0.0,Non-malignant disease,
2021_Stephenson_NatMed_COVID19|MH9143271,0.9834109429569267,0.0,0.012223515715948778,0.004365541327124563,0.0,0.0,0.0,0.0,Non-malignant disease,
2021_Ren_Cell_COVID|S-M051,0.9276974416017798,0.0,0.059510567296996664,0.012791991101223582,0.0,0.0,0.0,0.0,Non-malignant disease,
2021_Zheng_Science_TIL|ESCA_P20190411_N,0.24534686971235195,0.0,0.0,0.0,0.6159052453468697,0.11844331641285956,0.0,0.02030456852791878,Cancer_AdjNorm,ESCA
2021_Stephenson_NatMed_COVID19|BGCV01_CV0902,0.7966101694915254,0.0,0.13559322033898305,0.0,0.06779661016949153,0.0,0.0,0.0,Control,
2020_Litvinukova_Nature_Heart|HCAHeart7844003,0.2631578947368421,0.0,0.03007518796992481,0.0,0.06766917293233082,0.14285714285714285,0.007518796992481203,0.48872180451127817,Control,
2021_Stephenson_NatMed_COVID19|BGCV12_CV0178,0.9789915966386554,0.0,0.0,0.0,0.02100840336134454,0.0,0.0,0.0,Non-malignant disease,
2023_Fonseca_NatGenet_Endometriosis|sample26,0.28,0.0,0.0,0.0,0.36,0.10666666666666667,0.013333333333333334,0.24,Non-malignant disease,
2022_Perez_Science_SLE|dmx_YE_8-3,0.6631727474299537,0.206275616475173,0.11529933481152993,0.015252301283343412,0.0,0.0,0.0,0.0,Non-malignant disease,
2023_Terekhova_Immunity_PBMC|G31,0.8385826771653543,0.02080989876265467,0.11811023622047244,0.02249718785151856,0.0,0.0,0.0,0.0,Control,
2023_Terekhova_Immunity_PBMC|A29,0.8460161145926589,0.046553267681289166,0.08415398388540735,0.023276633840644583,0.0,0.0,0.0,0.0,Control,
2023_Terekhova_Immunity_PBMC|A01,0.8733766233766234,0.0,0.1266233766233766,0.0,0.0,0.0,0.0,0.0,Control,
2022_Gur_Cell_Sceleroderma|GSM5837467_AB7896,0.9454545454545454,0.0,0.05454545454545454,0.0,0.0,0.0,0.0,0.0,Control,
2021_Szabo_Immunity_COVID19|COV028_blood_4days,0.9830508474576272,0.0,0.01694915254237288,0.0,0.0,0.0,0.0,0.0,Non-malignant disease,
2022_Dominguez-Conde_Science_CellTypist|Pan_T8986829,0.584375,0.325,0.0125,0.0125,0.0,0.0,0.0125,0.053125,Control,
2022_Gur_Cell_Sceleroderma|GSM5837530_AB8326,0.9222222222222223,0.0,0.07777777777777778,0.0,0.0,0.0,0.0,0.0,Non-malignant disease,
2022_Madissoon_NatGenet_Lung|WSSS_A_LNG8620063,0.2131979695431472,0.0,0.6345177664974619,0.025380710659898477,0.0,0.1218274111675127,0.0,0.005076142131979695,Control,
2023_Terekhova_Immunity_PBMC|S14,0.8313817330210773,0.00234192037470726,0.14754098360655737,0.01873536299765808,0.0,0.0,0.0,0.0,Control,
2023_Terekhova_Immunity_PBMC|B20,0.7942122186495176,0.01822079314040729,0.18756698821007503,0.0,0.0,0.0,0.0,0.0,Control,
2021_Ren_Cell_COVID|S-S017,0.7998885172798216,0.05741360089186176,0.12207357859531773,0.020624303232998884,0.0,0.0,0.0,0.0,Non-malignant disease,
2021_Ren_Cell_COVID|S-S019,0.9372253609541745,0.015065913370998116,0.009416195856873822,0.0,0.038292529817953544,0.0,0.0,0.0,Non-malignant disease,
2023_Terekhova_Immunity_PBMC|K14,0.7488938053097345,0.032079646017699116,0.18584070796460178,0.033185840707964605,0.0,0.0,0.0,0.0,Control,
2020_Adams_SciAdv_IPF|221I-a,0.17842323651452283,0.0,0.21991701244813278,0.0,0.0,0.2572614107883817,0.34439834024896265,0.0,Non-malignant disease,
2022_Perez_Science_SLE|dmx_YS-JY-20_pool4,0.7778315585672798,0.1187940810399668,0.09265661734199972,0.0107177430507537,0.0,0.0,0.0,0.0,Non-malignant disease,
2023_Terekhova_Immunity_PBMC|N16,0.8987993138936535,0.0,0.07547169811320754,0.025728987993138937,0.0,0.0,0.0,0.0,Control,
2022_TabulaSapiens_Science_TabulaSapiens|TSP6_Trachea_nan_10X,0.0,0.0,0.05747126436781609,0.0,0.45977011494252873,0.3218390804597701,0.16091954022988506,0.0,Control,
2022_Dominguez-Conde_Science_CellTypist|CZINY-0112,0.8245967741935484,0.0,0.0,0.0,0.0,0.14717741935483872,0.028225806451612902,0.0,Control,
2021_Zheng_Science_TIL|THCA_P20190125_T,0.0,0.0,0.07758620689655173,0.0,0.8362068965517241,0.07758620689655173,0.008620689655172414,0.0,Cancer_Tumor,THCA
2023_Fonseca_NatGenet_Endometriosis|sample39,0.0,0.0,0.0,0.0,0.37254901960784315,0.058823529411764705,0.0,0.5686274509803921,Non-malignant disease,
2022_Dominguez-Conde_Science_CellTypist|CZI-IA10471909+CZI-IA10472005,0.24311926605504589,0.0,0.0,0.0,0.0,0.14678899082568808,0.0,0.6100917431192661,Control,
2021_Stephenson_NatMed_COVID19|MH9143273,1.0,0.0,0.0,0.0,0.0,0.0,0.0,0.0,Non-malignant disease,
2023_Terekhova_Immunity_PBMC|K02,0.8252427184466019,0.0,0.17475728155339806,0.0,0.0,0.0,0.0,0.0,Control,
2023_Terekhova_Immunity_PBMC|FH02,0.7474048442906575,0.0,0.25259515570934254,0.0,0.0,0.0,0.0,0.0,Control,
2021_Ren_Cell_COVID|S-M037,0.47770700636942676,0.0,0.1178343949044586,0.025477707006369428,0.012738853503184714,0.050955414012738856,0.31528662420382164,0.0,Non-malignant disease,
2021_Cheng_Cell_Myeloid|OV-P20190304-N,0.056338028169014086,0.0,0.11267605633802817,0.0,0.704225352112676,0.014084507042253521,0.07042253521126761,0.04225352112676056,Cancer_AdjNorm,OV-FTC
2022_Perez_Science_SLE|dmx_YE_7-19,0.3992956691143414,0.4992507118237674,0.09268694739997003,0.008766671661921174,0.0,0.0,0.0,0.0,Non-malignant disease,
2022_Dominguez-Conde_Science_CellTypist|CZI-IA10466282+CZI-IA10466378,0.0,0.0,0.1968503937007874,0.0,0.2677165354330709,0.5196850393700787,0.007874015748031496,0.007874015748031496,Control,
2021_Ren_Cell_COVID|S-S036-3,0.9090909090909091,0.0,0.09090909090909091,0.0,0.0,0.0,0.0,0.0,Non-malignant disease,
2022_Dominguez-Conde_Science_CellTypist|Pan_T7917819,0.2865671641791045,0.0,0.0,0.0,0.0,0.0,0.0,0.7134328358208956,Control,
2023_Terekhova_Immunity_PBMC|FC03,0.8422205989773557,0.04382761139517896,0.1139517896274653,0.0,0.0,0.0,0.0,0.0,Control,
2021_Ren_Cell_COVID|S-M074-2,0.17587430309173846,0.7622909275215408,0.06183476938672073,0.0,0.0,0.0,0.0,0.0,Non-malignant disease,
2020_Adams_SciAdv_IPF|092C,0.05555555555555555,0.0,0.05555555555555555,0.0,0.0,0.16666666666666666,0.7222222222222222,0.0,Control,
2022_Madissoon_NatGenet_Lung|WSSS_A_LNG8620061,0.6534653465346535,0.009900990099009901,0.27722772277227725,0.019801980198019802,0.009900990099009901,0.0297029702970297,0.0,0.0,Control,
2022_Gur_Cell_Sceleroderma|GSM5837514_AB8053,0.8831168831168831,0.0,0.09090909090909091,0.025974025974025976,0.0,0.0,0.0,0.0,Non-malignant disease,
2021_Ren_Cell_COVID|S-M034,0.06796116504854369,0.9320388349514563,0.0,0.0,0.0,0.0,0.0,0.0,Non-malignant disease,
2020_Adams_SciAdv_IPF|194CO-a,0.08571428571428572,0.011428571428571429,0.3942857142857143,0.0,0.0,0.26857142857142857,0.22285714285714286,0.017142857142857144,Non-malignant disease,
2023_Terekhova_Immunity_PBMC|H20,0.8070652173913043,0.024456521739130436,0.16847826086956522,0.0,0.0,0.0,0.0,0.0,Control,
2023_Terekhova_Immunity_PBMC|M38,0.9274891774891775,0.0,0.04329004329004329,0.02922077922077922,0.0,0.0,0.0,0.0,Control,
2022_Gur_Cell_Sceleroderma|GSM5837599_AB8682,1.0,0.0,0.0,0.0,0.0,0.0,0.0,0.0,Non-malignant disease,
2021_Zheng_Science_TIL|UCEC_P20181122_N,0.0234375,0.0,0.078125,0.0,0.7578125,0.0,0.015625,0.125,Cancer_AdjNorm,EC
2021_Stephenson_NatMed_COVID19|newcastle74,0.6721804511278195,0.0,0.2857142857142857,0.042105263157894736,0.0,0.0,0.0,0.0,Control,
2022_TabulaSapiens_Science_TabulaSapiens|TSP10_Fat_MAT_10X,0.0,0.0,0.0,0.0,0.14166666666666666,0.525,0.0,0.3333333333333333,Control,
2023_Terekhova_Immunity_PBMC|FB05,0.8838709677419355,0.0,0.11612903225806452,0.0,0.0,0.0,0.0,0.0,Control,
2020_Adams_SciAdv_IPF|225I-a,0.0,0.0,0.13119533527696792,0.0,0.0058309037900874635,0.09037900874635568,0.7725947521865889,0.0,Non-malignant disease,
2023_Terekhova_Immunity_PBMC|B01,0.7636363636363637,0.0,0.20909090909090908,0.02727272727272727,0.0,0.0,0.0,0.0,Control,
2021_Zheng_Science_TIL|THCA_P20190118_T,0.0,0.0,0.18791946308724833,0.0,0.7718120805369127,0.040268456375838924,0.0,0.0,Cancer_Tumor,THCA
2022_Dominguez-Conde_Science_CellTypist|Pan_T7991594,0.046511627906976744,0.2441860465116279,0.046511627906976744,0.0,0.10465116279069768,0.5116279069767442,0.046511627906976744,0.0,Control,
2020_Adams_SciAdv_IPF|177I,0.29337539432176657,0.0,0.35331230283911674,0.0,0.0,0.19242902208201892,0.1608832807570978,0.0,Non-malignant disease,
2020_Adams_SciAdv_IPF|040I,0.0,0.0,0.0,0.0,0.0,0.18867924528301888,0.8113207547169812,0.0,Non-malignant disease,
2023_Terekhova_Immunity_PBMC|K11,0.8615751789976134,0.014319809069212411,0.12410501193317422,0.0,0.0,0.0,0.0,0.0,Control,
2021_Zheng_Science_TIL|UCEC_P20190911_T,0.0,0.047619047619047616,0.02513227513227513,0.0,0.23148148148148148,0.0,0.6798941798941799,0.015873015873015872,Cancer_Tumor,EC
2022_Guilliams_Cell_Liver|CS33,0.45390070921985815,0.2872340425531915,0.04609929078014184,0.06382978723404255,0.0,0.09219858156028368,0.0070921985815602835,0.04964539007092199,Cancer_Metastasis,CRC
2022_Dominguez-Conde_Science_CellTypist|Pan_T7935492,0.05555555555555555,0.0,0.06349206349206349,0.0,0.3253968253968254,0.1865079365079365,0.3333333333333333,0.03571428571428571,Control,
2023_Terekhova_Immunity_PBMC|A24,0.9430051813471503,0.0,0.03454231433506045,0.0,0.022452504317789293,0.0,0.0,0.0,Control,
2022_Gur_Cell_Sceleroderma|GSM5837203_AB6688,0.9324324324324325,0.0,0.04054054054054054,0.02702702702702703,0.0,0.0,0.0,0.0,Control,
2020_Adams_SciAdv_IPF|208C,0.0,0.0,0.03205128205128205,0.0,0.11538461538461539,0.0,0.8525641025641025,0.0,Control,
2022_Guilliams_Cell_Liver|CS112,0.6862026862026862,0.028083028083028084,0.1855921855921856,0.07203907203907203,0.007326007326007326,0.0,0.020757020757020756,0.0,Non-malignant disease,
2021_Ren_Cell_COVID|S-S071-1,0.24867724867724866,0.05291005291005291,0.0,0.0,0.010582010582010581,0.0,0.6878306878306878,0.0,Non-malignant disease,
2023_Wang_SciAdv_CRC|s0920_Liver_Metastasis,0.0,0.0,0.0,0.0,0.7421875,0.171875,0.0859375,0.0,Cancer_Metastasis,CRC
2022_Perez_Science_SLE|dmx_YE_8-23,0.6647794672705705,0.273913512347676,0.06130702038175348,0.0,0.0,0.0,0.0,0.0,Non-malignant disease,
2022_Dominguez-Conde_Science_CellTypist|CZI-IA10471910+CZI-IA10472006,0.26,0.0,0.0,0.0,0.0,0.17,0.035,0.535,Control,
2021_Cheng_Cell_Myeloid|UCEC-P20190305-T,0.0,0.0,0.0,0.0,0.7446808510638298,0.0,0.2553191489361702,0.0,Cancer_Tumor,EC
2021_Zheng_Science_TIL|THCA_P20190122_T,0.0,0.0,0.0,0.0,1.0,0.0,0.0,0.0,Cancer_Tumor,THCA
2021_Ren_Cell_COVID|S-S032-1,0.7978723404255319,0.1595744680851064,0.0,0.0425531914893617,0.0,0.0,0.0,0.0,Non-malignant disease,
2022_Gur_Cell_Sceleroderma|GSM5837451_AB7866,1.0,0.0,0.0,0.0,0.0,0.0,0.0,0.0,Non-malignant disease,
2023_Terekhova_Immunity_PBMC|H03,0.8477508650519031,0.02768166089965398,0.1245674740484429,0.0,0.0,0.0,0.0,0.0,Control,
2023_Terekhova_Immunity_PBMC|D13,0.8037974683544303,0.020253164556962026,0.14177215189873418,0.03417721518987342,0.0,0.0,0.0,0.0,Control,
2023_Terekhova_Immunity_PBMC|L24,0.7658760520275439,0.08798775822494262,0.07498087222647284,0.07115531752104055,0.0,0.0,0.0,0.0,Control,
2021_Ren_Cell_COVID|S-M038,0.8760330578512396,0.0,0.08925619834710743,0.0,0.0,0.0,0.0,0.03471074380165289,Non-malignant disease,
2023_Terekhova_Immunity_PBMC|K04,0.8013245033112583,0.006622516556291391,0.15610217596972564,0.019867549668874173,0.013245033112582781,0.0,0.002838221381267739,0.0,Control,
2021_Pelka_Cell_CRC|C160_T_1_1_0_c1_v3,0.1,0.0,0.0,0.0,0.68,0.0,0.18,0.04,Cancer_Tumor,CRC
2021_Hao_Cell_Blood|P8_5,0.798219584569733,0.027893175074183978,0.08724035608308606,0.0,0.08664688427299704,0.0,0.0,0.0,Non-malignant disease,
2020_Adams_SciAdv_IPF|388C,0.0,0.0,0.0,0.0,0.056910569105691054,0.0,0.943089430894309,0.0,Control,
2022_Dominguez-Conde_Science_CellTypist|CZINY-0055,0.5481283422459893,0.0,0.07219251336898395,0.016042780748663103,0.0,0.12032085561497326,0.24331550802139038,0.0,Control,
2023_Fonseca_NatGenet_Endometriosis|sample11,0.19480519480519481,0.0,0.0,0.0,0.564935064935065,0.03896103896103896,0.0,0.2012987012987013,Non-malignant disease,
2021_Stephenson_NatMed_COVID19|MH8919283,0.7816764132553606,0.0,0.21832358674463936,0.0,0.0,0.0,0.0,0.0,Control,
2022_Madissoon_NatGenet_Lung|WSSS8015051,0.23270440251572327,0.018867924528301886,0.07547169811320754,0.08176100628930817,0.05660377358490566,0.33962264150943394,0.16352201257861634,0.031446540880503145,Control,
2021_Ren_Cell_COVID|S-M041-1,0.04406779661016949,0.9559322033898305,0.0,0.0,0.0,0.0,0.0,0.0,Non-malignant disease,
2021_Pal_EMBO_Breast|GSM4909266_N-MH0169-Total,0.0,0.0,0.0,0.0,0.9107142857142857,0.0,0.07142857142857142,0.017857142857142856,Control,
2020_Adams_SciAdv_IPF|218C-a,0.0,0.0,0.0,0.0,0.0,0.006369426751592357,0.9936305732484076,0.0,Control,
2021_Ren_Cell_COVID|S-M048,0.7457351746547523,0.2445166531275386,0.0,0.00974817221770918,0.0,0.0,0.0,0.0,Non-malignant disease,
2022_Dominguez-Conde_Science_CellTypist|CZINY-0054,0.5655737704918032,0.0,0.07650273224043716,0.0,0.0,0.1721311475409836,0.16939890710382513,0.01639344262295082,Control,
2022_TabulaSapiens_Science_TabulaSapiens|TSP14_Lymph_Node_nan_10X,0.0,0.0,0.0,0.0,0.25,0.7352941176470589,0.0,0.014705882352941176,Control,
2023_Hirz_NatComm_Prostate|GSM5494357_SCG-PCA6-N-HG,0.0,0.0,0.21153846153846154,0.0,0.36538461538461536,0.4230769230769231,0.0,0.0,Cancer_AdjNorm,PRC
2021_Ren_Cell_COVID|S-S029,0.5346003898635477,0.46539961013645226,0.0,0.0,0.0,0.0,0.0,0.0,Non-malignant disease,
2021_Ren_Cell_COVID|S-M019,0.5290858725761773,0.4709141274238227,0.0,0.0,0.0,0.0,0.0,0.0,Non-malignant disease,
2022_Dominguez-Conde_Science_CellTypist|Pan_T7991590,0.09523809523809523,0.6746031746031746,0.0,0.0,0.0,0.2222222222222222,0.0,0.007936507936507936,Control,
2021_Stephenson_NatMed_COVID19|BGCV02_CV0052,0.6730769230769231,0.3269230769230769,0.0,0.0,0.0,0.0,0.0,0.0,Non-malignant disease,
2022_Perez_Science_SLE|dmx_flare1,0.4641936123784963,0.4427692918071811,0.0868875223170006,0.00614957349732196,0.0,0.0,0.0,0.0,Non-malignant disease,
2023_Terekhova_Immunity_PBMC|M24,0.948,0.0,0.044,0.0,0.008,0.0,0.0,0.0,Control,
2021_Ren_Cell_COVID|S-HC014,0.7164855072463768,0.028079710144927536,0.22192028985507245,0.03351449275362319,0.0,0.0,0.0,0.0,Control,
2021_Ren_Cell_COVID|S-M044-2,0.6932773109243697,0.3067226890756303,0.0,0.0,0.0,0.0,0.0,0.0,Non-malignant disease,
2022_Guilliams_Cell_Liver|CS41,0.42237249929557624,0.006198929275852353,0.3448858833474218,0.017469709777402084,0.050154973231896306,0.1530008453085376,0.005917159763313609,0.0,Cancer_Metastasis,CRC
2021_Ren_Cell_COVID|S-M055,0.23435722411831628,0.7155858930602957,0.05005688282138794,0.0,0.0,0.0,0.0,0.0,Non-malignant disease,
2023_Terekhova_Immunity_PBMC|G29,0.8107476635514018,0.0381619937694704,0.0911214953271028,0.05996884735202492,0.0,0.0,0.0,0.0,Control,
2023_Kumar_Nature_Breast|hbca_c57,0.0,0.0,0.10526315789473684,0.0,0.42105263157894735,0.0,0.40789473684210525,0.06578947368421052,Control,
2021_Stephenson_NatMed_COVID19|MH9143421,0.4879032258064516,0.5120967741935484,0.0,0.0,0.0,0.0,0.0,0.0,Non-malignant disease,
2020_Litvinukova_Nature_Heart|HCAHeart7850548,0.005747126436781609,0.13218390804597702,0.022988505747126436,0.0,0.04597701149425287,0.06896551724137931,0.3103448275862069,0.41379310344827586,Control,
2023_Terekhova_Immunity_PBMC|A08,0.6226415094339622,0.009433962264150943,0.3113207547169811,0.02830188679245283,0.02830188679245283,0.0,0.0,0.0,Control,
2023_Terekhova_Immunity_PBMC|N18,0.7382098171318575,0.0,0.24254090471607315,0.019249278152069296,0.0,0.0,0.0,0.0,Control,
2020_Adams_SciAdv_IPF|212I-a,0.0,0.0,0.0,0.0,0.6012861736334405,0.10610932475884244,0.29260450160771706,0.0,Non-malignant disease,
2023_Kong_Immunity_CD|I130084_E,0.1111111111111111,0.0,0.0,0.0,0.48148148148148145,0.0,0.37037037037037035,0.037037037037037035,Non-malignant disease,
2023_Terekhova_Immunity_PBMC|C09,0.796875,0.013671875,0.154296875,0.03515625,0.0,0.0,0.0,0.0,Control,
2022_Madissoon_NatGenet_Lung|WSSS_A_LNG8620059,0.1693121693121693,0.005291005291005291,0.7724867724867724,0.015873015873015872,0.0,0.037037037037037035,0.0,0.0,Control,
2023_Terekhova_Immunity_PBMC|C15,0.8323045267489712,0.01131687242798354,0.12242798353909465,0.033950617283950615,0.0,0.0,0.0,0.0,Control,
2022_Gur_Cell_Sceleroderma|GSM5837334_AB7353,0.9523809523809523,0.0,0.047619047619047616,0.0,0.0,0.0,0.0,0.0,Non-malignant disease,
2023_Terekhova_Immunity_PBMC|FB06,0.6993648553281581,0.0931545518701482,0.20748059280169373,0.0,0.0,0.0,0.0,0.0,Control,
2023_Terekhova_Immunity_PBMC|E16,0.6217360621030346,0.024700070571630206,0.33803810868031053,0.015525758645024701,0.0,0.0,0.0,0.0,Control,
2023_Terekhova_Immunity_PBMC|J16,0.8394711992445704,0.014164305949008499,0.11520302171860246,0.031161473087818695,0.0,0.0,0.0,0.0,Control,
2021_Ren_Cell_COVID|S-S086-2,0.9456118665018541,0.0,0.048619695096827356,0.0,0.0,0.0,0.0057684384013185,0.0,Non-malignant disease,
2023_Terekhova_Immunity_PBMC|E21,0.8328141225337488,0.0,0.13499480789200416,0.032191069574247146,0.0,0.0,0.0,0.0,Control,
2020_Litvinukova_Nature_Heart|HCAHeart7844004,0.7075471698113207,0.0,0.03773584905660377,0.018867924528301886,0.0,0.08490566037735849,0.04716981132075472,0.10377358490566038,Control,
2023_Terekhova_Immunity_PBMC|P13,0.8854568854568855,0.0,0.11454311454311454,0.0,0.0,0.0,0.0,0.0,Control,
2022_Gur_Cell_Sceleroderma|GSM5837358_AB7461,0.9850746268656716,0.0,0.014925373134328358,0.0,0.0,0.0,0.0,0.0,Non-malignant disease,
2023_Terekhova_Immunity_PBMC|G24,0.9135254988913526,0.0,0.07538802660753881,0.0,0.0066518847006651885,0.0,0.004434589800443459,0.0,Control,
2023_Terekhova_Immunity_PBMC|M15,0.8567222767419038,0.03140333660451423,0.11187438665358194,0.0,0.0,0.0,0.0,0.0,Control,
2022_Gur_Cell_Sceleroderma|GSM5837644_AB8942,1.0,0.0,0.0,0.0,0.0,0.0,0.0,0.0,Control,
2023_Wang_SciAdv_CRC|s1231_Liver_AdjNorm,0.2923076923076923,0.06153846153846154,0.046153846153846156,0.0,0.24615384615384617,0.25384615384615383,0.038461538461538464,0.06153846153846154,Cancer_AdjNorm,CRC
2022_Gur_Cell_Sceleroderma|GSM5837568_AB8482,0.9357798165137615,0.0,0.06422018348623854,0.0,0.0,0.0,0.0,0.0,Non-malignant disease,
2021_Stephenson_NatMed_COVID19|BGCV02_CV0059,0.8947368421052632,0.07017543859649122,0.0,0.0,0.03508771929824561,0.0,0.0,0.0,Non-malignant disease,
2021_Zheng_Science_TIL|UCEC_P20190717_N,0.0,0.0,0.0,0.0,0.7419354838709677,0.25806451612903225,0.0,0.0,Cancer_AdjNorm,EC
2022_TabulaSapiens_Science_TabulaSapiens|TSP2_Lymph_Node_nan_10X,0.2727272727272727,0.0,0.04132231404958678,0.0,0.14049586776859505,0.4628099173553719,0.0,0.08264462809917356,Control,
2022_Madissoon_NatGenet_Lung|WSSS8123927,0.036585365853658534,0.0,0.32926829268292684,0.0,0.0,0.35365853658536583,0.036585365853658534,0.24390243902439024,Control,
2023_Terekhova_Immunity_PBMC|D02,0.8552036199095022,0.0,0.13499245852187028,0.00980392156862745,0.0,0.0,0.0,0.0,Control,
2021_Ren_Cell_COVID|S-S042,0.23222748815165878,0.0,0.0,0.0,0.13744075829383887,0.6303317535545023,0.0,0.0,Non-malignant disease,
2023_Terekhova_Immunity_PBMC|D22,0.8695652173913043,0.015345268542199489,0.11508951406649616,0.0,0.0,0.0,0.0,0.0,Control,
2023_Terekhova_Immunity_PBMC|C02,0.7341040462427746,0.0,0.21965317919075145,0.046242774566473986,0.0,0.0,0.0,0.0,Control,
2021_Szabo_Immunity_COVID19|COV026_blood_4days,0.9323076923076923,0.0,0.06769230769230769,0.0,0.0,0.0,0.0,0.0,Non-malignant disease,
2023_Terekhova_Immunity_PBMC|N04,0.8738574040219378,0.0,0.12614259597806216,0.0,0.0,0.0,0.0,0.0,Control,
2023_Kumar_Nature_Breast|hbca_c40,0.045454545454545456,0.0,0.5681818181818182,0.0,0.09090909090909091,0.2840909090909091,0.011363636363636364,0.0,Cancer_Tumor,BRCA
2022_Gur_Cell_Sceleroderma|GSM5837342_AB7361,1.0,0.0,0.0,0.0,0.0,0.0,0.0,0.0,Non-malignant disease,
2020_Adams_SciAdv_IPF|041I-b,0.0,0.0,0.1686746987951807,0.0,0.0,0.1566265060240964,0.6746987951807228,0.0,Non-malignant disease,
2023_Fonseca_NatGenet_Endometriosis|sample21,0.0,0.0,0.0,0.0,0.8765432098765432,0.0,0.06172839506172839,0.06172839506172839,Non-malignant disease,
2022_Gur_Cell_Sceleroderma|GSM5837522_AB8318,0.8554216867469879,0.0,0.14457831325301204,0.0,0.0,0.0,0.0,0.0,Non-malignant disease,
2020_Litvinukova_Nature_Heart|HCAHeart7850545,0.02531645569620253,0.0,0.0,0.0,0.0,0.0,0.0,0.9746835443037974,Control,
2023_Terekhova_Immunity_PBMC|FA05,0.893483709273183,0.05263157894736842,0.05388471177944862,0.0,0.0,0.0,0.0,0.0,Control,
2023_Terekhova_Immunity_PBMC|N17,0.8987341772151899,0.0,0.07956600361663653,0.0216998191681736,0.0,0.0,0.0,0.0,Control,
2021_Ren_Cell_COVID|S-S062,0.8309492847854356,0.045513654096228866,0.0741222366710013,0.018205461638491547,0.0,0.0,0.031209362808842653,0.0,Non-malignant disease,
2022_Madissoon_NatGenet_Lung|5841STDY7991478,0.34579439252336447,0.009345794392523364,0.17757009345794392,0.009345794392523364,0.0,0.14953271028037382,0.04672897196261682,0.2616822429906542,Control,
2020_Adams_SciAdv_IPF|23CO,0.0,0.0,0.08888888888888889,0.0,0.0,0.43703703703703706,0.4740740740740741,0.0,Non-malignant disease,
2023_Terekhova_Immunity_PBMC|M13,0.5943728018757327,0.19343493552168817,0.21219226260257915,0.0,0.0,0.0,0.0,0.0,Control,
2023_Terekhova_Immunity_PBMC|T15,0.8507306889352818,0.026096033402922755,0.12317327766179541,0.0,0.0,0.0,0.0,0.0,Control,
2022_Dominguez-Conde_Science_CellTypist|CZI-IA10466284+CZI-IA10466380,0.0,0.0,0.1773049645390071,0.0,0.24113475177304963,0.5177304964539007,0.06382978723404255,0.0,Control,
2023_Terekhova_Immunity_PBMC|A03,0.6929936305732484,0.0,0.2968152866242038,0.01019108280254777,0.0,0.0,0.0,0.0,Control,
2022_Dominguez-Conde_Science_CellTypist|Pan_T7980364,0.32857142857142857,0.0,0.0,0.0,0.0,0.08571428571428572,0.0,0.5857142857142857,Control,
2023_Terekhova_Immunity_PBMC|A27,0.8289637952559301,0.06367041198501873,0.10736579275905118,0.0,0.0,0.0,0.0,0.0,Control,
2023_Terekhova_Immunity_PBMC|FE04,0.8452782462057336,0.0,0.13237774030354132,0.022344013490725127,0.0,0.0,0.0,0.0,Control,
2023_Terekhova_Immunity_PBMC|E20,0.9138121546961326,0.0,0.0718232044198895,0.014364640883977901,0.0,0.0,0.0,0.0,Control,
2021_Szabo_Immunity_COVID19|COV026_blood_7days,0.7363344051446945,0.0,0.1639871382636656,0.08038585209003216,0.0,0.0,0.01929260450160772,0.0,Non-malignant disease,
2023_Kumar_Nature_Breast|hbca_c31,0.013793103448275862,0.05517241379310345,0.05517241379310345,0.0,0.5793103448275863,0.0,0.296551724137931,0.0,Control,
2021_Chan_CancerCell_SCLC|RU1080C,0.22429906542056074,0.0,0.37383177570093457,0.018691588785046728,0.09345794392523364,0.22429906542056074,0.06542056074766354,0.0,Cancer_Metastasis,SCLC
2022_Dominguez-Conde_Science_CellTypist|CZINY-0050,0.5726495726495726,0.0,0.09116809116809117,0.0,0.0,0.07977207977207977,0.2564102564102564,0.0,Control,
2023_Terekhova_Immunity_PBMC|M31,0.7757847533632287,0.028400597907324365,0.16741405082212257,0.028400597907324365,0.0,0.0,0.0,0.0,Control,
2021_Pelka_Cell_CRC|C170_T_0_0_1_c1_v3,0.041353383458646614,0.03007518796992481,0.0,0.0,0.6428571428571429,0.02631578947368421,0.10902255639097744,0.15037593984962405,Cancer_Tumor,CRC
2021_Ren_Cell_COVID|S-M023,0.1161542215714983,0.8838457784285018,0.0,0.0,0.0,0.0,0.0,0.0,Non-malignant disease,
2023_Kumar_Nature_Breast|hbca_c35,0.09803921568627451,0.0,0.5098039215686274,0.0196078431372549,0.13725490196078433,0.0392156862745098,0.19607843137254902,0.0,Cancer_Tumor,BRCA
2021_Stephenson_NatMed_COVID19|MH8919331,0.7891156462585034,0.2108843537414966,0.0,0.0,0.0,0.0,0.0,0.0,Non-malignant disease,
2023_Terekhova_Immunity_PBMC|L15,0.8273809523809523,0.0,0.16666666666666666,0.005952380952380952,0.0,0.0,0.0,0.0,Control,
2020_Adams_SciAdv_IPF|49I-b,0.0,0.0,0.0,0.0,0.0,0.0,1.0,0.0,Non-malignant disease,
2022_TabulaSapiens_Science_TabulaSapiens|TSP2_Lung_proxmedialdistal_10X,0.9481668773704172,0.0,0.01643489254108723,0.018963337547408345,0.0,0.01643489254108723,0.0,0.0,Control,
2021_Ren_Cell_COVID|S-M078,0.7453416149068323,0.2153209109730849,0.020703933747412008,0.018633540372670808,0.0,0.0,0.0,0.0,Non-malignant disease,
2023_Kumar_Nature_Breast|hbca_c70,0.05063291139240506,0.0,0.17721518987341772,0.0,0.620253164556962,0.0,0.1518987341772152,0.0,Control,
2021_Zheng_Science_TIL|UCEC_P20190910_N,0.0,0.021621621621621623,0.13513513513513514,0.0,0.1837837837837838,0.3621621621621622,0.2972972972972973,0.0,Cancer_AdjNorm,EC
2021_Ren_Cell_COVID|S-M043-1,0.03097157403478999,0.96902842596521,0.0,0.0,0.0,0.0,0.0,0.0,Non-malignant disease,
2023_Terekhova_Immunity_PBMC|FJ02,0.8328488372093024,0.0,0.16715116279069767,0.0,0.0,0.0,0.0,0.0,Control,
2021_Cheng_Cell_Myeloid|RC-P20190925-T,0.0,0.0,0.221875,0.0,0.75625,0.021875,0.0,0.0,Cancer_Tumor,RCC
2023_Terekhova_Immunity_PBMC|G33,0.7661290322580645,0.0,0.2056451612903226,0.028225806451612902,0.0,0.0,0.0,0.0,Control,
2020_Adams_SciAdv_IPF|192CO-b,0.0,0.0,0.4032258064516129,0.0,0.0,0.5,0.0967741935483871,0.0,Non-malignant disease,
2023_Terekhova_Immunity_PBMC|L07,0.9523809523809523,0.0,0.047619047619047616,0.0,0.0,0.0,0.0,0.0,Control,
2020_Adams_SciAdv_IPF|137C-a,0.0,0.0,0.0,0.0,0.0,0.008771929824561403,0.9912280701754386,0.0,Control,
2021_Cheng_Cell_Myeloid|UCEC-P20190305-N,0.0,0.0,0.0,0.0,0.6545454545454545,0.05454545454545454,0.2909090909090909,0.0,Cancer_AdjNorm,EC
2023_Hirz_NatComm_Prostate|GSM5494351_SCG-PCA3-N-LG,0.11594202898550725,0.0,0.10144927536231885,0.0,0.14492753623188406,0.6376811594202898,0.0,0.0,Cancer_AdjNorm,PRC
2023_Terekhova_Immunity_PBMC|A37,0.8535262206148282,0.0,0.11754068716094032,0.019891500904159132,0.0,0.0,0.009041591320072333,0.0,Control,
2023_Terekhova_Immunity_PBMC|H08,0.7848837209302325,0.0,0.1686046511627907,0.046511627906976744,0.0,0.0,0.0,0.0,Control,
2021_Ren_Cell_COVID|S-M052,0.7628128724672228,0.0,0.22407628128724671,0.013110846245530394,0.0,0.0,0.0,0.0,Non-malignant disease,
2021_Stephenson_NatMed_COVID19|BGCV06_CV0234,0.9772727272727273,0.022727272727272728,0.0,0.0,0.0,0.0,0.0,0.0,Non-malignant disease,
2021_Zheng_Science_TIL|OV-FTC_P20190304_T,0.0,0.0,0.057692307692307696,0.0,0.3269230769230769,0.0,0.6153846153846154,0.0,Cancer_Tumor,OV-FTC
2023_Terekhova_Immunity_PBMC|E19,0.8006993006993007,0.024475524475524476,0.14743589743589744,0.027389277389277388,0.0,0.0,0.0,0.0,Control,
2022_TabulaSapiens_Science_TabulaSapiens|TSP1_Bladder_nan_10X,0.0,0.0,0.0,0.0,1.0,0.0,0.0,0.0,Control,
2022_Dominguez-Conde_Science_CellTypist|CZI-IA10471913+CZI-IA10472009,0.0,0.0,0.0,0.0,0.09701492537313433,0.4701492537313433,0.08208955223880597,0.35074626865671643,Control,
2020_Adams_SciAdv_IPF|210CO,0.0,0.0,0.10052910052910052,0.0,0.10052910052910052,0.031746031746031744,0.7513227513227513,0.015873015873015872,Non-malignant disease,
2022_Guilliams_Cell_Liver|CS43,0.625234521575985,0.008208255159474672,0.30956848030018763,0.00797373358348968,0.02673545966228893,0.02227954971857411,0.0,0.0,Cancer_Metastasis,CRC
2021_Stephenson_NatMed_COVID19|BGCV13_CV0934,0.958904109589041,0.0,0.0410958904109589,0.0,0.0,0.0,0.0,0.0,Control,
2023_Terekhova_Immunity_PBMC|A02,0.711764705882353,0.0,0.28823529411764703,0.0,0.0,0.0,0.0,0.0,Control,
2022_Perez_Science_SLE|dmx_YS-JY-22_pool5,0.6872080635909202,0.19929525526509875,0.110300745718266,0.003195935425714988,0.0,0.0,0.0,0.0,Non-malignant disease,
2021_Ren_Cell_COVID|S-S070-1,0.0,1.0,0.0,0.0,0.0,0.0,0.0,0.0,Non-malignant disease,
2021_Ren_Cell_COVID|S-S074-2,0.963777490297542,0.0,0.0129366106080207,0.00258732212160414,0.0,0.02069857697283312,0.0,0.0,Non-malignant disease,
2021_Hao_Cell_Blood|P5_3,0.7217391304347827,0.2092851879145173,0.05025792188651437,0.018717759764185705,0.0,0.0,0.0,0.0,Non-malignant disease,
2021_Ren_Cell_COVID|S-S046,0.049206349206349205,0.8031746031746032,0.0,0.0,0.14761904761904762,0.0,0.0,0.0,Non-malignant disease,
2021_Stephenson_NatMed_COVID19|AP6,0.9263746505125815,0.07362534948741846,0.0,0.0,0.0,0.0,0.0,0.0,Non-malignant disease,
2020_Adams_SciAdv_IPF|174I-a,0.04326923076923077,0.0,0.19230769230769232,0.0,0.0,0.23557692307692307,0.5288461538461539,0.0,Non-malignant disease,
2021_Stephenson_NatMed_COVID19|newcastle21v2,0.8938547486033519,0.0,0.10614525139664804,0.0,0.0,0.0,0.0,0.0,Non-malignant disease,
2023_Lake_Nature_Kidney|AKI3210003,0.40350877192982454,0.10526315789473684,0.40350877192982454,0.08771929824561403,0.0,0.0,0.0,0.0,Non-malignant disease,
2023_Terekhova_Immunity_PBMC|T04,0.8591065292096219,0.0,0.12142038946162657,0.019473081328751432,0.0,0.0,0.0,0.0,Control,
2020_Adams_SciAdv_IPF|235CO,0.0,0.0,0.13855421686746988,0.0,0.0,0.05421686746987952,0.8072289156626506,0.0,Non-malignant disease,
2021_Zheng_Science_TIL|UCEC_P20190305_T,0.0,0.0,0.0,0.0,0.6987951807228916,0.0,0.27710843373493976,0.024096385542168676,Cancer_Tumor,EC
2023_Terekhova_Immunity_PBMC|C16,0.8297742525930445,0.021964612568639415,0.12385600976205004,0.024405125076266018,0.0,0.0,0.0,0.0,Control,
2023_Terekhova_Immunity_PBMC|FK04,0.7237237237237237,0.016516516516516516,0.22972972972972974,0.03003003003003003,0.0,0.0,0.0,0.0,Control,
2023_Kumar_Nature_Breast|hbca_c54,0.04411764705882353,0.0,0.5,0.0,0.35294117647058826,0.029411764705882353,0.014705882352941176,0.058823529411764705,Control,
2021_Zheng_Science_TIL|KIDNEY_P20181217_N,0.0,0.0,0.366120218579235,0.0,0.28415300546448086,0.08469945355191257,0.0,0.2650273224043716,Cancer_AdjNorm,RCC
2023_Terekhova_Immunity_PBMC|C04,0.8575096277278562,0.0,0.14249037227214378,0.0,0.0,0.0,0.0,0.0,Control,
2023_Hirz_NatComm_Prostate|GSM5494345_HP4,0.12459016393442623,0.0,0.07540983606557378,0.0,0.1180327868852459,0.6786885245901639,0.0,0.003278688524590164,Control,
2021_Cheng_Cell_Myeloid|ESCA-P20190404-T,0.05263157894736842,0.0,0.0,0.0,0.4473684210526316,0.0,0.013157894736842105,0.4868421052631579,Cancer_Tumor,ESCA
2022_TabulaSapiens_Science_TabulaSapiens|TSP1_Lung_nan_10X,0.5704225352112676,0.0,0.27816901408450706,0.045774647887323945,0.0,0.0880281690140845,0.014084507042253521,0.0035211267605633804,Control,
2022_TabulaSapiens_Science_TabulaSapiens|TSP7_Blood_nan_10X,1.0,0.0,0.0,0.0,0.0,0.0,0.0,0.0,Control,
2021_Ren_Cell_COVID|S-S070-2,0.1681614349775785,0.0,0.0,0.0,0.0,0.017937219730941704,0.8139013452914798,0.0,Non-malignant disease,
2020_Adams_SciAdv_IPF|137C,0.0,0.0,0.0,0.0,0.0,0.1894273127753304,0.7797356828193832,0.030837004405286344,Control,
2020_Litvinukova_Nature_Heart|HCAHeart7850547,0.06666666666666667,0.31851851851851853,0.014814814814814815,0.0,0.0,0.037037037037037035,0.0,0.562962962962963,Control,
2021_Szabo_Immunity_COVID19|COV027_blood_1days,0.845360824742268,0.0,0.08762886597938144,0.0,0.005154639175257732,0.010309278350515464,0.05154639175257732,0.0,Non-malignant disease,
2021_Chan_CancerCell_SCLC|RU701,0.6712328767123288,0.0,0.0,0.0,0.0,0.0,0.0,0.3287671232876712,Cancer_Metastasis,NSCLC
2022_TabulaSapiens_Science_TabulaSapiens|TSP14_Spleen_nan_10X,0.0,0.0,0.0,0.0,0.041082648622522956,0.958917351377477,0.0,0.0,Control,
2023_Terekhova_Immunity_PBMC|L13,0.9527777777777777,0.011111111111111112,0.03611111111111111,0.0,0.0,0.0,0.0,0.0,Control,
2023_Terekhova_Immunity_PBMC|T11,0.9616624865639556,0.005374417771408097,0.03296309566463633,0.0,0.0,0.0,0.0,0.0,Control,
2021_Stephenson_NatMed_COVID19|MH9143324,0.9754518478554087,0.0,0.009711356892365795,0.008902077151335312,0.0,0.0,0.005934718100890208,0.0,Non-malignant disease,
2021_Stephenson_NatMed_COVID19|BGCV10_CV0939,0.9441624365482234,0.0,0.05583756345177665,0.0,0.0,0.0,0.0,0.0,Control,
2021_Stephenson_NatMed_COVID19|MH8919326,0.21184510250569477,0.7881548974943052,0.0,0.0,0.0,0.0,0.0,0.0,Non-malignant disease,
2023_Hirz_NatComm_Prostate|GSM5494371_SCG-PCA17-T-LG,0.011235955056179775,0.07865168539325842,0.16853932584269662,0.0,0.2247191011235955,0.16853932584269662,0.0,0.34831460674157305,Cancer_Tumor,PRC
2023_Terekhova_Immunity_PBMC|G26,0.8846153846153846,0.028846153846153848,0.052884615384615384,0.03365384615384615,0.0,0.0,0.0,0.0,Control,
2022_TabulaSapiens_Science_TabulaSapiens|TSP14_Liver_nan_10X,0.08163265306122448,0.0,0.0,0.0,0.32653061224489793,0.5918367346938775,0.0,0.0,Control,
2021_Stephenson_NatMed_COVID19|MH8919226,0.6842105263157895,0.0,0.2744360902255639,0.041353383458646614,0.0,0.0,0.0,0.0,Control,
2022_Guilliams_Cell_Liver|CS101,0.08359133126934984,0.0,0.10526315789473684,0.0030959752321981426,0.03715170278637771,0.5758513931888545,0.16408668730650156,0.030959752321981424,Control,
2021_Ren_Cell_COVID|S-S078,0.5592885375494071,0.0,0.2984189723320158,0.045454545454545456,0.007905138339920948,0.005928853754940711,0.08300395256916997,0.0,Non-malignant disease,
2021_Ren_Cell_COVID|S-S076-1,0.7,0.13333333333333333,0.15,0.0,0.0,0.016666666666666666,0.0,0.0,Non-malignant disease,
2022_Perez_Science_SLE|dmx_YE_7-13,0.6975112275449101,0.21631736526946108,0.0811190119760479,0.005052395209580838,0.0,0.0,0.0,0.0,Control,
2021_Pelka_Cell_CRC|C162_T_0_0_0_c1_v3,0.3146067415730337,0.10112359550561797,0.056179775280898875,0.0,0.06741573033707865,0.02247191011235955,0.42696629213483145,0.011235955056179775,Cancer_Tumor,CRC
2023_Terekhova_Immunity_PBMC|S17,0.8387096774193549,0.0,0.11736444749485243,0.04392587508579272,0.0,0.0,0.0,0.0,Control,
2021_Szabo_Immunity_COVID19|COV026_respiratory_airway_3days,0.0851063829787234,0.0,0.0,0.0,0.31648936170212766,0.01152482269503546,0.5868794326241135,0.0,Non-malignant disease,
2021_Stephenson_NatMed_COVID19|MH9179825,0.8570778334091943,0.0,0.02548930359581247,0.013199817933545745,0.0,0.0,0.10423304506144743,0.0,Non-malignant disease,
2021_Cheng_Cell_Myeloid|RC-P20190923-T,0.0,0.0,0.18205631958087753,0.0,0.7734119187950229,0.04453176162409954,0.0,0.0,Cancer_Tumor,RCC
2023_Terekhova_Immunity_PBMC|M16,0.7884615384615384,0.0,0.1978021978021978,0.013736263736263736,0.0,0.0,0.0,0.0,Control,
2022_Gur_Cell_Sceleroderma|GSM5837571_AB8485,0.8333333333333334,0.041666666666666664,0.125,0.0,0.0,0.0,0.0,0.0,Non-malignant disease,
2021_Zheng_Science_TIL|ESCA_P20190916_T,0.06097560975609756,0.0,0.0,0.0,0.024390243902439025,0.06097560975609756,0.5975609756097561,0.25609756097560976,Cancer_Tumor,ESCA
2021_Szabo_Immunity_COVID19|COV028_blood_3days,0.9465174129353234,0.0,0.053482587064676616,0.0,0.0,0.0,0.0,0.0,Non-malignant disease,
2022_TabulaSapiens_Science_TabulaSapiens|TSP11_Bone_Marrow_nan_10X,0.9337748344370861,0.0,0.0,0.0,0.0,0.0,0.0,0.06622516556291391,Control,
2023_Terekhova_Immunity_PBMC|S05,0.8252788104089219,0.01486988847583643,0.1127633209417596,0.04708798017348203,0.0,0.0,0.0,0.0,Control,
2023_Terekhova_Immunity_PBMC|G11,0.8859111791730475,0.03751914241960184,0.07656967840735068,0.0,0.0,0.0,0.0,0.0,Control,
2020_Adams_SciAdv_IPF|051I-a,0.02867383512544803,0.0,0.0,0.0,0.025089605734767026,0.16129032258064516,0.7849462365591398,0.0,Non-malignant disease,
2021_Pelka_Cell_CRC|C124_T_0_3_1_c1_v2,0.28451882845188287,0.2384937238493724,0.0,0.0,0.06694560669456066,0.016736401673640166,0.39330543933054396,0.0,Cancer_Tumor,CRC
2022_TabulaSapiens_Science_TabulaSapiens|TSP2_Kidney_nan_10X,0.8571428571428571,0.0,0.13186813186813187,0.01098901098901099,0.0,0.0,0.0,0.0,Control,
2021_Szabo_Immunity_COVID19|COV026_blood_3days,0.8418891170431212,0.0,0.14784394250513347,0.01026694045174538,0.0,0.0,0.0,0.0,Non-malignant disease,
2021_Hao_Cell_Blood|P2_3,0.7553157727705491,0.03237067597588067,0.15550618851158363,0.056807362741986674,0.0,0.0,0.0,0.0,Non-malignant disease,
2021_Stephenson_NatMed_COVID19|MH9143321,0.8393543428132206,0.1606456571867794,0.0,0.0,0.0,0.0,0.0,0.0,Non-malignant disease,
2020_Adams_SciAdv_IPF|135I-a,0.004081632653061225,0.0,0.05102040816326531,0.0,0.0,0.0,0.9448979591836735,0.0,Non-malignant disease,
2021_Chan_CancerCell_SCLC|RU699,0.0,0.0,0.0,0.0,0.2631578947368421,0.0,0.22807017543859648,0.5087719298245614,Cancer_Metastasis,NSCLC
2021_Szabo_Immunity_COVID19|COV028_blood_7days,0.807061790668348,0.0,0.19293820933165196,0.0,0.0,0.0,0.0,0.0,Non-malignant disease,
2023_Terekhova_Immunity_PBMC|E13,0.9713261648745519,0.0,0.02867383512544803,0.0,0.0,0.0,0.0,0.0,Control,
2021_Ren_Cell_COVID|S-M066,0.9201754385964912,0.0,0.04868421052631579,0.031140350877192982,0.0,0.0,0.0,0.0,Non-malignant disease,
2023_Terekhova_Immunity_PBMC|G01,0.8397291196388262,0.0,0.12302483069977427,0.03724604966139955,0.0,0.0,0.0,0.0,Control,
2021_Cheng_Cell_Myeloid|ESCA-P20181123-N,0.0,0.0,0.0,0.0,1.0,0.0,0.0,0.0,Cancer_AdjNorm,ESCA
2023_Hirz_NatComm_Prostate|GSM5494374_SCG-PCA19-N-HG,0.03,0.0,0.07,0.0,0.44,0.42,0.04,0.0,Cancer_AdjNorm,PRC
2021_Zheng_Science_TIL|KIDNEY_P20190919_N,0.01195219123505976,0.0,0.0,0.0,0.024701195219123506,0.022310756972111555,0.0,0.9410358565737051,Cancer_AdjNorm,RCC
2023_Terekhova_Immunity_PBMC|E24,0.7856547122602169,0.0,0.17097581317764804,0.043369474562135114,0.0,0.0,0.0,0.0,Control,
2021_Stephenson_NatMed_COVID19|MH8919227,0.7101449275362319,0.0,0.26247987117552335,0.027375201288244767,0.0,0.0,0.0,0.0,Control,
2023_Terekhova_Immunity_PBMC|A10,0.6902255639097744,0.0015037593984962407,0.29172932330827067,0.016541353383458645,0.0,0.0,0.0,0.0,Control,
2020_Adams_SciAdv_IPF|222I-b,0.19254658385093168,0.0,0.18944099378881987,0.0,0.0,0.2267080745341615,0.391304347826087,0.0,Non-malignant disease,
2021_Ren_Cell_COVID|S-S054,0.0,1.0,0.0,0.0,0.0,0.0,0.0,0.0,Non-malignant disease,
2023_Terekhova_Immunity_PBMC|A23,0.8589164785553047,0.012415349887133182,0.07336343115124154,0.02708803611738149,0.028216704288939052,0.0,0.0,0.0,Control,
2023_Kong_Immunity_CD|N130064_N1,0.9431818181818182,0.0,0.0,0.0,0.056818181818181816,0.0,0.0,0.0,Non-malignant disease,
2023_Terekhova_Immunity_PBMC|M03,0.7911746426351771,0.002486016159105034,0.18458669981354878,0.02175264139216905,0.0,0.0,0.0,0.0,Control,
2022_TabulaSapiens_Science_TabulaSapiens|TSP10_Fat_SCAT_10X,0.0,0.0,0.0,0.0,0.4810126582278481,0.3291139240506329,0.0,0.189873417721519,Control,
2022_Gur_Cell_Sceleroderma|GSM5837046_AB11879,0.8955223880597015,0.0,0.1044776119402985,0.0,0.0,0.0,0.0,0.0,Control,
2023_Terekhova_Immunity_PBMC|FE03,0.9004629629629629,0.023148148148148147,0.05555555555555555,0.020833333333333332,0.0,0.0,0.0,0.0,Control,
2022_Guilliams_Cell_Liver|CS42,0.39760581445061993,0.007695596408721676,0.3552800342026507,0.0235143223599829,0.07097050021376657,0.12227447627191107,0.020094057289439932,0.0025651988029072254,Cancer_Metastasis,CRC
2020_Adams_SciAdv_IPF|47I-b,0.03508771929824561,0.0,0.15789473684210525,0.0,0.21052631578947367,0.2631578947368421,0.21052631578947367,0.12280701754385964,Non-malignant disease,
2021_Pelka_Cell_CRC|C169_T_1_1_0_c1_v3,0.15753424657534246,0.0,0.0,0.0,0.18493150684931506,0.0410958904109589,0.6164383561643836,0.0,Cancer_Tumor,CRC
2021_Hao_Cell_Blood|P1_3,0.8004282655246253,0.030620985010706637,0.11734475374732334,0.051605995717344755,0.0,0.0,0.0,0.0,Non-malignant disease,
2020_Litvinukova_Nature_Heart|HCAHeart7843999,0.7534246575342466,0.0,0.0958904109589041,0.0136986301369863,0.0,0.0,0.0,0.136986301369863,Control,
2023_Fonseca_NatGenet_Endometriosis|sample23,0.32222222222222224,0.0,0.05555555555555555,0.0,0.45555555555555555,0.0,0.0,0.16666666666666666,Non-malignant disease,
2022_Kumar_CancerDis_Gastric|GSM5573481_sample16,0.0,0.0,0.0,0.0,0.27956989247311825,0.043010752688172046,0.017921146953405017,0.6594982078853047,Cancer_Tumor,GC
2023_Terekhova_Immunity_PBMC|FD04,0.8814102564102564,0.0,0.08814102564102565,0.030448717948717948,0.0,0.0,0.0,0.0,Control,
2023_Terekhova_Immunity_PBMC|D10,0.62,0.0,0.35333333333333333,0.023333333333333334,0.0033333333333333335,0.0,0.0,0.0,Control,
2021_Ren_Cell_COVID|S-M031-1,0.5412186379928315,0.23297491039426524,0.21863799283154123,0.007168458781362007,0.0,0.0,0.0,0.0,Non-malignant disease,
2021_Ren_Cell_COVID|S-M035-2,0.0,0.972972972972973,0.0,0.0,0.0,0.0,0.02702702702702703,0.0,Non-malignant disease,
2021_Pelka_Cell_CRC|C135_T_1_1_1_c2_v2,0.45454545454545453,0.05194805194805195,0.0,0.0,0.09090909090909091,0.15584415584415584,0.24675324675324675,0.0,Cancer_Tumor,CRC
2022_TabulaSapiens_Science_TabulaSapiens|TSP2_Blood_nan_smartseq2,1.0,0.0,0.0,0.0,0.0,0.0,0.0,0.0,Control,
2022_Dominguez-Conde_Science_CellTypist|CZINY-0061,0.5092348284960422,0.0,0.06596306068601583,0.0,0.0,0.11345646437994723,0.3113456464379947,0.0,Control,
2021_Ren_Cell_COVID|S-M026-3,0.7961783439490446,0.17197452229299362,0.0,0.01910828025477707,0.0,0.0,0.012738853503184714,0.0,Non-malignant disease,
2020_Adams_SciAdv_IPF|219C-a,0.0,0.0,0.0,0.0,0.0,0.015021459227467811,0.9849785407725322,0.0,Control,
2021_Ren_Cell_COVID|S-M039-1,0.8581205141044901,0.022533800701051578,0.07678183942580538,0.04256384576865298,0.0,0.0,0.0,0.0,Non-malignant disease,
2021_Pelka_Cell_CRC|C168_T_1_1_0_c1_v3,0.02912621359223301,0.06796116504854369,0.0,0.0,0.2524271844660194,0.0,0.6504854368932039,0.0,Cancer_Tumor,CRC
2023_Terekhova_Immunity_PBMC|L11,0.7927461139896373,0.0,0.14507772020725387,0.06217616580310881,0.0,0.0,0.0,0.0,Control,
2021_Stephenson_NatMed_COVID19|MH9179826,0.9378023496890118,0.0,0.05943331029716655,0.0027643400138217,0.0,0.0,0.0,0.0,Non-malignant disease,
2023_Lake_Nature_Kidney|AKI3210034,0.49122807017543857,0.017543859649122806,0.3333333333333333,0.15789473684210525,0.0,0.0,0.0,0.0,Non-malignant disease,
2021_Ren_Cell_COVID|S-S060,0.7852246763137852,0.1431835491241432,0.05407463823305408,0.017517136329017517,0.0,0.0,0.0,0.0,Non-malignant disease,
2021_Ren_Cell_COVID|S-M009-1,0.6624277456647398,0.057803468208092484,0.1907514450867052,0.0,0.08901734104046242,0.0,0.0,0.0,Non-malignant disease,
2023_Terekhova_Immunity_PBMC|S16,0.8430525557955364,0.0,0.14254859611231102,0.014398848092152628,0.0,0.0,0.0,0.0,Control,
2023_Terekhova_Immunity_PBMC|D04,0.7721518987341772,0.0,0.22784810126582278,0.0,0.0,0.0,0.0,0.0,Control,
2021_Chan_CancerCell_SCLC|RU682_N,0.06862745098039216,0.0,0.049019607843137254,0.0,0.0,0.06372549019607843,0.0,0.8186274509803921,Cancer_AdjNorm,NSCLC
2023_Terekhova_Immunity_PBMC|B15,0.8129952456418383,0.0,0.15530903328050713,0.03169572107765452,0.0,0.0,0.0,0.0,Control,
2022_TabulaSapiens_Science_TabulaSapiens|TSP9_Pancreas_exocrine_10X,0.49887640449438203,0.0,0.0,0.0,0.0,0.05393258426966292,0.40224719101123596,0.0449438202247191,Control,
2021_Ren_Cell_COVID|S-M042-1,0.03183791606367583,0.9681620839363242,0.0,0.0,0.0,0.0,0.0,0.0,Non-malignant disease,
2021_Cheng_Cell_Myeloid|THCA-P20190621-T,0.0,0.0,0.0,0.0,0.41294642857142855,0.0,0.5691964285714286,0.017857142857142856,Cancer_Tumor,THCA
2021_Cheng_Cell_Myeloid|RC-P20181217-T,0.0,0.0,0.15476190476190477,0.0,0.23809523809523808,0.04285714285714286,0.0,0.5642857142857143,Cancer_Tumor,RCC
2023_Terekhova_Immunity_PBMC|FA08,0.8894472361809045,0.018425460636515914,0.05527638190954774,0.03685092127303183,0.0,0.0,0.0,0.0,Control,
2023_Terekhova_Immunity_PBMC|P07,0.8421866941722538,0.0,0.15781330582774625,0.0,0.0,0.0,0.0,0.0,Control,
2021_Zheng_Science_TIL|KIDNEY_P20181217_T,0.0,0.0,0.11842105263157894,0.0,0.18157894736842106,0.031578947368421054,0.0,0.6684210526315789,Cancer_Tumor,RCC
2023_Terekhova_Immunity_PBMC|A13,0.5694444444444444,0.1574074074074074,0.2654320987654321,0.007716049382716049,0.0,0.0,0.0,0.0,Control,
2021_Cheng_Cell_Myeloid|THCA-P20190125-T,0.0,0.0,0.08695652173913043,0.0,0.8173913043478261,0.06956521739130435,0.02608695652173913,0.0,Cancer_Tumor,THCA
2023_Lake_Nature_Kidney|AKI3410050,0.8007518796992481,0.018796992481203006,0.12030075187969924,0.06015037593984962,0.0,0.0,0.0,0.0,Non-malignant disease,
2022_Dominguez-Conde_Science_CellTypist|CZINY-0056,0.5113924050632911,0.0,0.09113924050632911,0.0,0.0,0.14430379746835442,0.23291139240506328,0.020253164556962026,Control,
2021_Pelka_Cell_CRC|C124_T_0_3_0_c1_v2,0.46846846846846846,0.0,0.0,0.0,0.0990990990990991,0.09009009009009009,0.34234234234234234,0.0,Cancer_Tumor,CRC
2022_Dominguez-Conde_Science_CellTypist|Pan_T7980360,0.6258064516129033,0.0,0.025806451612903226,0.03225806451612903,0.0,0.16451612903225807,0.05806451612903226,0.0935483870967742,Control,
2021_Stephenson_NatMed_COVID19|AP2,0.8107255520504731,0.0,0.17665615141955837,0.012618296529968454,0.0,0.0,0.0,0.0,Non-malignant disease,
2023_Terekhova_Immunity_PBMC|J13,0.7329545454545454,0.028409090909090908,0.17613636363636365,0.0625,0.0,0.0,0.0,0.0,Control,
2021_Pelka_Cell_CRC|C137_T_1_1_1_c2_v2,0.05747126436781609,0.0,0.0,0.0,0.6551724137931034,0.06896551724137931,0.16091954022988506,0.05747126436781609,Cancer_Tumor,CRC
2023_Terekhova_Immunity_PBMC|M18,0.8509874326750448,0.02154398563734291,0.12746858168761221,0.0,0.0,0.0,0.0,0.0,Control,
2022_Guilliams_Cell_Liver|CS109,0.593421052631579,0.046052631578947366,0.18947368421052632,0.02236842105263158,0.018421052631578946,0.06710526315789474,0.007894736842105263,0.05526315789473684,Cancer_Tumor,HCC
2021_Ren_Cell_COVID|S-S016,0.858793324775353,0.01797175866495507,0.10462130937098844,0.018613607188703467,0.0,0.0,0.0,0.0,Non-malignant disease,
2021_Ren_Cell_COVID|S-S030,0.7807125307125307,0.21928746928746928,0.0,0.0,0.0,0.0,0.0,0.0,Non-malignant disease,
2020_Adams_SciAdv_IPF|034C,0.0,0.0,0.0,0.0,0.041666666666666664,0.0,0.9083333333333333,0.05,Control,
2020_Litvinukova_Nature_Heart|HCAHeart7850551,0.05847953216374269,0.02631578947368421,0.0,0.0,0.0,0.0,0.0,0.9152046783625731,Control,
2021_Ren_Cell_COVID|S-M014,0.0,0.05699481865284974,0.0,0.0,0.9430051813471503,0.0,0.0,0.0,Non-malignant disease,
2021_Stephenson_NatMed_COVID19|BGCV08_CV0915,1.0,0.0,0.0,0.0,0.0,0.0,0.0,0.0,Control,
2023_Terekhova_Immunity_PBMC|E11,0.8,0.0,0.15306122448979592,0.04693877551020408,0.0,0.0,0.0,0.0,Control,
2021_Hao_Cell_Blood|P4_3,0.8448428508189464,0.05046480743691899,0.05533421868083223,0.03939796370075255,0.0099601593625498,0.0,0.0,0.0,Non-malignant disease,
2023_Terekhova_Immunity_PBMC|G41,0.9278510473235065,0.0,0.051978277734678044,0.02017067494181536,0.0,0.0,0.0,0.0,Control,
2023_Terekhova_Immunity_PBMC|E07,0.6523605150214592,0.2017167381974249,0.11158798283261803,0.034334763948497854,0.0,0.0,0.0,0.0,Control,
2021_Ren_Cell_COVID|S-M024,0.3672283556072051,0.6287042417199302,0.004067402672864613,0.0,0.0,0.0,0.0,0.0,Non-malignant disease,
2021_Stephenson_NatMed_COVID19|AP1,0.9181669394435352,0.0,0.058919803600654665,0.022913256955810146,0.0,0.0,0.0,0.0,Non-malignant disease,
2021_Chan_CancerCell_SCLC|RU1152,0.22807017543859648,0.2982456140350877,0.40350877192982454,0.03508771929824561,0.03508771929824561,0.0,0.0,0.0,Cancer_Metastasis,SCLC
2022_Gur_Cell_Sceleroderma|GSM5837004_AB10153,1.0,0.0,0.0,0.0,0.0,0.0,0.0,0.0,Control,
2021_Stephenson_NatMed_COVID19|BGCV11_CV0180,1.0,0.0,0.0,0.0,0.0,0.0,0.0,0.0,Non-malignant disease,
2021_Ren_Cell_COVID|S-HC011,0.07714285714285714,0.0,0.20285714285714285,0.0,0.0,0.2571428571428571,0.46285714285714286,0.0,Control,
2022_Gur_Cell_Sceleroderma|GSM5837642_AB8940,0.9906542056074766,0.0,0.0,0.009345794392523364,0.0,0.0,0.0,0.0,Non-malignant disease,
2021_Stephenson_NatMed_COVID19|MH9143270,0.8868234007654456,0.0847457627118644,0.026790595954073265,0.0,0.0,0.0,0.0016402405686167304,0.0,Non-malignant disease,
2022_Gur_Cell_Sceleroderma|GSM5837458_AB7873,0.4666666666666667,0.5333333333333333,0.0,0.0,0.0,0.0,0.0,0.0,Non-malignant disease,
2023_Terekhova_Immunity_PBMC|L18,0.8532423208191127,0.0,0.10921501706484642,0.03754266211604096,0.0,0.0,0.0,0.0,Control,
2021_Ren_Cell_COVID|S-S082,0.569583931133429,0.007173601147776184,0.26398852223816355,0.06743185078909612,0.021520803443328552,0.0,0.0703012912482066,0.0,Non-malignant disease,
2021_Ren_Cell_COVID|S-M043-2,0.0,1.0,0.0,0.0,0.0,0.0,0.0,0.0,Non-malignant disease,
2021_Stephenson_NatMed_COVID19|BGCV02_CV0902,0.9769230769230769,0.0,0.0,0.0,0.023076923076923078,0.0,0.0,0.0,Control,
2021_Zheng_Science_TIL|ESCA_P20190404_T,0.0,0.0,0.0,0.0,0.3333333333333333,0.0,0.0,0.6666666666666666,Cancer_Tumor,ESCA
2021_Chan_CancerCell_SCLC|RU1170g_Freeze-Sort,0.0,0.0,0.4117647058823529,0.0,0.06535947712418301,0.39215686274509803,0.13071895424836602,0.0,Cancer_Tumor,NSCLC
2021_Ren_Cell_COVID|S-HC019-2,0.5194805194805194,0.24675324675324675,0.07792207792207792,0.14285714285714285,0.0,0.0,0.012987012987012988,0.0,Control,
2022_Madissoon_NatGenet_Lung|WSSS8015046,0.614853195164076,0.0051813471502590676,0.12953367875647667,0.05008635578583765,0.04835924006908463,0.09671848013816926,0.02072538860103627,0.03454231433506045,Control,
2021_Pelka_Cell_CRC|C144_T_1_1_0_c1_v2,0.6785714285714286,0.08928571428571429,0.0,0.05357142857142857,0.017857142857142856,0.03571428571428571,0.125,0.0,Cancer_Tumor,CRC
2023_Terekhova_Immunity_PBMC|J15,0.878419452887538,0.0121580547112462,0.1094224924012158,0.0,0.0,0.0,0.0,0.0,Control,
2023_Terekhova_Immunity_PBMC|C10,0.8581780538302277,0.047619047619047616,0.09420289855072464,0.0,0.0,0.0,0.0,0.0,Control,
2022_Gur_Cell_Sceleroderma|GSM5837417_AB7756,0.9583333333333334,0.0,0.03125,0.010416666666666666,0.0,0.0,0.0,0.0,Non-malignant disease,
2021_Ren_Cell_COVID|S-S040,0.817482133040132,0.0,0.0,0.0,0.0,0.18251786695986805,0.0,0.0,Non-malignant disease,
2021_Stephenson_NatMed_COVID19|BGCV05_CV0120,0.8271604938271605,0.1728395061728395,0.0,0.0,0.0,0.0,0.0,0.0,Non-malignant disease,
2021_Ren_Cell_COVID|S-S086-1,0.0,1.0,0.0,0.0,0.0,0.0,0.0,0.0,Non-malignant disease,
2020_Adams_SciAdv_IPF|439C,0.0,0.0,0.3644067796610169,0.0,0.03389830508474576,0.01694915254237288,0.5847457627118644,0.0,Control,
2021_Ren_Cell_COVID|S-S069-2,0.047058823529411764,0.8588235294117647,0.0,0.0,0.0,0.0,0.09411764705882353,0.0,Non-malignant disease,
2021_Ren_Cell_COVID|S-M071,0.7065767284991569,0.008431703204047217,0.26138279932546377,0.023608768971332208,0.0,0.0,0.0,0.0,Non-malignant disease,
2022_TabulaSapiens_Science_TabulaSapiens|TSP7_Lymph_Node_Supradiaphagmatic_10X,0.0,0.0,0.0,0.0,0.2857142857142857,0.7142857142857143,0.0,0.0,Control,
2021_Ren_Cell_COVID|S-S083,0.7520891364902507,0.027855153203342618,0.08913649025069638,0.0,0.002785515320334262,0.0,0.12813370473537605,0.0,Non-malignant disease,
2021_Ren_Cell_COVID|S-S088-1,0.0,1.0,0.0,0.0,0.0,0.0,0.0,0.0,Non-malignant disease,
2022_Madissoon_NatGenet_Lung|WSSS8123925,0.30864197530864196,0.012345679012345678,0.24691358024691357,0.012345679012345678,0.0,0.08641975308641975,0.0,0.3333333333333333,Control,
Sarah2019|MS121_A2,0.9305555555555556,0.0,0.05555555555555555,0.0,0.0,0.0,0.013888888888888888,0.0,Non-malignant disease,
2023_Wang_SciAdv_CRC|s0920_Colon_Tumor,0.0,0.0,0.0,0.0,0.4804804804804805,0.02702702702702703,0.0,0.4924924924924925,Cancer_Tumor,CRC
2023_Terekhova_Immunity_PBMC|H01,0.6716101694915254,0.0,0.2923728813559322,0.036016949152542374,0.0,0.0,0.0,0.0,Control,
2023_Lake_Nature_Kidney|DKD2910016,0.5714285714285714,0.031746031746031744,0.20634920634920634,0.12698412698412698,0.0,0.0,0.031746031746031744,0.031746031746031744,Non-malignant disease,
2023_Terekhova_Immunity_PBMC|B24,0.842391304347826,0.017391304347826087,0.12173913043478261,0.01847826086956522,0.0,0.0,0.0,0.0,Control,
2023_Terekhova_Immunity_PBMC|E18,0.7419768934531451,0.0,0.220795892169448,0.037227214377406934,0.0,0.0,0.0,0.0,Control,
2023_Fonseca_NatGenet_Endometriosis|sample7,0.4604651162790698,0.0,0.0,0.0,0.3395348837209302,0.04186046511627907,0.0,0.15813953488372093,Non-malignant disease,
2023_Wang_SciAdv_CRC|s0115_Colon_Tumor,0.0,0.0,0.0,0.0,0.6612903225806451,0.2903225806451613,0.04838709677419355,0.0,Cancer_Tumor,CRC
2022_Gur_Cell_Sceleroderma|GSM5837456_AB7871,0.8490566037735849,0.03773584905660377,0.11320754716981132,0.0,0.0,0.0,0.0,0.0,Non-malignant disease,
2021_Ren_Cell_COVID|S-M042-2,0.6656626506024096,0.25301204819277107,0.061746987951807226,0.015060240963855422,0.0,0.0,0.004518072289156626,0.0,Non-malignant disease,
2023_Terekhova_Immunity_PBMC|J11,0.6821621621621622,0.0,0.2951351351351351,0.022702702702702703,0.0,0.0,0.0,0.0,Control,
2023_Terekhova_Immunity_PBMC|K12,0.8266187050359712,0.015827338129496403,0.11223021582733812,0.045323741007194246,0.0,0.0,0.0,0.0,Control,
2021_Wu_NatGenet_Breast|CID4523,0.0,0.0,0.0,0.0,0.017857142857142856,0.125,0.7857142857142857,0.07142857142857142,Cancer_Tumor,BRCA
2023_Fonseca_NatGenet_Endometriosis|sample19,0.6153846153846154,0.041025641025641026,0.0,0.0,0.17435897435897435,0.0,0.0,0.16923076923076924,Non-malignant disease,
2022_Guilliams_Cell_Liver|CS34,0.5531107738998483,0.14946889226100152,0.06980273141122914,0.05614567526555387,0.025796661608497723,0.06069802731411229,0.025796661608497723,0.05918057663125948,Cancer_Metastasis,CRC
2022_Kumar_CancerDis_Gastric|GSM5573498_sample33,0.04054054054054054,0.0,0.0,0.0,0.9594594594594594,0.0,0.0,0.0,Cancer_Tumor,GC
2021_Ren_Cell_COVID|S-S036-1,0.6,0.0,0.0,0.0,0.07692307692307693,0.3230769230769231,0.0,0.0,Non-malignant disease,
2023_Terekhova_Immunity_PBMC|G07,0.9072356215213359,0.01855287569573284,0.07421150278293136,0.0,0.0,0.0,0.0,0.0,Control,
2020_Adams_SciAdv_IPF|209I-a,0.0,0.0,0.02207505518763797,0.0,0.0,0.08167770419426049,0.8741721854304636,0.02207505518763797,Non-malignant disease,
2022_Zhou_NatGenet_PDAC|HT056P-S1PAA1,0.0,0.12,0.0,0.0,0.7666666666666667,0.0,0.11333333333333333,0.0,Cancer_Tumor,PC
2022_Dominguez-Conde_Science_CellTypist|CZINY-0111,0.8087121212121212,0.0,0.0,0.0,0.0,0.19128787878787878,0.0,0.0,Control,
2021_Ren_Cell_COVID|S-M046,0.0,1.0,0.0,0.0,0.0,0.0,0.0,0.0,Non-malignant disease,
2023_Terekhova_Immunity_PBMC|E26,0.7312775330396476,0.0,0.2488986784140969,0.019823788546255508,0.0,0.0,0.0,0.0,Control,
2021_Zheng_Science_TIL|ESCA_P20190916_N,0.09070294784580499,0.0,0.015873015873015872,0.0,0.6077097505668935,0.2743764172335601,0.0,0.011337868480725623,Cancer_AdjNorm,ESCA
2022_Gur_Cell_Sceleroderma|GSM5837517_AB8313,0.8125,0.05,0.125,0.0125,0.0,0.0,0.0,0.0,Non-malignant disease,
2021_Chan_CancerCell_SCLC|RU1195A,0.0,0.09836065573770492,0.16393442622950818,0.0,0.06557377049180328,0.19672131147540983,0.16393442622950818,0.3114754098360656,Cancer_Tumor,SCLC
2021_Pelka_Cell_CRC|C111_T_0_2_1_c1_v2,0.05555555555555555,0.0,0.0,0.0,0.5740740740740741,0.1111111111111111,0.24074074074074073,0.018518518518518517,Cancer_Tumor,CRC
2023_Terekhova_Immunity_PBMC|B22,0.83811850946854,0.029321930360415395,0.10873549175320708,0.023824068417837508,0.0,0.0,0.0,0.0,Control,
2023_Terekhova_Immunity_PBMC|G09,0.8098510882016037,0.0,0.17869415807560138,0.011454753722794959,0.0,0.0,0.0,0.0,Control,
2020_Habermann_SciAdv_Lung-COVID19|GSM5226576_C53ctr,0.8818181818181818,0.0,0.11818181818181818,0.0,0.0,0.0,0.0,0.0,Control,
2023_Terekhova_Immunity_PBMC|E06,0.7511682242990654,0.0,0.23481308411214954,0.014018691588785047,0.0,0.0,0.0,0.0,Control,
2021_Ren_Cell_COVID|S-S068,0.7798882681564245,0.0,0.21340782122905028,0.0067039106145251395,0.0,0.0,0.0,0.0,Non-malignant disease,
2020_Adams_SciAdv_IPF|021I,0.0,0.0,0.1778846153846154,0.0,0.0,0.07692307692307693,0.7451923076923077,0.0,Non-malignant disease,
2023_Terekhova_Immunity_PBMC|P16,0.8873162765378334,0.0,0.11268372346216658,0.0,0.0,0.0,0.0,0.0,Control,
2022_Gur_Cell_Sceleroderma|GSM5837461_AB7876,0.92,0.0,0.08,0.0,0.0,0.0,0.0,0.0,Non-malignant disease,
2023_Terekhova_Immunity_PBMC|D07,0.8443708609271523,0.009933774834437087,0.09933774834437085,0.046357615894039736,0.0,0.0,0.0,0.0,Control,
2021_Chan_CancerCell_SCLC|RU1065C,0.0,0.06944444444444445,0.16666666666666666,0.0,0.1388888888888889,0.06944444444444445,0.3055555555555556,0.25,Cancer_Metastasis,SCLC
2021_Ren_Cell_COVID|S-HC004,0.7408637873754153,0.09800664451827243,0.10465116279069768,0.05647840531561462,0.0,0.0,0.0,0.0,Control,
2021_Ren_Cell_COVID|S-S043,0.8943089430894309,0.0,0.0,0.0,0.04878048780487805,0.056910569105691054,0.0,0.0,Non-malignant disease,
2021_Cheng_Cell_Myeloid|ESCA-P20190613-T,0.0,0.046511627906976744,0.0,0.0,0.5813953488372093,0.0,0.0,0.37209302325581395,Cancer_Tumor,ESCA
2023_Terekhova_Immunity_PBMC|E15,0.6819787985865724,0.0,0.29328621908127206,0.024734982332155476,0.0,0.0,0.0,0.0,Control,
2023_Terekhova_Immunity_PBMC|K05,0.7407407407407407,0.0,0.23809523809523808,0.021164021164021163,0.0,0.0,0.0,0.0,Control,
2021_Ren_Cell_COVID|S-S015,0.9368295589988082,0.0,0.052443384982121574,0.010727056019070322,0.0,0.0,0.0,0.0,Non-malignant disease,
2021_Ren_Cell_COVID|S-HC007,0.6428571428571429,0.0,0.2222222222222222,0.07936507936507936,0.0,0.0,0.05555555555555555,0.0,Control,
2023_Terekhova_Immunity_PBMC|C01,0.7044776119402985,0.0,0.24477611940298508,0.050746268656716415,0.0,0.0,0.0,0.0,Control,
2022_Dominguez-Conde_Science_CellTypist|Pan_T7980359,0.41545893719806765,0.0,0.05314009661835749,0.01932367149758454,0.0,0.14492753623188406,0.07729468599033816,0.2898550724637681,Control,
2023_Terekhova_Immunity_PBMC|N10,0.9010477299185099,0.017462165308498253,0.07217694994179279,0.009313154831199068,0.0,0.0,0.0,0.0,Control,
2021_Ren_Cell_COVID|S-M050,0.022516556291390728,0.0,0.03708609271523179,0.0,0.7377483443708609,0.02781456953642384,0.17483443708609273,0.0,Non-malignant disease,
2020_Litvinukova_Nature_Heart|HCAHeart8102859,0.16666666666666666,0.0,0.0,0.0,0.0546448087431694,0.6147540983606558,0.02459016393442623,0.13934426229508196,Control,
2023_Terekhova_Immunity_PBMC|M07,0.9166666666666666,0.0,0.06666666666666667,0.016666666666666666,0.0,0.0,0.0,0.0,Control,
2021_Ren_Cell_COVID|S-M006,0.509915014164306,0.059490084985835696,0.20538243626062322,0.0,0.22521246458923513,0.0,0.0,0.0,Non-malignant disease,
2022_Dominguez-Conde_Science_CellTypist|CZINY-0052,0.572538860103627,0.0,0.08031088082901554,0.0,0.0,0.12176165803108809,0.22538860103626943,0.0,Control,
2021_Cheng_Cell_Myeloid|ESCA-P20190411-N,0.11046511627906977,0.061046511627906974,0.0,0.0,0.5872093023255814,0.14680232558139536,0.055232558139534885,0.03924418604651163,Cancer_AdjNorm,ESCA
2020_Adams_SciAdv_IPF|228I-b,0.0873015873015873,0.0,0.0,0.0,0.0,0.0,0.3888888888888889,0.5238095238095238,Non-malignant disease,
2020_Litvinukova_Nature_Heart|HCAHeart8102858,0.178743961352657,0.0,0.04830917874396135,0.0,0.01932367149758454,0.4251207729468599,0.0,0.3285024154589372,Control,
2023_Terekhova_Immunity_PBMC|G19,0.871900826446281,0.0371900826446281,0.06198347107438017,0.028925619834710745,0.0,0.0,0.0,0.0,Control,
2023_Terekhova_Immunity_PBMC|A14,0.8867924528301887,0.0,0.11320754716981132,0.0,0.0,0.0,0.0,0.0,Control,
2022_Madissoon_NatGenet_Lung|WSSS8015044,0.7247956403269755,0.010899182561307902,0.08446866485013624,0.027247956403269755,0.01634877384196185,0.02452316076294278,0.043596730245231606,0.0681198910081744,Control,
2021_Ren_Cell_COVID|S-S091,1.0,0.0,0.0,0.0,0.0,0.0,0.0,0.0,Non-malignant disease,
2023_Terekhova_Immunity_PBMC|A26,0.7908653846153846,0.0,0.15625,0.052884615384615384,0.0,0.0,0.0,0.0,Control,
2021_Stephenson_NatMed_COVID19|MH9143325,0.5482174167153712,0.4517825832846289,0.0,0.0,0.0,0.0,0.0,0.0,Non-malignant disease,
2023_Terekhova_Immunity_PBMC|H05,0.7337192474674384,0.05788712011577424,0.14182344428364688,0.06657018813314038,0.0,0.0,0.0,0.0,Control,
2022_Dominguez-Conde_Science_CellTypist|CZINY-0102,0.8069565217391305,0.0,0.0,0.0,0.0,0.19304347826086957,0.0,0.0,Control,
2022_Gur_Cell_Sceleroderma|GSM5837556_AB8470,0.9270833333333334,0.0,0.07291666666666667,0.0,0.0,0.0,0.0,0.0,Non-malignant disease,
2021_Zheng_Science_TIL|ESCA_P20181114_N,0.042105263157894736,0.0,0.0,0.0,0.45263157894736844,0.43157894736842106,0.07368421052631578,0.0,Cancer_AdjNorm,ESCA
2022_Gur_Cell_Sceleroderma|GSM5837575_AB8489,0.8990825688073395,0.027522935779816515,0.07339449541284404,0.0,0.0,0.0,0.0,0.0,Non-malignant disease,
2021_Hao_Cell_Blood|P6_3,0.4329109206112561,0.43887439433469994,0.10659709280655982,0.02161759224748416,0.0,0.0,0.0,0.0,Control,
2022_Dominguez-Conde_Science_CellTypist|CZINY-0064,0.5240174672489083,0.0,0.09388646288209607,0.0,0.0,0.1615720524017467,0.20305676855895197,0.017467248908296942,Control,
2021_Stephenson_NatMed_COVID19|MH9143327,0.7752477899812483,0.22475221001875167,0.0,0.0,0.0,0.0,0.0,0.0,Non-malignant disease,
2020_Adams_SciAdv_IPF|022C-b,0.0,0.0,0.02857142857142857,0.0,0.0,0.6698412698412698,0.30158730158730157,0.0,Control,
2021_Stephenson_NatMed_COVID19|BGCV08_CV0155,0.9379310344827586,0.0,0.041379310344827586,0.0,0.020689655172413793,0.0,0.0,0.0,Non-malignant disease,
2023_Terekhova_Immunity_PBMC|FG04,0.8357142857142857,0.0,0.1357142857142857,0.02857142857142857,0.0,0.0,0.0,0.0,Control,
2023_Terekhova_Immunity_PBMC|L14,0.7757212847033206,0.0,0.18345127925966248,0.04082743603701688,0.0,0.0,0.0,0.0,Control,
2022_Dominguez-Conde_Science_CellTypist|CZINY-0099,0.8115079365079365,0.0,0.0,0.0,0.0,0.18253968253968253,0.0,0.005952380952380952,Control,
2023_Terekhova_Immunity_PBMC|E22,0.8904761904761904,0.01746031746031746,0.05714285714285714,0.03492063492063492,0.0,0.0,0.0,0.0,Control,
2023_Terekhova_Immunity_PBMC|B03,0.8705882352941177,0.023529411764705882,0.10588235294117647,0.0,0.0,0.0,0.0,0.0,Control,
2023_Terekhova_Immunity_PBMC|D05,0.7238095238095238,0.05714285714285714,0.15555555555555556,0.06349206349206349,0.0,0.0,0.0,0.0,Control,
2021_Stephenson_NatMed_COVID19|newcastle21,0.9689213893967094,0.0,0.031078610603290677,0.0,0.0,0.0,0.0,0.0,Non-malignant disease,
2020_Adams_SciAdv_IPF|49I-a,0.0,0.0,0.030100334448160536,0.0,0.0,0.06354515050167224,0.8093645484949833,0.09698996655518395,Non-malignant disease,
2022_Gur_Cell_Sceleroderma|GSM5837457_AB7872,1.0,0.0,0.0,0.0,0.0,0.0,0.0,0.0,Non-malignant disease,
2023_Terekhova_Immunity_PBMC|M23,0.7896213183730715,0.02244039270687237,0.07713884992987377,0.028050490883590462,0.08274894810659186,0.0,0.0,0.0,Control,
2022_Gur_Cell_Sceleroderma|GSM5837560_AB8474,0.12987012987012986,0.8571428571428571,0.0,0.0,0.0,0.012987012987012988,0.0,0.0,Non-malignant disease,
2023_Terekhova_Immunity_PBMC|H17,0.8754208754208754,0.013468013468013467,0.10213243546576879,0.0,0.004489337822671156,0.004489337822671156,0.0,0.0,Control,
2021_Szabo_Immunity_COVID19|COV022_respiratory_airway_3days,0.06315789473684211,0.0,0.0,0.0,0.4842105263157895,0.0,0.45263157894736844,0.0,Non-malignant disease,
2021_Stephenson_NatMed_COVID19|MH8919330,0.8836524300441826,0.0,0.09621993127147767,0.020127638684339717,0.0,0.0,0.0,0.0,Non-malignant disease,
2020_Litvinukova_Nature_Heart|HCAHeart7844002,0.29508196721311475,0.0,0.0,0.0,0.0,0.14754098360655737,0.13114754098360656,0.4262295081967213,Control,
2020_Adams_SciAdv_IPF|219C-b,0.0,0.0,0.0,0.0,0.045346062052505964,0.0,0.954653937947494,0.0,Control,
2023_Wang_SciAdv_CRC|s1125_Colon_Tumor,0.0,0.0,0.0,0.0,0.1434108527131783,0.6744186046511628,0.15503875968992248,0.027131782945736434,Cancer_Tumor,CRC
2021_Ren_Cell_COVID|S-S079,0.5816733067729084,0.029880478087649404,0.23306772908366533,0.045816733067729085,0.03187250996015936,0.0,0.07768924302788845,0.0,Non-malignant disease,
2022_Madissoon_NatGenet_Lung|WSSS8015050,0.2713178294573643,0.003875968992248062,0.06589147286821706,0.007751937984496124,0.015503875968992248,0.4186046511627907,0.12403100775193798,0.09302325581395349,Control,
2022_Gur_Cell_Sceleroderma|GSM5837235_AB6867,1.0,0.0,0.0,0.0,0.0,0.0,0.0,0.0,Non-malignant disease,
2021_Ren_Cell_COVID|S-M076-2,0.5043246839654025,0.36726546906187624,0.12840984697272123,0.0,0.0,0.0,0.0,0.0,Non-malignant disease,
2021_Stephenson_NatMed_COVID19|BGCV04_CV0164,0.9857142857142858,0.0,0.0,0.0,0.014285714285714285,0.0,0.0,0.0,Non-malignant disease,
2023_Terekhova_Immunity_PBMC|E27,0.784908933217693,0.007805724197745013,0.16305290546400694,0.04423243712055507,0.0,0.0,0.0,0.0,Control,
2020_Adams_SciAdv_IPF|034I-a,0.022222222222222223,0.0,0.0,0.0,0.0,0.0,0.7888888888888889,0.18888888888888888,Non-malignant disease,
2022_Gur_Cell_Sceleroderma|GSM5837682_AB9358,1.0,0.0,0.0,0.0,0.0,0.0,0.0,0.0,Non-malignant disease,
2021_Zheng_Science_TIL|KIDNEY_P20190918_N,0.07380373073803731,0.0,0.6293592862935928,0.0072992700729927005,0.07218167072181671,0.06001622060016221,0.015409570154095702,0.14193025141930252,Cancer_AdjNorm,RCC
2023_Terekhova_Immunity_PBMC|E10,0.4598494353826851,0.0,0.4548306148055207,0.08531994981179424,0.0,0.0,0.0,0.0,Control,
2021_Stephenson_NatMed_COVID19|BGCV13_CV0171,1.0,0.0,0.0,0.0,0.0,0.0,0.0,0.0,Non-malignant disease,
2021_Zheng_Science_TIL|OV-FTC_P20181225_T,0.0,0.013297872340425532,0.0797872340425532,0.0,0.8351063829787234,0.07180851063829788,0.0,0.0,Cancer_Tumor,OV-FTC
2023_Terekhova_Immunity_PBMC|L03,0.5005753739930955,0.0,0.47756041426927504,0.02186421173762946,0.0,0.0,0.0,0.0,Control,
2021_Zheng_Science_TIL|KIDNEY_P20190925_T,0.007017543859649123,0.0,0.21754385964912282,0.0,0.7631578947368421,0.012280701754385965,0.0,0.0,Cancer_Tumor,RCC
2022_TabulaSapiens_Science_TabulaSapiens|TSP2_Spleen_nan_10X,0.005263157894736842,0.0,0.05789473684210526,0.0,0.17543859649122806,0.7614035087719299,0.0,0.0,Control,
2021_Szabo_Immunity_COVID19|COV028_respiratory_airway_7days,0.0,0.0,0.0,0.0,0.56875,0.0,0.43125,0.0,Non-malignant disease,
2021_Ren_Cell_COVID|S-M073,0.8224043715846995,0.018214936247723135,0.14116575591985428,0.018214936247723135,0.0,0.0,0.0,0.0,Non-malignant disease,
2021_Ren_Cell_COVID|S-S012-1,0.0,0.0,0.006944444444444444,0.0,0.9930555555555556,0.0,0.0,0.0,Non-malignant disease,
2021_Stephenson_NatMed_COVID19|newcastle65,0.6204379562043796,0.0,0.34854014598540145,0.03102189781021898,0.0,0.0,0.0,0.0,Control,
2022_Gur_Cell_Sceleroderma|GSM5837336_AB7355,0.961038961038961,0.0,0.03896103896103896,0.0,0.0,0.0,0.0,0.0,Non-malignant disease,
2023_Terekhova_Immunity_PBMC|S11,0.9759519038076152,0.0,0.02404809619238477,0.0,0.0,0.0,0.0,0.0,Control,
2023_Hirz_NatComm_Prostate|GSM5494343_HP2,0.25,0.0,0.0,0.0,0.0,0.0,0.0,0.75,Control,
2021_Pelka_Cell_CRC|C135_T_1_1_1_c1_v2,0.49504950495049505,0.0,0.0,0.0,0.15841584158415842,0.22772277227722773,0.1188118811881188,0.0,Cancer_Tumor,CRC
2021_Melms_Nature_Lung-COVID19|C53ctr,0.8363636363636363,0.0,0.16363636363636364,0.0,0.0,0.0,0.0,0.0,Control,
2023_Fonseca_NatGenet_Endometriosis|sample24,0.08823529411764706,0.0,0.0,0.0,0.7867647058823529,0.0,0.0,0.125,Non-malignant disease,
2021_Szabo_Immunity_COVID19|COV022_respiratory_airway_1days,0.17079889807162535,0.0,0.0,0.0,0.13085399449035812,0.1418732782369146,0.38154269972451793,0.174931129476584,Non-malignant disease,
2021_Ren_Cell_COVID|S-M009-2,0.32941176470588235,0.041176470588235294,0.2529411764705882,0.0,0.3764705882352941,0.0,0.0,0.0,Non-malignant disease,
2021_Ren_Cell_COVID|S-HC005,0.45930232558139533,0.0,0.29651162790697677,0.12209302325581395,0.0,0.0,0.12209302325581395,0.0,Control,
2020_Adams_SciAdv_IPF|065C,0.0,0.0,0.0,0.0,0.008733624454148471,0.13973799126637554,0.8253275109170306,0.026200873362445413,Control,
2021_Stephenson_NatMed_COVID19|MH8919328,0.7325418994413407,0.0,0.25,0.017458100558659217,0.0,0.0,0.0,0.0,Non-malignant disease,
2021_Hao_Cell_Blood|P1_5,0.7962132536123567,0.0,0.15595416043846538,0.04783258594917788,0.0,0.0,0.0,0.0,Non-malignant disease,
2022_Perez_Science_SLE|dmx_count_BH7YT2DMXX_YE_0907,0.814837275116232,0.007984637153830604,0.16504952496462502,0.01212856276531231,0.0,0.0,0.0,0.0,Control,
2021_Cheng_Cell_Myeloid|ESCA-P20190410-N,0.05333333333333334,0.0,0.0,0.0,0.6,0.3466666666666667,0.0,0.0,Cancer_AdjNorm,ESCA
2021_Ren_Cell_COVID|S-M044-1,0.0,1.0,0.0,0.0,0.0,0.0,0.0,0.0,Non-malignant disease,
2021_Stephenson_NatMed_COVID19|AP4,0.927027027027027,0.0,0.07297297297297298,0.0,0.0,0.0,0.0,0.0,Non-malignant disease,
2023_Kumar_Nature_Breast|hbca_c33,0.03571428571428571,0.0,0.05357142857142857,0.0,0.25,0.0,0.6607142857142857,0.0,Cancer_Tumor,BRCA
2021_Ren_Cell_COVID|S-HC008,0.8655616942909761,0.011049723756906077,0.12338858195211787,0.0,0.0,0.0,0.0,0.0,Control,
2021_Zheng_Science_TIL|THCA_P20181226_T,0.06451612903225806,0.0,0.1774193548387097,0.0,0.6129032258064516,0.03225806451612903,0.0,0.11290322580645161,Cancer_Tumor,THCA
2022_Gur_Cell_Sceleroderma|GSM5837232_AB6864,0.9860627177700348,0.0,0.013937282229965157,0.0,0.0,0.0,0.0,0.0,Non-malignant disease,
2023_Monavarfeshani_PNAS_Eye|Pt13Cho,0.3548387096774194,0.0,0.4838709677419355,0.0,0.0,0.0967741935483871,0.04838709677419355,0.016129032258064516,Control,
2022_Gur_Cell_Sceleroderma|GSM5837550_AB8464,1.0,0.0,0.0,0.0,0.0,0.0,0.0,0.0,Non-malignant disease,
2023_Terekhova_Immunity_PBMC|FH04,0.928921568627451,0.0,0.07107843137254902,0.0,0.0,0.0,0.0,0.0,Control,
2021_Ren_Cell_COVID|S-S076-2,0.9168831168831169,0.015584415584415584,0.02857142857142857,0.03896103896103896,0.0,0.0,0.0,0.0,Non-malignant disease,
2021_Hao_Cell_Blood|P7_5,0.216231884057971,0.07478260869565218,0.034782608695652174,0.0,0.6666666666666666,0.007536231884057971,0.0,0.0,Control,
2022_Dominguez-Conde_Science_CellTypist|CZINY-0097,0.8284132841328413,0.0,0.0,0.0,0.0,0.17158671586715868,0.0,0.0,Control,
2023_Terekhova_Immunity_PBMC|A22,0.9098196392785571,0.0,0.05410821643286573,0.0,0.036072144288577156,0.0,0.0,0.0,Control,
2021_Pelka_Cell_CRC|C158_T_1_1_1_c1_v3,0.17117117117117117,0.0,0.0,0.0,0.06306306306306306,0.036036036036036036,0.6666666666666666,0.06306306306306306,Cancer_Tumor,CRC
2021_Ren_Cell_COVID|S-HC023,0.3681592039800995,0.017412935323383085,0.4527363184079602,0.0945273631840796,0.0,0.0,0.06716417910447761,0.0,Control,
2022_TabulaSapiens_Science_TabulaSapiens|TSP10_Skin_nan_10X,0.0,0.0,0.0,0.0,0.7054263565891473,0.0,0.29457364341085274,0.0,Control,
2023_Fonseca_NatGenet_Endometriosis|sample29,0.20243902439024392,0.0,0.0,0.0,0.7146341463414634,0.0,0.0,0.08292682926829269,Non-malignant disease,
2023_Hirz_NatComm_Prostate|GSM5494360_SCG-PCA9-T-LG,0.024390243902439025,0.0,0.15447154471544716,0.0,0.4715447154471545,0.3008130081300813,0.04878048780487805,0.0,Cancer_Tumor,PRC
2021_Pelka_Cell_CRC|C162_T_0_0_0_c2_v2,0.13559322033898305,0.423728813559322,0.0,0.0,0.0,0.13559322033898305,0.3050847457627119,0.0,Cancer_Tumor,CRC
2023_Terekhova_Immunity_PBMC|FD01,0.7230499561787905,0.0,0.25591586327782645,0.021034180543382998,0.0,0.0,0.0,0.0,Control,
2021_Ren_Cell_COVID|S-S077,0.42147117296222664,0.23260437375745527,0.27634194831013914,0.04970178926441352,0.009940357852882704,0.0,0.009940357852882704,0.0,Non-malignant disease,
2021_Zheng_Science_TIL|THCA_P20190621_T,0.0,0.0,0.0,0.0,0.43614457831325304,0.0,0.5277108433734939,0.03614457831325301,Cancer_Tumor,THCA
2021_Zheng_Science_TIL|KIDNEY_P20181224_T,0.0,0.00963855421686747,0.708433734939759,0.0,0.13132530120481928,0.09518072289156626,0.0,0.05542168674698795,Cancer_Tumor,RCC
2020_Adams_SciAdv_IPF|228I-a,0.05042016806722689,0.0,0.0,0.0,0.0,0.0,0.42857142857142855,0.5210084033613446,Non-malignant disease,
2023_Terekhova_Immunity_PBMC|E05,0.5488826815642458,0.0,0.41620111731843573,0.034916201117318434,0.0,0.0,0.0,0.0,Control,
2023_Terekhova_Immunity_PBMC|FA06,0.9402985074626866,0.007462686567164179,0.05223880597014925,0.0,0.0,0.0,0.0,0.0,Control,
2021_Ren_Cell_COVID|S-M072,0.6238185255198487,0.15879017013232513,0.15689981096408318,0.06049149338374291,0.0,0.0,0.0,0.0,Non-malignant disease,
2023_Fonseca_NatGenet_Endometriosis|sample12,0.0,0.0,0.0,0.0,0.9354838709677419,0.0,0.0,0.06451612903225806,Non-malignant disease,
2023_Terekhova_Immunity_PBMC|A09,0.6746031746031746,0.0,0.26587301587301587,0.04365079365079365,0.015873015873015872,0.0,0.0,0.0,Control,
2022_Gur_Cell_Sceleroderma|GSM5837564_AB8478,0.9285714285714286,0.0,0.07142857142857142,0.0,0.0,0.0,0.0,0.0,Non-malignant disease,
2023_Terekhova_Immunity_PBMC|FE07,0.6812993854258121,0.007901668129938543,0.28797190517998245,0.018437225636523266,0.004389815627743635,0.0,0.0,0.0,Control,
2022_Gur_Cell_Sceleroderma|GSM5837698_AB9431,0.9775280898876404,0.0,0.02247191011235955,0.0,0.0,0.0,0.0,0.0,Non-malignant disease,
2021_Pelka_Cell_CRC|C147_T_1_1_1_c1_v2,0.3835616438356164,0.0,0.0,0.0,0.1095890410958904,0.0547945205479452,0.4246575342465753,0.0273972602739726,Cancer_Tumor,CRC
2023_Terekhova_Immunity_PBMC|B13,0.670897552130553,0.04623753399818677,0.23481414324569355,0.04805077062556664,0.0,0.0,0.0,0.0,Control,
2023_Terekhova_Immunity_PBMC|FA07,0.8926108374384236,0.03152709359605911,0.05123152709359606,0.024630541871921183,0.0,0.0,0.0,0.0,Control,
2021_Stephenson_NatMed_COVID19|MH9143276,0.7761982128350934,0.18196588139723802,0.04183590576766856,0.0,0.0,0.0,0.0,0.0,Non-malignant disease,
2021_Stephenson_NatMed_COVID19|MH8919327,0.36430138990490124,0.6356986100950988,0.0,0.0,0.0,0.0,0.0,0.0,Non-malignant disease,
2023_Terekhova_Immunity_PBMC|L23,0.09042553191489362,0.0,0.8404255319148937,0.06914893617021277,0.0,0.0,0.0,0.0,Control,
2022_Guilliams_Cell_Liver|CS44,0.6238200441855795,0.019080136573609158,0.31070496083550914,0.0018075918859208676,0.021891946173930508,0.02008435428800964,0.0026109660574412533,0.0,Cancer_Metastasis,CRC
2021_Pelka_Cell_CRC|C162_T_0_0_1_c1_v3,0.22413793103448276,0.1724137931034483,0.0,0.0,0.008620689655172414,0.12931034482758622,0.41379310344827586,0.05172413793103448,Cancer_Tumor,CRC
2021_Wu_NatGenet_Breast|CID4513,0.0,0.058394160583941604,0.0,0.0,0.145985401459854,0.08029197080291971,0.145985401459854,0.5693430656934306,Cancer_Tumor,BRCA
2021_Zheng_Science_TIL|ESCA_P20190410_T,0.020618556701030927,0.0,0.0,0.0,0.2268041237113402,0.010309278350515464,0.061855670103092786,0.6804123711340206,Cancer_Tumor,ESCA
2022_Gur_Cell_Sceleroderma|GSM5837450_AB7865,1.0,0.0,0.0,0.0,0.0,0.0,0.0,0.0,Non-malignant disease,
2021_Cheng_Cell_Myeloid|OV-P20181225-T,0.0,0.013513513513513514,0.08648648648648649,0.0,0.8,0.1,0.0,0.0,Cancer_Tumor,OV-FTC
2020_Adams_SciAdv_IPF|157I-a,0.0,0.0,0.15517241379310345,0.0,0.05747126436781609,0.09195402298850575,0.6954022988505747,0.0,Non-malignant disease,
2023_Hirz_NatComm_Prostate|GSM5494359_SCG-PCA8-T-HG,0.0,0.0,0.0,0.0,0.13725490196078433,0.5098039215686274,0.0392156862745098,0.3137254901960784,Cancer_Tumor,PRC
2023_Kumar_Nature_Breast|hbca_c44,0.08227848101265822,0.0,0.0189873417721519,0.0,0.6708860759493671,0.0,0.22784810126582278,0.0,Cancer_Tumor,BRCA
2022_Zhou_NatGenet_PDAC|HT061P1-S1PBA1A1Z1_1B2_1,0.0,0.0,0.0,0.0,0.75,0.0,0.25,0.0,Cancer_Tumor,PC
2021_Ren_Cell_COVID|S-M005,0.7225017972681524,0.035945363048166784,0.08483105679367361,0.0,0.15672178289000718,0.0,0.0,0.0,Non-malignant disease,
2021_Cheng_Cell_Myeloid|THCA-P20181226-T,0.06451612903225806,0.0,0.1774193548387097,0.0,0.5967741935483871,0.03225806451612903,0.0,0.12903225806451613,Cancer_Tumor,THCA
2020_Adams_SciAdv_IPF|081C,0.013245033112582781,0.0,0.03642384105960265,0.0,0.006622516556291391,0.0,0.9139072847682119,0.029801324503311258,Control,
2022_TabulaSapiens_Science_TabulaSapiens|TSP2_Bone_Marrow_vertebralbody_smartseq2,0.9090909090909091,0.0,0.09090909090909091,0.0,0.0,0.0,0.0,0.0,Control,
2021_Ren_Cell_COVID|S-S011-1,0.0,0.0,0.0,0.0,0.12598425196850394,0.0,0.8740157480314961,0.0,Non-malignant disease,
2021_Zheng_Science_TIL|PAAD_P20190225_T,0.02702702702702703,0.0,0.16216216216216217,0.0,0.5540540540540541,0.25675675675675674,0.0,0.0,Cancer_Tumor,PC
2022_TabulaSapiens_Science_TabulaSapiens|TSP7_Spleen_nan_smartseq2,0.4583333333333333,0.0,0.0,0.0,0.05555555555555555,0.4722222222222222,0.013888888888888888,0.0,Control,
2021_Stephenson_NatMed_COVID19|BGCV09_CV0917,0.7942238267148014,0.0,0.20577617328519857,0.0,0.0,0.0,0.0,0.0,Control,
2022_Dominguez-Conde_Science_CellTypist|CZI-IA9924320+CZI-IA9924368,0.3404255319148936,0.0,0.0070921985815602835,0.0,0.0,0.12056737588652482,0.0425531914893617,0.48936170212765956,Control,
2022_Gur_Cell_Sceleroderma|GSM5837643_AB8941,0.9882352941176471,0.0,0.011764705882352941,0.0,0.0,0.0,0.0,0.0,Non-malignant disease,
2020_Adams_SciAdv_IPF|222C,0.0,0.0,0.004694835680751174,0.0,0.0,0.3615023474178404,0.6338028169014085,0.0,Control,
2021_Ren_Cell_COVID|S-S025,0.0,0.0,0.0,0.0,0.9298245614035088,0.0,0.07017543859649122,0.0,Non-malignant disease,
2023_Fonseca_NatGenet_Endometriosis|sample38,0.07058823529411765,0.0,0.0,0.0,0.9176470588235294,0.011764705882352941,0.0,0.0,Non-malignant disease,
2021_Ren_Cell_COVID|S-S028,0.7824074074074074,0.10648148148148148,0.06867283950617284,0.04243827160493827,0.0,0.0,0.0,0.0,Non-malignant disease,
2023_Kong_Immunity_CD|I130064_N3,1.0,0.0,0.0,0.0,0.0,0.0,0.0,0.0,Non-malignant disease,
2023_Terekhova_Immunity_PBMC|B19,0.8023952095808383,0.00718562874251497,0.1664670658682635,0.023952095808383235,0.0,0.0,0.0,0.0,Control,
2023_Terekhova_Immunity_PBMC|L01,0.6632200886262924,0.0,0.3190546528803545,0.01772525849335303,0.0,0.0,0.0,0.0,Control,
2022_Perez_Science_SLE|dmx_YE110,0.5635481707002425,0.3369110893234945,0.09732184323236494,0.002218896743898034,0.0,0.0,0.0,0.0,Non-malignant disease,
2022_Dominguez-Conde_Science_CellTypist|CZINY-0057,0.5283582089552239,0.0,0.0626865671641791,0.020895522388059702,0.0,0.15522388059701492,0.23283582089552238,0.0,Control,
2021_Chan_CancerCell_SCLC|RU1128,0.016129032258064516,0.12903225806451613,0.16129032258064516,0.0,0.4032258064516129,0.20967741935483872,0.08064516129032258,0.0,Cancer_Tumor,NSCLC
2023_Fonseca_NatGenet_Endometriosis|sample22,0.5549132947976878,0.0,0.0,0.0,0.09826589595375723,0.0,0.028901734104046242,0.3179190751445087,Non-malignant disease,
2023_Terekhova_Immunity_PBMC|T13,0.9044067796610169,0.05355932203389831,0.030508474576271188,0.01152542372881356,0.0,0.0,0.0,0.0,Control,
2023_Lake_Nature_Kidney|AKI3010018,0.45901639344262296,0.0,0.4016393442622951,0.13934426229508196,0.0,0.0,0.0,0.0,Non-malignant disease,
2020_Adams_SciAdv_IPF|040I-b,0.0,0.0,0.05625,0.0,0.0,0.09375,0.84375,0.00625,Non-malignant disease,
2021_Melms_Nature_Lung-COVID19|L22cov,1.0,0.0,0.0,0.0,0.0,0.0,0.0,0.0,Non-malignant disease,
2021_Ren_Cell_COVID|S-M068,0.3020833333333333,0.6979166666666666,0.0,0.0,0.0,0.0,0.0,0.0,Non-malignant disease,
2021_Stephenson_NatMed_COVID19|newcastle004v2,0.9764812302125735,0.0,0.01854364540931705,0.0,0.0,0.0,0.004975124378109453,0.0,Non-malignant disease,
2023_Lake_Nature_Kidney|DKD2910012,0.6918238993710691,0.0,0.25157232704402516,0.05660377358490566,0.0,0.0,0.0,0.0,Non-malignant disease,
2023_Terekhova_Immunity_PBMC|T10,0.6937531742001015,0.0,0.2884713052310818,0.017775520568816656,0.0,0.0,0.0,0.0,Control,
2023_Terekhova_Immunity_PBMC|T02,0.9135399673735726,0.0,0.06199021207177814,0.024469820554649267,0.0,0.0,0.0,0.0,Control,
2021_Ren_Cell_COVID|S-M067,0.9412687738175297,0.0,0.0587312261824703,0.0,0.0,0.0,0.0,0.0,Non-malignant disease,
2021_Ren_Cell_COVID|S-S031,0.38176795580110495,0.618232044198895,0.0,0.0,0.0,0.0,0.0,0.0,Non-malignant disease,
2023_Terekhova_Immunity_PBMC|T05,0.6112299465240641,0.09358288770053476,0.24705882352941178,0.0481283422459893,0.0,0.0,0.0,0.0,Control,
2021_Stephenson_NatMed_COVID19|BGCV02_CV0068,1.0,0.0,0.0,0.0,0.0,0.0,0.0,0.0,Non-malignant disease,
2021_Stephenson_NatMed_COVID19|newcastle20,0.8642857142857143,0.044642857142857144,0.048214285714285716,0.03571428571428571,0.0,0.0,0.007142857142857143,0.0,Non-malignant disease,
2021_Ren_Cell_COVID|S-HC018-2,0.8442211055276382,0.021775544388609715,0.10887772194304858,0.02512562814070352,0.0,0.0,0.0,0.0,Control,
2020_Adams_SciAdv_IPF|138I-a,0.009487666034155597,0.0,0.03225806451612903,0.0,0.0,0.026565464895635674,0.9316888045540797,0.0,Non-malignant disease,
2021_Stephenson_NatMed_COVID19|MH9143424,0.587248322147651,0.412751677852349,0.0,0.0,0.0,0.0,0.0,0.0,Non-malignant disease,
2021_Hao_Cell_Blood|P2_5,0.7940176750509857,0.012236573759347382,0.15907545887151597,0.03467029231815092,0.0,0.0,0.0,0.0,Non-malignant disease,
2023_Fonseca_NatGenet_Endometriosis|sample20,0.6421568627450981,0.0,0.0392156862745098,0.0,0.11274509803921569,0.0,0.00980392156862745,0.19607843137254902,Non-malignant disease,
2022_Gur_Cell_Sceleroderma|GSM5837641_AB8939,1.0,0.0,0.0,0.0,0.0,0.0,0.0,0.0,Control,
2020_Adams_SciAdv_IPF|022I,0.0,0.0,0.21052631578947367,0.0,0.07236842105263158,0.21710526315789475,0.5,0.0,Non-malignant disease,
2023_Terekhova_Immunity_PBMC|FC02,0.7791044776119403,0.0,0.18208955223880596,0.03880597014925373,0.0,0.0,0.0,0.0,Control,
2023_Terekhova_Immunity_PBMC|FA04,0.8546875,0.03125,0.0828125,0.03125,0.0,0.0,0.0,0.0,Control,
2023_Terekhova_Immunity_PBMC|J12,0.7929155313351499,0.0,0.1907356948228883,0.01634877384196185,0.0,0.0,0.0,0.0,Control,
2022_Guilliams_Cell_Liver|CS87,0.8774373259052924,0.01532033426183844,0.057103064066852366,0.05013927576601671,0.0,0.0,0.0,0.0,Cancer_Metastasis,CRC
2021_Ren_Cell_COVID|S-S084,0.8150537634408602,0.0,0.13548387096774195,0.04946236559139785,0.0,0.0,0.0,0.0,Non-malignant disease,
2023_Hirz_NatComm_Prostate|GSM5494373_SCG-PCA18-T-LG,0.03007518796992481,0.0,0.09022556390977443,0.0,0.3684210526315789,0.48120300751879697,0.03007518796992481,0.0,Cancer_Tumor,PRC
2021_Ren_Cell_COVID|S-M030,0.8049713193116634,0.0,0.17973231357552583,0.015296367112810707,0.0,0.0,0.0,0.0,Non-malignant disease,
2023_Terekhova_Immunity_PBMC|A33,0.8298850574712644,0.0,0.1471264367816092,0.022988505747126436,0.0,0.0,0.0,0.0,Control,
2023_Terekhova_Immunity_PBMC|A41,0.8192307692307692,0.0,0.1423076923076923,0.038461538461538464,0.0,0.0,0.0,0.0,Control,
2022_Perez_Science_SLE|dmx_YS-JY-22_pool6,0.5856772391781369,0.3185218432076601,0.0857769798523838,0.01002393776181927,0.0,0.0,0.0,0.0,Control,
2023_Terekhova_Immunity_PBMC|B10,0.9299610894941635,0.0,0.05058365758754864,0.019455252918287938,0.0,0.0,0.0,0.0,Control,
2020_Adams_SciAdv_IPF|193CO-a,0.08668730650154799,0.0,0.6160990712074303,0.01238390092879257,0.0,0.19504643962848298,0.08978328173374613,0.0,Non-malignant disease,
2022_Kumar_CancerDis_Gastric|GSM5573494_sample29,0.0,0.0,0.0,0.0,0.5875,0.0125,0.2375,0.1625,Cancer_AdjNorm,GC
2023_Terekhova_Immunity_PBMC|A07,0.9328743545611016,0.0,0.06712564543889846,0.0,0.0,0.0,0.0,0.0,Control,
2021_Chan_CancerCell_SCLC|RU1170g,0.0,0.054945054945054944,0.3626373626373626,0.0,0.04395604395604396,0.3626373626373626,0.13186813186813187,0.04395604395604396,Cancer_Tumor,NSCLC
2023_Terekhova_Immunity_PBMC|FE09,0.738429172510519,0.0,0.20897615708274894,0.042776998597475455,0.009817671809256662,0.0,0.0,0.0,Control,
2023_Terekhova_Immunity_PBMC|N22,0.9399198931909212,0.01335113484646195,0.042723631508678236,0.0,0.004005340453938585,0.0,0.0,0.0,Control,
2022_Gur_Cell_Sceleroderma|GSM5837050_AB11883,1.0,0.0,0.0,0.0,0.0,0.0,0.0,0.0,Control,
2021_Ren_Cell_COVID|S-S051,0.6906377204884667,0.0,0.0,0.0,0.056309362279511534,0.2496607869742198,0.0,0.0033921302578018998,Non-malignant disease,
2021_Stephenson_NatMed_COVID19|newcastle49,0.5772742644572202,0.37064592492390935,0.05207981061887048,0.0,0.0,0.0,0.0,0.0,Non-malignant disease,
2020_Litvinukova_Nature_Heart|HCAHeart7850549,0.044921875,0.017578125,0.0,0.0,0.00390625,0.0,0.0,0.93359375,Control,
2021_Stephenson_NatMed_COVID19|MH8919333,0.7745803357314148,0.0,0.19864108713029577,0.026778577138289367,0.0,0.0,0.0,0.0,Control,
2023_Terekhova_Immunity_PBMC|S23,0.7463450292397661,0.02046783625730994,0.21783625730994152,0.015350877192982455,0.0,0.0,0.0,0.0,Control,
2022_TabulaSapiens_Science_TabulaSapiens|TSP7_Blood_nan_smartseq2,1.0,0.0,0.0,0.0,0.0,0.0,0.0,0.0,Control,
2021_Ren_Cell_COVID|S-S090-2,0.9319371727748691,0.06806282722513089,0.0,0.0,0.0,0.0,0.0,0.0,Non-malignant disease,
2020_Adams_SciAdv_IPF|010I,0.016129032258064516,0.0,0.0,0.0,0.016129032258064516,0.28225806451612906,0.6854838709677419,0.0,Non-malignant disease,
2022_Emont_Nature_WAT|Hs_SAT_256-1,0.7735849056603774,0.0,0.22641509433962265,0.0,0.0,0.0,0.0,0.0,Control,
2022_Guilliams_Cell_Liver|CS71,0.6527777777777778,0.0,0.3055555555555556,0.013888888888888888,0.0,0.0,0.0,0.027777777777777776,Non-malignant disease,
2023_Terekhova_Immunity_PBMC|L02,0.8291782086795937,0.034164358264081256,0.11357340720221606,0.023084025854108958,0.0,0.0,0.0,0.0,Control,
2021_Zheng_Science_TIL|KIDNEY_P20190923_N,0.0,0.0,0.15301724137931033,0.0,0.49245689655172414,0.061422413793103446,0.0,0.29310344827586204,Cancer_AdjNorm,RCC
2021_Chan_CancerCell_SCLC|RU684_N,0.12658227848101267,0.0,0.45569620253164556,0.0,0.16455696202531644,0.25316455696202533,0.0,0.0,Cancer_AdjNorm,NSCLC
2020_Adams_SciAdv_IPF|098C-a,0.0,0.0,0.009009009009009009,0.0,0.0,0.4774774774774775,0.4954954954954955,0.018018018018018018,Control,
2021_Pelka_Cell_CRC|C129_T_1_1_1_c1_v2,0.5223880597014925,0.13432835820895522,0.0,0.0,0.0,0.0,0.34328358208955223,0.0,Cancer_Tumor,CRC
2022_Dominguez-Conde_Science_CellTypist|CZINY-0106,0.8374760994263862,0.0,0.0,0.0,0.0,0.16252390057361377,0.0,0.0,Control,
2023_Terekhova_Immunity_PBMC|A18,0.8477306002928258,0.0,0.1390922401171303,0.013177159590043924,0.0,0.0,0.0,0.0,Control,
2023_Terekhova_Immunity_PBMC|J01,0.7941176470588235,0.0,0.17254901960784313,0.03333333333333333,0.0,0.0,0.0,0.0,Control,
2023_Terekhova_Immunity_PBMC|J09,0.7033195020746889,0.0,0.21161825726141079,0.08506224066390042,0.0,0.0,0.0,0.0,Control,
2023_Terekhova_Immunity_PBMC|A04,0.6959459459459459,0.010135135135135136,0.21621621621621623,0.07432432432432433,0.0033783783783783786,0.0,0.0,0.0,Control,
2021_Stephenson_NatMed_COVID19|MH8919178,0.7739265390584583,0.0,0.20693222969477496,0.019141231246766685,0.0,0.0,0.0,0.0,Control,
2022_Gur_Cell_Sceleroderma|GSM5837685_AB9361,1.0,0.0,0.0,0.0,0.0,0.0,0.0,0.0,Non-malignant disease,
2023_Lake_Nature_Kidney|DKD3110035,0.65625,0.03125,0.28125,0.03125,0.0,0.0,0.0,0.0,Non-malignant disease,
2021_Stephenson_NatMed_COVID19|MH9143425,0.4682255845942228,0.5317744154057772,0.0,0.0,0.0,0.0,0.0,0.0,Non-malignant disease,
2022_Perez_Science_SLE|dmx_flare2,0.3989208633093525,0.572841726618705,0.028237410071942446,0.0,0.0,0.0,0.0,0.0,Non-malignant disease,
2022_Wu_JHematolOnco_AML|GSM4135770_N01_dge,1.0,0.0,0.0,0.0,0.0,0.0,0.0,0.0,Control,
2023_Terekhova_Immunity_PBMC|A16,0.7666666666666667,0.0,0.21481481481481482,0.007407407407407408,0.011111111111111112,0.0,0.0,0.0,Control,
2021_Ren_Cell_COVID|S-M027,0.5158002038735984,0.28440366972477066,0.199796126401631,0.0,0.0,0.0,0.0,0.0,Non-malignant disease,
2022_Dominguez-Conde_Science_CellTypist|CZI-IA10466281+CZI-IA10466377,0.0,0.0,0.23931623931623933,0.0,0.1794871794871795,0.38461538461538464,0.17094017094017094,0.02564102564102564,Control,
2021_Ren_Cell_COVID|S-M079,0.5625579240037072,0.4087117701575533,0.028730305838739572,0.0,0.0,0.0,0.0,0.0,Non-malignant disease,
2022_Guilliams_Cell_Liver|CISE08,0.9055374592833876,0.021172638436482084,0.06351791530944625,0.0,0.0,0.0,0.0,0.009771986970684038,Cancer_Metastasis,CRC
2021_Stephenson_NatMed_COVID19|BGCV05_CV0284,0.972972972972973,0.0,0.0,0.0,0.02702702702702703,0.0,0.0,0.0,Non-malignant disease,
2023_Terekhova_Immunity_PBMC|N13,0.7684766214177979,0.0196078431372549,0.18099547511312217,0.03092006033182504,0.0,0.0,0.0,0.0,Control,
2023_Kumar_Nature_Breast|hbca_c73,0.0,0.0,0.12149532710280374,0.0,0.5327102803738317,0.037383177570093455,0.308411214953271,0.0,Control,
2023_Terekhova_Immunity_PBMC|G20,0.8787878787878788,0.030303030303030304,0.09090909090909091,0.0,0.0,0.0,0.0,0.0,Control,
2023_Terekhova_Immunity_PBMC|FB03,0.8852913968547641,0.02497687326549491,0.08973172987974098,0.0,0.0,0.0,0.0,0.0,Control,
2020_Drokhlyansky_Cell_EntericNerve|H14_S61,0.6842105263157895,0.0,0.08771929824561403,0.0,0.08771929824561403,0.10526315789473684,0.03508771929824561,0.0,Cancer_AdjNorm,CRC
2023_Terekhova_Immunity_PBMC|D12,0.71484375,0.05078125,0.201171875,0.033203125,0.0,0.0,0.0,0.0,Control,
2021_Szabo_Immunity_COVID19|COV028_respiratory_airway_4days,0.011342155009451797,0.0,0.0,0.0,0.29206049149338376,0.0,0.6427221172022685,0.05387523629489603,Non-malignant disease,
2023_Terekhova_Immunity_PBMC|M36,0.8496815286624204,0.034394904458598725,0.09171974522292993,0.024203821656050957,0.0,0.0,0.0,0.0,Control,
2021_Cheng_Cell_Myeloid|ESCA-P20190613-N,0.06486486486486487,0.0,0.051351351351351354,0.0,0.26756756756756755,0.572972972972973,0.0,0.043243243243243246,Cancer_AdjNorm,ESCA
2022_TabulaSapiens_Science_TabulaSapiens|TSP10_Blood_nan_10X,1.0,0.0,0.0,0.0,0.0,0.0,0.0,0.0,Control,
2021_Ren_Cell_COVID|S-HC013,0.9167455061494797,0.030274361400189215,0.028855250709555344,0.024124881740775782,0.0,0.0,0.0,0.0,Control,
2021_Ren_Cell_COVID|S-M040-2,0.8285714285714286,0.0,0.12380952380952381,0.047619047619047616,0.0,0.0,0.0,0.0,Non-malignant disease,
2023_Terekhova_Immunity_PBMC|A06,0.8333333333333334,0.0,0.041666666666666664,0.0,0.125,0.0,0.0,0.0,Control,
2021_Ren_Cell_COVID|S-M022,0.6708307307932542,0.18550905683947533,0.0886945658963148,0.05496564647095565,0.0,0.0,0.0,0.0,Non-malignant disease,
2021_Ren_Cell_COVID|S-HC024,0.5417348608837971,0.16693944353518822,0.15384615384615385,0.019639934533551555,0.0,0.0,0.11783960720130933,0.0,Control,
2021_Stephenson_NatMed_COVID19|MH9143326,0.44792071511853865,0.5520792848814613,0.0,0.0,0.0,0.0,0.0,0.0,Non-malignant disease,
2021_Stephenson_NatMed_COVID19|MH9143426,0.5567698846387371,0.4432301153612629,0.0,0.0,0.0,0.0,0.0,0.0,Non-malignant disease,
2022_Gur_Cell_Sceleroderma|GSM5837646_AB8944,1.0,0.0,0.0,0.0,0.0,0.0,0.0,0.0,Non-malignant disease,
2022_Perez_Science_SLE|dmx_count_AHCM2CDMXX_YE_0831,0.8053875236294896,0.04489603024574669,0.13506616257088846,0.014650283553875236,0.0,0.0,0.0,0.0,Control,
2021_Stephenson_NatMed_COVID19|MH9143427,0.47505270555165147,0.5249472944483485,0.0,0.0,0.0,0.0,0.0,0.0,Non-malignant disease,
2021_Ren_Cell_COVID|S-S034,0.7540983606557377,0.0,0.2459016393442623,0.0,0.0,0.0,0.0,0.0,Non-malignant disease,
2023_Terekhova_Immunity_PBMC|C11,0.9182242990654206,0.0,0.08177570093457943,0.0,0.0,0.0,0.0,0.0,Control,
2023_Terekhova_Immunity_PBMC|FA03,0.9112801013941698,0.017743979721166033,0.058301647655259824,0.012674271229404309,0.0,0.0,0.0,0.0,Control,
2021_Ren_Cell_COVID|S-S067,0.5580182529335072,0.3033463711429813,0.13863537592351152,0.0,0.0,0.0,0.0,0.0,Non-malignant disease,
2020_Adams_SciAdv_IPF|152CO-a,0.0,0.0,0.41935483870967744,0.0,0.0064516129032258064,0.14193548387096774,0.432258064516129,0.0,Non-malignant disease,
2021_Ren_Cell_COVID|S-S039,0.9671052631578947,0.017543859649122806,0.0,0.0,0.0,0.015350877192982455,0.0,0.0,Non-malignant disease,
2021_Cheng_Cell_Myeloid|PACA-P20181121-T,0.0,0.0,0.0,0.0,0.6031746031746031,0.0,0.3968253968253968,0.0,Cancer_Tumor,PC
2023_Terekhova_Immunity_PBMC|A28,0.9242666666666667,0.024533333333333334,0.037866666666666667,0.013333333333333334,0.0,0.0,0.0,0.0,Control,
2020_Adams_SciAdv_IPF|193CO-b,0.05221932114882506,0.0,0.5718015665796344,0.0,0.0,0.195822454308094,0.1801566579634465,0.0,Non-malignant disease,
2023_Terekhova_Immunity_PBMC|M33,0.7788844621513944,0.0,0.20717131474103587,0.013944223107569721,0.0,0.0,0.0,0.0,Control,
2021_Ren_Cell_COVID|S-S074-1,0.8333333333333334,0.0,0.09259259259259259,0.0,0.018518518518518517,0.037037037037037035,0.018518518518518517,0.0,Non-malignant disease,
2020_Habermann_SciAdv_Lung-COVID19|GSM5226600_L22cov,1.0,0.0,0.0,0.0,0.0,0.0,0.0,0.0,Non-malignant disease,
2021_Stephenson_NatMed_COVID19|MH9143277,0.8787214039486054,0.12127859605139454,0.0,0.0,0.0,0.0,0.0,0.0,Non-malignant disease,
2020_Adams_SciAdv_IPF|238CO,0.0,0.0,0.3780487804878049,0.0,0.0,0.024390243902439025,0.5975609756097561,0.0,Non-malignant disease,
2021_Ren_Cell_COVID|S-M049,0.0,1.0,0.0,0.0,0.0,0.0,0.0,0.0,Non-malignant disease,
2023_Terekhova_Immunity_PBMC|D23,0.8482632541133455,0.029250457038391225,0.12248628884826325,0.0,0.0,0.0,0.0,0.0,Control,
2023_Terekhova_Immunity_PBMC|FB04,0.8943965517241379,0.01293103448275862,0.07112068965517242,0.021551724137931036,0.0,0.0,0.0,0.0,Control,
2023_Hirz_NatComm_Prostate|GSM5494365_SCG-PCA12-T-LG,0.0,0.0,0.052083333333333336,0.0,0.026041666666666668,0.8854166666666666,0.036458333333333336,0.0,Cancer_Tumor,PRC
2023_Terekhova_Immunity_PBMC|M20,0.8120649651972158,0.0030935808197989174,0.1477184841453983,0.037122969837587005,0.0,0.0,0.0,0.0,Control,
2021_Ren_Cell_COVID|S-M018,0.46694502435629787,0.5330549756437022,0.0,0.0,0.0,0.0,0.0,0.0,Non-malignant disease,
2023_Terekhova_Immunity_PBMC|G05,0.8119868637110016,0.05090311986863711,0.13711001642036125,0.0,0.0,0.0,0.0,0.0,Control,
2023_Terekhova_Immunity_PBMC|A40,0.8446215139442231,0.0,0.1553784860557769,0.0,0.0,0.0,0.0,0.0,Control,
2022_Gur_Cell_Sceleroderma|GSM5837699_AB9432,0.9245283018867925,0.07547169811320754,0.0,0.0,0.0,0.0,0.0,0.0,Non-malignant disease,
2022_Kumar_CancerDis_Gastric|GSM5573468_sample3,0.10382513661202186,0.0,0.0,0.0,0.0,0.1366120218579235,0.1366120218579235,0.6229508196721312,Cancer_Tumor,GC
2021_Ren_Cell_COVID|S-M065,0.8765432098765432,0.043209876543209874,0.08024691358024691,0.0,0.0,0.0,0.0,0.0,Non-malignant disease,
2020_Adams_SciAdv_IPF|296C,0.0,0.0,0.0,0.0,0.008746355685131196,0.8309037900874635,0.13119533527696792,0.029154518950437316,Control,
2022_Gur_Cell_Sceleroderma|GSM5837647_AB8945,1.0,0.0,0.0,0.0,0.0,0.0,0.0,0.0,Non-malignant disease,
2021_Cheng_Cell_Myeloid|ESCA-P20181114-N,0.0,0.0,0.0,0.0,0.4083333333333333,0.4666666666666667,0.125,0.0,Cancer_AdjNorm,ESCA
2021_Ren_Cell_COVID|S-S063,0.8652792990142387,0.014238773274917854,0.05805038335158817,0.03176341730558598,0.0,0.0,0.03066812705366922,0.0,Non-malignant disease,
2023_Terekhova_Immunity_PBMC|B17,0.8719758064516129,0.028225806451612902,0.08366935483870967,0.016129032258064516,0.0,0.0,0.0,0.0,Control,
2021_Ren_Cell_COVID|S-HC025,0.5988142292490118,0.08300395256916997,0.1857707509881423,0.021739130434782608,0.0,0.0,0.11067193675889328,0.0,Control,
2021_Ren_Cell_COVID|S-M036-1,0.8351241200444609,0.0885513153019637,0.060392738051130046,0.01593182660244535,0.0,0.0,0.0,0.0,Non-malignant disease,
2021_Ren_Cell_COVID|S-S059,0.9808510638297873,0.0,0.019148936170212766,0.0,0.0,0.0,0.0,0.0,Non-malignant disease,
2021_Elmentaite_Nature_Intestine|4918STDY7273965,0.0,0.0,0.0,0.0,0.7647058823529411,0.21568627450980393,0.0196078431372549,0.0,Non-malignant disease,
2021_Pal_EMBO_Breast|GSM4909288_TN-B1-MH0177,0.06766917293233082,0.11278195488721804,0.0,0.0,0.7330827067669173,0.0,0.07142857142857142,0.015037593984962405,Cancer_Tumor,BRCA
2022_Dominguez-Conde_Science_CellTypist|CZINY-0060,0.41284403669724773,0.0,0.11009174311926606,0.027522935779816515,0.0,0.18654434250764526,0.25382262996941896,0.009174311926605505,Control,
2021_Pelka_Cell_CRC|C125_T_1_1_1_c1_v2,0.5802469135802469,0.0,0.0,0.04938271604938271,0.0,0.08641975308641975,0.2839506172839506,0.0,Cancer_Tumor,CRC
2023_Terekhova_Immunity_PBMC|G03,0.8031693077564637,0.0,0.14762301918265222,0.04920767306088407,0.0,0.0,0.0,0.0,Control,
2020_Litvinukova_Nature_Heart|HCAHeart8102862,0.07207207207207207,0.0,0.0,0.0,0.05105105105105105,0.22522522522522523,0.4954954954954955,0.15615615615615616,Control,
2021_Zheng_Science_TIL|UCEC_P20190911_N,0.018774703557312252,0.0,0.06620553359683795,0.0,0.11462450592885376,0.06521739130434782,0.7164031620553359,0.018774703557312252,Cancer_AdjNorm,EC
2022_TabulaSapiens_Science_TabulaSapiens|TSP2_Thymus_nan_10X,0.3493975903614458,0.0,0.018072289156626505,0.0,0.08433734939759036,0.536144578313253,0.012048192771084338,0.0,Control,
2023_Kumar_Nature_Breast|hbca_c37,0.24074074074074073,0.0,0.0,0.0,0.6851851851851852,0.0,0.027777777777777776,0.046296296296296294,Cancer_Tumor,BRCA
2021_Ren_Cell_COVID|S-S080,0.8019047619047619,0.024761904761904763,0.15047619047619049,0.0,0.0,0.0,0.022857142857142857,0.0,Non-malignant disease,
2023_Terekhova_Immunity_PBMC|T16,0.777504105090312,0.03201970443349754,0.16297208538587848,0.027504105090311988,0.0,0.0,0.0,0.0,Control,
2022_Gur_Cell_Sceleroderma|GSM5837240_AB6910,1.0,0.0,0.0,0.0,0.0,0.0,0.0,0.0,Non-malignant disease,
2022_Gur_Cell_Sceleroderma|GSM5837503_AB8042,0.7766497461928934,0.2233502538071066,0.0,0.0,0.0,0.0,0.0,0.0,Non-malignant disease,
2021_Ren_Cell_COVID|S-M053,0.8900955690703736,0.010860121633362294,0.08557775847089487,0.010425716768027803,0.0,0.0,0.0030408340573414424,0.0,Non-malignant disease,
2023_Lake_Nature_Kidney|DKD2910011,0.4189189189189189,0.04054054054054054,0.35135135135135137,0.1891891891891892,0.0,0.0,0.0,0.0,Non-malignant disease,
2023_Terekhova_Immunity_PBMC|E23,0.751412429378531,0.0,0.08286252354048965,0.0,0.047080979284369114,0.062146892655367235,0.05649717514124294,0.0,Control,
2023_Terekhova_Immunity_PBMC|C18,0.7375643224699828,0.07204116638078903,0.09090909090909091,0.06518010291595197,0.03430531732418525,0.0,0.0,0.0,Control,
2023_Terekhova_Immunity_PBMC|S12,0.8409090909090909,0.012845849802371542,0.1324110671936759,0.01383399209486166,0.0,0.0,0.0,0.0,Control,
2020_Adams_SciAdv_IPF|29I,0.04411764705882353,0.029411764705882353,0.0,0.0,0.058823529411764705,0.29411764705882354,0.5735294117647058,0.0,Non-malignant disease,
2021_Melms_Nature_Lung-COVID19|L11cov,0.9552238805970149,0.0,0.0,0.0,0.0,0.0,0.029850746268656716,0.014925373134328358,Non-malignant disease,
2021_Pelka_Cell_CRC|C125_T_1_1_1_c2_v2,0.5466666666666666,0.0,0.0,0.0,0.02666666666666667,0.09333333333333334,0.3333333333333333,0.0,Cancer_Tumor,CRC
2022_Guilliams_Cell_Liver|CS111,0.5217391304347826,0.0,0.13043478260869565,0.0,0.014492753623188406,0.17391304347826086,0.0,0.15942028985507245,Non-malignant disease,
2021_Chan_CancerCell_SCLC|RU1170g_Sort-Freeze,0.1588785046728972,0.028037383177570093,0.37383177570093457,0.0,0.04672897196261682,0.308411214953271,0.08411214953271028,0.0,Cancer_Tumor,NSCLC
2021_Ren_Cell_COVID|S-M029,0.1422924901185771,0.541501976284585,0.31620553359683795,0.0,0.0,0.0,0.0,0.0,Non-malignant disease,
2022_Dominguez-Conde_Science_CellTypist|CZINY-0062,0.5993975903614458,0.0,0.07228915662650602,0.018072289156626505,0.0,0.04819277108433735,0.25,0.012048192771084338,Control,
2022_Dominguez-Conde_Science_CellTypist|Pan_T7935491,0.6807228915662651,0.0,0.060240963855421686,0.030120481927710843,0.0,0.0783132530120482,0.03614457831325301,0.1144578313253012,Control,
2023_Hirz_NatComm_Prostate|GSM5494370_SCG-PCA17-N-LG,0.06666666666666667,0.0,0.4,0.0,0.3333333333333333,0.2,0.0,0.0,Cancer_AdjNorm,PRC
2022_Gur_Cell_Sceleroderma|GSM5837291_AB7193,0.9464285714285714,0.0,0.05357142857142857,0.0,0.0,0.0,0.0,0.0,Non-malignant disease,
2022_Kumar_CancerDis_Gastric|GSM5573492_sample27,0.13978494623655913,0.0,0.0,0.0,0.0,0.0,0.0,0.8602150537634409,Cancer_AdjNorm,GC
2021_Ren_Cell_COVID|S-HC015,0.48545454545454547,0.26121212121212123,0.2206060606060606,0.03272727272727273,0.0,0.0,0.0,0.0,Control,
2021_Ren_Cell_COVID|S-S035-2,0.3516483516483517,0.0,0.0,0.0,0.3076923076923077,0.34065934065934067,0.0,0.0,Non-malignant disease,
2021_Stephenson_NatMed_COVID19|MH9179821,0.25219298245614036,0.7478070175438597,0.0,0.0,0.0,0.0,0.0,0.0,Non-malignant disease,
2022_Gur_Cell_Sceleroderma|GSM5837547_AB8457,0.9761904761904762,0.0,0.023809523809523808,0.0,0.0,0.0,0.0,0.0,Non-malignant disease,
2023_Terekhova_Immunity_PBMC|L16,0.7138103161397671,0.026067665002773157,0.23904603438713257,0.02107598447032723,0.0,0.0,0.0,0.0,Control,
2023_Kumar_Nature_Breast|hbca_c77,0.012345679012345678,0.0,0.08641975308641975,0.0,0.2962962962962963,0.1111111111111111,0.49382716049382713,0.0,Control,
2023_Terekhova_Immunity_PBMC|T06,0.8780120481927711,0.0,0.12198795180722892,0.0,0.0,0.0,0.0,0.0,Control,
2021_Ren_Cell_COVID|S-M033,0.8944099378881988,0.024844720496894408,0.031055900621118012,0.049689440993788817,0.0,0.0,0.0,0.0,Non-malignant disease,
2020_Adams_SciAdv_IPF|186CO-b,0.0,0.0,0.26373626373626374,0.0,0.0989010989010989,0.5384615384615384,0.0989010989010989,0.0,Non-malignant disease,
2022_Emont_Nature_WAT|Hs_SAT_13-1,0.7941176470588235,0.0,0.20588235294117646,0.0,0.0,0.0,0.0,0.0,Control,
2021_Zheng_Science_TIL|KIDNEY_P20190925_N,0.008183306055646482,0.0,0.190671031096563,0.0,0.6939443535188216,0.1072013093289689,0.0,0.0,Cancer_AdjNorm,RCC
2023_Kong_Immunity_CD|I130084_L,0.0,0.0,0.0,0.0,0.21476510067114093,0.0,0.010067114093959731,0.7751677852348994,Non-malignant disease,
2022_Gur_Cell_Sceleroderma|GSM5837551_AB8465,0.8666666666666667,0.0,0.13333333333333333,0.0,0.0,0.0,0.0,0.0,Non-malignant disease,
2022_Dominguez-Conde_Science_CellTypist|Pan_T7917815,0.8305084745762712,0.0,0.0,0.0,0.0,0.0,0.0,0.1694915254237288,Control,
2021_Stephenson_NatMed_COVID19|BGCV03_CV0176,0.9848484848484849,0.015151515151515152,0.0,0.0,0.0,0.0,0.0,0.0,Non-malignant disease,
2021_Pelka_Cell_CRC|C166_T_0_0_0_c1_v3,0.23809523809523808,0.0,0.0,0.0,0.25,0.0,0.4166666666666667,0.09523809523809523,Cancer_Tumor,CRC
2023_Terekhova_Immunity_PBMC|G02,0.7808219178082192,0.0,0.2054794520547945,0.0136986301369863,0.0,0.0,0.0,0.0,Control,
2023_Terekhova_Immunity_PBMC|B16,0.7697283311772316,0.016817593790426907,0.16817593790426907,0.045278137128072445,0.0,0.0,0.0,0.0,Control,
2021_Ren_Cell_COVID|S-S001-3,0.0,0.0,0.0,0.0,0.0,0.0,1.0,0.0,Non-malignant disease,
2022_Madissoon_NatGenet_Lung|HCATisStab7732263,0.09,0.01,0.0,0.0,0.06,0.71,0.01,0.12,Control,
2022_Dominguez-Conde_Science_CellTypist|CZINY-0059,0.5701492537313433,0.0,0.05373134328358209,0.020895522388059702,0.0,0.15522388059701492,0.2,0.0,Control,
2023_Terekhova_Immunity_PBMC|M11,0.9331306990881459,0.0,0.0547112462006079,0.0121580547112462,0.0,0.0,0.0,0.0,Control,
2022_Dominguez-Conde_Science_CellTypist|CZINY-0104,0.8253119429590018,0.0,0.0,0.0,0.0,0.1746880570409982,0.0,0.0,Control,
2021_Hao_Cell_Blood|P3_3,0.6443683883011824,0.13939016801493467,0.179215930304916,0.02582451773490977,0.01120099564405725,0.0,0.0,0.0,Control,
2023_Terekhova_Immunity_PBMC|FL02,0.8315,0.0185,0.131,0.019,0.0,0.0,0.0,0.0,Control,
2023_Terekhova_Immunity_PBMC|B11,0.8963963963963963,0.02252252252252252,0.08108108108108109,0.0,0.0,0.0,0.0,0.0,Control,
2023_Fonseca_NatGenet_Endometriosis|sample43,0.08333333333333333,0.0,0.0,0.0,0.6309523809523809,0.0,0.0,0.2857142857142857,Non-malignant disease,
2023_Kumar_Nature_Breast|hbca_c55,0.05454545454545454,0.0,0.21818181818181817,0.03636363636363636,0.36363636363636365,0.03636363636363636,0.16363636363636364,0.12727272727272726,Control,
2023_Terekhova_Immunity_PBMC|D15,0.8317241379310345,0.02482758620689655,0.14344827586206896,0.0,0.0,0.0,0.0,0.0,Control,
2023_Terekhova_Immunity_PBMC|M14,0.9156883671291356,0.0,0.06830309498399147,0.016008537886873,0.0,0.0,0.0,0.0,Control,
2021_Ren_Cell_COVID|S-M017,0.20622330689444784,0.7937766931055522,0.0,0.0,0.0,0.0,0.0,0.0,Non-malignant disease,
2020_Adams_SciAdv_IPF|92C,0.0,0.0,0.0,0.0,0.0,0.0,1.0,0.0,Control,
2021_Ren_Cell_COVID|S-S035-4,0.6515151515151515,0.015151515151515152,0.3333333333333333,0.0,0.0,0.0,0.0,0.0,Non-malignant disease,
2022_Gur_Cell_Sceleroderma|GSM5837655_AB9104,1.0,0.0,0.0,0.0,0.0,0.0,0.0,0.0,Non-malignant disease,
2021_Cheng_Cell_Myeloid|ESCA-P20190916-T,0.0,0.0,0.0,0.0,0.019801980198019802,0.07920792079207921,0.6633663366336634,0.2376237623762376,Cancer_Tumor,ESCA
2023_Kumar_Nature_Breast|hbca_c03,0.5376344086021505,0.0,0.3225806451612903,0.13978494623655913,0.0,0.0,0.0,0.0,Cancer_Tumor,BRCA
2021_Ren_Cell_COVID|S-S052,0.6979757085020243,0.0,0.0,0.0,0.0,0.3020242914979757,0.0,0.0,Non-malignant disease,
2021_Cheng_Cell_Myeloid|PACA-P20190225-T,0.0,0.0,0.11607142857142858,0.0,0.4017857142857143,0.41964285714285715,0.0,0.0625,Cancer_Tumor,PC
2023_Hirz_NatComm_Prostate|GSM5494380_SCG-PCA24-N-CplusD,0.09722222222222222,0.0,0.041666666666666664,0.0,0.3472222222222222,0.4722222222222222,0.041666666666666664,0.0,Cancer_AdjNorm,PRC
2023_Terekhova_Immunity_PBMC|A38,0.9380530973451328,0.007240547063555913,0.04344328238133548,0.011263073209975865,0.0,0.0,0.0,0.0,Control,
2021_Stephenson_NatMed_COVID19|AP10,0.2222222222222222,0.7777777777777778,0.0,0.0,0.0,0.0,0.0,0.0,Non-malignant disease,
2022_Dominguez-Conde_Science_CellTypist|Pan_T8986827,0.8076923076923077,0.10897435897435898,0.038461538461538464,0.04487179487179487,0.0,0.0,0.0,0.0,Control,
2021_Stephenson_NatMed_COVID19|BGCV04_CV0262,1.0,0.0,0.0,0.0,0.0,0.0,0.0,0.0,Non-malignant disease,
Sarah2019|MS242_CA5,0.9602446483180428,0.0,0.039755351681957186,0.0,0.0,0.0,0.0,0.0,Non-malignant disease,
2021_Stephenson_NatMed_COVID19|MH9143274,0.9514268366727383,0.0,0.048573163327261686,0.0,0.0,0.0,0.0,0.0,Non-malignant disease,
2021_Ren_Cell_COVID|S-M021,0.52,0.3416666666666667,0.11708333333333333,0.02125,0.0,0.0,0.0,0.0,Non-malignant disease,
2021_Ren_Cell_COVID|S-M061-2,0.8168021680216803,0.06937669376693767,0.09322493224932249,0.020596205962059622,0.0,0.0,0.0,0.0,Non-malignant disease,
2022_Gur_Cell_Sceleroderma|GSM5837204_AB6689,0.9866666666666667,0.0,0.013333333333333334,0.0,0.0,0.0,0.0,0.0,Control,
2022_Kumar_CancerDis_Gastric|GSM5573489_sample24,0.0,0.0,0.0,0.0,0.49242424242424243,0.13636363636363635,0.022727272727272728,0.3484848484848485,Cancer_Tumor,GC
2021_Ren_Cell_COVID|S-S041,0.008771929824561403,0.0,0.0,0.0,0.38377192982456143,0.03070175438596491,0.5592105263157895,0.017543859649122806,Non-malignant disease,
2023_Terekhova_Immunity_PBMC|C12,0.23515579071134626,0.7254556143445032,0.0393885949441505,0.0,0.0,0.0,0.0,0.0,Control,
2023_Wang_SciAdv_CRC|s0816_Blood_Blood,0.8246753246753247,0.006493506493506494,0.16883116883116883,0.0,0.0,0.0,0.0,0.0,Cancer_Blood,CRC
2023_Terekhova_Immunity_PBMC|A30,0.8876221498371335,0.009771986970684038,0.08794788273615635,0.014657980456026058,0.0,0.0,0.0,0.0,Control,
2021_Stephenson_NatMed_COVID19|MH9143275,0.9172661870503597,0.08273381294964029,0.0,0.0,0.0,0.0,0.0,0.0,Non-malignant disease,
2022_TabulaSapiens_Science_TabulaSapiens|TSP7_Spleen_nan_10X,0.0,0.0,0.0,0.0,0.0761904761904762,0.9238095238095239,0.0,0.0,Control,
2021_Cheng_Cell_Myeloid|ESCA-P20181114-T,0.0,0.0,0.0,0.0,0.4426229508196721,0.3770491803278688,0.13114754098360656,0.04918032786885246,Cancer_Tumor,ESCA
2021_Pelka_Cell_CRC|C170_T_0_0_0_c1_v3,0.007142857142857143,0.0,0.0,0.0,0.6642857142857143,0.0,0.22142857142857142,0.10714285714285714,Cancer_Tumor,CRC
2023_Terekhova_Immunity_PBMC|P09,0.8209500609013398,0.0,0.14372716199756394,0.03532277710109622,0.0,0.0,0.0,0.0,Control,
2021_Ren_Cell_COVID|S-S055,0.8653637350705755,0.09554831704668838,0.0,0.0,0.0,0.03908794788273615,0.0,0.0,Non-malignant disease,
2021_Stephenson_NatMed_COVID19|MH8919177,0.7312348668280871,0.0,0.24213075060532688,0.026634382566585957,0.0,0.0,0.0,0.0,Control,
2023_Terekhova_Immunity_PBMC|L10,0.6909871244635193,0.0,0.2951835956127802,0.013829279923700524,0.0,0.0,0.0,0.0,Control,
2021_Ren_Cell_COVID|S-S045,0.6127886323268206,0.0,0.02486678507992895,0.0,0.2113676731793961,0.1492007104795737,0.0017761989342806395,0.0,Non-malignant disease,
2023_Terekhova_Immunity_PBMC|A31,0.8544169611307421,0.0,0.12579505300353358,0.019787985865724382,0.0,0.0,0.0,0.0,Control,
2021_Ren_Cell_COVID|S-HC009,0.7619760479041916,0.04940119760479042,0.1601796407185629,0.02844311377245509,0.0,0.0,0.0,0.0,Control,
2021_Yoshida_Nature_COVID|GSM5134119,0.7169811320754716,0.03773584905660377,0.0,0.0,0.11320754716981132,0.0,0.1320754716981132,0.0,Non-malignant disease,
2021_Pelka_Cell_CRC|C138_T_0_0_0_c1_v2,0.5294117647058824,0.0,0.0,0.0,0.20588235294117646,0.04411764705882353,0.22058823529411764,0.0,Cancer_Tumor,CRC
2023_Terekhova_Immunity_PBMC|B23,0.8320610687022901,0.022900763358778626,0.11777535441657579,0.027262813522355506,0.0,0.0,0.0,0.0,Control,
2023_Terekhova_Immunity_PBMC|FA02,0.5629139072847682,0.0,0.3708609271523179,0.06622516556291391,0.0,0.0,0.0,0.0,Control,
2023_Terekhova_Immunity_PBMC|T23,0.8260038240917782,0.04206500956022945,0.11068621202464415,0.021244954323348206,0.0,0.0,0.0,0.0,Control,
2023_Terekhova_Immunity_PBMC|P01,0.8305084745762712,0.0,0.14648910411622276,0.023002421307506054,0.0,0.0,0.0,0.0,Control,
2023_Terekhova_Immunity_PBMC|FD02,0.8463796477495108,0.01761252446183953,0.1360078277886497,0.0,0.0,0.0,0.0,0.0,Control,
2021_Zheng_Science_TIL|KIDNEY_P20190923_T,0.0,0.0,0.16288659793814433,0.0,0.7993127147766323,0.037800687285223365,0.0,0.0,Cancer_Tumor,RCC
2023_Terekhova_Immunity_PBMC|E29,0.879359095193214,0.0,0.11215834118755891,0.008482563619227144,0.0,0.0,0.0,0.0,Control,
2023_Fonseca_NatGenet_Endometriosis|sample15,0.0,0.0,0.0,0.0,0.92,0.02857142857142857,0.05142857142857143,0.0,Non-malignant disease,
2023_Wang_SciAdv_CRC|s0813_Blood_Blood,0.49835526315789475,0.46875,0.03289473684210526,0.0,0.0,0.0,0.0,0.0,Cancer_Blood,CRC
2023_Terekhova_Immunity_PBMC|D09,0.8634453781512605,0.0,0.1092436974789916,0.0273109243697479,0.0,0.0,0.0,0.0,Control,
2022_Perez_Science_SLE|dmx_YE_8-17,0.7287569096284869,0.19584779534644556,0.07231006556112611,0.0030852294639413806,0.0,0.0,0.0,0.0,Non-malignant disease,
2022_Gur_Cell_Sceleroderma|GSM5837542_AB8452,0.9009009009009009,0.0,0.0990990990990991,0.0,0.0,0.0,0.0,0.0,Non-malignant disease,
2022_Gur_Cell_Sceleroderma|GSM5837431_AB7770,0.9692307692307692,0.0,0.03076923076923077,0.0,0.0,0.0,0.0,0.0,Non-malignant disease,
2021_Ren_Cell_COVID|S-S026,0.0,0.3620689655172414,0.0,0.0,0.6379310344827587,0.0,0.0,0.0,Non-malignant disease,
2020_Adams_SciAdv_IPF|192CO-a,0.0,0.0,0.3157894736842105,0.0,0.0,0.543859649122807,0.14035087719298245,0.0,Non-malignant disease,
2021_Szabo_Immunity_COVID19|COV028_respiratory_airway_3days,0.0387409200968523,0.0,0.0,0.0,0.7167070217917676,0.0,0.24455205811138014,0.0,Non-malignant disease,
2022_Gur_Cell_Sceleroderma|GSM5837424_AB7763,0.9327731092436975,0.0,0.06722689075630252,0.0,0.0,0.0,0.0,0.0,Non-malignant disease,
2023_Terekhova_Immunity_PBMC|G04,0.6472303206997084,0.0,0.2886297376093295,0.0641399416909621,0.0,0.0,0.0,0.0,Control,
2023_Terekhova_Immunity_PBMC|A25,0.810126582278481,0.0,0.1518987341772152,0.0379746835443038,0.0,0.0,0.0,0.0,Control,
2022_Perez_Science_SLE|dmx_AbFlare-4,0.6833240920432493,0.24792070973107846,0.06383421125589132,0.004920986969780982,0.0,0.0,0.0,0.0,Non-malignant disease,
2021_Stephenson_NatMed_COVID19|BGCV09_CV0062,0.9491525423728814,0.0,0.0,0.0,0.05084745762711865,0.0,0.0,0.0,Non-malignant disease,
2023_Fonseca_NatGenet_Endometriosis|sample18,0.6302521008403361,0.05042016806722689,0.025210084033613446,0.0,0.15126050420168066,0.0,0.0,0.14285714285714285,Non-malignant disease,
2022_Guilliams_Cell_Liver|CISE09,0.8736196319018404,0.029447852760736196,0.06257668711656442,0.013496932515337423,0.006134969325153374,0.0,0.0,0.014723926380368098,Cancer_Metastasis,CRC
2021_Ren_Cell_COVID|S-M002-1,0.0,0.0,0.0,0.0,0.6666666666666666,0.0,0.0,0.3333333333333333,Non-malignant disease,
2023_Terekhova_Immunity_PBMC|FE02,0.7322515212981744,0.02231237322515213,0.20081135902636918,0.04462474645030426,0.0,0.0,0.0,0.0,Control,
2021_Zheng_Science_TIL|UCEC_P20190910_T,0.0,0.0,0.03773584905660377,0.0,0.0,0.25471698113207547,0.5613207547169812,0.14622641509433962,Cancer_Tumor,EC
2021_Ren_Cell_COVID|S-S057,0.8843457943925234,0.11565420560747663,0.0,0.0,0.0,0.0,0.0,0.0,Non-malignant disease,
2022_TabulaSapiens_Science_TabulaSapiens|TSP6_Liver_nan_10X,0.04953560371517028,0.0,0.09287925696594428,0.0,0.39164086687306504,0.2260061919504644,0.22755417956656346,0.01238390092879257,Control,
2023_Terekhova_Immunity_PBMC|FB07,0.9206611570247933,0.0,0.05454545454545454,0.024793388429752067,0.0,0.0,0.0,0.0,Control,
2021_Chan_CancerCell_SCLC|RU675_N,0.05454545454545454,0.0,0.37272727272727274,0.0,0.07272727272727272,0.41818181818181815,0.08181818181818182,0.0,Cancer_AdjNorm,NSCLC
2020_Adams_SciAdv_IPF|218C-b,0.0,0.0,0.018656716417910446,0.0,0.0,0.026119402985074626,0.9552238805970149,0.0,Control,
2021_Stephenson_NatMed_COVID19|BGCV03_CV0074,0.49295774647887325,0.0,0.4507042253521127,0.0,0.056338028169014086,0.0,0.0,0.0,Non-malignant disease,
2020_Adams_SciAdv_IPF|439C-b,0.0,0.0,0.3438485804416404,0.0,0.0,0.012618296529968454,0.6435331230283912,0.0,Control,
2023_Wang_SciAdv_CRC|s1125_Colon_AdjNorm,0.017543859649122806,0.0,0.0,0.0,0.39766081871345027,0.4444444444444444,0.14035087719298245,0.0,Cancer_AdjNorm,CRC
2022_Dominguez-Conde_Science_CellTypist|CZINY-0105,0.8167641325536062,0.0,0.0,0.0,0.005847953216374269,0.17738791423001948,0.0,0.0,Control,
2021_Stephenson_NatMed_COVID19|BGCV12_CV0926,0.8794326241134752,0.0,0.07092198581560284,0.0,0.04964539007092199,0.0,0.0,0.0,Control,
2023_Terekhova_Immunity_PBMC|M21,0.8441422594142259,0.01882845188284519,0.11506276150627615,0.021966527196652718,0.0,0.0,0.0,0.0,Control,
2021_Stephenson_NatMed_COVID19|MH8919282,0.77455919395466,0.021410579345088162,0.1977329974811083,0.006297229219143577,0.0,0.0,0.0,0.0,Control,
2022_Gur_Cell_Sceleroderma|GSM5837566_AB8480,0.8431372549019608,0.0,0.1568627450980392,0.0,0.0,0.0,0.0,0.0,Control,
2021_Stephenson_NatMed_COVID19|MH8919332,0.7828947368421053,0.009210526315789473,0.1980263157894737,0.009868421052631578,0.0,0.0,0.0,0.0,Control,
2021_Ren_Cell_COVID|S-S050,0.0,1.0,0.0,0.0,0.0,0.0,0.0,0.0,Non-malignant disease,
2021_Ren_Cell_COVID|S-M011,0.7066155321188878,0.023969319271332695,0.08916586768935762,0.0,0.18024928092042186,0.0,0.0,0.0,Non-malignant disease,
2022_TabulaSapiens_Science_TabulaSapiens|TSP14_Blood_nan_10X,0.956794425087108,0.0,0.0,0.0,0.0,0.04320557491289199,0.0,0.0,Control,
2020_Adams_SciAdv_IPF|158I-b,0.026415094339622643,0.0,0.15849056603773584,0.0,0.0,0.22264150943396227,0.5924528301886792,0.0,Non-malignant disease,
2022_Gur_Cell_Sceleroderma|GSM5837000_AB10149,1.0,0.0,0.0,0.0,0.0,0.0,0.0,0.0,Non-malignant disease,
2021_Ren_Cell_COVID|S-M035-1,0.005952380952380952,0.9940476190476191,0.0,0.0,0.0,0.0,0.0,0.0,Non-malignant disease,
2021_Ren_Cell_COVID|S-M028,0.525065963060686,0.3720316622691293,0.10290237467018469,0.0,0.0,0.0,0.0,0.0,Non-malignant disease,
2023_Terekhova_Immunity_PBMC|G17,0.9463519313304721,0.0,0.0536480686695279,0.0,0.0,0.0,0.0,0.0,Control,
2022_Gur_Cell_Sceleroderma|GSM5837410_AB7749,0.9491525423728814,0.0,0.05084745762711865,0.0,0.0,0.0,0.0,0.0,Non-malignant disease,
2021_Ren_Cell_COVID|S-HC006,0.5047619047619047,0.09285714285714286,0.35714285714285715,0.04523809523809524,0.0,0.0,0.0,0.0,Control,
2023_Terekhova_Immunity_PBMC|E04,0.8640406607369758,0.0,0.13595933926302414,0.0,0.0,0.0,0.0,0.0,Control,
2022_Guilliams_Cell_Liver|CS108,0.5940366972477065,0.052752293577981654,0.19036697247706422,0.016055045871559634,0.03211009174311927,0.045871559633027525,0.0,0.06880733944954129,Cancer_Tumor,HCC
2020_Adams_SciAdv_IPF|184CO-a,0.0,0.0,0.43680709534368073,0.0,0.013303769401330377,0.4567627494456763,0.09312638580931264,0.0,Non-malignant disease,
2021_Chan_CancerCell_SCLC|RU1293A,0.0641025641025641,0.0,0.038461538461538464,0.0,0.5512820512820513,0.07692307692307693,0.038461538461538464,0.23076923076923078,Cancer_Metastasis,SCLC
2021_Ren_Cell_COVID|S-S035-1,0.4434782608695652,0.0,0.0,0.0,0.3565217391304348,0.2,0.0,0.0,Non-malignant disease,
2022_Gur_Cell_Sceleroderma|GSM5837645_AB8943,0.9239130434782609,0.05434782608695652,0.010869565217391304,0.010869565217391304,0.0,0.0,0.0,0.0,Non-malignant disease,
2021_Ren_Cell_COVID|S-S070-3,0.2129032258064516,0.0,0.041935483870967745,0.06451612903225806,0.02903225806451613,0.0,0.6516129032258065,0.0,Non-malignant disease,
2023_Terekhova_Immunity_PBMC|L21,0.964509394572025,0.010438413361169102,0.025052192066805846,0.0,0.0,0.0,0.0,0.0,Control,
2021_Zheng_Science_TIL|ESCA_P20181114_T,0.0,0.0,0.0,0.0,0.6181818181818182,0.34545454545454546,0.03636363636363636,0.0,Cancer_Tumor,ESCA
2021_Ren_Cell_COVID|S-HC003,0.8129675810473815,0.0399002493765586,0.08104738154613467,0.06608478802992519,0.0,0.0,0.0,0.0,Control,
2021_Ren_Cell_COVID|S-S020,0.8907963757749165,0.04959465903671912,0.04673342870767763,0.0,0.012875536480686695,0.0,0.0,0.0,Non-malignant disease,
2021_Ren_Cell_COVID|S-HC018-1,0.8361581920903954,0.02824858757062147,0.11299435028248588,0.022598870056497175,0.0,0.0,0.0,0.0,Control,
2023_Terekhova_Immunity_PBMC|FE08,0.8526187576126675,0.0,0.14738124238733252,0.0,0.0,0.0,0.0,0.0,Control,
2023_Fonseca_NatGenet_Endometriosis|sample27,0.19788918205804748,0.0,0.0,0.0,0.3087071240105541,0.2849604221635884,0.0079155672823219,0.20052770448548812,Non-malignant disease,
2021_Zheng_Science_TIL|ESCA_P20190613_N,0.1037463976945245,0.0,0.0345821325648415,0.0,0.276657060518732,0.5504322766570605,0.0,0.0345821325648415,Cancer_AdjNorm,ESCA
2021_Stephenson_NatMed_COVID19|MH8919176,0.7058823529411765,0.0,0.29411764705882354,0.0,0.0,0.0,0.0,0.0,Control,
2021_Stephenson_NatMed_COVID19|MH9143422,0.5777325186693822,0.3957909029192125,0.026476578411405296,0.0,0.0,0.0,0.0,0.0,Non-malignant disease,
2021_Szabo_Immunity_COVID19|COV026_respiratory_airway_5days,0.24858757062146894,0.0,0.0,0.0,0.10734463276836158,0.0,0.6440677966101694,0.0,Non-malignant disease,
2021_Elmentaite_Nature_Intestine|4918STDY7901096,0.28187919463087246,0.0,0.0,0.0,0.6241610738255033,0.08053691275167785,0.013422818791946308,0.0,Non-malignant disease,
2021_Pelka_Cell_CRC|C164_T_1_1_0_c1_v3,0.288135593220339,0.13559322033898305,0.0,0.01694915254237288,0.11864406779661017,0.1694915254237288,0.2711864406779661,0.0,Cancer_Tumor,CRC
2020_Adams_SciAdv_IPF|003C,0.09477124183006536,0.0,0.10457516339869281,0.0,0.0,0.13398692810457516,0.6666666666666666,0.0,Control,
2021_Szabo_Immunity_COVID19|COV022_blood_1days,0.15271265907568654,0.0,0.0,0.0,0.42263898191560617,0.3697253851306095,0.05492297387809779,0.0,Non-malignant disease,
2021_Ren_Cell_COVID|S-S027,0.0,0.0,0.1346153846153846,0.0,0.5961538461538461,0.0,0.2692307692307692,0.0,Non-malignant disease,
2020_Adams_SciAdv_IPF|166I-a,0.0,0.0,0.043137254901960784,0.0,0.0,0.3215686274509804,0.6352941176470588,0.0,Non-malignant disease,
2021_Ren_Cell_COVID|S-M041-2,0.4320652173913043,0.3423913043478261,0.18206521739130435,0.035326086956521736,0.0,0.0,0.0,0.008152173913043478,Non-malignant disease,
2023_Terekhova_Immunity_PBMC|G21,0.7868613138686131,0.024817518248175182,0.1635036496350365,0.024817518248175182,0.0,0.0,0.0,0.0,Control,
2023_Terekhova_Immunity_PBMC|B05,0.6073446327683616,0.0480225988700565,0.3107344632768362,0.03389830508474576,0.0,0.0,0.0,0.0,Control,
2021_Stephenson_NatMed_COVID19|MH9143322,0.8480089736399327,0.1519910263600673,0.0,0.0,0.0,0.0,0.0,0.0,Non-malignant disease,
2021_Zheng_Science_TIL|OV-FTC_P20190304_N,0.07142857142857142,0.0,0.11428571428571428,0.0,0.7714285714285715,0.0,0.04285714285714286,0.0,Cancer_AdjNorm,OV-FTC
2023_Terekhova_Immunity_PBMC|B06,0.7754716981132076,0.0,0.22452830188679246,0.0,0.0,0.0,0.0,0.0,Control,
2023_Terekhova_Immunity_PBMC|D18,0.7463884430176565,0.0,0.20224719101123595,0.051364365971107544,0.0,0.0,0.0,0.0,Control,
2022_Gur_Cell_Sceleroderma|GSM5837558_AB8472,1.0,0.0,0.0,0.0,0.0,0.0,0.0,0.0,Non-malignant disease,
2021_Stephenson_NatMed_COVID19|MH8919329,0.7803030303030303,0.2196969696969697,0.0,0.0,0.0,0.0,0.0,0.0,Non-malignant disease,
2022_Dominguez-Conde_Science_CellTypist|CZI-IA10244332+CZI-IA10244434,0.13541666666666666,0.0,0.0,0.0,0.07291666666666667,0.5104166666666666,0.28125,0.0,Control,
2020_Adams_SciAdv_IPF|237CO,0.03116883116883117,0.0,0.24935064935064935,0.0,0.0,0.03896103896103896,0.6805194805194805,0.0,Non-malignant disease,
2023_Lake_Nature_Kidney|AKI3010125,0.5364583333333334,0.0,0.3177083333333333,0.11979166666666667,0.026041666666666668,0.0,0.0,0.0,Non-malignant disease,
2023_Terekhova_Immunity_PBMC|D20,0.8493647912885662,0.0,0.15063520871143377,0.0,0.0,0.0,0.0,0.0,Control,
2023_Terekhova_Immunity_PBMC|B21,0.6634499396863691,0.0,0.28950542822677927,0.047044632086851626,0.0,0.0,0.0,0.0,Control,
2023_Terekhova_Immunity_PBMC|A35,0.9415363698164514,0.0,0.03399048266485384,0.024473147518694765,0.0,0.0,0.0,0.0,Control,
2020_Adams_SciAdv_IPF|222I-a,0.14534883720930233,0.0,0.28488372093023256,0.0,0.0872093023255814,0.22093023255813954,0.2616279069767442,0.0,Non-malignant disease,
2022_Madissoon_NatGenet_Lung|WSSS8062681,0.028169014084507043,0.0028169014084507044,0.16619718309859155,0.0028169014084507044,0.005633802816901409,0.7323943661971831,0.059154929577464786,0.0028169014084507044,Control,
2022_Gur_Cell_Sceleroderma|GSM5837553_AB8467,0.9552238805970149,0.0,0.04477611940298507,0.0,0.0,0.0,0.0,0.0,Control,
2020_Adams_SciAdv_IPF|454C,0.00980392156862745,0.0,0.058823529411764705,0.0,0.00980392156862745,0.029411764705882353,0.8921568627450981,0.0,Control,
2021_Cheng_Cell_Myeloid|RC-P20190923-N,0.0,0.0,0.1698984302862419,0.0,0.4626038781163435,0.10895660203139428,0.0,0.2585410895660203,Cancer_AdjNorm,RCC
2020_Adams_SciAdv_IPF|001C,0.2,0.0,0.0,0.0,0.0,0.5958333333333333,0.10833333333333334,0.09583333333333334,Control,
2023_Terekhova_Immunity_PBMC|L08,0.7581699346405228,0.0,0.22091503267973855,0.02091503267973856,0.0,0.0,0.0,0.0,Control,
2023_Lake_Nature_Kidney|AKI3210074,0.7361111111111112,0.0,0.1527777777777778,0.1111111111111111,0.0,0.0,0.0,0.0,Non-malignant disease,
2023_Terekhova_Immunity_PBMC|FE01,0.5778491171749599,0.0,0.42215088282504015,0.0,0.0,0.0,0.0,0.0,Control,
2020_Adams_SciAdv_IPF|226C-a,0.0,0.0,0.0,0.0,0.46357085668534825,0.08486789431545236,0.3578863090472378,0.09367493995196156,Control,
2023_Terekhova_Immunity_PBMC|N20,0.6960950764006791,0.01867572156196944,0.25806451612903225,0.027164685908319185,0.0,0.0,0.0,0.0,Control,
2023_Terekhova_Immunity_PBMC|C08,0.7841031149301826,0.0,0.18152524167561762,0.034371643394199784,0.0,0.0,0.0,0.0,Control,
2022_Perez_Science_SLE|dmx_YE_8-2,0.8359771966786467,0.05762795885487669,0.10360639484446647,0.0027884496220101623,0.0,0.0,0.0,0.0,Non-malignant disease,
2022_Gur_Cell_Sceleroderma|GSM5837557_AB8471,0.9473684210526315,0.0,0.05263157894736842,0.0,0.0,0.0,0.0,0.0,Non-malignant disease,
2023_Terekhova_Immunity_PBMC|H06,0.8727810650887574,0.0,0.10650887573964497,0.020710059171597635,0.0,0.0,0.0,0.0,Control,
2022_Gur_Cell_Sceleroderma|GSM5837529_AB8325,0.9142857142857143,0.0,0.08571428571428572,0.0,0.0,0.0,0.0,0.0,Non-malignant disease,
2020_Adams_SciAdv_IPF|135I-b,0.006521739130434782,0.0,0.04782608695652174,0.0,0.0,0.041304347826086954,0.9043478260869565,0.0,Non-malignant disease,
2021_Stephenson_NatMed_COVID19|BGCV04_CV0911,0.8035714285714286,0.0,0.0,0.0,0.19642857142857142,0.0,0.0,0.0,Control,
2023_Terekhova_Immunity_PBMC|FK01,0.6805721096543504,0.0,0.31942789034564956,0.0,0.0,0.0,0.0,0.0,Control,
2021_Ren_Cell_COVID|S-HC020-2,0.7176470588235294,0.2235294117647059,0.0,0.058823529411764705,0.0,0.0,0.0,0.0,Control,
2023_Terekhova_Immunity_PBMC|T08,0.8313197026022305,0.02184014869888476,0.13429368029739777,0.01254646840148699,0.0,0.0,0.0,0.0,Control,
2023_Terekhova_Immunity_PBMC|FB01,0.8822674418604651,0.0,0.11773255813953488,0.0,0.0,0.0,0.0,0.0,Control,
2022_Guilliams_Cell_Liver|CS46,0.8023255813953488,0.0,0.13953488372093023,0.0,0.05813953488372093,0.0,0.0,0.0,Cancer_Tumor,HCA
2023_Terekhova_Immunity_PBMC|FC01,0.9542372881355933,0.01864406779661017,0.02711864406779661,0.0,0.0,0.0,0.0,0.0,Control,
2021_Stephenson_NatMed_COVID19|AP11,0.22309823140848073,0.7769017685915193,0.0,0.0,0.0,0.0,0.0,0.0,Non-malignant disease,
2021_Ren_Cell_COVID|S-M069,0.7941176470588235,0.01050420168067227,0.1722689075630252,0.023109243697478993,0.0,0.0,0.0,0.0,Non-malignant disease,
2021_Stephenson_NatMed_COVID19|newcastle59,0.11915708812260536,0.8808429118773946,0.0,0.0,0.0,0.0,0.0,0.0,Non-malignant disease,
2020_Adams_SciAdv_IPF|098C-b,0.022388059701492536,0.0,0.0,0.0,0.03731343283582089,0.6044776119402985,0.3358208955223881,0.0,Control,
2023_Terekhova_Immunity_PBMC|A20,0.9171974522292994,0.0,0.06369426751592357,0.0,0.01910828025477707,0.0,0.0,0.0,Control,
2023_Hirz_NatComm_Prostate|GSM5494342_HP1,0.36231884057971014,0.0,0.0,0.0,0.5507246376811594,0.028985507246376812,0.0,0.057971014492753624,Control,
2022_Gur_Cell_Sceleroderma|GSM5837459_AB7874,1.0,0.0,0.0,0.0,0.0,0.0,0.0,0.0,Non-malignant disease,
2021_Pelka_Cell_CRC|C115_T_1_1_2_c1_v2,0.16666666666666666,0.037037037037037035,0.0,0.0,0.35185185185185186,0.0,0.4444444444444444,0.0,Cancer_Tumor,CRC
2023_Terekhova_Immunity_PBMC|P10,0.8058761804826863,0.0,0.16474291710388247,0.02938090241343127,0.0,0.0,0.0,0.0,Control,
2021_Cheng_Cell_Myeloid|RC-P20190918-T,0.0,0.016272189349112426,0.257396449704142,0.0,0.14940828402366865,0.1893491124260355,0.27366863905325445,0.11390532544378698,Cancer_Tumor,RCC
2021_Cheng_Cell_Myeloid|ESCA-P20190411-T,0.014563106796116505,0.0,0.0,0.0,0.3932038834951456,0.0,0.05825242718446602,0.5339805825242718,Cancer_Tumor,ESCA
2022_Gur_Cell_Sceleroderma|GSM5837563_AB8477,0.9415584415584416,0.0,0.05844155844155844,0.0,0.0,0.0,0.0,0.0,Non-malignant disease,
2022_Dominguez-Conde_Science_CellTypist|CZI-IA10471911+CZI-IA10472007,0.0,0.0,0.05982905982905983,0.0,0.03418803418803419,0.6752136752136753,0.042735042735042736,0.18803418803418803,Control,
2020_Adams_SciAdv_IPF|8CO,0.038461538461538464,0.0,0.0,0.0,0.02564102564102564,0.23076923076923078,0.7051282051282052,0.0,Non-malignant disease,
2021_Szabo_Immunity_COVID19|COV026_blood_8days,0.9447513812154696,0.0,0.04604051565377532,0.009208103130755065,0.0,0.0,0.0,0.0,Non-malignant disease,
2022_Dominguez-Conde_Science_CellTypist|Pan_T7935495,0.3829787234042553,0.0,0.2553191489361702,0.05319148936170213,0.0,0.07446808510638298,0.23404255319148937,0.0,Control,
2023_Wang_SciAdv_CRC|s0813_Liver_AdjNorm,0.05699481865284974,0.0,0.0,0.0,0.06735751295336788,0.8290155440414507,0.0,0.046632124352331605,Cancer_AdjNorm,CRC
2021_Cheng_Cell_Myeloid|UCEC-P20190911-N,0.0,0.0,0.06757990867579909,0.0,0.1004566210045662,0.08767123287671233,0.7178082191780822,0.026484018264840183,Cancer_AdjNorm,EC
2021_Cheng_Cell_Myeloid|THCA-P20190122-T,0.0,0.0,0.0,0.0,1.0,0.0,0.0,0.0,Cancer_Tumor,THCA
2023_Terekhova_Immunity_PBMC|C06,0.851258581235698,0.0,0.14874141876430205,0.0,0.0,0.0,0.0,0.0,Control,
2023_Terekhova_Immunity_PBMC|FK03,0.7833622183708839,0.0,0.21663778162911612,0.0,0.0,0.0,0.0,0.0,Control,
2022_TabulaSapiens_Science_TabulaSapiens|TSP2_Bladder_nan_10X,0.0,0.0,0.0,0.0,0.26305609284332687,0.07156673114119923,0.0,0.6653771760154739,Control,
2020_Adams_SciAdv_IPF|063I-b,0.0,0.0,0.17333333333333334,0.0,0.6266666666666667,0.0,0.16,0.04,Non-malignant disease,
2022_Madissoon_NatGenet_Lung|WSSS8015042,0.35384615384615387,0.005128205128205128,0.2,0.041025641025641026,0.08717948717948718,0.2153846153846154,0.035897435897435895,0.06153846153846154,Control,
2021_Chan_CancerCell_SCLC|RU1144_LN,0.9333333333333333,0.0,0.0,0.0,0.0,0.0,0.06666666666666667,0.0,Cancer_Metastasis,SCLC
2022_Gur_Cell_Sceleroderma|GSM5837577_AB8491,1.0,0.0,0.0,0.0,0.0,0.0,0.0,0.0,Non-malignant disease,
2023_Terekhova_Immunity_PBMC|K01,0.6602708803611738,0.0,0.3154627539503386,0.024266365688487584,0.0,0.0,0.0,0.0,Control,
2023_Terekhova_Immunity_PBMC|B09,0.7724137931034483,0.0,0.17701149425287357,0.05057471264367816,0.0,0.0,0.0,0.0,Control,
2021_Ren_Cell_COVID|S-S061,0.11658031088082901,0.0,0.03367875647668394,0.012953367875647668,0.6217616580310881,0.07512953367875648,0.13989637305699482,0.0,Non-malignant disease,
2021_Stephenson_NatMed_COVID19|BGCV14_CV0940,0.9372549019607843,0.011764705882352941,0.03529411764705882,0.0,0.01568627450980392,0.0,0.0,0.0,Control,
2021_Cheng_Cell_Myeloid|THCA-P20190108-T,0.04,0.072,0.0,0.0,0.872,0.0,0.016,0.0,Cancer_Tumor,THCA
2023_Terekhova_Immunity_PBMC|FL01,0.6364692218350755,0.0,0.34146341463414637,0.022067363530778164,0.0,0.0,0.0,0.0,Control,
2022_Madissoon_NatGenet_Lung|WSSS8123926,0.09322033898305085,0.0847457627118644,0.3728813559322034,0.025423728813559324,0.0,0.0423728813559322,0.00847457627118644,0.3728813559322034,Control,
2023_Terekhova_Immunity_PBMC|P15,0.9569429494079655,0.0,0.04305705059203445,0.0,0.0,0.0,0.0,0.0,Control,
2021_Cheng_Cell_Myeloid|ESCA-P20190410-T,0.0,0.0,0.0,0.0,0.29292929292929293,0.0,0.04040404040404041,0.6666666666666666,Cancer_Tumor,ESCA
2023_Terekhova_Immunity_PBMC|E14,0.7576736672051696,0.0,0.24232633279483037,0.0,0.0,0.0,0.0,0.0,Control,
2023_Kumar_Nature_Breast|hbca_c63,0.03278688524590164,0.0,0.06557377049180328,0.0,0.6721311475409836,0.0,0.22950819672131148,0.0,Control,
2022_Madissoon_NatGenet_Lung|WSSS8062682,0.13865546218487396,0.0,0.19327731092436976,0.037815126050420166,0.012605042016806723,0.42436974789915966,0.18907563025210083,0.004201680672268907,Control,
2023_Terekhova_Immunity_PBMC|D06,0.5963541666666666,0.0,0.3072916666666667,0.09635416666666667,0.0,0.0,0.0,0.0,Control,
2023_Terekhova_Immunity_PBMC|K17,0.8363970588235294,0.0,0.125,0.03860294117647059,0.0,0.0,0.0,0.0,Control,
2023_Terekhova_Immunity_PBMC|N08,0.925569176882662,0.0,0.04203152364273205,0.03239929947460595,0.0,0.0,0.0,0.0,Control,
2021_Pelka_Cell_CRC|C110_T_1_1_1_c1_v2,0.08602150537634409,0.0,0.0,0.0,0.5591397849462365,0.0,0.22580645161290322,0.12903225806451613,Cancer_Tumor,CRC
2021_Ren_Cell_COVID|S-S073-2,0.8424657534246576,0.0136986301369863,0.0,0.0,0.0,0.136986301369863,0.00684931506849315,0.0,Non-malignant disease,
2023_Terekhova_Immunity_PBMC|S13,0.8012345679012346,0.022222222222222223,0.15185185185185185,0.024691358024691357,0.0,0.0,0.0,0.0,Control,
2023_Terekhova_Immunity_PBMC|D19,0.883495145631068,0.0,0.11650485436893204,0.0,0.0,0.0,0.0,0.0,Control,
2021_Szabo_Immunity_COVID19|COV022_blood_2days,0.5236749116607774,0.0,0.0,0.0,0.2137809187279152,0.25229681978798585,0.010247349823321554,0.0,Non-malignant disease,
2020_Adams_SciAdv_IPF|179I,0.01015228426395939,0.0,0.08629441624365482,0.0,0.0,0.18274111675126903,0.7208121827411168,0.0,Non-malignant disease,
2023_Kumar_Nature_Breast|hbca_c26,0.0784313725490196,0.0,0.0,0.0,0.0,0.0,0.9215686274509803,0.0,Control,
2022_Dominguez-Conde_Science_CellTypist|Pan_T7980367,0.24193548387096775,0.0,0.20967741935483872,0.03225806451612903,0.04838709677419355,0.3387096774193548,0.0967741935483871,0.03225806451612903,Control,
2021_Ren_Cell_COVID|S-S049,0.45163979988882713,0.0,0.0,0.0,0.0,0.5483602001111729,0.0,0.0,Non-malignant disease,
2023_Terekhova_Immunity_PBMC|FG02,0.6069444444444444,0.0,0.36666666666666664,0.02638888888888889,0.0,0.0,0.0,0.0,Control,
2020_Adams_SciAdv_IPF|217CO-a,0.0,0.0,0.11801242236024845,0.0,0.6438923395445134,0.19461697722567287,0.043478260869565216,0.0,Non-malignant disease,
2022_Dominguez-Conde_Science_CellTypist|CZINY-0103,0.8458574181117534,0.0,0.0,0.0,0.0,0.15414258188824662,0.0,0.0,Control,
2021_Ren_Cell_COVID|S-S053,0.9011060507482108,0.0,0.02992843201040989,0.0,0.06896551724137931,0.0,0.0,0.0,Non-malignant disease,
2021_Ren_Cell_COVID|S-S056,0.0,1.0,0.0,0.0,0.0,0.0,0.0,0.0,Non-malignant disease,
2023_Terekhova_Immunity_PBMC|B08,0.9362214199759326,0.0,0.06377858002406739,0.0,0.0,0.0,0.0,0.0,Control,
2022_Dominguez-Conde_Science_CellTypist|CZI-IA10471912+CZI-IA10472008,0.0,0.0,0.0,0.0,0.15217391304347827,0.5217391304347826,0.03260869565217391,0.29347826086956524,Control,
2021_Ren_Cell_COVID|S-S089-2,0.31306666666666666,0.6869333333333333,0.0,0.0,0.0,0.0,0.0,0.0,Non-malignant disease,
2021_Chan_CancerCell_SCLC|RU1134-CN2,0.3977272727272727,0.0,0.0,0.0,0.0,0.09090909090909091,0.0,0.5113636363636364,Cancer_Tumor,NSCLC
2023_Terekhova_Immunity_PBMC|B18,0.8733401430030644,0.0296220633299285,0.0735444330949949,0.02349336057201226,0.0,0.0,0.0,0.0,Control,
2021_Zheng_Science_TIL|ESCA_P20190404_N,0.07829181494661921,0.0,0.03914590747330961,0.0,0.29537366548042704,0.5871886120996441,0.0,0.0,Cancer_AdjNorm,ESCA
2023_Terekhova_Immunity_PBMC|FA01,0.9147286821705426,0.0,0.08527131782945736,0.0,0.0,0.0,0.0,0.0,Control,
2023_Terekhova_Immunity_PBMC|FE06,0.7815845824411135,0.0,0.15845824411134904,0.044967880085653104,0.0,0.014989293361884369,0.0,0.0,Control,
2021_Ren_Cell_COVID|S-S065,0.8859138533178114,0.02716336825766395,0.02522312766783081,0.05975941016686069,0.0,0.0,0.0,0.0019402405898331393,Non-malignant disease,
2021_Stephenson_NatMed_COVID19|MH9143420,0.8281036834924966,0.0,0.16371077762619374,0.008185538881309686,0.0,0.0,0.0,0.0,Non-malignant disease,
2021_Zheng_Science_TIL|THCA_P20190108_T,0.04132231404958678,0.0743801652892562,0.0,0.0,0.8677685950413223,0.0,0.01652892561983471,0.0,Cancer_Tumor,THCA
Xie2021|R3_TP,0.0,0.04225352112676056,0.8450704225352113,0.07042253521126761,0.0,0.0,0.0,0.04225352112676056,Control,
2021_Hao_Cell_Blood|P4_5,0.8598051673019906,0.0169419737399407,0.08555696738670054,0.037695891571368066,0.0,0.0,0.0,0.0,Non-malignant disease,
2023_Terekhova_Immunity_PBMC|C05,0.7275092936802974,0.011524163568773234,0.18847583643122676,0.0724907063197026,0.0,0.0,0.0,0.0,Control,
2020_Adams_SciAdv_IPF|123I,0.0,0.0,0.0,0.0,0.0,0.15753424657534246,0.7123287671232876,0.13013698630136986,Non-malignant disease,
2020_Litvinukova_Nature_Heart|HCAHeart7850546,0.005681818181818182,0.0,0.0,0.0,0.0,0.02556818181818182,0.10511363636363637,0.8636363636363636,Control,
2022_Dominguez-Conde_Science_CellTypist|CZINY-0098,0.7870722433460076,0.0,0.0,0.0,0.0,0.20152091254752852,0.011406844106463879,0.0,Control,
2021_Ren_Cell_COVID|S-M025,0.704225352112676,0.0,0.25821596244131456,0.03755868544600939,0.0,0.0,0.0,0.0,Non-malignant disease,
2023_Terekhova_Immunity_PBMC|G13,0.3391304347826087,0.48840579710144927,0.15289855072463768,0.01956521739130435,0.0,0.0,0.0,0.0,Control,
2021_Ren_Cell_COVID|S-HC017,0.5951313260730301,0.1364509929532351,0.22229340166559897,0.04612427930813581,0.0,0.0,0.0,0.0,Control,
2023_Terekhova_Immunity_PBMC|D16,0.8538306451612904,0.03326612903225806,0.07358870967741936,0.03931451612903226,0.0,0.0,0.0,0.0,Control,
2022_Gur_Cell_Sceleroderma|GSM5837430_AB7769,0.9318181818181818,0.0,0.06818181818181818,0.0,0.0,0.0,0.0,0.0,Non-malignant disease,
2021_Cheng_Cell_Myeloid|RC-P20190918-N,0.012371134020618556,0.0,0.5993127147766323,0.01443298969072165,0.09003436426116838,0.12852233676975944,0.032989690721649485,0.12233676975945017,Cancer_AdjNorm,RCC
2022_Madissoon_NatGenet_Lung|WSSS8123930,0.10344827586206896,0.0,0.008620689655172414,0.008620689655172414,0.0,0.25,0.04310344827586207,0.5862068965517241,Control,
2021_Ren_Cell_COVID|S-M020,0.8362350380848749,0.05277475516866159,0.06420021762785637,0.046789989118607184,0.0,0.0,0.0,0.0,Non-malignant disease,
2023_Terekhova_Immunity_PBMC|H12,0.5751552795031056,0.0,0.2993788819875776,0.12546583850931678,0.0,0.0,0.0,0.0,Control,
2021_Stephenson_NatMed_COVID19|BGCV14_CV0137,0.9031413612565445,0.0,0.05759162303664921,0.0,0.03926701570680628,0.0,0.0,0.0,Non-malignant disease,
2021_Ren_Cell_COVID|S-S066,0.8425632911392406,0.1574367088607595,0.0,0.0,0.0,0.0,0.0,0.0,Non-malignant disease,
2021_Ren_Cell_COVID|S-S038,0.03562753036437247,0.9643724696356275,0.0,0.0,0.0,0.0,0.0,0.0,Non-malignant disease,
2023_Terekhova_Immunity_PBMC|A19,0.7669064748201438,0.010071942446043165,0.13093525179856116,0.0920863309352518,0.0,0.0,0.0,0.0,Control,
2022_Dominguez-Conde_Science_CellTypist|Pan_T8986831,0.15517241379310345,0.1896551724137931,0.0,0.0,0.0,0.08620689655172414,0.22413793103448276,0.3448275862068966,Control,
2021_Ren_Cell_COVID|S-M060-2,0.05253623188405797,0.025362318840579712,0.034420289855072464,0.0,0.0,0.0,0.8876811594202898,0.0,Non-malignant disease,
2022_TabulaSapiens_Science_TabulaSapiens|TSP2_Bone_Marrow_vertebralbody_10X,0.8492462311557789,0.0,0.12562814070351758,0.02512562814070352,0.0,0.0,0.0,0.0,Control,
2023_Terekhova_Immunity_PBMC|C14,0.6593186372745491,0.0,0.28256513026052105,0.05811623246492986,0.0,0.0,0.0,0.0,Control,
2020_Adams_SciAdv_IPF|484C,0.05,0.0,0.016666666666666666,0.0,0.75,0.0,0.13333333333333333,0.05,Control,
2021_Ren_Cell_COVID|S-S085-2,0.8182586644125106,0.06318681318681318,0.08833474218089603,0.03021978021978022,0.0,0.0,0.0,0.0,Non-malignant disease,
2021_Szabo_Immunity_COVID19|COV027_respiratory_airway_1days,0.1261682242990654,0.0,0.0,0.0,0.0,0.0,0.8738317757009346,0.0,Non-malignant disease,
2021_Stephenson_NatMed_COVID19|BGCV09_CV0279,0.9504950495049505,0.0,0.0,0.0,0.04950495049504951,0.0,0.0,0.0,Non-malignant disease,
2022_Dominguez-Conde_Science_CellTypist|Pan_T7991595,0.4483870967741935,0.5032258064516129,0.0,0.0032258064516129032,0.0,0.04516129032258064,0.0,0.0,Control,
2022_Perez_Science_SLE|dmx_AbFlare-3,0.7332471101770269,0.17128768894996363,0.08867512731387923,0.006790073559130224,0.0,0.0,0.0,0.0,Non-malignant disease,
2023_Terekhova_Immunity_PBMC|FD03,0.7765567765567766,0.0,0.21245421245421245,0.01098901098901099,0.0,0.0,0.0,0.0,Control,
2023_Terekhova_Immunity_PBMC|A17,0.7447795823665894,0.0,0.22273781902552203,0.03248259860788863,0.0,0.0,0.0,0.0,Control,
2022_Kumar_CancerDis_Gastric|GSM5573480_sample15,0.03409090909090909,0.0,0.0,0.0,0.8977272727272727,0.06818181818181818,0.0,0.0,Cancer_Tumor,GC
2021_Cheng_Cell_Myeloid|UCEC-P20181122-N,0.022388059701492536,0.0,0.07462686567164178,0.0,0.7388059701492538,0.0,0.0,0.16417910447761194,Cancer_AdjNorm,EC
2022_Kumar_CancerDis_Gastric|GSM5573496_sample31,0.018867924528301886,0.0,0.0,0.0,0.9056603773584906,0.0,0.0,0.07547169811320754,Control,
2023_Terekhova_Immunity_PBMC|G23,0.9077615298087739,0.013498312710911136,0.05511811023622047,0.023622047244094488,0.0,0.0,0.0,0.0,Control,
2023_Terekhova_Immunity_PBMC|FB02,0.7476635514018691,0.0,0.2523364485981308,0.0,0.0,0.0,0.0,0.0,Control,
2020_Adams_SciAdv_IPF|178CO,0.0,0.0,0.39166666666666666,0.0,0.0,0.3,0.30833333333333335,0.0,Non-malignant disease,
2021_Stephenson_NatMed_COVID19|AP3,0.24675324675324675,0.7532467532467533,0.0,0.0,0.0,0.0,0.0,0.0,Non-malignant disease,
2023_Terekhova_Immunity_PBMC|J08,0.7837301587301587,0.0,0.18452380952380953,0.031746031746031744,0.0,0.0,0.0,0.0,Control,
2021_Ren_Cell_COVID|S-S092,0.6406593406593407,0.35934065934065934,0.0,0.0,0.0,0.0,0.0,0.0,Non-malignant disease,
2022_Dominguez-Conde_Science_CellTypist|CZINY-0053,0.5153203342618384,0.0,0.06685236768802229,0.0,0.0,0.15041782729805014,0.2395543175487465,0.027855153203342618,Control,
2021_Cheng_Cell_Myeloid|UCEC-P20190911-T,0.0,0.05573770491803279,0.024043715846994537,0.0,0.18579234972677597,0.00546448087431694,0.7103825136612022,0.018579234972677595,Cancer_Tumor,EC
2021_Ren_Cell_COVID|S-HC019-1,0.603448275862069,0.3103448275862069,0.08620689655172414,0.0,0.0,0.0,0.0,0.0,Control,
2023_Terekhova_Immunity_PBMC|T09,0.8448275862068966,0.0,0.13054187192118227,0.024630541871921183,0.0,0.0,0.0,0.0,Control,
2021_Cheng_Cell_Myeloid|UCEC-P20190910-T,0.0,0.0,0.05092592592592592,0.0,0.009259259259259259,0.2222222222222222,0.6018518518518519,0.11574074074074074,Cancer_Tumor,EC
2022_Dominguez-Conde_Science_CellTypist|CZINY-0051,0.5775656324582339,0.0,0.06682577565632458,0.0,0.0,0.08353221957040573,0.26252983293556087,0.00954653937947494,Control,
2021_Ren_Cell_COVID|S-S048,0.991461332032203,0.0,0.0,0.0,0.005855086606489388,0.002683581361307636,0.0,0.0,Non-malignant disease,
2022_Perez_Science_SLE|dmx_YS-JY-21_pool2,0.8848808030112923,0.05056461731493099,0.06455457967377666,0.0,0.0,0.0,0.0,0.0,Non-malignant disease,
2022_Madissoon_NatGenet_Lung|WSSS8062679,0.2782608695652174,0.0,0.06521739130434782,0.013043478260869565,0.017391304347826087,0.45217391304347826,0.16956521739130434,0.004347826086956522,Control,
2021_Ren_Cell_COVID|S-M054,0.8719475878499107,0.005360333531864205,0.1042287075640262,0.01846337105419893,0.0,0.0,0.0,0.0,Non-malignant disease,
2021_Ren_Cell_COVID|S-HC010,0.881021897810219,0.034306569343065696,0.07226277372262774,0.012408759124087591,0.0,0.0,0.0,0.0,Control,
2021_Ren_Cell_COVID|S-M077,0.0,0.9963741841914431,0.0,0.0,0.0,0.0,0.0036258158085569255,0.0,Non-malignant disease,
2022_Madissoon_NatGenet_Lung|HCATisStab7732262,0.027777777777777776,0.0,0.0,0.0,0.041666666666666664,0.7152777777777778,0.0,0.2152777777777778,Control,
2022_Guilliams_Cell_Liver|CISE07,0.8667642752562226,0.01903367496339678,0.08199121522693997,0.0029282576866764276,0.004392386530014641,0.0,0.008784773060029283,0.016105417276720352,Cancer_Metastasis,CRC
2021_Stephenson_NatMed_COVID19|AP5,0.9719745222929936,0.02802547770700637,0.0,0.0,0.0,0.0,0.0,0.0,Non-malignant disease,
2021_Stephenson_NatMed_COVID19|MH9179822,0.990228013029316,0.009771986970684038,0.0,0.0,0.0,0.0,0.0,0.0,Non-malignant disease,
2021_Ren_Cell_COVID|S-M001,0.3230769230769231,0.0,0.4461538461538462,0.03076923076923077,0.0,0.0,0.2,0.0,Non-malignant disease,
2021_Stephenson_NatMed_COVID19|MH9179823,0.9743243243243244,0.025675675675675677,0.0,0.0,0.0,0.0,0.0,0.0,Non-malignant disease,
2020_Adams_SciAdv_IPF|051I,0.03508771929824561,0.0,0.0,0.0,0.0,0.06140350877192982,0.9035087719298246,0.0,Non-malignant disease,
2023_Terekhova_Immunity_PBMC|G27,0.905550581915846,0.021933751119068933,0.06222023276633841,0.010295434198746643,0.0,0.0,0.0,0.0,Control,
2022_Guilliams_Cell_Liver|CS110,0.37329700272479566,0.0,0.1444141689373297,0.0,0.0,0.25340599455040874,0.0,0.22888283378746593,Non-malignant disease,
2023_Terekhova_Immunity_PBMC|M09,0.8606701940035273,0.0,0.11904761904761904,0.020282186948853614,0.0,0.0,0.0,0.0,Control,
2021_Cheng_Cell_Myeloid|RC-P20190925-N,0.00749063670411985,0.0,0.20749063670411985,0.0,0.6704119850187266,0.1146067415730337,0.0,0.0,Cancer_AdjNorm,RCC
2023_Hirz_NatComm_Prostate|GSM5494354_SCG-PCA5-T-LG,0.022727272727272728,0.0,0.26136363636363635,0.0,0.045454545454545456,0.6704545454545454,0.0,0.0,Cancer_Tumor,PRC
2023_Terekhova_Immunity_PBMC|K09,0.9316843345111896,0.0,0.05594817432273263,0.012367491166077738,0.0,0.0,0.0,0.0,Control,
2023_Terekhova_Immunity_PBMC|E30,0.90625,0.019054878048780487,0.028963414634146343,0.04573170731707317,0.0,0.0,0.0,0.0,Control,
2022_Perez_Science_SLE|dmx_YS-JY-20_pool3,0.7582506037027099,0.09757624541633128,0.1287004740184241,0.015472676862534658,0.0,0.0,0.0,0.0,Non-malignant disease,
2021_Stephenson_NatMed_COVID19|MH9143320,0.988313856427379,0.0,0.011686143572621035,0.0,0.0,0.0,0.0,0.0,Non-malignant disease,
2022_Gur_Cell_Sceleroderma|GSM5837335_AB7354,1.0,0.0,0.0,0.0,0.0,0.0,0.0,0.0,Non-malignant disease,
2020_Litvinukova_Nature_Heart|HCAHeart7844001,0.25675675675675674,0.0,0.0,0.010135135135135136,0.0,0.08783783783783784,0.0,0.6452702702702703,Control,
2023_Terekhova_Immunity_PBMC|K08,0.5914552736982643,0.0,0.33044058744993327,0.07810413885180241,0.0,0.0,0.0,0.0,Control,
2020_Litvinukova_Nature_Heart|HCAHeart7844000,0.5795454545454546,0.03409090909090909,0.045454545454545456,0.0,0.0,0.045454545454545456,0.045454545454545456,0.25,Control,
2023_Terekhova_Immunity_PBMC|B02,0.8085585585585585,0.0,0.19144144144144143,0.0,0.0,0.0,0.0,0.0,Control,
2023_Terekhova_Immunity_PBMC|FE10,0.848314606741573,0.0,0.10861423220973783,0.0299625468164794,0.013108614232209739,0.0,0.0,0.0,Control,
2021_Ren_Cell_COVID|S-HC012,0.0,0.0,0.05720122574055159,0.0,0.0,0.19918283963227784,0.7436159346271706,0.0,Control,
2021_Cheng_Cell_Myeloid|RC-P20181217-N,0.0,0.007194244604316547,0.328537170263789,0.0,0.3333333333333333,0.06474820143884892,0.0,0.26618705035971224,Cancer_AdjNorm,RCC
2023_Terekhova_Immunity_PBMC|G08,0.6859243697478992,0.0,0.2930672268907563,0.01680672268907563,0.004201680672268907,0.0,0.0,0.0,Control,
2023_Terekhova_Immunity_PBMC|T03,0.6209476309226932,0.0,0.3516209476309227,0.02743142144638404,0.0,0.0,0.0,0.0,Control,
2021_Hao_Cell_Blood|P5_5,0.8679245283018868,0.05507394186639469,0.07700152983171851,0.0,0.0,0.0,0.0,0.0,Non-malignant disease,
2021_Wu_NatGenet_Breast|CID4515,0.11965811965811966,0.3333333333333333,0.0,0.0,0.008547008547008548,0.4017094017094017,0.13675213675213677,0.0,Cancer_Tumor,BRCA
2023_Wang_SciAdv_CRC|s0920_Liver_AdjNorm,0.20388349514563106,0.0,0.02912621359223301,0.0,0.11650485436893204,0.5922330097087378,0.0,0.05825242718446602,Cancer_AdjNorm,CRC
2021_Ren_Cell_COVID|S-M032,0.01634877384196185,0.039509536784741145,0.01907356948228883,0.0,0.0,0.0,0.9250681198910081,0.0,Non-malignant disease,
2022_Guilliams_Cell_Liver|CISE06,0.8781664656212304,0.03498190591073583,0.06031363088057901,0.0036188178528347406,0.009650180940892641,0.0,0.0,0.013268998793727383,Cancer_Metastasis,CRC
2021_Ren_Cell_COVID|S-M061-1,0.8387096774193549,0.05806451612903226,0.1032258064516129,0.0,0.0,0.0,0.0,0.0,Non-malignant disease,
2020_Adams_SciAdv_IPF|056CO,0.0,0.0,0.341991341991342,0.0,0.0,0.35064935064935066,0.16017316017316016,0.1471861471861472,Non-malignant disease,
2021_Chan_CancerCell_SCLC|RU1135,0.0,0.0,0.22950819672131148,0.0,0.09836065573770492,0.3770491803278688,0.03278688524590164,0.26229508196721313,Cancer_Tumor,NSCLC
2021_Pelka_Cell_CRC|C162_T_0_0_1_c2_v2,0.6338028169014085,0.04225352112676056,0.0,0.014084507042253521,0.0,0.028169014084507043,0.2535211267605634,0.028169014084507043,Cancer_Tumor,CRC
2021_Stephenson_NatMed_COVID19|MH9143423,0.32582394659991654,0.6741760534000835,0.0,0.0,0.0,0.0,0.0,0.0,Non-malignant disease,
2023_Terekhova_Immunity_PBMC|S06,0.6280542986425339,0.025339366515837104,0.25339366515837103,0.09321266968325792,0.0,0.0,0.0,0.0,Control,
2023_Terekhova_Immunity_PBMC|A15,0.8979166666666667,0.0,0.10208333333333333,0.0,0.0,0.0,0.0,0.0,Control,
2023_Terekhova_Immunity_PBMC|D01,0.5747607655502392,0.0,0.39354066985645936,0.031698564593301434,0.0,0.0,0.0,0.0,Control,
2022_Gur_Cell_Sceleroderma|GSM5837572_AB8486,0.9444444444444444,0.0,0.05555555555555555,0.0,0.0,0.0,0.0,0.0,Non-malignant disease,
2022_Madissoon_NatGenet_Lung|5841STDY7991479,0.13846153846153847,0.06153846153846154,0.15384615384615385,0.0,0.0,0.15384615384615385,0.09230769230769231,0.4,Control,
2023_Fonseca_NatGenet_Endometriosis|sample14,0.32456140350877194,0.0,0.0,0.0,0.6052631578947368,0.0,0.0,0.07017543859649122,Non-malignant disease,
2023_Kumar_Nature_Breast|hbca_c82,0.0,0.0,0.24675324675324675,0.0,0.38961038961038963,0.0,0.36363636363636365,0.0,Control,
2022_Dominguez-Conde_Science_CellTypist|Pan_T7980361,0.7896389324960753,0.0,0.10047095761381476,0.0,0.04552590266875981,0.06436420722135008,0.0,0.0,Control,
2023_Terekhova_Immunity_PBMC|T18,0.6940874035989717,0.0,0.2570694087403599,0.04884318766066838,0.0,0.0,0.0,0.0,Control,
2023_Terekhova_Immunity_PBMC|E12,0.9161028416779432,0.0,0.08389715832205684,0.0,0.0,0.0,0.0,0.0,Control,
2023_Wang_SciAdv_CRC|s0107_Liver_Metastasis,0.07407407407407407,0.0,0.0,0.0,0.027777777777777776,0.0,0.0,0.8981481481481481,Cancer_Metastasis,CRC
2022_Perez_Science_SLE|dmx_YS-JY-21_pool1,0.9071050148777124,0.01778068074606285,0.06974381304884245,0.005370491327382249,0.0,0.0,0.0,0.0,Control,
2021_Pal_EMBO_Breast|GSM4909287_TN-B1-Tum0554,0.04716981132075472,0.0,0.0,0.0,0.49056603773584906,0.0,0.33962264150943394,0.12264150943396226,Cancer_Tumor,BRCA
2022_Gur_Cell_Sceleroderma|GSM5837579_AB8493,0.9668874172185431,0.033112582781456956,0.0,0.0,0.0,0.0,0.0,0.0,Non-malignant disease,
2022_Perez_Science_SLE|dmx_YE_8-16,0.748653984206748,0.13361450107681264,0.10795046661880833,0.009781048097631011,0.0,0.0,0.0,0.0,Control,
2021_Chan_CancerCell_SCLC|RU1137,0.0,0.0,0.0,0.0,0.38202247191011235,0.2247191011235955,0.3258426966292135,0.06741573033707865,Cancer_Tumor,NSCLC
2021_Ren_Cell_COVID|S-M064,0.9014989293361885,0.03158458244111349,0.046038543897216275,0.0208779443254818,0.0,0.0,0.0,0.0,Non-malignant disease,
2022_Dominguez-Conde_Science_CellTypist|CZINY-0100,0.8478260869565217,0.0,0.0,0.0,0.0,0.12391304347826088,0.02391304347826087,0.004347826086956522,Control,
2021_Ren_Cell_COVID|S-HC021,0.667953667953668,0.017374517374517374,0.2548262548262548,0.011583011583011582,0.0,0.0,0.04826254826254826,0.0,Control,
2022_Emont_Nature_WAT|Hs_SAT_11-1,0.6730769230769231,0.0,0.3269230769230769,0.0,0.0,0.0,0.0,0.0,Control,
2021_Ren_Cell_COVID|S-M063-2,0.12962962962962962,0.0,0.08796296296296297,0.0,0.0,0.018518518518518517,0.7638888888888888,0.0,Non-malignant disease,
2021_Stephenson_NatMed_COVID19|BGCV10_CV0231,0.9344262295081968,0.06557377049180328,0.0,0.0,0.0,0.0,0.0,0.0,Non-malignant disease,
2023_Terekhova_Immunity_PBMC|H11,0.8066825775656324,0.021479713603818614,0.14160700079554495,0.030230708035003977,0.0,0.0,0.0,0.0,Control,
2021_Pelka_Cell_CRC|C173_T_0_0_0_c1_v3,0.08641975308641975,0.0,0.0,0.0,0.37037037037037035,0.0,0.4691358024691358,0.07407407407407407,Cancer_Tumor,CRC
2022_Gur_Cell_Sceleroderma|GSM5837700_AB9433,1.0,0.0,0.0,0.0,0.0,0.0,0.0,0.0,Non-malignant disease,
2023_Terekhova_Immunity_PBMC|D03,0.76,0.0,0.21571428571428572,0.024285714285714285,0.0,0.0,0.0,0.0,Control,
2021_Ren_Cell_COVID|S-S032-3,0.6103448275862069,0.3896551724137931,0.0,0.0,0.0,0.0,0.0,0.0,Non-malignant disease,
2021_Stephenson_NatMed_COVID19|BGCV07_CV0094,0.016166281755196306,0.9838337182448037,0.0,0.0,0.0,0.0,0.0,0.0,Non-malignant disease,
2023_Terekhova_Immunity_PBMC|D24,0.9388888888888889,0.0,0.06111111111111111,0.0,0.0,0.0,0.0,0.0,Control,
2021_Ren_Cell_COVID|S-S035-3,0.7671232876712328,0.0273972602739726,0.2054794520547945,0.0,0.0,0.0,0.0,0.0,Non-malignant disease,
2021_Ren_Cell_COVID|S-M059-2,0.20059880239520958,0.0,0.0688622754491018,0.02694610778443114,0.0,0.0,0.7035928143712575,0.0,Non-malignant disease,
2022_Madissoon_NatGenet_Lung|WSSS8015049,0.20068027210884354,0.003401360544217687,0.11564625850340136,0.003401360544217687,0.03741496598639456,0.2755102040816326,0.23809523809523808,0.12585034013605442,Control,
2021_Ren_Cell_COVID|S-HC001,0.0,0.0,0.0,0.0,1.0,0.0,0.0,0.0,Control,
2022_TabulaSapiens_Science_TabulaSapiens|TSP14_Salivary_Gland_Parotid_10X,0.4365079365079365,0.0,0.0,0.0,0.11904761904761904,0.30158730158730157,0.0,0.14285714285714285,Control,
2021_Zheng_Science_TIL|KIDNEY_P20190918_T,0.0,0.0,0.3431151241534989,0.011286681715575621,0.1038374717832957,0.16930022573363432,0.22121896162528218,0.15124153498871332,Cancer_Tumor,RCC
2023_Terekhova_Immunity_PBMC|C07,0.7901444350042481,0.0,0.18011894647408666,0.029736618521665252,0.0,0.0,0.0,0.0,Control,
2022_Guilliams_Cell_Liver|CS32,0.38317757009345793,0.37694704049844235,0.04361370716510903,0.03426791277258567,0.012461059190031152,0.03115264797507788,0.028037383177570093,0.09034267912772585,Cancer_Metastasis,CRC
2023_Terekhova_Immunity_PBMC|G16,0.8938775510204081,0.0,0.10612244897959183,0.0,0.0,0.0,0.0,0.0,Control,
2022_Madissoon_NatGenet_Lung|WSSS8123931,0.05319148936170213,0.010638297872340425,0.05319148936170213,0.010638297872340425,0.0,0.10638297872340426,0.06382978723404255,0.7021276595744681,Control,
2021_Ren_Cell_COVID|S-M058-2,0.0,0.0,0.16666666666666666,0.0,0.0,0.0,0.8333333333333334,0.0,Non-malignant disease,
2021_Szabo_Immunity_COVID19|COV026_respiratory_airway_4days,0.4024144869215292,0.0,0.06841046277665996,0.0482897384305835,0.15090543259557343,0.0,0.3299798792756539,0.0,Non-malignant disease,
2023_Terekhova_Immunity_PBMC|FD05,0.7684848484848484,0.006060606060606061,0.22545454545454546,0.0,0.0,0.0,0.0,0.0,Control,
2021_Chan_CancerCell_SCLC|RU685_N,0.03470715835140998,0.010845986984815618,0.6767895878524945,0.0,0.0650759219088937,0.19739696312364424,0.0,0.015184381778741865,Cancer_AdjNorm,NSCLC
2022_TabulaSapiens_Science_TabulaSapiens|TSP1_Blood_nan_10X,0.9049531459170014,0.0,0.08500669344042838,0.010040160642570281,0.0,0.0,0.0,0.0,Control,
2023_Terekhova_Immunity_PBMC|T21,0.9016587677725119,0.032582938388625596,0.06575829383886256,0.0,0.0,0.0,0.0,0.0,Control,
2021_Zheng_Science_TIL|ESCA_P20190411_T,0.04697986577181208,0.0,0.0,0.0,0.4161073825503356,0.0,0.04697986577181208,0.4899328859060403,Cancer_Tumor,ESCA
2021_Szabo_Immunity_COVID19|COV026_respiratory_airway_1days,0.13052486187845305,0.0,0.0,0.0,0.23204419889502761,0.13535911602209943,0.5020718232044199,0.0,Non-malignant disease,
2023_Terekhova_Immunity_PBMC|T20,0.9044914816726898,0.016520392359318535,0.05833763551884357,0.020650490449148167,0.0,0.0,0.0,0.0,Control,
2023_Terekhova_Immunity_PBMC|FE05,0.7088607594936709,0.0,0.22468354430379747,0.06645569620253164,0.0,0.0,0.0,0.0,Control,
