,Dendritic_classical|DC3,Dendritic_classical|DC2,Dendritic_classical|DC1,Dendritic_classical|FCGR3A,Dendritic_classical|EGR,Dendritic_classical|LAMP3,Dendritic_classical|ISG,Dendritic_classical|Langerhans,Dendritic_classical|ACY3,Dendritic_classical|AS-DC,Dendritic_classical|EREG,Dendritic_classical|HSP,Dendritic_classical|CXCL9,Cancer_Tissue,Cancer_Type
GSE171555_180E1A-00,0.5,0.4444444444444444,0.05555555555555555,0.0,0.0,0.0,0.0,0.0,0.0,0.0,0.0,0.0,0.0,Non-malignant disease,
GSE161329_8donor_PBMC_A1,0.43548387096774194,0.45161290322580644,0.11290322580645161,0.0,0.0,0.0,0.0,0.0,0.0,0.0,0.0,0.0,0.0,Control,
GSE136103_cirrhotic2_cd45-_2,0.031746031746031744,0.35978835978835977,0.05291005291005291,0.42328042328042326,0.12698412698412698,0.005291005291005291,0.0,0.0,0.0,0.0,0.0,0.0,0.0,Non-malignant disease,
GSE216329_P22_T_ADM001_MorD3_4_G,0.2463768115942029,0.43478260869565216,0.3188405797101449,0.0,0.0,0.0,0.0,0.0,0.0,0.0,0.0,0.0,0.0,Cancer_Blood,NSCLC
GSE174401_fq3_CSF-11,0.017699115044247787,0.5398230088495575,0.1415929203539823,0.05309734513274336,0.0,0.061946902654867256,0.18584070796460178,0.0,0.0,0.0,0.0,0.0,0.0,Cancer_Metastasis,MEL
GSE142444_bt3-Monocytes_1,0.5,0.421875,0.057291666666666664,0.0,0.0,0.0,0.020833333333333332,0.0,0.0,0.0,0.0,0.0,0.0,Control,
GSE162806_MM3038_4h,0.9074074074074074,0.0,0.0,0.0,0.0,0.0,0.0,0.0,0.0,0.018518518518518517,0.07407407407407407,0.0,0.0,Non-malignant disease,
GSE164690_HN02_CD45p,0.125,0.0,0.03571428571428571,0.6964285714285714,0.0,0.07142857142857142,0.0,0.07142857142857142,0.0,0.0,0.0,0.0,0.0,Cancer_Tumor,HNSCC
GSE168522_16_20171027,0.36752136752136755,0.5641025641025641,0.06837606837606838,0.0,0.0,0.0,0.0,0.0,0.0,0.0,0.0,0.0,0.0,Control,
GSE165645_BM_AgaC2_GEX,0.7696078431372549,0.1323529411764706,0.05392156862745098,0.0,0.0,0.0,0.0,0.0,0.0,0.0,0.04411764705882353,0.0,0.0,Non-malignant disease,
GSE164690_HN13_CD45p,0.08045977011494253,0.0,0.14942528735632185,0.4827586206896552,0.0,0.09195402298850575,0.0,0.09195402298850575,0.0,0.0,0.10344827586206896,0.0,0.0,Cancer_Tumor,HNSCC
GSE159913_Kidney_Normal_Myhl,0.0,0.06818181818181818,0.0625,0.056818181818181816,0.0,0.03977272727272727,0.0,0.0,0.03409090909090909,0.011363636363636364,0.24431818181818182,0.48295454545454547,0.0,Cancer_AdjNorm,RCC
GSE130157_14562X2,0.16666666666666666,0.7333333333333333,0.1,0.0,0.0,0.0,0.0,0.0,0.0,0.0,0.0,0.0,0.0,Cancer_Blood,CRC
GSE182208_SC_NS1,0.044444444444444446,0.07777777777777778,0.2,0.044444444444444446,0.1111111111111111,0.07777777777777778,0.0,0.0,0.0,0.0,0.4444444444444444,0.0,0.0,Control,
GSE159677_02dat20190717tisCARconDIS,0.0,0.03535353535353535,0.07575757575757576,0.11616161616161616,0.030303030303030304,0.025252525252525252,0.030303030303030304,0.0,0.0,0.07575757575757576,0.6111111111111112,0.0,0.0,Non-malignant disease,
GSE155673_cov_scrna_17,0.5373443983402489,0.36099585062240663,0.07883817427385892,0.0,0.0,0.0,0.022821576763485476,0.0,0.0,0.0,0.0,0.0,0.0,Control,
GSE216329_P12_T_ADM001_MorD2_7_G,0.0,0.1518987341772152,0.8481012658227848,0.0,0.0,0.0,0.0,0.0,0.0,0.0,0.0,0.0,0.0,Cancer_Blood,NSCLC
GSE171964_2051_7,0.3754863813229572,0.5583657587548638,0.06614785992217899,0.0,0.0,0.0,0.0,0.0,0.0,0.0,0.0,0.0,0.0,Non-malignant disease,
GSE171555_61BBAD-00,0.48366013071895425,0.4117647058823529,0.10457516339869281,0.0,0.0,0.0,0.0,0.0,0.0,0.0,0.0,0.0,0.0,Control,
GSE150877_Fresh-Human-Blood,0.3950617283950617,0.6049382716049383,0.0,0.0,0.0,0.0,0.0,0.0,0.0,0.0,0.0,0.0,0.0,Control,
GSE178991_V6,0.6363636363636364,0.06363636363636363,0.03636363636363636,0.0,0.01818181818181818,0.0,0.0,0.0,0.0,0.0,0.24545454545454545,0.0,0.0,Non-malignant disease,
GSE155850_NL15Myeloid,0.0,0.0033401849948612537,0.04881808838643371,0.0,0.0,0.11073997944501542,0.0,0.05601233299075026,0.0,0.0,0.7810894141829393,0.0,0.0,Control,
GSE181316_scar_3_scRNA,0.0,0.0,0.4298245614035088,0.0,0.0,0.16666666666666666,0.0,0.0,0.0,0.0,0.40350877192982454,0.0,0.0,Non-malignant disease,
GSE171964_2051_2,0.38283828382838286,0.5511551155115512,0.052805280528052806,0.0,0.0,0.0,0.013201320132013201,0.0,0.0,0.0,0.0,0.0,0.0,Non-malignant disease,
GSE144945_pat6,0.0,0.0,0.19791666666666666,0.08333333333333333,0.0,0.0,0.0,0.0,0.03125,0.13541666666666666,0.4791666666666667,0.0,0.07291666666666667,Cancer_Tumor,NSCLC
GSE183852_TWCM-H8-lib1,0.0,0.07317073170731707,0.12195121951219512,0.2804878048780488,0.04878048780487805,0.024390243902439025,0.0,0.0,0.0,0.0,0.45121951219512196,0.0,0.0,Non-malignant disease,
GSE132802_SKIN_HV5,0.4375,0.4895833333333333,0.07291666666666667,0.0,0.0,0.0,0.0,0.0,0.0,0.0,0.0,0.0,0.0,Control,
GSE155468_10x_RPP_TAA_5,0.0,0.0,0.12121212121212122,0.0,0.2222222222222222,0.0,0.0,0.0,0.0,0.050505050505050504,0.6060606060606061,0.0,0.0,Non-malignant disease,
GSE181316_keloid_2_scRNA,0.0,0.27358490566037735,0.33962264150943394,0.0,0.03773584905660377,0.0,0.0,0.0,0.0,0.0,0.24528301886792453,0.10377358490566038,0.0,Non-malignant disease,
GSE181316_keloid_3L_scRNA,0.0,0.21341463414634146,0.23780487804878048,0.0,0.0,0.08536585365853659,0.0,0.0,0.0,0.012195121951219513,0.45121951219512196,0.0,0.0,Non-malignant disease,
GSE136103_cirrhotic2_cd45-_1,0.05389221556886228,0.3772455089820359,0.059880239520958084,0.31137724550898205,0.19760479041916168,0.0,0.0,0.0,0.0,0.0,0.0,0.0,0.0,Non-malignant disease,
GSE164690_HN10_CD45n,0.03571428571428571,0.05357142857142857,0.14285714285714285,0.375,0.0,0.25,0.08928571428571429,0.017857142857142856,0.0,0.03571428571428571,0.0,0.0,0.0,Cancer_Tumor,HNSCC
GSE142444_bt1-Monocytes_1,0.4880382775119617,0.430622009569378,0.08133971291866028,0.0,0.0,0.0,0.0,0.0,0.0,0.0,0.0,0.0,0.0,Control,
GSE136103_healthy5_cd45plus,0.04205607476635514,0.4205607476635514,0.22429906542056074,0.11682242990654206,0.04672897196261682,0.028037383177570093,0.0,0.0,0.0,0.014018691588785047,0.10747663551401869,0.0,0.0,Control,
GSE163633_124_OM_HLADR,0.03391959798994975,0.12311557788944724,0.20477386934673367,0.01507537688442211,0.0414572864321608,0.05527638190954774,0.0,0.026381909547738693,0.0,0.01507537688442211,0.4849246231155779,0.0,0.0,Non-malignant disease,
GSE216329_P15_T_ADM001_MorD2_3_G,0.0,0.171875,0.828125,0.0,0.0,0.0,0.0,0.0,0.0,0.0,0.0,0.0,0.0,Cancer_Blood,NSCLC
GSE171964_2049_0,0.3373493975903614,0.5421686746987951,0.12048192771084337,0.0,0.0,0.0,0.0,0.0,0.0,0.0,0.0,0.0,0.0,Non-malignant disease,
GSE171555_22CBD6-00,0.5789473684210527,0.42105263157894735,0.0,0.0,0.0,0.0,0.0,0.0,0.0,0.0,0.0,0.0,0.0,Control,
GSE178481_SCG_RCC-BM2-P-T1,0.0,0.0,0.1896551724137931,0.2471264367816092,0.0,0.028735632183908046,0.0,0.0,0.0,0.06321839080459771,0.14942528735632185,0.3218390804597701,0.0,Cancer_Tumor,RCC
GSE145370_R4B5,0.0196078431372549,0.19117647058823528,0.09313725490196079,0.049019607843137254,0.23529411764705882,0.0784313725490196,0.0,0.04411764705882353,0.0,0.0,0.28921568627450983,0.0,0.0,Cancer_AdjNorm,ESCA
GSE179886_Normal,0.5416666666666666,0.4270833333333333,0.03125,0.0,0.0,0.0,0.0,0.0,0.0,0.0,0.0,0.0,0.0,Control,
GSE159677_02dat20190515tisCARconDIS,0.009900990099009901,0.0594059405940594,0.2524752475247525,0.22277227722772278,0.054455445544554455,0.0297029702970297,0.0,0.0,0.0297029702970297,0.0,0.3415841584158416,0.0,0.0,Non-malignant disease,
GSE183219_HSA_JGR_514SN_G,0.0,0.03225806451612903,0.5,0.04838709677419355,0.0,0.0,0.0,0.0,0.0,0.0,0.41935483870967744,0.0,0.0,Cancer_AdjNorm,NSCLC
GSE136103_cirrhotic3_cd45-_1,0.0,0.8266666666666667,0.09333333333333334,0.08,0.0,0.0,0.0,0.0,0.0,0.0,0.0,0.0,0.0,Non-malignant disease,
GSE141526_ADWST11,0.0,0.0,0.0,0.0,0.0,0.2792207792207792,0.0,0.0,0.0,0.0,0.7142857142857143,0.006493506493506494,0.0,Cancer_AdjNorm,BCC
GSE164015_ACE-057_AC_Epi,0.07432432432432433,0.6013513513513513,0.0,0.16554054054054054,0.0,0.057432432432432436,0.0,0.10135135135135136,0.0,0.0,0.0,0.0,0.0,Non-malignant disease,
GSE163633_TIL_CD3_027,0.0,0.0,0.15384615384615385,0.0,0.0,0.21153846153846154,0.0,0.40384615384615385,0.057692307692307696,0.0,0.17307692307692307,0.0,0.0,Cancer_Tumor,HNSCC
GSE171964_2053_0,0.30628803245436104,0.5780933062880325,0.09330628803245436,0.0,0.0,0.0,0.02231237322515213,0.0,0.0,0.0,0.0,0.0,0.0,Non-malignant disease,
GSE213282_GEX_NextGEM_C,0.25675675675675674,0.7027027027027027,0.04054054054054054,0.0,0.0,0.0,0.0,0.0,0.0,0.0,0.0,0.0,0.0,Control,
GSE178481_RCC-PR3-T1,0.0,0.04838709677419355,0.1774193548387097,0.25806451612903225,0.016129032258064516,0.0,0.0,0.0,0.0,0.1935483870967742,0.3064516129032258,0.0,0.0,Cancer_Tumor,RCC
GSE164690_HN18_CD45p,0.0,0.0,0.16842105263157894,0.33157894736842103,0.0,0.18947368421052632,0.0,0.2631578947368421,0.04736842105263158,0.0,0.0,0.0,0.0,Cancer_Tumor,HNSCC
GSE216329_P13_TN_ADM001_MorD2_1_G,0.0,0.09230769230769231,0.8769230769230769,0.0,0.0,0.0,0.03076923076923077,0.0,0.0,0.0,0.0,0.0,0.0,Cancer_Blood,PRC
GSE166992_IVAR105D,0.3950617283950617,0.48148148148148145,0.12345679012345678,0.0,0.0,0.0,0.0,0.0,0.0,0.0,0.0,0.0,0.0,Control,
GSE157591_Patient_3,0.12895927601809956,0.4638009049773756,0.38687782805429866,0.0,0.0,0.020361990950226245,0.0,0.0,0.0,0.0,0.0,0.0,0.0,Non-malignant disease,
GSE155850_NL16Myeloid,0.0,0.0,0.07071713147410359,0.0,0.0,0.13097609561752988,0.0,0.0,0.0,0.0,0.7793824701195219,0.018924302788844622,0.0,Control,
GSE164241_BM158,0.0,0.07142857142857142,0.1326530612244898,0.25510204081632654,0.061224489795918366,0.15306122448979592,0.0,0.10204081632653061,0.04081632653061224,0.0,0.1326530612244898,0.05102040816326531,0.0,Control,
GSE171964_2049_2,0.4711111111111111,0.3511111111111111,0.10666666666666667,0.0,0.0,0.0,0.07111111111111111,0.0,0.0,0.0,0.0,0.0,0.0,Non-malignant disease,
GSE163633_TBl020_HLADR,0.527027027027027,0.4189189189189189,0.0,0.0,0.0,0.0,0.05405405405405406,0.0,0.0,0.0,0.0,0.0,0.0,Cancer_Blood,HNSCC
GSE171555_61BBAD-14,0.4935064935064935,0.4025974025974026,0.1038961038961039,0.0,0.0,0.0,0.0,0.0,0.0,0.0,0.0,0.0,0.0,Control,
GSE136103_blood2,0.8275862068965517,0.10344827586206896,0.06896551724137931,0.0,0.0,0.0,0.0,0.0,0.0,0.0,0.0,0.0,0.0,Non-malignant disease,
GSE162616_IT20180531,0.0,0.04054054054054054,0.7567567567567568,0.0,0.0,0.0,0.0,0.0,0.0,0.20270270270270271,0.0,0.0,0.0,Cancer_Tumor,HCC
GSE171555_40067F-07,0.524390243902439,0.4329268292682927,0.042682926829268296,0.0,0.0,0.0,0.0,0.0,0.0,0.0,0.0,0.0,0.0,Non-malignant disease,
GSE163633_122_OM_HLADR,0.013856812933025405,0.07621247113163972,0.15011547344110854,0.03002309468822171,0.18244803695150116,0.05542725173210162,0.0,0.04157043879907621,0.018475750577367205,0.03926096997690531,0.39260969976905313,0.0,0.0,Non-malignant disease,
GSE216329_P1_TN_ADM001_DaHi_G,0.32748538011695905,0.5614035087719298,0.07602339181286549,0.0,0.0,0.0,0.03508771929824561,0.0,0.0,0.0,0.0,0.0,0.0,Cancer_Blood,NSCLC
GSE164493_ST05-1,0.10281280310378274,0.7963142580019399,0.1008729388942774,0.0,0.0,0.0,0.0,0.0,0.0,0.0,0.0,0.0,0.0,Control,
GSE216329_P21_T_ADM001_MorD3_3_G,0.15873015873015872,0.5291005291005291,0.31216931216931215,0.0,0.0,0.0,0.0,0.0,0.0,0.0,0.0,0.0,0.0,Cancer_Blood,NSCLC
GSE155468_10x_RPP_TAA_6,0.0,0.0,0.18604651162790697,0.1744186046511628,0.0,0.09302325581395349,0.0,0.0,0.0,0.0,0.5465116279069767,0.0,0.0,Non-malignant disease,
GSE216329_P10_T_ADM001_MorD2_5_G,0.0,0.1,0.9,0.0,0.0,0.0,0.0,0.0,0.0,0.0,0.0,0.0,0.0,Cancer_Blood,NSCLC
GSE181919_LN46,0.0,0.0,0.36486486486486486,0.0,0.0,0.2702702702702703,0.14864864864864866,0.0,0.0,0.06756756756756757,0.10810810810810811,0.0,0.04054054054054054,Cancer_Metastasis,HNSCC
GSE121380_HB35,0.029411764705882353,0.3333333333333333,0.4117647058823529,0.0,0.0,0.12745098039215685,0.0,0.0,0.0784313725490196,0.0,0.0,0.0,0.0196078431372549,Non-malignant disease,
GSE162806_MM3038_24h,0.7894736842105263,0.07017543859649122,0.10526315789473684,0.0,0.0,0.0,0.0,0.0,0.0,0.03508771929824561,0.0,0.0,0.0,Non-malignant disease,
GSE164493_ST21,0.07692307692307693,0.8500874125874126,0.0729895104895105,0.0,0.0,0.0,0.0,0.0,0.0,0.0,0.0,0.0,0.0,Non-malignant disease,
GSE145370_R5A5,0.0,0.0,0.2032520325203252,0.0,0.0,0.34146341463414637,0.0,0.0,0.0,0.06504065040650407,0.3902439024390244,0.0,0.0,Cancer_Tumor,ESCA
GSE139249_CY164-Tumor,0.0,0.0,0.4682080924855491,0.0,0.0,0.03468208092485549,0.27167630057803466,0.0,0.05202312138728324,0.17341040462427745,0.0,0.0,0.0,Cancer_Tumor,MEL
GSE133028_28_CSF_uns_5pGEX,0.0,0.8016528925619835,0.1487603305785124,0.03305785123966942,0.0,0.01652892561983471,0.0,0.0,0.0,0.0,0.0,0.0,0.0,Non-malignant disease,
GSE150516_726INF,0.04918032786885246,0.21311475409836064,0.29508196721311475,0.09836065573770492,0.0,0.14754098360655737,0.0,0.0,0.04918032786885246,0.0,0.06557377049180328,0.0,0.08196721311475409,Non-malignant disease,
GSE173303_63-5GE,0.0,0.015463917525773196,0.5567010309278351,0.14948453608247422,0.0,0.15979381443298968,0.07216494845360824,0.04639175257731959,0.0,0.0,0.0,0.0,0.0,Non-malignant disease,
GSE142444_bt2-Monocytes_3,0.84375,0.125,0.03125,0.0,0.0,0.0,0.0,0.0,0.0,0.0,0.0,0.0,0.0,Control,
GSE167029_C31,0.26153846153846155,0.3384615384615385,0.07692307692307693,0.0,0.0,0.0,0.0,0.0,0.0,0.0,0.3230769230769231,0.0,0.0,Control,
GSE168933_NASH1_POOL_20190311_NASH_1,0.0,0.6779661016949152,0.23728813559322035,0.06779661016949153,0.01694915254237288,0.0,0.0,0.0,0.0,0.0,0.0,0.0,0.0,Non-malignant disease,
GSE164493_ST20,0.12994350282485875,0.739406779661017,0.11440677966101695,0.0,0.0,0.016242937853107344,0.0,0.0,0.0,0.0,0.0,0.0,0.0,Non-malignant disease,
GSE163633_TBl_HLADR_027,0.625,0.375,0.0,0.0,0.0,0.0,0.0,0.0,0.0,0.0,0.0,0.0,0.0,Cancer_Blood,HNSCC
GSE145370_R3B5,0.0,0.2054794520547945,0.3424657534246575,0.0410958904109589,0.0,0.2054794520547945,0.0,0.1095890410958904,0.0,0.0684931506849315,0.0,0.0273972602739726,0.0,Cancer_AdjNorm,ESCA
GSE178481_RCC-PR5-T1,0.0,0.0,0.453125,0.09375,0.0,0.0,0.0,0.0,0.0,0.0,0.4375,0.015625,0.0,Cancer_Tumor,RCC
GSE171964_2052_42,0.4482758620689655,0.3694581280788177,0.18226600985221675,0.0,0.0,0.0,0.0,0.0,0.0,0.0,0.0,0.0,0.0,Non-malignant disease,
GSE155673_cov_scrna_09,0.45965770171149145,0.44254278728606355,0.09535452322738386,0.0,0.0,0.0,0.0,0.0,0.0024449877750611247,0.0,0.0,0.0,0.0,Control,
GSE200173_Gene_express_2-2,0.05454545454545454,0.0,0.0,0.0,0.05454545454545454,0.0,0.0,0.0,0.0,0.0,0.8909090909090909,0.0,0.0,Control,
GSE181082_SynTissue_50_6000,0.0,0.0,0.15079365079365079,0.0,0.0,0.051587301587301584,0.0,0.0,0.0,0.03571428571428571,0.7619047619047619,0.0,0.0,Control,
GSE164241_GM169,0.0847457627118644,0.423728813559322,0.11864406779661017,0.13559322033898305,0.0,0.0847457627118644,0.0,0.13559322033898305,0.0,0.0,0.01694915254237288,0.0,0.0,Control,
GSE172225_192561SKN_GEX_HHT,0.0,0.0,0.0594059405940594,0.04950495049504951,0.0,0.0,0.0,0.0594059405940594,0.0,0.0,0.7821782178217822,0.04950495049504951,0.0,Control,
GSE175817_D403,0.0,0.0,0.10493827160493827,0.0,0.0,0.11728395061728394,0.0,0.2345679012345679,0.0,0.0,0.4691358024691358,0.07407407407407407,0.0,Non-malignant disease,
GSE178481_RCC-PR8-N,0.0,0.0,0.07272727272727272,0.0,0.0,0.05454545454545454,0.0,0.0,0.0,0.0,0.8727272727272727,0.0,0.0,Cancer_AdjNorm,RCC
GSE149133_MG139B_NOIGHD_HHT,0.11331444759206799,0.06232294617563739,0.8130311614730878,0.0,0.0113314447592068,0.0,0.0,0.0,0.0,0.0,0.0,0.0,0.0,Non-malignant disease,
GSE128993_Human,0.08536585365853659,0.1951219512195122,0.08536585365853659,0.04878048780487805,0.2926829268292683,0.0,0.0,0.024390243902439025,0.012195121951219513,0.0,0.25609756097560976,0.0,0.0,Control,
GSE171964_2055_42,0.4051948051948052,0.5246753246753246,0.04415584415584416,0.0,0.0,0.0,0.025974025974025976,0.0,0.0,0.0,0.0,0.0,0.0,Non-malignant disease,
GSE163633_121_OM_HLADR,0.0,0.005592841163310962,0.48210290827740493,0.03243847874720358,0.02796420581655481,0.1465324384787472,0.0,0.0,0.0,0.13534675615212527,0.17002237136465326,0.0,0.0,Non-malignant disease,
GSE216329_P3_TN_ADM001_ATP2_2_G,0.18181818181818182,0.4909090909090909,0.32727272727272727,0.0,0.0,0.0,0.0,0.0,0.0,0.0,0.0,0.0,0.0,Cancer_Blood,NSCLC
GSE117824_ET05_PC,0.31097560975609756,0.6646341463414634,0.024390243902439025,0.0,0.0,0.0,0.0,0.0,0.0,0.0,0.0,0.0,0.0,Non-malignant disease,
GSE167030_C27,0.4188034188034188,0.5811965811965812,0.0,0.0,0.0,0.0,0.0,0.0,0.0,0.0,0.0,0.0,0.0,Control,
GSE129845_196,0.0,0.07936507936507936,0.1746031746031746,0.0,0.0,0.12698412698412698,0.0,0.0,0.09523809523809523,0.0,0.47619047619047616,0.0,0.047619047619047616,Non-malignant disease,
GSE142444_bt1-Monocytes_5,0.5449101796407185,0.41317365269461076,0.0,0.0,0.0,0.0,0.041916167664670656,0.0,0.0,0.0,0.0,0.0,0.0,Control,
GSE164241_PD134,0.0,0.024390243902439025,0.3048780487804878,0.0,0.0,0.06097560975609756,0.0,0.0,0.036585365853658534,0.0,0.573170731707317,0.0,0.0,Non-malignant disease,
GSE132771_F4W,0.0,0.023809523809523808,0.10119047619047619,0.07738095238095238,0.047619047619047616,0.10119047619047619,0.0,0.06547619047619048,0.0,0.05357142857142857,0.5297619047619048,0.0,0.0,Non-malignant disease,
GSE129845_run230_187,0.0,0.027777777777777776,0.4166666666666667,0.0,0.0,0.5138888888888888,0.0,0.0,0.0,0.013888888888888888,0.027777777777777776,0.0,0.0,Non-malignant disease,
GSE136103_healthy4_cd45-_3,0.16901408450704225,0.5492957746478874,0.14788732394366197,0.04929577464788732,0.035211267605633804,0.0,0.0,0.0,0.0,0.0,0.0,0.0,0.04929577464788732,Control,
GSE148020_20190809chi,0.12631578947368421,0.10526315789473684,0.15789473684210525,0.0,0.14736842105263157,0.0,0.0,0.0,0.0,0.0,0.4631578947368421,0.0,0.0,Control,
GSE171555_7768E4-28,0.5245901639344263,0.4262295081967213,0.04918032786885246,0.0,0.0,0.0,0.0,0.0,0.0,0.0,0.0,0.0,0.0,Control,
GSE171964_2047_0,0.43209876543209874,0.5061728395061729,0.06172839506172839,0.0,0.0,0.0,0.0,0.0,0.0,0.0,0.0,0.0,0.0,Non-malignant disease,
GSE168933_Healthy2_POOL_20190214_healthy_2,0.09523809523809523,0.6984126984126984,0.20634920634920634,0.0,0.0,0.0,0.0,0.0,0.0,0.0,0.0,0.0,0.0,Control,
GSE176417_Sc_skin4,0.0,0.25925925925925924,0.08333333333333333,0.10185185185185185,0.24074074074074073,0.06481481481481481,0.0,0.0,0.0,0.0,0.17592592592592593,0.07407407407407407,0.0,Control,
GSE158723_NGS18-G695_UCL-NPF6000,0.0,0.24175824175824176,0.34065934065934067,0.32967032967032966,0.0,0.03296703296703297,0.0,0.0,0.0,0.0,0.054945054945054944,0.0,0.0,Non-malignant disease,
GSE164241_PD164c,0.0,0.020833333333333332,0.4166666666666667,0.03125,0.0,0.125,0.0,0.03125,0.0,0.041666666666666664,0.3229166666666667,0.0,0.010416666666666666,Non-malignant disease,
GSE164690_HN14_CD45p,0.11428571428571428,0.0,0.0761904761904762,0.1619047619047619,0.0,0.08571428571428572,0.0380952380952381,0.14285714285714285,0.01904761904761905,0.10476190476190476,0.2571428571428571,0.0,0.0,Cancer_Tumor,HNSCC
GSE172225_192565SKN_GEX_HHT,0.0,0.06451612903225806,0.22580645161290322,0.0,0.0,0.04838709677419355,0.0,0.08064516129032258,0.0,0.0,0.5806451612903226,0.0,0.0,Control,
GSE132771_F5W,0.0,0.0,0.11764705882352941,0.13970588235294118,0.03676470588235294,0.04411764705882353,0.0,0.1323529411764706,0.0,0.03676470588235294,0.49264705882352944,0.0,0.0,Non-malignant disease,
GSE178991_V8,0.7410071942446043,0.10071942446043165,0.07913669064748201,0.0,0.02158273381294964,0.0,0.0,0.0,0.0,0.02158273381294964,0.03597122302158273,0.0,0.0,Non-malignant disease,
GSE136103_cirrhotic5_cd45plus,0.07017543859649122,0.3684210526315789,0.38596491228070173,0.07017543859649122,0.0,0.0,0.0,0.0,0.08771929824561403,0.017543859649122806,0.0,0.0,0.0,Non-malignant disease,
GSE164690_HN10_CD45p,0.0,0.10077519379844961,0.09302325581395349,0.12403100775193798,0.007751937984496124,0.40310077519379844,0.03875968992248062,0.07751937984496124,0.031007751937984496,0.07751937984496124,0.0,0.0,0.046511627906976744,Cancer_Tumor,HNSCC
GSE162616_IT20180523,0.0,0.0,0.515625,0.0,0.0,0.03125,0.0,0.0,0.0,0.4375,0.015625,0.0,0.0,Cancer_Tumor,HCC
GSE179159_Fresh_ROB_2026,0.07936507936507936,0.12698412698412698,0.23809523809523808,0.30158730158730157,0.06349206349206349,0.06349206349206349,0.06349206349206349,0.0,0.0,0.0,0.06349206349206349,0.0,0.0,Non-malignant disease,
GSE142444_bt2-Monocytes_6,0.6041666666666666,0.25833333333333336,0.1375,0.0,0.0,0.0,0.0,0.0,0.0,0.0,0.0,0.0,0.0,Control,
GSE133028_5_PB_uns_5pGEX,0.7625,0.1625,0.075,0.0,0.0,0.0,0.0,0.0,0.0,0.0,0.0,0.0,0.0,Non-malignant disease,
GSE160536_SC223_affected_RPMI,0.0,0.0,0.16666666666666666,0.0,0.05555555555555555,0.12962962962962962,0.0,0.0,0.0,0.0,0.5925925925925926,0.05555555555555555,0.0,Non-malignant disease,
GSE142444_bt1-Monocytes_3,0.8428571428571429,0.12857142857142856,0.02857142857142857,0.0,0.0,0.0,0.0,0.0,0.0,0.0,0.0,0.0,0.0,Control,
GSE181316_skin_7_scRNA_3,0.0,0.6608695652173913,0.06956521739130435,0.0,0.0,0.034782608695652174,0.0,0.008695652173913044,0.0,0.0,0.22608695652173913,0.0,0.0,Control,
GSE161329_8donor_PBMC_AD,0.4,0.5333333333333333,0.06666666666666667,0.0,0.0,0.0,0.0,0.0,0.0,0.0,0.0,0.0,0.0,Control,
GSE167295_SC167,0.0,0.031746031746031744,0.1746031746031746,0.12698412698412698,0.0,0.09523809523809523,0.0,0.0,0.0,0.0,0.5714285714285714,0.0,0.0,Non-malignant disease,
GSE171555_61BBAD-07,0.6037735849056604,0.39622641509433965,0.0,0.0,0.0,0.0,0.0,0.0,0.0,0.0,0.0,0.0,0.0,Control,
GSE178481_RCC-RCC1-N,0.028169014084507043,0.08450704225352113,0.15492957746478872,0.0,0.14084507042253522,0.0,0.0,0.0,0.0,0.014084507042253521,0.5774647887323944,0.0,0.0,Cancer_AdjNorm,RCC
GSE155468_10x_RPP_ATT_2,0.0,0.0,0.11764705882352941,0.20588235294117646,0.11764705882352941,0.0,0.0,0.0,0.0,0.08823529411764706,0.4264705882352941,0.04411764705882353,0.0,Non-malignant disease,
GSE171964_2051_42,0.4107142857142857,0.49107142857142855,0.09821428571428571,0.0,0.0,0.0,0.0,0.0,0.0,0.0,0.0,0.0,0.0,Non-malignant disease,
GSE133028_25_CSF_uns_5pGEX,0.0,0.777027027027027,0.060810810810810814,0.11486486486486487,0.0,0.0,0.0,0.0,0.0472972972972973,0.0,0.0,0.0,0.0,Non-malignant disease,
GSE163633_SCC002-Tumor-HLADR,0.0,0.08661417322834646,0.1732283464566929,0.0,0.031496062992125984,0.09448818897637795,0.0,0.1889763779527559,0.11023622047244094,0.07874015748031496,0.23622047244094488,0.0,0.0,Cancer_Tumor,HNSCC
GSE173303_45-5GE,0.0,0.006514657980456026,0.6009771986970684,0.26547231270358307,0.0,0.05863192182410423,0.0,0.06840390879478828,0.0,0.0,0.0,0.0,0.0,Non-malignant disease,
GSE163633_125_Bl_HLADR,0.6986899563318777,0.25327510917030566,0.048034934497816595,0.0,0.0,0.0,0.0,0.0,0.0,0.0,0.0,0.0,0.0,Control,
GSE133028_18_PB_uns_3pGEX,0.6292134831460674,0.25842696629213485,0.056179775280898875,0.0,0.0,0.0,0.056179775280898875,0.0,0.0,0.0,0.0,0.0,0.0,Non-malignant disease,
GSE171964_2052_2,0.43529411764705883,0.3803921568627451,0.10980392156862745,0.0,0.0,0.0,0.07450980392156863,0.0,0.0,0.0,0.0,0.0,0.0,Non-malignant disease,
GSE165045_BL4,0.0,0.07751937984496124,0.11627906976744186,0.08527131782945736,0.015503875968992248,0.0,0.0,0.0,0.0,0.0,0.46511627906976744,0.24031007751937986,0.0,Non-malignant disease,
GSE145370_R4A5,0.0,0.0,0.23113207547169812,0.08018867924528301,0.018867924528301886,0.19339622641509435,0.0,0.0,0.03773584905660377,0.06132075471698113,0.37735849056603776,0.0,0.0,Cancer_Tumor,ESCA
GSE171555_180E1A-07,0.5689655172413793,0.43103448275862066,0.0,0.0,0.0,0.0,0.0,0.0,0.0,0.0,0.0,0.0,0.0,Non-malignant disease,
GSE171555_82CCF5-14,0.2962962962962963,0.6111111111111112,0.09259259259259259,0.0,0.0,0.0,0.0,0.0,0.0,0.0,0.0,0.0,0.0,Non-malignant disease,
GSE164690_HN11_CD45p,0.0,0.07339449541284404,0.22935779816513763,0.0,0.0,0.41284403669724773,0.0,0.14678899082568808,0.03669724770642202,0.03669724770642202,0.0,0.0,0.06422018348623854,Cancer_Tumor,HNSCC
GSE129845_193,0.0,0.14563106796116504,0.07766990291262135,0.0,0.038834951456310676,0.13592233009708737,0.0,0.0,0.07766990291262135,0.038834951456310676,0.4854368932038835,0.0,0.0,Non-malignant disease,
GSE171964_2047_7,0.3619047619047619,0.44761904761904764,0.19047619047619047,0.0,0.0,0.0,0.0,0.0,0.0,0.0,0.0,0.0,0.0,Non-malignant disease,
GSE181919_C15,0.0,0.0,0.06666666666666667,0.0,0.0,0.2833333333333333,0.0,0.0,0.0,0.0,0.65,0.0,0.0,Cancer_Tumor,HNSCC
GSE142444_bt2-Monocytes_5,0.601063829787234,0.3191489361702128,0.05319148936170213,0.0,0.0,0.0,0.026595744680851064,0.0,0.0,0.0,0.0,0.0,0.0,Control,
GSE136103_healthy2_cd45plus_2,0.007246376811594203,0.5289855072463768,0.43478260869565216,0.0,0.028985507246376812,0.0,0.0,0.0,0.0,0.0,0.0,0.0,0.0,Control,
GSE216329_P17_TN_ADM001_MorD2_5_G,0.0,0.08333333333333333,0.9166666666666666,0.0,0.0,0.0,0.0,0.0,0.0,0.0,0.0,0.0,0.0,Cancer_Blood,NSCLC
GSE171964_2055_0,0.3793103448275862,0.5057471264367817,0.11494252873563218,0.0,0.0,0.0,0.0,0.0,0.0,0.0,0.0,0.0,0.0,Non-malignant disease,
GSE216329_P21_TN_ADM001_MorD3_3_G,0.1827956989247312,0.478494623655914,0.3387096774193548,0.0,0.0,0.0,0.0,0.0,0.0,0.0,0.0,0.0,0.0,Cancer_Blood,NSCLC
GSE163633_122_Bl_HLADR,0.6483516483516484,0.21978021978021978,0.08791208791208792,0.0,0.0,0.0,0.04395604395604396,0.0,0.0,0.0,0.0,0.0,0.0,Control,
GSE178481_RCC-PR5-T3,0.0,0.0,0.256198347107438,0.04132231404958678,0.01652892561983471,0.05785123966942149,0.0,0.0,0.0,0.06611570247933884,0.4049586776859504,0.15702479338842976,0.0,Cancer_Tumor,RCC
GSE156285_1051762513_3976_IT,0.06382978723404255,0.7659574468085106,0.1276595744680851,0.0,0.0,0.0,0.0,0.0,0.0425531914893617,0.0,0.0,0.0,0.0,Non-malignant disease,
GSE172225_192566SKN_GEX_HHT,0.0,0.12631578947368421,0.24210526315789474,0.0,0.0,0.0,0.0,0.0,0.0,0.0,0.22105263157894736,0.4105263157894737,0.0,Control,
GSE158924_scHealthy2_HHT,0.0,0.033444816053511704,0.05016722408026756,0.0,0.0,0.21070234113712374,0.0,0.14715719063545152,0.0,0.0,0.44481605351170567,0.11371237458193979,0.0,Control,
GSE132802_SKIN_HV2,0.0,0.0,0.09836065573770492,0.0,0.0,0.0,0.0,0.0,0.0,0.0,0.9016393442622951,0.0,0.0,Control,
GSE145370_S159A5,0.0,0.058091286307053944,0.25311203319502074,0.0,0.13692946058091288,0.16597510373443983,0.0,0.008298755186721992,0.02074688796680498,0.0,0.35684647302904565,0.0,0.0,Cancer_Tumor,ESCA
GSE155673_cov_scrna_11,0.06614785992217899,0.0,0.10894941634241245,0.0,0.0,0.0,0.8249027237354085,0.0,0.0,0.0,0.0,0.0,0.0,Non-malignant disease,
GSE163633_121_Bl_HLADR,0.7349397590361446,0.1686746987951807,0.08433734939759036,0.0,0.0,0.0,0.012048192771084338,0.0,0.0,0.0,0.0,0.0,0.0,Control,
GSE157591_Patient_4,0.3872549019607843,0.28431372549019607,0.3284313725490196,0.0,0.0,0.0,0.0,0.0,0.0,0.0,0.0,0.0,0.0,Non-malignant disease,
GSE181316_keloid_3R_scRNA,0.0,0.49640287769784175,0.30935251798561153,0.0,0.007194244604316547,0.07194244604316546,0.0,0.0,0.0,0.0,0.11510791366906475,0.0,0.0,Non-malignant disease,
GSE164241_BM168,0.0,0.30569948186528495,0.15025906735751296,0.18134715025906736,0.06217616580310881,0.12953367875647667,0.0,0.09326424870466321,0.0,0.0,0.07772020725388601,0.0,0.0,Control,
GSE173252_dd2,0.012195121951219513,0.2926829268292683,0.21951219512195122,0.012195121951219513,0.08536585365853659,0.17073170731707318,0.0,0.0,0.0,0.0,0.2073170731707317,0.0,0.0,Non-malignant disease,
GSE175817_D407H,0.0,0.0,0.07567567567567568,0.0,0.06486486486486487,0.0,0.0,0.0,0.0,0.0,0.8594594594594595,0.0,0.0,Non-malignant disease,
GSE136103_cirrhotic3_cd45-_3,0.0,0.7411764705882353,0.0,0.25882352941176473,0.0,0.0,0.0,0.0,0.0,0.0,0.0,0.0,0.0,Non-malignant disease,
GSE145927_Bx39B,0.0,0.5287958115183246,0.4031413612565445,0.06806282722513089,0.0,0.0,0.0,0.0,0.0,0.0,0.0,0.0,0.0,Non-malignant disease,
GSE157591_Healthy_1,0.5,0.21666666666666667,0.2833333333333333,0.0,0.0,0.0,0.0,0.0,0.0,0.0,0.0,0.0,0.0,Control,
GSE181316_skin_7_scRNA_4,0.0,0.6575342465753424,0.0,0.0,0.0,0.0,0.0,0.0,0.0,0.0,0.3424657534246575,0.0,0.0,Control,
GSE150674_ND15656_p0_run1,0.0,0.32075471698113206,0.0,0.6415094339622641,0.0,0.0,0.0,0.0,0.018867924528301886,0.018867924528301886,0.0,0.0,0.0,Non-malignant disease,
GSE171555_7085CA-00,0.018867924528301886,0.0,0.0,0.0,0.0,0.0,0.9811320754716981,0.0,0.0,0.0,0.0,0.0,0.0,Non-malignant disease,
GSE133028_32_CSF_uns_5pGEX,0.0,0.9058823529411765,0.0,0.09411764705882353,0.0,0.0,0.0,0.0,0.0,0.0,0.0,0.0,0.0,Control,
GSE135337_BC2,0.0,0.3448275862068966,0.09195402298850575,0.1724137931034483,0.0,0.3218390804597701,0.0,0.0,0.06896551724137931,0.0,0.0,0.0,0.0,Cancer_Tumor,BLCA
GSE173303_62-5GE,0.0,0.022727272727272728,0.20454545454545456,0.5,0.0,0.25,0.0,0.022727272727272728,0.0,0.0,0.0,0.0,0.0,Non-malignant disease,
GSE136103_blood4,0.6352201257861635,0.3333333333333333,0.031446540880503145,0.0,0.0,0.0,0.0,0.0,0.0,0.0,0.0,0.0,0.0,Non-malignant disease,
GSE217235_S005,0.11764705882352941,0.0196078431372549,0.23529411764705882,0.0,0.43137254901960786,0.0,0.0,0.0,0.0,0.0,0.19607843137254902,0.0,0.0,Non-malignant disease,
GSE171964_2052_0,0.4893854748603352,0.42905027932960893,0.08156424581005586,0.0,0.0,0.0,0.0,0.0,0.0,0.0,0.0,0.0,0.0,Non-malignant disease,
GSE176417_Sc_skin3,0.0,0.04807692307692308,0.038461538461538464,0.0,0.0,0.08653846153846154,0.0,0.0,0.0,0.0,0.7980769230769231,0.028846153846153848,0.0,Control,
GSE171555_180E1A-14,0.4583333333333333,0.4722222222222222,0.05555555555555555,0.0,0.0,0.0,0.013888888888888888,0.0,0.0,0.0,0.0,0.0,0.0,Non-malignant disease,
GSE165193_Case2,0.5686274509803921,0.43137254901960786,0.0,0.0,0.0,0.0,0.0,0.0,0.0,0.0,0.0,0.0,0.0,Non-malignant disease,
GSE216329_P9_T_ADM001_MorD2_4_G,0.0,0.17857142857142858,0.8035714285714286,0.0,0.0,0.0,0.0,0.0,0.0,0.017857142857142856,0.0,0.0,0.0,Cancer_Blood,NSCLC
GSE155673_cov_scrna_03,0.2887323943661972,0.06690140845070422,0.04929577464788732,0.0,0.02464788732394366,0.0,0.5704225352112676,0.0,0.0,0.0,0.0,0.0,0.0,Non-malignant disease,
GSE182685_BPDCN712_10x_scRNAseq,0.3953488372093023,0.5697674418604651,0.0,0.0,0.0,0.0,0.03488372093023256,0.0,0.0,0.0,0.0,0.0,0.0,Control,
GSE136103_cirrhotic4_cd45plus,0.09401709401709402,0.09401709401709402,0.1282051282051282,0.4188034188034188,0.09401709401709402,0.07692307692307693,0.0,0.0,0.0,0.0,0.042735042735042736,0.0,0.05128205128205128,Non-malignant disease,
GSE178481_RCC-PR5-T2,0.0,0.0,0.4117647058823529,0.05228758169934641,0.0,0.032679738562091505,0.0,0.0,0.0,0.0,0.48366013071895425,0.0196078431372549,0.0,Cancer_Tumor,RCC
GSE172225_192566SKL_GEX_HHT,0.0,0.0,0.2334152334152334,0.014742014742014743,0.0,0.1597051597051597,0.0,0.019656019656019656,0.0,0.036855036855036855,0.4914004914004914,0.044226044226044224,0.0,Non-malignant disease,
GSE169657_h51AP-GEX,0.0410958904109589,0.0136986301369863,0.0547945205479452,0.3698630136986301,0.0,0.2602739726027397,0.1095890410958904,0.0410958904109589,0.0,0.0,0.0273972602739726,0.0,0.0821917808219178,Cancer_Tumor,BRCA
GSE164241_BM157,0.0,0.7598425196850394,0.08661417322834646,0.04330708661417323,0.051181102362204724,0.05905511811023622,0.0,0.0,0.0,0.0,0.0,0.0,0.0,Control,
GSE142444_bt2-Monocytes_9,0.5398230088495575,0.12389380530973451,0.09734513274336283,0.0,0.0,0.0,0.23893805309734514,0.0,0.0,0.0,0.0,0.0,0.0,Non-malignant disease,
GSE164493_ST11-1,0.28802588996763756,0.45168747110494684,0.2487286176606565,0.0,0.0,0.0,0.01155802126675913,0.0,0.0,0.0,0.0,0.0,0.0,Control,
GSE175817_D408A,0.0,0.0,0.1945080091533181,0.006864988558352402,0.011441647597254004,0.18993135011441648,0.0,0.07780320366132723,0.0,0.0,0.5194508009153318,0.0,0.0,Non-malignant disease,
GSE132802_Skin_Dress1,0.0,0.0,0.34558823529411764,0.16176470588235295,0.0,0.2647058823529412,0.0,0.08088235294117647,0.0,0.0,0.14705882352941177,0.0,0.0,Non-malignant disease,
GSE164690_HN09_CD45p,0.0,0.0,0.3548387096774194,0.12903225806451613,0.0,0.3548387096774194,0.0,0.03225806451612903,0.0,0.08064516129032258,0.04838709677419355,0.0,0.0,Cancer_Tumor,HNSCC
GSE129845_138,0.0,0.0,0.10679611650485436,0.0,0.0,0.8252427184466019,0.0,0.0,0.0,0.038834951456310676,0.02912621359223301,0.0,0.0,Non-malignant disease,
GSE129845_185,0.44642857142857145,0.4107142857142857,0.08928571428571429,0.0,0.0,0.0,0.05357142857142857,0.0,0.0,0.0,0.0,0.0,0.0,Non-malignant disease,
GSE169657_h61AP-GEX,0.0,0.0,0.08256880733944955,0.5688073394495413,0.0,0.22018348623853212,0.05504587155963303,0.0,0.0,0.0,0.07339449541284404,0.0,0.0,Cancer_Tumor,BRCA
GSE181919_C51,0.0,0.0,0.07291666666666667,0.1875,0.0,0.19791666666666666,0.0,0.09375,0.0,0.0,0.4479166666666667,0.0,0.0,Cancer_Tumor,HNSCC
GSE169657_h62AP-GEX,0.0,0.0,0.03669724770642202,0.6207951070336392,0.0,0.16819571865443425,0.07951070336391437,0.03058103975535168,0.0,0.024464831804281346,0.039755351681957186,0.0,0.0,Cancer_Tumor,BRCA
GSE163633_125_OM_HLADR,0.00549073438572409,0.029512697323266987,0.5840768702814001,0.07755662319835278,0.07069320521619767,0.05765271105010295,0.0,0.014413177762525738,0.0,0.02539464653397392,0.13520933424845574,0.0,0.0,Non-malignant disease,
GSE121380_HB15,0.046511627906976744,0.4069767441860465,0.13953488372093023,0.3023255813953488,0.0,0.10465116279069768,0.0,0.0,0.0,0.0,0.0,0.0,0.0,Non-malignant disease,
GSE173303_A56B-5GE,0.38181818181818183,0.4727272727272727,0.14545454545454545,0.0,0.0,0.0,0.0,0.0,0.0,0.0,0.0,0.0,0.0,Non-malignant disease,
GSE136103_healthy2_cd45-_1,0.03529411764705882,0.6588235294117647,0.3058823529411765,0.0,0.0,0.0,0.0,0.0,0.0,0.0,0.0,0.0,0.0,Control,
GSE136103_healthy4_cd45-_2,0.28125,0.35,0.13125,0.1,0.06875,0.0,0.01875,0.0,0.0,0.0,0.0,0.0,0.05,Control,
GSE171555_0BF51C-14,0.7169811320754716,0.2830188679245283,0.0,0.0,0.0,0.0,0.0,0.0,0.0,0.0,0.0,0.0,0.0,Non-malignant disease,
GSE165045_BL7,0.0,0.07913669064748201,0.0,0.920863309352518,0.0,0.0,0.0,0.0,0.0,0.0,0.0,0.0,0.0,Control,
GSE172225_192564SKL_GEX_HHT,0.0,0.0,0.45228215767634855,0.012448132780082987,0.0,0.04149377593360996,0.0,0.0,0.004149377593360996,0.03319502074688797,0.31950207468879666,0.13692946058091288,0.0,Non-malignant disease,
GSE171964_2051_1,0.4481074481074481,0.44932844932844934,0.04395604395604396,0.0,0.0,0.0,0.05860805860805861,0.0,0.0,0.0,0.0,0.0,0.0,Non-malignant disease,
GSE172225_192565SKL_GEX_HHT,0.0,0.03594771241830065,0.6568627450980392,0.0,0.0,0.032679738562091505,0.0,0.0392156862745098,0.0,0.11764705882352941,0.07516339869281045,0.042483660130718956,0.0,Non-malignant disease,
GSE157591_Healthy_3,0.48120300751879697,0.12781954887218044,0.39097744360902253,0.0,0.0,0.0,0.0,0.0,0.0,0.0,0.0,0.0,0.0,Control,
GSE169147_SAR1-v3_HHT,0.0,0.0,0.22764227642276422,0.016260162601626018,0.0,0.17073170731707318,0.0,0.0,0.0,0.16260162601626016,0.056910569105691054,0.0,0.36585365853658536,Non-malignant disease,
GSE164690_HN05_CD45p,0.0,0.0,0.07518796992481203,0.3007518796992481,0.0,0.42857142857142855,0.11278195488721804,0.03007518796992481,0.0,0.0,0.05263157894736842,0.0,0.0,Cancer_Tumor,HNSCC
GSE175817_D408H2,0.0,0.06796116504854369,0.2524271844660194,0.038834951456310676,0.07766990291262135,0.0,0.0,0.2524271844660194,0.0,0.0,0.3106796116504854,0.0,0.0,Non-malignant disease,
GSE145370_S150A5,0.0,0.0,0.06806282722513089,0.5235602094240838,0.015706806282722512,0.08900523560209424,0.0,0.1099476439790576,0.07853403141361257,0.03664921465968586,0.03664921465968586,0.0,0.041884816753926704,Cancer_Tumor,ESCA
GSE174401_fq2_CSF-11,0.0,0.5391304347826087,0.1391304347826087,0.0,0.0,0.0782608695652174,0.24347826086956523,0.0,0.0,0.0,0.0,0.0,0.0,Cancer_Metastasis,MEL
GSE163633_T015_TIL_HLADR,0.0,0.011668611435239206,0.051341890315052506,0.10385064177362893,0.008168028004667444,0.31738623103850644,0.0,0.07467911318553092,0.06417736289381563,0.06651108518086347,0.30221703617269546,0.0,0.0,Cancer_Tumor,HNSCC
GSE175817_D404,0.01020408163265306,0.01020408163265306,0.21428571428571427,0.0,0.0,0.24489795918367346,0.0,0.05102040816326531,0.0,0.0,0.23469387755102042,0.23469387755102042,0.0,Non-malignant disease,
GSE167029_C28,0.5555555555555556,0.4,0.0,0.0,0.0,0.0,0.011111111111111112,0.0,0.0,0.0,0.03333333333333333,0.0,0.0,Control,
GSE164241_PD164b,0.0,0.1864406779661017,0.3050847457627119,0.00847457627118644,0.0,0.0847457627118644,0.0,0.0,0.0,0.0423728813559322,0.3728813559322034,0.0,0.0,Non-malignant disease,
GSE142444_bt1-Monocytes_9,0.5714285714285714,0.14285714285714285,0.09523809523809523,0.0,0.0,0.0,0.19047619047619047,0.0,0.0,0.0,0.0,0.0,0.0,Non-malignant disease,
GSE171964_2047_42,0.41379310344827586,0.4482758620689655,0.10837438423645321,0.0,0.0,0.0,0.0,0.0,0.0,0.029556650246305417,0.0,0.0,0.0,Non-malignant disease,
GSE124885_B5,0.0,0.34018499486125386,0.1264131551901336,0.045220966084275435,0.0,0.1397738951695786,0.12846865364850976,0.05447070914696814,0.0,0.10174717368961973,0.052415210688591986,0.0,0.011305241521068859,Non-malignant disease,
GSE178481_RCC-PR3-T3,0.0,0.05042016806722689,0.13445378151260504,0.24369747899159663,0.09243697478991597,0.04201680672268908,0.0,0.0,0.0,0.0,0.4369747899159664,0.0,0.0,Cancer_Tumor,RCC
GSE162616_IT20180605,0.0,0.0,0.7672413793103449,0.0,0.0,0.0,0.0,0.0,0.0,0.08620689655172414,0.0,0.14655172413793102,0.0,Cancer_Tumor,HCC
GSE142444_bt3-Monocytes_20,0.5555555555555556,0.3492063492063492,0.023809523809523808,0.0,0.0,0.0,0.07142857142857142,0.0,0.0,0.0,0.0,0.0,0.0,Non-malignant disease,
GSE171555_82CCF5-00,0.6296296296296297,0.37037037037037035,0.0,0.0,0.0,0.0,0.0,0.0,0.0,0.0,0.0,0.0,0.0,Non-malignant disease,
GSE162616_djs20181009,0.0,0.03333333333333333,0.6777777777777778,0.0,0.0,0.0,0.0,0.0,0.0,0.16666666666666666,0.0,0.12222222222222222,0.0,Control,
GSE182244_GPP2,0.375,0.53125,0.09375,0.0,0.0,0.0,0.0,0.0,0.0,0.0,0.0,0.0,0.0,Non-malignant disease,
GSE171964_2047_1,0.4,0.5069767441860465,0.09302325581395349,0.0,0.0,0.0,0.0,0.0,0.0,0.0,0.0,0.0,0.0,Non-malignant disease,
GSE216329_P14_T_ADM001_MorD2_2_G,0.0,0.12,0.8666666666666667,0.0,0.013333333333333334,0.0,0.0,0.0,0.0,0.0,0.0,0.0,0.0,Cancer_Blood,PRC
GSE183974_NGS19-J263_Dim_LBA-Hum9,0.0,0.04597701149425287,0.22988505747126436,0.5402298850574713,0.0,0.06896551724137931,0.0,0.11494252873563218,0.0,0.0,0.0,0.0,0.0,Non-malignant disease,
GSE167029_C29,0.20168067226890757,0.025210084033613446,0.06722689075630252,0.0,0.008403361344537815,0.0,0.0,0.0,0.0,0.0,0.6974789915966386,0.0,0.0,Control,
GSE163633_TIL_HLADR_027,0.0,0.0,0.15760869565217392,0.15692934782608695,0.0,0.13383152173913043,0.0,0.22078804347826086,0.026494565217391304,0.04076086956521739,0.26358695652173914,0.0,0.0,Cancer_Tumor,HNSCC
GSE165045_BL2,0.0,0.0,0.10434782608695652,0.22608695652173913,0.0782608695652174,0.0,0.0,0.0,0.0,0.030434782608695653,0.508695652173913,0.05217391304347826,0.0,Non-malignant disease,
GSE133028_32_CSF_uns_5pIGSEQ_2,0.0,0.9285714285714286,0.07142857142857142,0.0,0.0,0.0,0.0,0.0,0.0,0.0,0.0,0.0,0.0,Control,
GSE129845_run231_181,0.0,0.0684931506849315,0.0821917808219178,0.03424657534246575,0.0,0.726027397260274,0.0,0.0,0.0,0.0,0.0547945205479452,0.0,0.03424657534246575,Non-malignant disease,
GSE216329_P2_TN_ADM001_ATP1_1_G,0.2727272727272727,0.2909090909090909,0.43636363636363634,0.0,0.0,0.0,0.0,0.0,0.0,0.0,0.0,0.0,0.0,Cancer_Blood,NSCLC
GSE164241_BM169,0.0,0.42105263157894735,0.05263157894736842,0.3815789473684211,0.039473684210526314,0.0,0.0,0.10526315789473684,0.0,0.0,0.0,0.0,0.0,Control,
GSE171964_2052_7,0.4594594594594595,0.3803088803088803,0.16023166023166024,0.0,0.0,0.0,0.0,0.0,0.0,0.0,0.0,0.0,0.0,Non-malignant disease,
GSE136103_healthy1_cd45plus_1,0.18571428571428572,0.15714285714285714,0.2,0.07142857142857142,0.0,0.0,0.014285714285714285,0.0,0.0,0.014285714285714285,0.35714285714285715,0.0,0.0,Control,
GSE166489_Y28-2-5P_HHT,0.0,0.0,0.06428571428571428,0.0,0.0,0.11428571428571428,0.0,0.0,0.0,0.0,0.8214285714285714,0.0,0.0,Control,
GSE164493_ST15-1,0.17264957264957265,0.615042735042735,0.2123076923076923,0.0,0.0,0.0,0.0,0.0,0.0,0.0,0.0,0.0,0.0,Control,
GSE199515_APD_E,0.0,0.0,0.4727272727272727,0.0,0.0,0.10909090909090909,0.0,0.0,0.0,0.0,0.4,0.01818181818181818,0.0,Cancer_Tumor,BRCA
GSE166345_227T_F_20191111NA,0.0,0.09009009009009009,0.0,0.6576576576576577,0.018018018018018018,0.0,0.0,0.07207207207207207,0.14414414414414414,0.018018018018018018,0.0,0.0,0.0,Cancer_Tumor,Sialoblastoma
GSE171555_2AD75E-14,0.46938775510204084,0.46938775510204084,0.061224489795918366,0.0,0.0,0.0,0.0,0.0,0.0,0.0,0.0,0.0,0.0,Non-malignant disease,
GSE216329_P7_TN_ADM001_MorD2_2_G,0.0,0.13513513513513514,0.8648648648648649,0.0,0.0,0.0,0.0,0.0,0.0,0.0,0.0,0.0,0.0,Cancer_Blood,NSCLC
GSE181316_skin_7_scRNA_1,0.0,0.7532467532467533,0.025974025974025976,0.0,0.0,0.0,0.0,0.0,0.0,0.0,0.22077922077922077,0.0,0.0,Control,
GSE155673_cov_scrna_12,0.35918367346938773,0.45714285714285713,0.08979591836734693,0.0,0.0,0.0,0.09387755102040816,0.0,0.0,0.0,0.0,0.0,0.0,Non-malignant disease,
GSE150674_ND15656_p0_run2,0.17647058823529413,0.3137254901960784,0.0,0.49019607843137253,0.0,0.0,0.0,0.0,0.0196078431372549,0.0,0.0,0.0,0.0,Non-malignant disease,
GSE171555_0B943B-14,0.5068493150684932,0.3698630136986301,0.0958904109589041,0.0,0.0,0.0,0.0,0.0,0.0,0.0273972602739726,0.0,0.0,0.0,Non-malignant disease,
GSE150876_Fresh-Human-Blood,0.4725274725274725,0.5274725274725275,0.0,0.0,0.0,0.0,0.0,0.0,0.0,0.0,0.0,0.0,0.0,Control,
GSE181297_Keloid1,0.0,0.2755905511811024,0.14173228346456693,0.09448818897637795,0.0,0.0,0.0,0.07874015748031496,0.0,0.0,0.09448818897637795,0.31496062992125984,0.0,Non-malignant disease,
GSE155673_cov_scrna_07,0.768,0.152,0.048,0.0,0.032,0.0,0.0,0.0,0.0,0.0,0.0,0.0,0.0,Control,
GSE158924_scGA1__HHT,0.0,0.0,0.3333333333333333,0.21333333333333335,0.0,0.1,0.0,0.28,0.0,0.0,0.07333333333333333,0.0,0.0,Non-malignant disease,
GSE171555_450905-14,0.43795620437956206,0.5036496350364964,0.014598540145985401,0.0,0.0,0.0,0.0364963503649635,0.0,0.0072992700729927005,0.0,0.0,0.0,0.0,Non-malignant disease,
GSE167297_TN1904R2479--TCAAGGCC,0.0,0.0,0.045454545454545456,0.0,0.0,0.35454545454545455,0.0,0.0,0.0,0.045454545454545456,0.5272727272727272,0.0,0.02727272727272727,Cancer_Tumor,GC
GSE142444_bt3-Monocytes_5,0.3185840707964602,0.5486725663716814,0.08849557522123894,0.0,0.0,0.0,0.04424778761061947,0.0,0.0,0.0,0.0,0.0,0.0,Control,
GSE145370_S150B5,0.0,0.20634920634920634,0.18253968253968253,0.07142857142857142,0.25396825396825395,0.0,0.0,0.007936507936507936,0.0,0.0,0.1349206349206349,0.14285714285714285,0.0,Cancer_AdjNorm,ESCA
GSE171964_2051_0,0.36531365313653136,0.47601476014760147,0.15867158671586715,0.0,0.0,0.0,0.0,0.0,0.0,0.0,0.0,0.0,0.0,Non-malignant disease,
GSE168933_NASH2_POOL_20190311_NASH_2,0.0,0.5192307692307693,0.36538461538461536,0.11538461538461539,0.0,0.0,0.0,0.0,0.0,0.0,0.0,0.0,0.0,Non-malignant disease,
GSE158723_NGS18-G693_UCL-WF6000,0.0,0.1111111111111111,0.31746031746031744,0.49206349206349204,0.0,0.0,0.0,0.0,0.0,0.0,0.07936507936507936,0.0,0.0,Non-malignant disease,
GSE172225_192561SKL_GEX_HHT,0.0,0.0,0.6159420289855072,0.0,0.0,0.0,0.0,0.0,0.0,0.06521739130434782,0.2753623188405797,0.043478260869565216,0.0,Non-malignant disease,
GSE173303_A7-5GE,0.0,0.0,0.06329113924050633,0.27848101265822783,0.0,0.5822784810126582,0.0,0.0,0.0,0.0,0.0,0.0,0.0759493670886076,Non-malignant disease,
GSE145370_S149A5,0.0,0.03529411764705882,0.09411764705882353,0.10588235294117647,0.0,0.3176470588235294,0.1411764705882353,0.0,0.18823529411764706,0.0,0.0,0.0,0.11764705882352941,Cancer_Tumor,ESCA
GSE216329_P14_TN_ADM001_MorD2_2_G,0.0,0.13333333333333333,0.8666666666666667,0.0,0.0,0.0,0.0,0.0,0.0,0.0,0.0,0.0,0.0,Cancer_Blood,PRC
GSE155850_HS22_Myeloid,0.0,0.0,0.07692307692307693,0.0,0.0,0.11538461538461539,0.0,0.0,0.0,0.027972027972027972,0.7797202797202797,0.0,0.0,Non-malignant disease,
GSE182208_SC_NS-6,0.0,0.15384615384615385,0.2692307692307692,0.0,0.02564102564102564,0.0,0.0,0.0,0.0,0.0,0.5512820512820513,0.0,0.0,Control,
GSE171964_2049_1,0.40894568690095845,0.4217252396166134,0.08945686900958466,0.0,0.0,0.0,0.07987220447284345,0.0,0.0,0.0,0.0,0.0,0.0,Non-malignant disease,
GSE216329_P1_T_ADM001_DaHi4_G,0.4794007490636704,0.46441947565543074,0.056179775280898875,0.0,0.0,0.0,0.0,0.0,0.0,0.0,0.0,0.0,0.0,Cancer_Blood,NSCLC
GSE178991_020218_9,0.5882352941176471,0.4117647058823529,0.0,0.0,0.0,0.0,0.0,0.0,0.0,0.0,0.0,0.0,0.0,Non-malignant disease,
GSE164015_ACE-049-DIL-Epi,0.0,0.8303571428571429,0.0,0.16964285714285715,0.0,0.0,0.0,0.0,0.0,0.0,0.0,0.0,0.0,Non-malignant disease,
GSE172225_192567SKN_GEX_HHT,0.0,0.05014749262536873,0.09734513274336283,0.0,0.0,0.04424778761061947,0.0,0.02654867256637168,0.0,0.0,0.7817109144542773,0.0,0.0,Control,
GSE164690_HN04_PBL,0.6862745098039216,0.3137254901960784,0.0,0.0,0.0,0.0,0.0,0.0,0.0,0.0,0.0,0.0,0.0,Cancer_Blood,HNSCC
GSE182208_SC_NS-5,0.011764705882352941,0.011764705882352941,0.10588235294117647,0.07058823529411765,0.011764705882352941,0.058823529411764705,0.0,0.17647058823529413,0.0,0.03529411764705882,0.5058823529411764,0.0,0.011764705882352941,Non-malignant disease,
GSE167297_TN1904R2479--CTCCTAGT,0.0,0.0,0.059322033898305086,0.0,0.0,0.3559322033898305,0.0,0.0,0.0,0.059322033898305086,0.5084745762711864,0.0,0.01694915254237288,Cancer_Tumor,GC
GSE216329_P2_T_ADM001_ATP1_1_G,0.2616822429906542,0.29906542056074764,0.4392523364485981,0.0,0.0,0.0,0.0,0.0,0.0,0.0,0.0,0.0,0.0,Cancer_Blood,NSCLC
GSE132771_F6W,0.0,0.0,0.1276595744680851,0.16170212765957448,0.029787234042553193,0.14893617021276595,0.0,0.10212765957446808,0.00425531914893617,0.0,0.4085106382978723,0.00425531914893617,0.01276595744680851,Non-malignant disease,
GSE216329_P6_T_ADM001_MorD2_1_G,0.0,0.13432835820895522,0.8656716417910447,0.0,0.0,0.0,0.0,0.0,0.0,0.0,0.0,0.0,0.0,Cancer_Blood,NSCLC
GSE171555_40067F-14,0.40444444444444444,0.5066666666666667,0.08888888888888889,0.0,0.0,0.0,0.0,0.0,0.0,0.0,0.0,0.0,0.0,Non-malignant disease,
GSE161500_22228,0.0,0.0,0.4090909090909091,0.4818181818181818,0.0,0.04090909090909091,0.06818181818181818,0.0,0.0,0.0,0.0,0.0,0.0,Non-malignant disease,
GSE165045_BL1,0.0,0.07407407407407407,0.16666666666666666,0.0,0.0,0.0,0.0,0.0,0.0,0.0,0.7592592592592593,0.0,0.0,Non-malignant disease,
GSE171555_94D44E-00,0.4,0.5333333333333333,0.06666666666666667,0.0,0.0,0.0,0.0,0.0,0.0,0.0,0.0,0.0,0.0,Control,
GSE145927_Bx39D,0.0,0.43209876543209874,0.5123456790123457,0.0,0.0,0.024691358024691357,0.030864197530864196,0.0,0.0,0.0,0.0,0.0,0.0,Non-malignant disease,
GSE213282_GEX_NextGEM_B,0.2465753424657534,0.684931506849315,0.0684931506849315,0.0,0.0,0.0,0.0,0.0,0.0,0.0,0.0,0.0,0.0,Control,
GSE159677_02dat20190620tisCARconDIS,0.0472972972972973,0.0472972972972973,0.12162162162162163,0.08108108108108109,0.060810810810810814,0.11486486486486487,0.0,0.0,0.033783783783783786,0.04054054054054054,0.4527027027027027,0.0,0.0,Non-malignant disease,
GSE144870_TTA16,0.16216216216216217,0.2702702702702703,0.3783783783783784,0.02702702702702703,0.0,0.0,0.0,0.0,0.16216216216216217,0.0,0.0,0.0,0.0,Control,
GSE181919_6_C4,0.0,0.0,0.16981132075471697,0.05660377358490566,0.0,0.5283018867924528,0.0,0.0,0.03773584905660377,0.0,0.20754716981132076,0.0,0.0,Cancer_Tumor,HNSCC
GSE168522_28_20171027,0.39759036144578314,0.4819277108433735,0.12048192771084337,0.0,0.0,0.0,0.0,0.0,0.0,0.0,0.0,0.0,0.0,Non-malignant disease,
GSE157591_Healthy_5_run3,0.7857142857142857,0.08163265306122448,0.1326530612244898,0.0,0.0,0.0,0.0,0.0,0.0,0.0,0.0,0.0,0.0,Control,
GSE175817_D318,0.0,0.0,0.0,0.0,0.0,0.02203856749311295,0.0,0.8608815426997245,0.0,0.0,0.10192837465564739,0.015151515151515152,0.0,Non-malignant disease,
GSE157591_Healthy_5_run1,0.7843137254901961,0.11764705882352941,0.09803921568627451,0.0,0.0,0.0,0.0,0.0,0.0,0.0,0.0,0.0,0.0,Control,
GSE129845_158,0.14754098360655737,0.13114754098360656,0.2786885245901639,0.0,0.21311475409836064,0.0,0.0,0.0,0.03278688524590164,0.0,0.19672131147540983,0.0,0.0,Non-malignant disease,
GSE178481_ID_BM9-P-N,0.0,0.01639344262295082,0.16393442622950818,0.09016393442622951,0.2540983606557377,0.0,0.0,0.0,0.0,0.0,0.47540983606557374,0.0,0.0,Cancer_AdjNorm,RCC
GSE145370_S149B5,0.03389830508474576,0.06779661016949153,0.0847457627118644,0.0,0.11864406779661017,0.11864406779661017,0.05084745762711865,0.0,0.0,0.0,0.1694915254237288,0.3559322033898305,0.0,Cancer_AdjNorm,ESCA
GSE216329_P24_T_ADM001_MorD3_6_G,0.1292517006802721,0.46258503401360546,0.36054421768707484,0.0,0.034013605442176874,0.0,0.0,0.0,0.013605442176870748,0.0,0.0,0.0,0.0,Cancer_Blood,PRC
GSE142444_bt3-Monocytes_9,0.6461538461538462,0.1076923076923077,0.06923076923076923,0.0,0.0,0.0,0.17692307692307693,0.0,0.0,0.0,0.0,0.0,0.0,Non-malignant disease,
GSE171964_2049_42,0.3915343915343915,0.4523809523809524,0.12698412698412698,0.0,0.0,0.0,0.015873015873015872,0.0,0.0,0.013227513227513227,0.0,0.0,0.0,Non-malignant disease,
GSE171555_2AD75E-00,0.25263157894736843,0.29473684210526313,0.031578947368421054,0.08421052631578947,0.0,0.0,0.3368421052631579,0.0,0.0,0.0,0.0,0.0,0.0,Non-malignant disease,
GSE152981_KC_PBMC_20181119,0.39923954372623577,0.6007604562737643,0.0,0.0,0.0,0.0,0.0,0.0,0.0,0.0,0.0,0.0,0.0,Control,
GSE178481_RCC-PR9-N,0.0,0.06293706293706294,0.45454545454545453,0.0,0.13986013986013987,0.0,0.0,0.0,0.0,0.0,0.34265734265734266,0.0,0.0,Cancer_AdjNorm,RCC
GSE171964_2053_2,0.40871021775544386,0.35845896147403683,0.03685092127303183,0.0,0.0,0.0,0.19597989949748743,0.0,0.0,0.0,0.0,0.0,0.0,Non-malignant disease,
GSE216329_P20_TN_ADM001_MorD3_2_G,0.2871287128712871,0.3217821782178218,0.3613861386138614,0.0,0.0297029702970297,0.0,0.0,0.0,0.0,0.0,0.0,0.0,0.0,Cancer_Blood,NSCLC
GSE171555_40067F-00,0.2535211267605634,0.6619718309859155,0.014084507042253521,0.0,0.0,0.0,0.07042253521126761,0.0,0.0,0.0,0.0,0.0,0.0,Non-malignant disease,
GSE157591_Healthy_2,0.7402597402597403,0.15584415584415584,0.1038961038961039,0.0,0.0,0.0,0.0,0.0,0.0,0.0,0.0,0.0,0.0,Control,
GSE166489_32M-GEX_HCR,0.5079365079365079,0.38095238095238093,0.07936507936507936,0.0,0.0,0.0,0.0,0.0,0.031746031746031744,0.0,0.0,0.0,0.0,Control,
GSE129845_run231_187,0.0,0.06329113924050633,0.35443037974683544,0.0,0.0,0.5443037974683544,0.0,0.0,0.0,0.0,0.0379746835443038,0.0,0.0,Non-malignant disease,
GSE136103_cirrhotic3_cd45-_4,0.0,0.6875,0.1,0.2125,0.0,0.0,0.0,0.0,0.0,0.0,0.0,0.0,0.0,Non-malignant disease,
GSE216329_P19_T_ADM001_MorD3_1_G,0.0,0.4927536231884058,0.5072463768115942,0.0,0.0,0.0,0.0,0.0,0.0,0.0,0.0,0.0,0.0,Cancer_Blood,HNSCC
GSE136103_healthy1_cd45plus_2,0.21311475409836064,0.11475409836065574,0.2459016393442623,0.06557377049180328,0.0,0.0,0.0,0.0,0.0,0.0,0.36065573770491804,0.0,0.0,Control,
GSE152981_Duerr_10312018_pool,0.0,0.0,0.0,0.0,0.0,0.9710144927536232,0.0,0.0,0.0,0.0,0.028985507246376812,0.0,0.0,Control,
GSE171555_7085CA-07,0.3953488372093023,0.5348837209302325,0.06976744186046512,0.0,0.0,0.0,0.0,0.0,0.0,0.0,0.0,0.0,0.0,Non-malignant disease,
GSE164690_HN17_CD45p,0.0,0.8785714285714286,0.014285714285714285,0.0,0.0,0.04285714285714286,0.0,0.02857142857142857,0.03571428571428571,0.0,0.0,0.0,0.0,Cancer_Tumor,HNSCC
GSE179159_Frozen_DTAN_4047,0.11666666666666667,0.11666666666666667,0.21666666666666667,0.11666666666666667,0.016666666666666666,0.08333333333333333,0.0,0.0,0.0,0.11666666666666667,0.21666666666666667,0.0,0.0,Non-malignant disease,
GSE164015_ACE-057-AC-Epi,0.11538461538461539,0.4835164835164835,0.0,0.24725274725274726,0.0,0.06043956043956044,0.0,0.06043956043956044,0.0,0.03296703296703297,0.0,0.0,0.0,Non-malignant disease,
GSE216329_P16_T_ADM001_MorD2_4_G,0.0,0.15789473684210525,0.8421052631578947,0.0,0.0,0.0,0.0,0.0,0.0,0.0,0.0,0.0,0.0,Cancer_Blood,NSCLC
GSE171964_2053_42,0.46422018348623856,0.47522935779816516,0.060550458715596334,0.0,0.0,0.0,0.0,0.0,0.0,0.0,0.0,0.0,0.0,Non-malignant disease,
GSE181919_LN38,0.0,0.0,0.21951219512195122,0.21138211382113822,0.0,0.10569105691056911,0.0,0.024390243902439025,0.016260162601626018,0.056910569105691054,0.3252032520325203,0.0,0.04065040650406504,Cancer_Metastasis,HNSCC
GSE216329_P9_TN_ADM001_MorD2_4_G,0.0,0.1111111111111111,0.8333333333333334,0.0,0.0,0.0,0.0,0.0,0.0,0.0,0.05555555555555555,0.0,0.0,Cancer_Blood,NSCLC
GSE176417_Sc_W1,0.03508771929824561,0.0,0.029239766081871343,0.2807017543859649,0.0,0.4093567251461988,0.0,0.1111111111111111,0.0,0.0,0.0935672514619883,0.04093567251461988,0.0,Non-malignant disease,
GSE171555_7085CA-14,0.21551724137931033,0.6896551724137931,0.09482758620689655,0.0,0.0,0.0,0.0,0.0,0.0,0.0,0.0,0.0,0.0,Non-malignant disease,
GSE178481_RCC-PR2-T,0.0,0.024096385542168676,0.2891566265060241,0.08433734939759036,0.0,0.0,0.0,0.0,0.012048192771084338,0.012048192771084338,0.5783132530120482,0.0,0.0,Cancer_Tumor,RCC
GSE167272_6_ki0100110_CMVneg,0.3382352941176471,0.6029411764705882,0.058823529411764705,0.0,0.0,0.0,0.0,0.0,0.0,0.0,0.0,0.0,0.0,Control,
GSE142444_bt1-Monocytes_6,0.6182572614107884,0.2572614107883817,0.12448132780082988,0.0,0.0,0.0,0.0,0.0,0.0,0.0,0.0,0.0,0.0,Control,
GSE171555_0B943B-00,0.25252525252525254,0.045454545454545456,0.04040404040404041,0.0,0.0,0.0,0.6616161616161617,0.0,0.0,0.0,0.0,0.0,0.0,Non-malignant disease,
GSE168522_17_20171027,0.47368421052631576,0.40350877192982454,0.12280701754385964,0.0,0.0,0.0,0.0,0.0,0.0,0.0,0.0,0.0,0.0,Control,
GSE142444_bt1-Monocytes_2,0.526829268292683,0.43414634146341463,0.03902439024390244,0.0,0.0,0.0,0.0,0.0,0.0,0.0,0.0,0.0,0.0,Control,
GSE181957_SC212,0.0,0.0,0.037037037037037035,0.0,0.037037037037037035,0.0,0.0,0.0,0.0,0.0,0.9259259259259259,0.0,0.0,Non-malignant disease,
GSE164241_GM283,0.0,0.1286549707602339,0.23391812865497075,0.21052631578947367,0.04678362573099415,0.0935672514619883,0.0,0.011695906432748537,0.0,0.10526315789473684,0.1695906432748538,0.0,0.0,Control,
GSE181919_P15,0.0,0.032520325203252036,0.15447154471544716,0.04878048780487805,0.0,0.21138211382113822,0.0,0.0,0.0,0.024390243902439025,0.5284552845528455,0.0,0.0,Cancer_Tumor,Leukoplakia
GSE178481_RCC-PR9-T2,0.0,0.0,0.5116279069767442,0.0,0.0,0.05426356589147287,0.0,0.0,0.0,0.023255813953488372,0.4108527131782946,0.0,0.0,Cancer_Tumor,RCC
GSE168522_27_20171027,0.59375,0.28125,0.09375,0.0,0.0,0.0,0.03125,0.0,0.0,0.0,0.0,0.0,0.0,Non-malignant disease,
GSE157591_Healthy_5_run2,0.7636363636363637,0.14545454545454545,0.09090909090909091,0.0,0.0,0.0,0.0,0.0,0.0,0.0,0.0,0.0,0.0,Control,
GSE216329_P22_TN_ADM001_MorD3_4_G,0.18840579710144928,0.43478260869565216,0.3333333333333333,0.0,0.0,0.0,0.0,0.0,0.014492753623188406,0.0,0.028985507246376812,0.0,0.0,Cancer_Blood,NSCLC
GSE171555_77DA77-00,0.6771653543307087,0.3228346456692913,0.0,0.0,0.0,0.0,0.0,0.0,0.0,0.0,0.0,0.0,0.0,Control,
GSE129845_189,0.04411764705882353,0.36764705882352944,0.5,0.0,0.058823529411764705,0.0,0.0,0.0,0.0,0.0,0.029411764705882353,0.0,0.0,Non-malignant disease,
GSE216329_P8_TN_ADM001_MorD2_3_G,0.0,0.15873015873015872,0.8412698412698413,0.0,0.0,0.0,0.0,0.0,0.0,0.0,0.0,0.0,0.0,Cancer_Blood,NSCLC
GSE164690_HN12_CD45p,0.0,0.12727272727272726,0.01818181818181818,0.5454545454545454,0.0,0.12727272727272726,0.0,0.14545454545454545,0.0,0.0,0.03636363636363636,0.0,0.0,Cancer_Tumor,HNSCC
GSE181316_scar_2_scRNA,0.0,0.0,0.10144927536231885,0.0,0.014492753623188406,0.0,0.0,0.0,0.0,0.0,0.8768115942028986,0.007246376811594203,0.0,Non-malignant disease,
GSE149133_MG192B_NOIGHD_HHT,0.09259259259259259,0.1388888888888889,0.7685185185185185,0.0,0.0,0.0,0.0,0.0,0.0,0.0,0.0,0.0,0.0,Non-malignant disease,
GSE202374_RS-03378691_P14_RS-03377710,0.07462686567164178,0.07462686567164178,0.08955223880597014,0.6119402985074627,0.0,0.0,0.0,0.014925373134328358,0.0,0.1044776119402985,0.029850746268656716,0.0,0.0,Cancer_Tumor,RCC
GSE168522_23_20171027,0.14634146341463414,0.7439024390243902,0.08536585365853659,0.0,0.0,0.0,0.024390243902439025,0.0,0.0,0.0,0.0,0.0,0.0,Non-malignant disease,
GSE184111_U5,0.0,0.03508771929824561,0.07017543859649122,0.08771929824561403,0.0,0.0,0.0,0.0,0.0,0.0,0.8070175438596491,0.0,0.0,Control,
GSE162806_MM3012_24h,0.4918032786885246,0.2786885245901639,0.0,0.0,0.0,0.0,0.22950819672131148,0.0,0.0,0.0,0.0,0.0,0.0,Non-malignant disease,
GSE165045_BL8,0.0,0.16,0.04666666666666667,0.7533333333333333,0.0,0.0,0.0,0.0,0.04,0.0,0.0,0.0,0.0,Control,
GSE164241_BM150,0.0,0.09615384615384616,0.0625,0.27403846153846156,0.10096153846153846,0.0,0.0,0.2548076923076923,0.0,0.0,0.21153846153846154,0.0,0.0,Control,
GSE181316_keloid_1_scRNA,0.0,0.16535433070866143,0.09448818897637795,0.0,0.13385826771653545,0.06299212598425197,0.0,0.031496062992125984,0.0,0.023622047244094488,0.4330708661417323,0.05511811023622047,0.0,Non-malignant disease,
GSE216329_P15_TN_ADM001_MorD2_3_G,0.0,0.14754098360655737,0.8524590163934426,0.0,0.0,0.0,0.0,0.0,0.0,0.0,0.0,0.0,0.0,Cancer_Blood,NSCLC
GSE159913_Kidney_Tumor_Myl,0.01948051948051948,0.025974025974025976,0.06493506493506493,0.0,0.0,0.0,0.0,0.0,0.0,0.032467532467532464,0.8051948051948052,0.05194805194805195,0.0,Cancer_Tumor,RCC
GSE164015_ACE-049-AC-Epi,0.0,0.7222222222222222,0.0,0.2037037037037037,0.0,0.0,0.0,0.07407407407407407,0.0,0.0,0.0,0.0,0.0,Non-malignant disease,
GSE181919_C8_1,0.0,0.030303030303030304,0.30303030303030304,0.0,0.0,0.25757575757575757,0.0,0.030303030303030304,0.030303030303030304,0.0,0.3333333333333333,0.015151515151515152,0.0,Cancer_Tumor,HNSCC
GSE166992_IVAR2_5D_CKDL200155936-1a-SI_GA_B2_H5NG5DSXY,0.6296296296296297,0.30864197530864196,0.06172839506172839,0.0,0.0,0.0,0.0,0.0,0.0,0.0,0.0,0.0,0.0,Control,
GSE164690_HN15_CD45p,0.13529411764705881,0.08823529411764706,0.3588235294117647,0.023529411764705882,0.047058823529411764,0.07058823529411765,0.0,0.09411764705882353,0.0,0.047058823529411764,0.07647058823529412,0.0,0.058823529411764705,Cancer_Tumor,HNSCC
GSE129845_128,0.0,0.0,0.20930232558139536,0.011627906976744186,0.0,0.6511627906976745,0.0,0.0,0.0,0.12790697674418605,0.0,0.0,0.0,Non-malignant disease,
GSE150877_Yonatan_PTM,0.2077922077922078,0.7792207792207793,0.012987012987012988,0.0,0.0,0.0,0.0,0.0,0.0,0.0,0.0,0.0,0.0,Control,
GSE164015_ACE-043-AC-Epi,0.0,0.828125,0.0,0.09375,0.0,0.078125,0.0,0.0,0.0,0.0,0.0,0.0,0.0,Non-malignant disease,
GSE216329_P17_T_ADM001_MorD2_5_G,0.0,0.07017543859649122,0.9298245614035088,0.0,0.0,0.0,0.0,0.0,0.0,0.0,0.0,0.0,0.0,Cancer_Blood,NSCLC
GSE136103_healthy4_cd45-_4,0.24647887323943662,0.4295774647887324,0.15492957746478872,0.04929577464788732,0.056338028169014086,0.0,0.0,0.0,0.0,0.02112676056338028,0.0,0.0,0.04225352112676056,Control,
GSE157591_Patient_2,0.3743016759776536,0.2905027932960894,0.33519553072625696,0.0,0.0,0.0,0.0,0.0,0.0,0.0,0.0,0.0,0.0,Non-malignant disease,
GSE164241_GM148,0.0,0.09411764705882353,0.2235294117647059,0.3176470588235294,0.07058823529411765,0.0,0.0,0.11764705882352941,0.0,0.03529411764705882,0.1411764705882353,0.0,0.0,Control,
GSE178481_RCC-PR4-T,0.0,0.0,0.7848101265822784,0.0,0.0,0.05063291139240506,0.0,0.0,0.0,0.0,0.06329113924050633,0.10126582278481013,0.0,Cancer_Tumor,RCC
GSE162806_MM3015_Ctrl,0.6619718309859155,0.29577464788732394,0.0,0.0,0.0,0.0,0.04225352112676056,0.0,0.0,0.0,0.0,0.0,0.0,Control,
GSE160536_SC268,0.0,0.15384615384615385,0.0641025641025641,0.0,0.14102564102564102,0.0,0.0,0.0,0.0,0.0,0.358974358974359,0.28205128205128205,0.0,Non-malignant disease,
GSE166489_Y28-4-5P_HHT,0.0,0.0,0.04285714285714286,0.0,0.0,0.0,0.0,0.0,0.0,0.0,0.9571428571428572,0.0,0.0,Control,
GSE164015_ACE-044-AC-Epi,0.0,0.5469678953626635,0.0,0.34958382877526756,0.0,0.030915576694411414,0.0,0.07253269916765755,0.0,0.0,0.0,0.0,0.0,Non-malignant disease,
GSE145370_R3A5,0.0,0.04883720930232558,0.0,0.30116279069767443,0.0,0.12558139534883722,0.0,0.42790697674418604,0.03488372093023256,0.0,0.03488372093023256,0.026744186046511628,0.0,Cancer_Tumor,ESCA
GSE158924_scGA2_HHT,0.0,0.0,0.1509433962264151,0.2830188679245283,0.0,0.0,0.0,0.32075471698113206,0.05660377358490566,0.0,0.18867924528301888,0.0,0.0,Non-malignant disease,
GSE139249_CY129-2-Blood,0.3850574712643678,0.5,0.040229885057471264,0.0,0.0,0.0,0.028735632183908046,0.0,0.0,0.04597701149425287,0.0,0.0,0.0,Cancer_Blood,MEL
GSE168933_Healthy1_POOL_20190214_healthy_1,0.0,0.618421052631579,0.35526315789473684,0.0,0.0,0.02631578947368421,0.0,0.0,0.0,0.0,0.0,0.0,0.0,Control,
GSE150516_CHO4S,0.17647058823529413,0.43137254901960786,0.3137254901960784,0.0,0.0,0.0,0.0,0.0,0.0196078431372549,0.0,0.058823529411764705,0.0,0.0,Non-malignant disease,
GSE155673_cov_scrna_08,0.616871704745167,0.30404217926186294,0.0421792618629174,0.0,0.0,0.0,0.0210896309314587,0.0,0.0,0.015817223198594025,0.0,0.0,0.0,Control,
GSE133028_29_CSF_uns_5pGEX,0.0,0.9619047619047619,0.0380952380952381,0.0,0.0,0.0,0.0,0.0,0.0,0.0,0.0,0.0,0.0,Non-malignant disease,
GSE171555_B85D75-07,0.45081967213114754,0.45901639344262296,0.09016393442622951,0.0,0.0,0.0,0.0,0.0,0.0,0.0,0.0,0.0,0.0,Non-malignant disease,
GSE129845_run230_181,0.0,0.07042253521126761,0.11971830985915492,0.04929577464788732,0.0,0.6830985915492958,0.0,0.0,0.0,0.0,0.06338028169014084,0.0,0.014084507042253521,Non-malignant disease,
GSE171555_52BA23-00,0.3870967741935484,0.5483870967741935,0.06451612903225806,0.0,0.0,0.0,0.0,0.0,0.0,0.0,0.0,0.0,0.0,Control,
GSE139249_CY160_tumor,0.0,0.75,0.10294117647058823,0.0,0.0,0.0,0.04411764705882353,0.0,0.0,0.10294117647058823,0.0,0.0,0.0,Cancer_Tumor,MEL
GSE171703_R125_RNA,0.0784313725490196,0.2549019607843137,0.6666666666666666,0.0,0.0,0.0,0.0,0.0,0.0,0.0,0.0,0.0,0.0,Non-malignant disease,
GSE159624_Healthy_donor3,0.6338028169014085,0.2112676056338028,0.14084507042253522,0.0,0.014084507042253521,0.0,0.0,0.0,0.0,0.0,0.0,0.0,0.0,Control,
GSE202374_RS-03378686_C23_RS-03377705,0.13807531380753138,0.6903765690376569,0.04184100418410042,0.07112970711297072,0.058577405857740586,0.0,0.0,0.0,0.0,0.0,0.0,0.0,0.0,Cancer_Tumor,RCC
GSE141578_CSF30,0.0,0.8611111111111112,0.0,0.1388888888888889,0.0,0.0,0.0,0.0,0.0,0.0,0.0,0.0,0.0,Non-malignant disease,
GSE175817_D407A,0.0,0.0,0.14285714285714285,0.1746031746031746,0.0,0.20634920634920634,0.0,0.015873015873015872,0.0,0.0,0.4444444444444444,0.015873015873015872,0.0,Non-malignant disease,
GSE162616_xgl20181010,0.0,0.0,0.8714285714285714,0.0,0.0,0.0,0.0,0.0,0.0,0.12857142857142856,0.0,0.0,0.0,Control,
GSE136103_healthy4_cd45-_1,0.1917808219178082,0.4931506849315068,0.14383561643835616,0.1095890410958904,0.03424657534246575,0.0,0.0136986301369863,0.0,0.0,0.0136986301369863,0.0,0.0,0.0,Control,
GSE183852_TWCM-H3,0.0,0.01485148514851485,0.07425742574257425,0.01485148514851485,0.23267326732673269,0.054455445544554455,0.0,0.0,0.0,0.0,0.599009900990099,0.009900990099009901,0.0,Non-malignant disease,
GSE133028_32_CSF_uns_5pIGSEQ,0.0,1.0,0.0,0.0,0.0,0.0,0.0,0.0,0.0,0.0,0.0,0.0,0.0,Control,
GSE213282_GEX_NextGEM_D,0.18421052631578946,0.7763157894736842,0.039473684210526314,0.0,0.0,0.0,0.0,0.0,0.0,0.0,0.0,0.0,0.0,Control,
GSE161329_8donor_PBMC_AH,0.41836734693877553,0.5102040816326531,0.07142857142857142,0.0,0.0,0.0,0.0,0.0,0.0,0.0,0.0,0.0,0.0,Control,
GSE142444_bt2-Monocytes_1,0.49019607843137253,0.4411764705882353,0.06862745098039216,0.0,0.0,0.0,0.0,0.0,0.0,0.0,0.0,0.0,0.0,Control,
GSE169657_h41AP-GEX,0.0,0.024390243902439025,0.12195121951219512,0.483739837398374,0.0,0.0975609756097561,0.0,0.11788617886178862,0.0,0.032520325203252036,0.09349593495934959,0.0,0.028455284552845527,Cancer_Tumor,BRCA
GSE155673_cov_scrna_01,0.7132867132867133,0.14685314685314685,0.07692307692307693,0.04895104895104895,0.0,0.0,0.0,0.0,0.0,0.0,0.013986013986013986,0.0,0.0,Non-malignant disease,
GSE142444_bt3-Monocytes_3,0.8983050847457628,0.06779661016949153,0.03389830508474576,0.0,0.0,0.0,0.0,0.0,0.0,0.0,0.0,0.0,0.0,Control,
GSE129845_190,0.022988505747126436,0.6091954022988506,0.28735632183908044,0.0,0.08045977011494253,0.0,0.0,0.0,0.0,0.0,0.0,0.0,0.0,Non-malignant disease,
GSE145927_Bx39C,0.0,0.42857142857142855,0.4387755102040816,0.10714285714285714,0.0,0.0,0.0,0.0,0.0,0.025510204081632654,0.0,0.0,0.0,Non-malignant disease,
GSE171964_2053_7,0.5,0.4600694444444444,0.036458333333333336,0.0,0.0,0.0,0.0,0.0,0.0,0.003472222222222222,0.0,0.0,0.0,Non-malignant disease,
GSE133028_16_CSF_uns_3pGEX,0.0,0.875,0.125,0.0,0.0,0.0,0.0,0.0,0.0,0.0,0.0,0.0,0.0,Non-malignant disease,
GSE178481_RCC-PR4-N,0.0,0.019230769230769232,0.19230769230769232,0.0,0.028846153846153848,0.08012820512820513,0.0,0.0,0.0,0.04487179487179487,0.6314102564102564,0.003205128205128205,0.0,Cancer_AdjNorm,RCC
GSE213282_GEX_NextGEM_A,0.2948717948717949,0.6666666666666666,0.038461538461538464,0.0,0.0,0.0,0.0,0.0,0.0,0.0,0.0,0.0,0.0,Control,
GSE216329_P6_TN_ADM001_MorD2_1_G,0.04477611940298507,0.07462686567164178,0.8805970149253731,0.0,0.0,0.0,0.0,0.0,0.0,0.0,0.0,0.0,0.0,Cancer_Blood,NSCLC
GSE171555_BAAF62-14,0.504424778761062,0.4646017699115044,0.030973451327433628,0.0,0.0,0.0,0.0,0.0,0.0,0.0,0.0,0.0,0.0,Non-malignant disease,
GSE202374_RS-03378685_C1_RS-03377704,0.30701754385964913,0.3508771929824561,0.20175438596491227,0.10526315789473684,0.03508771929824561,0.0,0.0,0.0,0.0,0.0,0.0,0.0,0.0,Cancer_Tumor,RCC
GSE166489_NC-13F-5P_HHT,0.7777777777777778,0.047619047619047616,0.1746031746031746,0.0,0.0,0.0,0.0,0.0,0.0,0.0,0.0,0.0,0.0,Control,
GSE155468_10x_RPP_TAA_4,0.0,0.0,0.3064516129032258,0.0,0.0,0.0,0.0,0.0,0.0,0.0,0.6935483870967742,0.0,0.0,Non-malignant disease,
GSE171555_0B943B-03,0.373134328358209,0.5223880597014925,0.1044776119402985,0.0,0.0,0.0,0.0,0.0,0.0,0.0,0.0,0.0,0.0,Non-malignant disease,
GSE176417_Sc_W3,0.0,0.29333333333333333,0.13333333333333333,0.0,0.04,0.18666666666666668,0.04,0.0,0.0,0.04,0.05333333333333334,0.21333333333333335,0.0,Non-malignant disease,
GSE169147_SAR2_HHT,0.015267175572519083,0.0,0.3320610687022901,0.4122137404580153,0.0,0.05343511450381679,0.0,0.05725190839694656,0.0,0.019083969465648856,0.08396946564885496,0.0,0.026717557251908396,Non-malignant disease,
GSE140393_172_Epilepsy_specimen_14431,0.0,0.3055555555555556,0.4861111111111111,0.1388888888888889,0.027777777777777776,0.0,0.0,0.0,0.0,0.0,0.041666666666666664,0.0,0.0,Non-malignant disease,
GSE155850_HSEx17Myeloid,0.0,0.0,0.16030534351145037,0.0,0.0,0.45038167938931295,0.0,0.0,0.007633587786259542,0.0,0.3282442748091603,0.0,0.05343511450381679,Non-malignant disease,
GSE164690_HN01_CD45p,0.0,0.0,0.16363636363636364,0.12727272727272726,0.0,0.45454545454545453,0.01818181818181818,0.12727272727272726,0.0,0.07272727272727272,0.03636363636363636,0.0,0.0,Cancer_Tumor,HNSCC
GSE164690_HN17_CD45n,0.03007518796992481,0.8195488721804511,0.015037593984962405,0.0,0.0,0.06015037593984962,0.0,0.007518796992481203,0.06766917293233082,0.0,0.0,0.0,0.0,Cancer_Tumor,HNSCC
GSE139249_CY160_blood,0.4074074074074074,0.5925925925925926,0.0,0.0,0.0,0.0,0.0,0.0,0.0,0.0,0.0,0.0,0.0,Cancer_Blood,MEL
GSE167029_C27_bis,0.36428571428571427,0.6357142857142857,0.0,0.0,0.0,0.0,0.0,0.0,0.0,0.0,0.0,0.0,0.0,Control,
GSE181919_C6,0.0,0.028735632183908046,0.1781609195402299,0.0,0.0,0.27586206896551724,0.0,0.0,0.05172413793103448,0.0,0.46551724137931033,0.0,0.0,Cancer_Tumor,HNSCC
GSE166489_Y117_re-5P_HHT,0.5348837209302325,0.32558139534883723,0.13953488372093023,0.0,0.0,0.0,0.0,0.0,0.0,0.0,0.0,0.0,0.0,Non-malignant disease,
GSE156776_A04,0.0,0.1348314606741573,0.33707865168539325,0.0,0.0449438202247191,0.0898876404494382,0.0,0.0,0.0,0.0,0.39325842696629215,0.0,0.0,Non-malignant disease,
GSE181919_C26,0.0,0.0,0.17475728155339806,0.0,0.0,0.24271844660194175,0.0,0.0,0.0,0.30097087378640774,0.2815533980582524,0.0,0.0,Cancer_Tumor,HNSCC
GSE136103_healthy2_cd45-_2,0.07692307692307693,0.5769230769230769,0.3333333333333333,0.0,0.01282051282051282,0.0,0.0,0.0,0.0,0.0,0.0,0.0,0.0,Control,
GSE155673_cov_scrna_18,0.598159509202454,0.294478527607362,0.10736196319018405,0.0,0.0,0.0,0.0,0.0,0.0,0.0,0.0,0.0,0.0,Control,
GSE164241_GM143,0.0,0.16363636363636364,0.21818181818181817,0.07272727272727272,0.0,0.10909090909090909,0.0,0.4,0.0,0.03636363636363636,0.0,0.0,0.0,Control,
GSE178481_RCC-PR3-T2,0.0,0.0136986301369863,0.2876712328767123,0.0273972602739726,0.0,0.0410958904109589,0.0,0.0,0.0,0.0410958904109589,0.589041095890411,0.0,0.0,Cancer_Tumor,RCC
GSE171555_7768E4-14,0.5324675324675324,0.37662337662337664,0.09090909090909091,0.0,0.0,0.0,0.0,0.0,0.0,0.0,0.0,0.0,0.0,Control,
GSE142444_bt3-Monocytes_2,0.533678756476684,0.46632124352331605,0.0,0.0,0.0,0.0,0.0,0.0,0.0,0.0,0.0,0.0,0.0,Control,
GSE164241_PD164,0.0,0.18571428571428572,0.4857142857142857,0.014285714285714285,0.0,0.14285714285714285,0.0,0.0,0.04285714285714286,0.0,0.12857142857142856,0.0,0.0,Non-malignant disease,
GSE167029_C32,0.3939393939393939,0.2727272727272727,0.06060606060606061,0.0,0.0,0.0,0.2727272727272727,0.0,0.0,0.0,0.0,0.0,0.0,Control,
GSE143704_Sample_87380_HH3NGBGX9_hu_120518,0.11764705882352941,0.0784313725490196,0.17647058823529413,0.0,0.11764705882352941,0.0,0.0,0.0,0.0,0.058823529411764705,0.45098039215686275,0.0,0.0,Control,
GSE148020_Liu,0.5633270321361059,0.3705103969754253,0.06427221172022685,0.0,0.0,0.0,0.0,0.0,0.001890359168241966,0.0,0.0,0.0,0.0,Non-malignant disease,
GSE133028_3_CSF_uns_5pGEX,0.0,0.9516129032258065,0.04838709677419355,0.0,0.0,0.0,0.0,0.0,0.0,0.0,0.0,0.0,0.0,Control,
GSE157591_Patient_5,0.2898550724637681,0.4420289855072464,0.26811594202898553,0.0,0.0,0.0,0.0,0.0,0.0,0.0,0.0,0.0,0.0,Non-malignant disease,
GSE141578_CSF7,0.12371134020618557,0.845360824742268,0.0,0.030927835051546393,0.0,0.0,0.0,0.0,0.0,0.0,0.0,0.0,0.0,Non-malignant disease,
GSE166489_Y70-4-5P_HHT,0.0,0.0,0.041666666666666664,0.0,0.0,0.0,0.0,0.0,0.0,0.0,0.9583333333333334,0.0,0.0,Control,
GSE179159_Fresh_1667,0.046153846153846156,0.3923076923076923,0.13076923076923078,0.07692307692307693,0.2153846153846154,0.05384615384615385,0.0,0.0,0.0,0.0,0.08461538461538462,0.0,0.0,Non-malignant disease,
GSE165045_BL5,0.0,0.0,0.10655737704918032,0.02459016393442623,0.05737704918032787,0.0,0.0,0.09836065573770492,0.040983606557377046,0.0,0.5901639344262295,0.040983606557377046,0.040983606557377046,Non-malignant disease,
GSE183974_NGS19-J028_Dim_LBA-Hum5,0.03125,0.0,0.0625,0.5625,0.0,0.109375,0.0,0.234375,0.0,0.0,0.0,0.0,0.0,Control,
GSE165045_BL3,0.0,0.0,0.13872832369942195,0.1329479768786127,0.08670520231213873,0.046242774566473986,0.0,0.0,0.0,0.0,0.31213872832369943,0.2832369942196532,0.0,Non-malignant disease,
GSE181316_skin_7_scRNA_2,0.0,0.7464788732394366,0.0,0.0,0.0,0.0,0.0,0.0,0.0,0.0,0.2535211267605634,0.0,0.0,Control,
GSE167297_TN1904R2479--GATGCCAA,0.0,0.0,0.046296296296296294,0.0,0.0,0.37037037037037035,0.0,0.0,0.0,0.07407407407407407,0.5092592592592593,0.0,0.0,Cancer_Tumor,GC
GSE171555_BAAF62-00,0.4830917874396135,0.45410628019323673,0.06280193236714976,0.0,0.0,0.0,0.0,0.0,0.0,0.0,0.0,0.0,0.0,Non-malignant disease,
GSE168933_Healthy2_POOL_20190312_healthy_2,0.0,0.4426229508196721,0.3114754098360656,0.09836065573770492,0.0,0.0,0.0,0.0,0.03278688524590164,0.0,0.11475409836065574,0.0,0.0,Control,
GSE164493_ST06,0.09457236842105263,0.7532894736842105,0.15213815789473684,0.0,0.0,0.0,0.0,0.0,0.0,0.0,0.0,0.0,0.0,Control,
GSE136103_healthy2_cd45plus_1,0.0,0.5,0.5,0.0,0.0,0.0,0.0,0.0,0.0,0.0,0.0,0.0,0.0,Control,
GSE216329_P8_T_ADM001_MorD2_3_G,0.0,0.15625,0.84375,0.0,0.0,0.0,0.0,0.0,0.0,0.0,0.0,0.0,0.0,Cancer_Blood,NSCLC
GSE178481_RCC-PR5-N,0.0,0.028455284552845527,0.14227642276422764,0.012195121951219513,0.044715447154471545,0.0,0.0,0.0,0.0,0.032520325203252036,0.540650406504065,0.1991869918699187,0.0,Cancer_AdjNorm,RCC
GSE169147_SAR3_HHT,0.0,0.0,0.13385826771653545,0.3543307086614173,0.0,0.0,0.0,0.06299212598425197,0.0,0.0,0.44881889763779526,0.0,0.0,Non-malignant disease,
GSE216329_P23_TN_ADM001_MorD3_5_G,0.3142857142857143,0.44,0.22285714285714286,0.0,0.0,0.0,0.0,0.0,0.0,0.022857142857142857,0.0,0.0,0.0,Cancer_Blood,PRC
GSE164241_GM242,0.0,0.24,0.16,0.24,0.18666666666666668,0.0,0.0,0.10666666666666667,0.0,0.04,0.02666666666666667,0.0,0.0,Control,
GSE167297_TN1904R2479--AGGTATTG,0.0,0.0,0.06363636363636363,0.0,0.0,0.32727272727272727,0.0,0.0,0.0,0.02727272727272727,0.5818181818181818,0.0,0.0,Cancer_Tumor,GC
GSE164241_PD170,0.0,0.0,0.4262295081967213,0.0,0.0,0.3114754098360656,0.0,0.0,0.04918032786885246,0.08196721311475409,0.13114754098360656,0.0,0.0,Non-malignant disease,
GSE145927_Bx39A,0.0,0.5081081081081081,0.4702702702702703,0.021621621621621623,0.0,0.0,0.0,0.0,0.0,0.0,0.0,0.0,0.0,Non-malignant disease,
GSE150516_726UN,0.034482758620689655,0.6379310344827587,0.10344827586206896,0.06896551724137931,0.0,0.10344827586206896,0.0,0.0,0.05172413793103448,0.0,0.0,0.0,0.0,Non-malignant disease,
GSE133028_18_CSF_uns_3pGEX,0.0,0.9650655021834061,0.034934497816593885,0.0,0.0,0.0,0.0,0.0,0.0,0.0,0.0,0.0,0.0,Non-malignant disease,
GSE173303_A56-5GE,0.0,0.10185185185185185,0.3055555555555556,0.35185185185185186,0.0,0.10185185185185185,0.0,0.1111111111111111,0.0,0.027777777777777776,0.0,0.0,0.0,Non-malignant disease,
GSE216329_P23_T_ADM001_MorD3_5_G,0.2606060606060606,0.4666666666666667,0.2727272727272727,0.0,0.0,0.0,0.0,0.0,0.0,0.0,0.0,0.0,0.0,Cancer_Blood,PRC
GSE142444_bt3-Monocytes_6,0.6229508196721312,0.22540983606557377,0.13524590163934427,0.0,0.0,0.0,0.01639344262295082,0.0,0.0,0.0,0.0,0.0,0.0,Control,
GSE178481_SCG_RCC-BM2-P-N,0.0,0.057692307692307696,0.11538461538461539,0.038461538461538464,0.21153846153846154,0.0,0.0,0.0,0.0,0.0,0.5769230769230769,0.0,0.0,Cancer_AdjNorm,RCC
GSE168933_Healthy1_POOL_20190312_healthy_1,0.03389830508474576,0.3728813559322034,0.5254237288135594,0.06779661016949153,0.0,0.0,0.0,0.0,0.0,0.0,0.0,0.0,0.0,Control,
GSE181919_C38,0.0,0.03571428571428571,0.21428571428571427,0.10714285714285714,0.0,0.35714285714285715,0.0,0.0,0.0,0.05357142857142857,0.23214285714285715,0.0,0.0,Cancer_Tumor,HNSCC
GSE150516_CHO4R,0.0,0.10294117647058823,0.22058823529411764,0.029411764705882353,0.0,0.36764705882352944,0.0,0.0,0.10294117647058823,0.0,0.17647058823529413,0.0,0.0,Non-malignant disease,
GSE171555_B85D75-00,0.5125,0.425,0.0625,0.0,0.0,0.0,0.0,0.0,0.0,0.0,0.0,0.0,0.0,Non-malignant disease,
GSE153892_Sample_01_tumor,0.0,0.0,0.12380952380952381,0.08571428571428572,0.08571428571428572,0.0,0.0,0.01904761904761905,0.11428571428571428,0.0,0.5714285714285714,0.0,0.0,Cancer_Tumor,PRC
GSE145370_R5B5,0.0,0.0,0.16666666666666666,0.08333333333333333,0.05952380952380952,0.13095238095238096,0.0,0.0,0.0,0.0,0.5595238095238095,0.0,0.0,Cancer_AdjNorm,ESCA
GSE200173_Gene_express_1-2,0.5818181818181818,0.01818181818181818,0.21818181818181817,0.01818181818181818,0.01818181818181818,0.0,0.0,0.0,0.0,0.12727272727272726,0.01818181818181818,0.0,0.0,Cancer_Tumor,HCC
GSE202374_RS-03378689_P6_RS-03377708,0.05,0.0375,0.24375,0.55625,0.025,0.0375,0.0,0.0,0.0,0.05,0.0,0.0,0.0,Cancer_Tumor,RCC
GSE216329_P7_T_ADM001_MorD2_2_G,0.0,0.13513513513513514,0.8648648648648649,0.0,0.0,0.0,0.0,0.0,0.0,0.0,0.0,0.0,0.0,Cancer_Blood,NSCLC
GSE145370_S159B5,0.0,0.0,0.11864406779661017,0.038135593220338986,0.07627118644067797,0.0,0.0,0.0,0.00423728813559322,0.0,0.7627118644067796,0.0,0.0,Cancer_AdjNorm,ESCA
GSE163633_Tum020_HLADR,0.0,0.009581881533101045,0.22038327526132404,0.23257839721254356,0.0,0.13414634146341464,0.0156794425087108,0.2569686411149826,0.01916376306620209,0.06010452961672474,0.013066202090592335,0.027874564459930314,0.010452961672473868,Cancer_Tumor,HNSCC
GSE136103_cirrhotic3_cd45-_2,0.0,0.7887323943661971,0.04225352112676056,0.16901408450704225,0.0,0.0,0.0,0.0,0.0,0.0,0.0,0.0,0.0,Non-malignant disease,
GSE173252_dd1D,0.0,0.5833333333333334,0.05,0.1,0.21666666666666667,0.05,0.0,0.0,0.0,0.0,0.0,0.0,0.0,Non-malignant disease,
GSE171555_82CCF5-07,0.6166666666666667,0.3,0.08333333333333333,0.0,0.0,0.0,0.0,0.0,0.0,0.0,0.0,0.0,0.0,Non-malignant disease,
GSE216329_P13_T_ADM001_MorD2_1_G,0.0,0.08955223880597014,0.9104477611940298,0.0,0.0,0.0,0.0,0.0,0.0,0.0,0.0,0.0,0.0,Cancer_Blood,PRC
GSE164690_HN18_PBL,0.7628865979381443,0.12371134020618557,0.1134020618556701,0.0,0.0,0.0,0.0,0.0,0.0,0.0,0.0,0.0,0.0,Cancer_Blood,HNSCC
GSE178481_ID_BM9-P-T,0.0,0.0,0.5735294117647058,0.20588235294117646,0.0,0.014705882352941176,0.0,0.0,0.0,0.0,0.1323529411764706,0.07352941176470588,0.0,Cancer_Tumor,RCC
GSE148020_Hu,0.49056603773584906,0.5094339622641509,0.0,0.0,0.0,0.0,0.0,0.0,0.0,0.0,0.0,0.0,0.0,Control,
GSE129845_CD15P,0.5362318840579711,0.37681159420289856,0.08695652173913043,0.0,0.0,0.0,0.0,0.0,0.0,0.0,0.0,0.0,0.0,Non-malignant disease,
GSE158723_NGS18-G696_UCL-NPF10000,0.0,0.3465346534653465,0.3465346534653465,0.27722772277227725,0.0,0.0,0.0,0.0,0.0,0.0,0.0297029702970297,0.0,0.0,Non-malignant disease,
GSE202374_RS-03378692_P15_RS-03377711,0.046357615894039736,0.10596026490066225,0.09933774834437085,0.26490066225165565,0.09933774834437085,0.019867549668874173,0.06622516556291391,0.046357615894039736,0.033112582781456956,0.06622516556291391,0.152317880794702,0.0,0.0,Cancer_Tumor,RCC
GSE216329_P16_TN_ADM001_MorD2_4_G,0.0,0.16666666666666666,0.8333333333333334,0.0,0.0,0.0,0.0,0.0,0.0,0.0,0.0,0.0,0.0,Cancer_Blood,NSCLC
GSE164015_ACE-044-DIL-Epi,0.06840390879478828,0.5309446254071661,0.0,0.30944625407166126,0.0,0.09120521172638436,0.0,0.0,0.0,0.0,0.0,0.0,0.0,Non-malignant disease,
GSE178481_RCC-PR9-T,0.0,0.0,0.3591549295774648,0.014084507042253521,0.0,0.04225352112676056,0.0,0.0,0.0,0.08450704225352113,0.5,0.0,0.0,Cancer_Tumor,RCC
GSE174401_fq1_CSF-11,0.09016393442622951,0.5573770491803278,0.13114754098360656,0.02459016393442623,0.0,0.04918032786885246,0.14754098360655737,0.0,0.0,0.0,0.0,0.0,0.0,Cancer_Metastasis,MEL
GSE142444_bt2-Monocytes_2,0.6088709677419355,0.3911290322580645,0.0,0.0,0.0,0.0,0.0,0.0,0.0,0.0,0.0,0.0,0.0,Control,
GSE132802_SKIN_HV3,0.0,0.056179775280898875,0.1853932584269663,0.0,0.0,0.0,0.0,0.0,0.0,0.0,0.7584269662921348,0.0,0.0,Control,
GSE161329_7donor_PBMC,0.47717842323651455,0.42323651452282157,0.0912863070539419,0.0,0.0,0.0,0.0,0.0,0.0,0.008298755186721992,0.0,0.0,0.0,Control,
GSE216329_P20_T_ADM001_MorD3_2_G,0.23,0.36,0.38,0.0,0.03,0.0,0.0,0.0,0.0,0.0,0.0,0.0,0.0,Cancer_Blood,NSCLC
GSE164690_HN06_CD45p,0.0,0.03296703296703297,0.18681318681318682,0.2857142857142857,0.0,0.24175824175824176,0.0,0.10989010989010989,0.0,0.0,0.054945054945054944,0.0,0.08791208791208792,Cancer_Tumor,HNSCC
GSE157591_Healthy_4,0.18055555555555555,0.2916666666666667,0.4861111111111111,0.0,0.0,0.0,0.0,0.0,0.0,0.0,0.041666666666666664,0.0,0.0,Control,
GSE216329_P19_TN_ADM001_MorD3_1_G,0.020833333333333332,0.5486111111111112,0.4305555555555556,0.0,0.0,0.0,0.0,0.0,0.0,0.0,0.0,0.0,0.0,Cancer_Blood,HNSCC
GSE121380_HB3-1,0.04090909090909091,0.6227272727272727,0.13636363636363635,0.08181818181818182,0.02727272727272727,0.06363636363636363,0.0,0.0,0.02727272727272727,0.0,0.0,0.0,0.0,Non-malignant disease,
GSE164241_GM238,0.0,0.09497206703910614,0.4022346368715084,0.027932960893854747,0.0,0.08379888268156424,0.0,0.0446927374301676,0.0,0.0446927374301676,0.3016759776536313,0.0,0.0,Control,
GSE171555_2AD75E-07,0.4852941176470588,0.5147058823529411,0.0,0.0,0.0,0.0,0.0,0.0,0.0,0.0,0.0,0.0,0.0,Non-malignant disease,
GSE157591_Patient_7,0.40625,0.19375,0.4,0.0,0.0,0.0,0.0,0.0,0.0,0.0,0.0,0.0,0.0,Non-malignant disease,
GSE178481_SCG_RCC-BM2-P-T2,0.0,0.10256410256410256,0.11965811965811966,0.27350427350427353,0.05982905982905983,0.0,0.042735042735042736,0.05982905982905983,0.0,0.0,0.042735042735042736,0.29914529914529914,0.0,Cancer_Tumor,RCC
GSE163633_Tum020_CD3,0.0,0.01818181818181818,0.10909090909090909,0.10909090909090909,0.0,0.23636363636363636,0.0,0.43636363636363634,0.0,0.0,0.05454545454545454,0.0,0.03636363636363636,Cancer_Tumor,HNSCC
GSE171555_80A16A-00,0.37037037037037035,0.5648148148148148,0.06481481481481481,0.0,0.0,0.0,0.0,0.0,0.0,0.0,0.0,0.0,0.0,Control,
GSE151087_hPBMCs_day0,0.6761421319796954,0.2862944162436548,0.0,0.0,0.0,0.0,0.0,0.0,0.0,0.0,0.03756345177664975,0.0,0.0,Control,
GSE164493_ST19,0.2042205582028591,0.6916269571136828,0.10415248468345814,0.0,0.0,0.0,0.0,0.0,0.0,0.0,0.0,0.0,0.0,Non-malignant disease,
GSE136103_healthy3_cd45plus,0.1590909090909091,0.23484848484848486,0.29545454545454547,0.19696969696969696,0.11363636363636363,0.0,0.0,0.0,0.0,0.0,0.0,0.0,0.0,Control,
GSE167118_Sar01L_CD3neg_GEX,0.0,0.0,0.0,0.0,0.0,0.35251798561151076,0.0,0.04316546762589928,0.02877697841726619,0.0,0.5755395683453237,0.0,0.0,Non-malignant disease,
GSE161500_3830_3pr_v3,0.031746031746031744,0.24867724867724866,0.30158730158730157,0.36507936507936506,0.0,0.031746031746031744,0.0,0.021164021164021163,0.0,0.0,0.0,0.0,0.0,Non-malignant disease,
GSE216329_P12_TN_ADM001_MorD2_7_G,0.0,0.15384615384615385,0.8461538461538461,0.0,0.0,0.0,0.0,0.0,0.0,0.0,0.0,0.0,0.0,Cancer_Blood,NSCLC
GSE150877_Yonatan_Fresh,0.7014925373134329,0.22388059701492538,0.07462686567164178,0.0,0.0,0.0,0.0,0.0,0.0,0.0,0.0,0.0,0.0,Control,
GSE133028_24_CSF_uns_5pGEX,0.0,0.8211382113821138,0.07317073170731707,0.04878048780487805,0.0,0.032520325203252036,0.0,0.0,0.024390243902439025,0.0,0.0,0.0,0.0,Non-malignant disease,
GSE129845_209,0.0,0.32,0.41333333333333333,0.0,0.17333333333333334,0.0,0.0,0.0,0.09333333333333334,0.0,0.0,0.0,0.0,Non-malignant disease,
GSE145370_S158B5,0.023809523809523808,0.0,0.14285714285714285,0.2698412698412698,0.023809523809523808,0.14285714285714285,0.015873015873015872,0.0,0.0,0.0,0.38095238095238093,0.0,0.0,Cancer_AdjNorm,ESCA
GSE164015_ACE-043-DIL-Epi,0.0,0.9652173913043478,0.0,0.0,0.0,0.034782608695652174,0.0,0.0,0.0,0.0,0.0,0.0,0.0,Non-malignant disease,
GSE166489_36M-GEX_HCR,0.6885245901639344,0.26229508196721313,0.0,0.0,0.0,0.0,0.0,0.0,0.0,0.04918032786885246,0.0,0.0,0.0,Control,
GSE172225_192567SKL_GEX_HHT,0.0,0.0,0.36252189141856395,0.0,0.0,0.0,0.0,0.02626970227670753,0.0,0.04203152364273205,0.5586690017513135,0.010507880910683012,0.0,Non-malignant disease,
GSE136103_healthy1_cd45plus_3,0.28125,0.140625,0.203125,0.03125,0.03125,0.046875,0.0,0.0,0.0,0.03125,0.234375,0.0,0.0,Control,
GSE165645_BM_HD_2253_GEX,0.6170212765957447,0.3343465045592705,0.04559270516717325,0.0,0.0,0.0,0.0,0.0,0.00303951367781155,0.0,0.0,0.0,0.0,Control,
GSE136103_cirrhotic2_cd45-_4,0.056818181818181816,0.3409090909090909,0.0625,0.26704545454545453,0.2556818181818182,0.0,0.017045454545454544,0.0,0.0,0.0,0.0,0.0,0.0,Non-malignant disease,
GSE136103_cirrhotic2_cd45-_3,0.04487179487179487,0.391025641025641,0.07051282051282051,0.28846153846153844,0.16025641025641027,0.0,0.04487179487179487,0.0,0.0,0.0,0.0,0.0,0.0,Non-malignant disease,
GSE171964_2049_7,0.4447852760736196,0.40797546012269936,0.147239263803681,0.0,0.0,0.0,0.0,0.0,0.0,0.0,0.0,0.0,0.0,Non-malignant disease,
GSE181957_SC159,0.0,0.14893617021276595,0.0851063829787234,0.0,0.0,0.010638297872340425,0.0,0.0,0.0,0.0,0.6595744680851063,0.09574468085106383,0.0,Non-malignant disease,
GSE216329_P24_TN_ADM001_MorD3_6_G,0.10738255033557047,0.4966442953020134,0.35570469798657717,0.0,0.040268456375838924,0.0,0.0,0.0,0.0,0.0,0.0,0.0,0.0,Cancer_Blood,PRC
2023_Kong_Immunity_CD|N128346_L1,0.0,0.5373134328358209,0.3283582089552239,0.04477611940298507,0.014925373134328358,0.04477611940298507,0.0,0.0,0.0,0.0,0.029850746268656716,0.0,0.0,Non-malignant disease,
2023_Kumar_Nature_Breast|hbca_c25,0.05660377358490566,0.0,0.2169811320754717,0.0,0.36792452830188677,0.07547169811320754,0.0,0.0,0.0,0.0,0.2830188679245283,0.0,0.0,Control,
2020_Park_Science_Thymus|T07_TH_TOT_2_S2,0.0,0.0,0.39436619718309857,0.0,0.0,0.5070422535211268,0.0,0.0,0.028169014084507043,0.0,0.0,0.056338028169014086,0.014084507042253521,Control,
2023_Terekhova_Immunity_PBMC|M04,0.8545454545454545,0.14545454545454545,0.0,0.0,0.0,0.0,0.0,0.0,0.0,0.0,0.0,0.0,0.0,Control,
2023_Kumar_Nature_Breast|hbca_c165,0.024691358024691357,0.0,0.1728395061728395,0.0,0.0,0.1728395061728395,0.0,0.0,0.0,0.0,0.6296296296296297,0.0,0.0,Cancer_Tumor,BRCA
2023_Terekhova_Immunity_PBMC|FC04,0.7884615384615384,0.21153846153846154,0.0,0.0,0.0,0.0,0.0,0.0,0.0,0.0,0.0,0.0,0.0,Control,
2023_Terekhova_Immunity_PBMC|J10,0.35294117647058826,0.47058823529411764,0.0,0.0,0.0,0.0,0.17647058823529413,0.0,0.0,0.0,0.0,0.0,0.0,Control,
2020_Adams_SciAdv_IPF|133C-a,0.0,0.0,0.104,0.112,0.0,0.104,0.0,0.0,0.008,0.0,0.672,0.0,0.0,Control,
2021_Stephenson_NatMed_COVID19|MH9143323,0.125,0.0,0.0,0.0,0.0,0.0,0.875,0.0,0.0,0.0,0.0,0.0,0.0,Non-malignant disease,
2023_Terekhova_Immunity_PBMC|FL04,0.6513761467889908,0.29357798165137616,0.05504587155963303,0.0,0.0,0.0,0.0,0.0,0.0,0.0,0.0,0.0,0.0,Control,
2021_Pelka_Cell_CRC|C143_T_1_1_0_c1_v2,0.0,0.0,0.08333333333333333,0.36666666666666664,0.0,0.4666666666666667,0.0,0.0,0.0,0.0,0.08333333333333333,0.0,0.0,Cancer_Tumor,CRC
2023_Wang_SciAdv_CRC|s0115_Liver_Metastasis,0.0,0.028037383177570093,0.12461059190031153,0.06542056074766354,0.1277258566978193,0.03426791277258567,0.0,0.0,0.0,0.0,0.5950155763239875,0.024922118380062305,0.0,Cancer_Metastasis,CRC
2023_Hirz_NatComm_Prostate|GSM5494366_SCG-PCA12-N-LG,0.0,0.11842105263157894,0.21052631578947367,0.2236842105263158,0.0,0.07894736842105263,0.0,0.013157894736842105,0.07894736842105263,0.0,0.27631578947368424,0.0,0.0,Cancer_AdjNorm,PRC
2023_Terekhova_Immunity_PBMC|P11,0.4032258064516129,0.5645161290322581,0.0,0.0,0.0,0.0,0.03225806451612903,0.0,0.0,0.0,0.0,0.0,0.0,Control,
2022_Perez_Science_SLE|dmx_YE_7-26,0.4069400630914827,0.2807570977917981,0.12933753943217666,0.0,0.0,0.0,0.1829652996845426,0.0,0.0,0.0,0.0,0.0,0.0,Non-malignant disease,
2023_Wang_SciAdv_CRC|s0813_Colon_Tumor,0.0,0.017543859649122806,0.15789473684210525,0.03508771929824561,0.15789473684210525,0.24561403508771928,0.0,0.0,0.03508771929824561,0.08771929824561403,0.2631578947368421,0.0,0.0,Cancer_Tumor,CRC
2020_Adams_SciAdv_IPF|226C-b,0.0,0.0,0.07462686567164178,0.0,0.0,0.08955223880597014,0.0,0.0,0.04477611940298507,0.04477611940298507,0.746268656716418,0.0,0.0,Control,
2022_Guilliams_Cell_Liver|CS81,0.05181347150259067,0.31088082901554404,0.5958549222797928,0.0,0.02072538860103627,0.0,0.0,0.0,0.0,0.02072538860103627,0.0,0.0,0.0,Non-malignant disease,
2021_Stephenson_NatMed_COVID19|MH8919179,0.6574074074074074,0.2962962962962963,0.046296296296296294,0.0,0.0,0.0,0.0,0.0,0.0,0.0,0.0,0.0,0.0,Control,
2021_Cheng_Cell_Myeloid|THCA-P20190118-T,0.0,0.0,0.0,0.5666666666666667,0.0,0.04,0.0,0.0,0.0,0.04666666666666667,0.3466666666666667,0.0,0.0,Cancer_Tumor,THCA
2023_Terekhova_Immunity_PBMC|K03,0.509090909090909,0.4,0.09090909090909091,0.0,0.0,0.0,0.0,0.0,0.0,0.0,0.0,0.0,0.0,Control,
2023_Kumar_Nature_Breast|hbca_c109,0.0,0.0,0.15555555555555556,0.0,0.011111111111111112,0.05555555555555555,0.0,0.0,0.0,0.0,0.7777777777777778,0.0,0.0,Control,
2021_Cheng_Cell_Myeloid|RC-P20190919-N,0.03314917127071823,0.049723756906077346,0.1712707182320442,0.027624309392265192,0.0,0.0,0.0,0.0,0.0,0.0,0.18232044198895028,0.5359116022099447,0.0,Cancer_AdjNorm,RCC
2023_Kumar_Nature_Breast|hbca_c132,0.0,0.0,0.0,0.0,0.0,0.0,0.0,0.0,0.0,0.0,1.0,0.0,0.0,Control,
2023_Kong_Immunity_CD|N105598_L2,0.024,0.704,0.224,0.0,0.016,0.0,0.0,0.0,0.0,0.0,0.032,0.0,0.0,Non-malignant disease,
2023_Kumar_Nature_Breast|hbca_c166,0.0,0.0,0.1016949152542373,0.0,0.0,0.0,0.0,0.0,0.0,0.0,0.8983050847457628,0.0,0.0,Control,
2021_Ren_Cell_COVID|S-S064,0.3225806451612903,0.5483870967741935,0.0967741935483871,0.0,0.0,0.0,0.0,0.0,0.0,0.03225806451612903,0.0,0.0,0.0,Non-malignant disease,
2020_Adams_SciAdv_IPF|225I-b,0.0,0.0,0.025,0.075,0.0,0.03333333333333333,0.0,0.13333333333333333,0.0,0.0,0.7333333333333333,0.0,0.0,Non-malignant disease,
2021_Chan_CancerCell_SCLC|RU1134_Sort-Freeze,0.017543859649122806,0.2543859649122807,0.14912280701754385,0.07894736842105263,0.0,0.07017543859649122,0.0,0.12280701754385964,0.0,0.0,0.30701754385964913,0.0,0.0,Cancer_Tumor,NSCLC
2021_Ren_Cell_COVID|S-M045,0.27586206896551724,0.39655172413793105,0.08620689655172414,0.0,0.0,0.0,0.2413793103448276,0.0,0.0,0.0,0.0,0.0,0.0,Non-malignant disease,
2023_Kong_Immunity_CD|N134764_E,0.0,0.5841121495327103,0.17289719626168223,0.004672897196261682,0.028037383177570093,0.07009345794392523,0.0,0.0,0.0,0.0,0.14018691588785046,0.0,0.0,Non-malignant disease,
2020_Adams_SciAdv_IPF|207CO,0.0,0.0,0.22727272727272727,0.0,0.0,0.0,0.0,0.0,0.0,0.045454545454545456,0.7272727272727273,0.0,0.0,Non-malignant disease,
2020_Adams_SciAdv_IPF|157I-b,0.0,0.0,0.06870229007633588,0.33587786259541985,0.0,0.13740458015267176,0.0,0.03816793893129771,0.0,0.022900763358778626,0.3969465648854962,0.0,0.0,Non-malignant disease,
2023_Kong_Immunity_CD|I104689_N1,0.0,0.22289156626506024,0.4578313253012048,0.0,0.0,0.25903614457831325,0.0,0.0,0.024096385542168676,0.0,0.0,0.0,0.03614457831325301,Non-malignant disease,
2021_Stephenson_NatMed_COVID19|MH9143272,0.13286713286713286,0.02097902097902098,0.027972027972027972,0.0,0.0,0.0,0.8181818181818182,0.0,0.0,0.0,0.0,0.0,0.0,Non-malignant disease,
2022_Kumar_CancerDis_Gastric|GSM5573499_sample34,0.0,0.0,0.18238993710691823,0.0,0.0,0.42138364779874216,0.0,0.0,0.11320754716981132,0.09433962264150944,0.18867924528301888,0.0,0.0,Cancer_Tumor,GC
2023_Hirz_NatComm_Prostate|GSM5494352_SCG-PCA4-T-HG,0.0,0.07228915662650602,0.18072289156626506,0.0,0.024096385542168676,0.10843373493975904,0.0,0.012048192771084338,0.3373493975903614,0.060240963855421686,0.14457831325301204,0.060240963855421686,0.0,Cancer_Tumor,PRC
2023_Wang_SciAdv_CRC|s1231_Liver_Metastasis,0.0,0.0,0.08490566037735849,0.20754716981132076,0.1320754716981132,0.07547169811320754,0.0,0.0,0.0,0.02830188679245283,0.4716981132075472,0.0,0.0,Cancer_Metastasis,CRC
2021_Ren_Cell_COVID|S-M040-1,0.5584415584415584,0.35064935064935066,0.09090909090909091,0.0,0.0,0.0,0.0,0.0,0.0,0.0,0.0,0.0,0.0,Non-malignant disease,
2023_Kumar_Nature_Breast|hbca_c71,0.0,0.0380952380952381,0.08571428571428572,0.0,0.0,0.047619047619047616,0.0,0.0,0.0,0.0,0.780952380952381,0.047619047619047616,0.0,Control,
2021_Zheng_Science_TIL|ESCA_P20181123_N,0.08955223880597014,0.0,0.1791044776119403,0.05970149253731343,0.05970149253731343,0.05970149253731343,0.0,0.029850746268656716,0.014925373134328358,0.0,0.5074626865671642,0.0,0.0,Cancer_AdjNorm,ESCA
2023_Kong_Immunity_CD|N165697_L2,0.0,0.7088607594936709,0.25316455696202533,0.0379746835443038,0.0,0.0,0.0,0.0,0.0,0.0,0.0,0.0,0.0,Non-malignant disease,
2022_Kumar_CancerDis_Gastric|GSM5573505_sample40,0.0,0.0,0.17123287671232876,0.02054794520547945,0.0,0.17123287671232876,0.0,0.0,0.06164383561643835,0.0,0.5684931506849316,0.00684931506849315,0.0,Cancer_Tumor,GC
2023_Kumar_Nature_Breast|hbca_c02,0.13114754098360656,0.13114754098360656,0.19672131147540983,0.04918032786885246,0.13114754098360656,0.09836065573770492,0.0,0.0,0.0,0.0,0.26229508196721313,0.0,0.0,Cancer_Tumor,BRCA
2023_Fonseca_NatGenet_Endometriosis|sample31,0.0,0.0,0.5545454545454546,0.0,0.0,0.0,0.0,0.0,0.02727272727272727,0.0,0.3181818181818182,0.1,0.0,Control,
2021_Pelka_Cell_CRC|C112_T_0_1_1_c1_v2,0.0,0.24675324675324675,0.09090909090909091,0.24675324675324675,0.0,0.38961038961038963,0.0,0.0,0.012987012987012988,0.012987012987012988,0.0,0.0,0.0,Cancer_Tumor,CRC
2023_Kumar_Nature_Breast|hbca_c156,0.0,0.0392156862745098,0.058823529411764705,0.0,0.0,0.0,0.0,0.0,0.0,0.0,0.9019607843137255,0.0,0.0,Cancer_Tumor,BRCA
2021_Hao_Cell_Blood|P7_3,0.5414746543778802,0.20506912442396313,0.10829493087557604,0.0,0.0,0.0,0.016129032258064516,0.0,0.0,0.0,0.12903225806451613,0.0,0.0,Control,
2021_Ren_Cell_COVID|S-HC016,0.5423728813559322,0.3474576271186441,0.07627118644067797,0.0,0.0,0.0,0.0,0.0,0.0,0.03389830508474576,0.0,0.0,0.0,Control,
2021_Zheng_Science_TIL|KIDNEY_P20190919_T,0.132890365448505,0.07308970099667775,0.03986710963455149,0.21926910299003322,0.0,0.25249169435215946,0.0,0.1893687707641196,0.0,0.013289036544850499,0.0,0.07973421926910298,0.0,Cancer_Tumor,RCC
2020_Adams_SciAdv_IPF|192C-a,0.0,0.0,0.04477611940298507,0.0,0.0,0.0,0.0,0.0,0.0,0.0,0.9552238805970149,0.0,0.0,Control,
2021_Cheng_Cell_Myeloid|PACA-P20190909-T,0.0,0.0,0.0,0.2553191489361702,0.0,0.07801418439716312,0.0,0.1347517730496454,0.0,0.03546099290780142,0.49645390070921985,0.0,0.0,Cancer_Tumor,PC
2023_Hirz_NatComm_Prostate|GSM5494344_HP3,0.0,0.0,0.23529411764705882,0.1568627450980392,0.0,0.0,0.0,0.0,0.0392156862745098,0.0,0.5686274509803921,0.0,0.0,Control,
2022_Madissoon_NatGenet_Lung|5841STDY7991475,0.056910569105691054,0.0,0.13821138211382114,0.34146341463414637,0.0,0.35772357723577236,0.016260162601626018,0.04878048780487805,0.0,0.04065040650406504,0.0,0.0,0.0,Control,
2023_Kumar_Nature_Breast|hbca_c67,0.0,0.0,0.15789473684210525,0.0,0.0,0.0,0.0,0.0,0.0,0.0,0.8070175438596491,0.03508771929824561,0.0,Control,
2022_Perez_Science_SLE|dmx_YE_7-20,0.3795379537953795,0.38613861386138615,0.132013201320132,0.0,0.0,0.0,0.10231023102310231,0.0,0.0,0.0,0.0,0.0,0.0,Control,
2021_Pelka_Cell_CRC|C153_T_1_1_1_c1_v2,0.0,0.08974358974358974,0.0,0.34615384615384615,0.0,0.47435897435897434,0.0,0.08974358974358974,0.0,0.0,0.0,0.0,0.0,Cancer_Tumor,CRC
2023_Kumar_Nature_Breast|hbca_c161,0.0,0.0,0.03773584905660377,0.11320754716981132,0.03773584905660377,0.0,0.0,0.0,0.0,0.0,0.8113207547169812,0.0,0.0,Cancer_Tumor,BRCA
2023_Kong_Immunity_CD|N128400_L,0.0,0.024390243902439025,0.2926829268292683,0.06097560975609756,0.0,0.0,0.0,0.0,0.06097560975609756,0.0,0.5365853658536586,0.024390243902439025,0.0,Non-malignant disease,
2023_Kumar_Nature_Breast|hbca_c115,0.0,0.0,0.0,0.1346153846153846,0.038461538461538464,0.0,0.0,0.0,0.0,0.0,0.8269230769230769,0.0,0.0,Control,
2020_Adams_SciAdv_IPF|145I-a,0.0,0.0,0.13821138211382114,0.18292682926829268,0.0,0.0975609756097561,0.0,0.08943089430894309,0.0,0.036585365853658534,0.45528455284552843,0.0,0.0,Non-malignant disease,
2020_Adams_SciAdv_IPF|253C,0.0,0.0,0.21153846153846154,0.1346153846153846,0.0,0.07692307692307693,0.0,0.0,0.0,0.0,0.5769230769230769,0.0,0.0,Control,
2022_Guilliams_Cell_Liver|CS126,0.1099290780141844,0.30141843971631205,0.5709219858156028,0.01773049645390071,0.0,0.0,0.0,0.0,0.0,0.0,0.0,0.0,0.0,Non-malignant disease,
2023_Wang_SciAdv_CRC|s0115_Liver_AdjNorm,0.0,0.12264150943396226,0.6132075471698113,0.0,0.05660377358490566,0.0,0.0,0.0,0.0,0.08490566037735849,0.10377358490566038,0.018867924528301886,0.0,Cancer_AdjNorm,CRC
2022_Perez_Science_SLE|dmx_count_AH7TNHDMXX_YE_8-30,0.7068403908794788,0.21281216069489686,0.06297502714440825,0.0,0.0,0.0,0.01737242128121607,0.0,0.0,0.0,0.0,0.0,0.0,Control,
2023_Kumar_Nature_Breast|hbca_c75,0.0,0.024096385542168676,0.14457831325301204,0.0,0.0,0.0,0.0,0.0,0.0,0.0,0.8313253012048193,0.0,0.0,Control,
2022_Guilliams_Cell_Liver|CS85,0.14720812182741116,0.5126903553299492,0.28426395939086296,0.03553299492385787,0.01015228426395939,0.0,0.0,0.0,0.0,0.0,0.01015228426395939,0.0,0.0,Cancer_Metastasis,CRC
2020_Adams_SciAdv_IPF|137C-b,0.0,0.0,0.0,0.0,0.0,0.0875,0.0,0.0,0.0125,0.0,0.9,0.0,0.0,Control,
2021_Cheng_Cell_Myeloid|UCEC-P20190910-N,0.0,0.0,0.23809523809523808,0.05442176870748299,0.0,0.0,0.0,0.0,0.0,0.0,0.7074829931972789,0.0,0.0,Cancer_AdjNorm,EC
2020_Adams_SciAdv_IPF|052CO-a,0.0,0.0,0.17647058823529413,0.11764705882352941,0.0,0.0,0.0,0.0,0.0,0.0,0.7058823529411765,0.0,0.0,Non-malignant disease,
2023_Kong_Immunity_CD|N124246_L,0.0,0.1346153846153846,0.21153846153846154,0.04807692307692308,0.0,0.057692307692307696,0.0,0.0,0.0,0.0,0.375,0.17307692307692307,0.0,Non-malignant disease,
2023_Hirz_NatComm_Prostate|GSM5494378_SCG-PCA22-N-HG,0.0,0.14035087719298245,0.10526315789473684,0.3157894736842105,0.0,0.0,0.0,0.0,0.07017543859649122,0.0,0.05263157894736842,0.2982456140350877,0.017543859649122806,Cancer_AdjNorm,PRC
2021_Hao_Cell_Blood|P6_5,0.546875,0.40625,0.0,0.0,0.0,0.0,0.046875,0.0,0.0,0.0,0.0,0.0,0.0,Control,
2020_Litvinukova_Nature_Heart|HCAHeart8102861,0.0,0.0,0.6,0.0,0.0,0.0,0.0,0.0,0.0,0.03333333333333333,0.36666666666666664,0.0,0.0,Control,
2023_Wang_SciAdv_CRC|s1125_Liver_AdjNorm,0.0,0.0,0.5909090909090909,0.0,0.03409090909090909,0.0,0.0,0.0,0.0,0.0,0.375,0.0,0.0,Cancer_AdjNorm,CRC
2020_Adams_SciAdv_IPF|184CO-b,0.0,0.0,0.19333333333333333,0.0,0.0,0.10666666666666667,0.0,0.0,0.0,0.02,0.68,0.0,0.0,Non-malignant disease,
2022_Madissoon_NatGenet_Lung|WTDAtest7732265,0.0,0.17307692307692307,0.5576923076923077,0.21153846153846154,0.0,0.057692307692307696,0.0,0.0,0.0,0.0,0.0,0.0,0.0,Control,
2021_Stephenson_NatMed_COVID19|MH9143271,0.5294117647058824,0.46078431372549017,0.0,0.0,0.00980392156862745,0.0,0.0,0.0,0.0,0.0,0.0,0.0,0.0,Non-malignant disease,
2023_Kong_Immunity_CD|N166301_N1,0.0,0.9335347432024169,0.0513595166163142,0.0,0.0,0.015105740181268883,0.0,0.0,0.0,0.0,0.0,0.0,0.0,Non-malignant disease,
2021_Ren_Cell_COVID|S-M051,0.5203252032520326,0.4146341463414634,0.06504065040650407,0.0,0.0,0.0,0.0,0.0,0.0,0.0,0.0,0.0,0.0,Non-malignant disease,
2022_Perez_Science_SLE|dmx_YE_8-3,0.5196998123827392,0.32082551594746717,0.07879924953095685,0.0,0.0,0.0,0.08067542213883677,0.0,0.0,0.0,0.0,0.0,0.0,Non-malignant disease,
2023_Terekhova_Immunity_PBMC|B20,0.7464788732394366,0.2535211267605634,0.0,0.0,0.0,0.0,0.0,0.0,0.0,0.0,0.0,0.0,0.0,Control,
2020_Adams_SciAdv_IPF|221I-a,0.01834862385321101,0.0,0.027522935779816515,0.7064220183486238,0.0,0.09174311926605505,0.0,0.13761467889908258,0.0,0.009174311926605505,0.009174311926605505,0.0,0.0,Non-malignant disease,
2022_Perez_Science_SLE|dmx_YS-JY-20_pool4,0.5658747300215983,0.34989200863930886,0.06479481641468683,0.0,0.0,0.0,0.019438444924406047,0.0,0.0,0.0,0.0,0.0,0.0,Non-malignant disease,
2022_Dominguez-Conde_Science_CellTypist|CZI-IA10471909+CZI-IA10472005,0.46551724137931033,0.15517241379310345,0.2413793103448276,0.1206896551724138,0.0,0.017241379310344827,0.0,0.0,0.0,0.0,0.0,0.0,0.0,Control,
2022_Zhou_NatGenet_PDAC|HT185B1-S1H2A2K1G1Z1_1B1,0.0,0.3368421052631579,0.30526315789473685,0.0,0.0,0.010526315789473684,0.0,0.0,0.15789473684210525,0.0,0.021052631578947368,0.16842105263157894,0.0,Cancer_Tumor,PC
2022_Perez_Science_SLE|dmx_YE_7-19,0.6583629893238434,0.15658362989323843,0.06583629893238434,0.0,0.0,0.0,0.11921708185053381,0.0,0.0,0.0,0.0,0.0,0.0,Non-malignant disease,
2023_Kong_Immunity_CD|N148519_L1,0.03111111111111111,0.6,0.09333333333333334,0.035555555555555556,0.0,0.2088888888888889,0.0,0.0,0.0,0.0,0.03111111111111111,0.0,0.0,Non-malignant disease,
2023_Kong_Immunity_CD|N130064_N4,0.0,0.5539568345323741,0.2949640287769784,0.02158273381294964,0.0,0.1223021582733813,0.0,0.0,0.0,0.0,0.007194244604316547,0.0,0.0,Non-malignant disease,
2021_Zheng_Science_TIL|THCA_P20190108_N,0.06369426751592357,0.0,0.2356687898089172,0.050955414012738856,0.05732484076433121,0.14012738853503184,0.0,0.0,0.0,0.050955414012738856,0.4012738853503185,0.0,0.0,Cancer_AdjNorm,THCA
2021_Ren_Cell_COVID|S-M074-2,0.7837837837837838,0.05405405405405406,0.0,0.0,0.0,0.0,0.16216216216216217,0.0,0.0,0.0,0.0,0.0,0.0,Non-malignant disease,
2020_Adams_SciAdv_IPF|194CO-a,0.022222222222222223,0.0,0.4148148148148148,0.014814814814814815,0.0,0.17037037037037037,0.0,0.0,0.014814814814814815,0.0,0.34814814814814815,0.0,0.014814814814814815,Non-malignant disease,
2021_Stephenson_NatMed_COVID19|newcastle74,0.6,0.37777777777777777,0.0,0.0,0.022222222222222223,0.0,0.0,0.0,0.0,0.0,0.0,0.0,0.0,Control,
2020_Adams_SciAdv_IPF|225I-a,0.0,0.0,0.07575757575757576,0.1893939393939394,0.0,0.03787878787878788,0.0,0.09848484848484848,0.0,0.03787878787878788,0.5606060606060606,0.0,0.0,Non-malignant disease,
2023_Terekhova_Immunity_PBMC|B01,0.109375,0.671875,0.21875,0.0,0.0,0.0,0.0,0.0,0.0,0.0,0.0,0.0,0.0,Control,
2023_Kong_Immunity_CD|N176196_L2,0.0,0.609375,0.21875,0.0625,0.0,0.078125,0.0,0.0,0.0,0.0,0.03125,0.0,0.0,Non-malignant disease,
2021_Zheng_Science_TIL|THCA_P20190118_T,0.0,0.0,0.0,0.4788732394366197,0.0,0.04225352112676056,0.0,0.0,0.0,0.04929577464788732,0.4295774647887324,0.0,0.0,Cancer_Tumor,THCA
2020_Adams_SciAdv_IPF|177I,0.0,0.0,0.2702702702702703,0.1554054054054054,0.0,0.1554054054054054,0.0,0.060810810810810814,0.006756756756756757,0.0,0.35135135135135137,0.0,0.0,Non-malignant disease,
2023_Kong_Immunity_CD|H158108_N1,0.0,0.43636363636363634,0.2909090909090909,0.05454545454545454,0.0,0.21818181818181817,0.0,0.0,0.0,0.0,0.0,0.0,0.0,Control,
2021_Zheng_Science_TIL|UCEC_P20190911_T,0.0,0.0,0.06150341685649203,0.03416856492027335,0.0,0.16173120728929385,0.0,0.0,0.0,0.022779043280182234,0.7198177676537585,0.0,0.0,Cancer_Tumor,EC
2022_Guilliams_Cell_Liver|CS33,0.031746031746031744,0.07407407407407407,0.8253968253968254,0.0,0.0,0.0,0.0,0.0,0.010582010582010581,0.0582010582010582,0.0,0.0,0.0,Cancer_Metastasis,CRC
2023_Kong_Immunity_CD|N158891_L2,0.0625,0.6125,0.1375,0.075,0.0,0.075,0.0,0.0,0.0,0.0,0.0375,0.0,0.0,Non-malignant disease,
2022_Guilliams_Cell_Liver|CS112,0.015503875968992248,0.23255813953488372,0.5813953488372093,0.08527131782945736,0.0,0.0,0.031007751937984496,0.0,0.05426356589147287,0.0,0.0,0.0,0.0,Non-malignant disease,
2023_Wang_SciAdv_CRC|s0920_Liver_Metastasis,0.0,0.0,0.23178807947019867,0.046357615894039736,0.013245033112582781,0.046357615894039736,0.0,0.0,0.0,0.0,0.6622516556291391,0.0,0.0,Cancer_Metastasis,CRC
2022_Perez_Science_SLE|dmx_YE_8-23,0.294811320754717,0.455188679245283,0.13443396226415094,0.0,0.0,0.0,0.11556603773584906,0.0,0.0,0.0,0.0,0.0,0.0,Non-malignant disease,
2023_Kumar_Nature_Breast|hbca_c111,0.0,0.10843373493975904,0.0,0.0,0.0,0.0,0.0,0.0,0.0,0.0,0.8795180722891566,0.012048192771084338,0.0,Control,
2023_Kumar_Nature_Breast|hbca_c74,0.0,0.0,0.08641975308641975,0.0,0.0,0.0,0.0,0.0,0.0,0.0,0.8641975308641975,0.04938271604938271,0.0,Control,
2023_Kong_Immunity_CD|I130064_N4,0.0,0.9444444444444444,0.011111111111111112,0.0,0.0,0.044444444444444446,0.0,0.0,0.0,0.0,0.0,0.0,0.0,Non-malignant disease,
2020_Adams_SciAdv_IPF|025I,0.0,0.0,0.19,0.16,0.0,0.0,0.0,0.06,0.0,0.0,0.59,0.0,0.0,Non-malignant disease,
2021_Zheng_Science_TIL|THCA_P20190122_T,0.0,0.0,0.049019607843137254,0.6470588235294118,0.0,0.0,0.0,0.0392156862745098,0.0,0.0,0.2647058823529412,0.0,0.0,Cancer_Tumor,THCA
2021_Chan_CancerCell_SCLC|RU675_T,0.0,0.0,0.0,0.30597014925373134,0.0,0.0,0.0,0.5186567164179104,0.0,0.014925373134328358,0.055970149253731345,0.1044776119402985,0.0,Cancer_Tumor,NSCLC
2021_Stephenson_NatMed_COVID19|MH8919283,0.41353383458646614,0.48120300751879697,0.09022556390977443,0.0,0.0,0.0,0.0,0.0,0.0,0.015037593984962405,0.0,0.0,0.0,Control,
2023_Kumar_Nature_Breast|hbca_c150,0.0,0.0,0.0821917808219178,0.0273972602739726,0.0,0.0,0.0,0.0,0.0,0.0,0.8493150684931506,0.0410958904109589,0.0,Control,
2022_TabulaSapiens_Science_TabulaSapiens|TSP14_Lymph_Node_nan_10X,0.014084507042253521,0.028169014084507043,0.323943661971831,0.0,0.0,0.5915492957746479,0.0,0.0,0.04225352112676056,0.0,0.0,0.0,0.0,Control,
2021_Zheng_Science_TIL|PAAD_P20190306_T,0.0,0.0,0.014084507042253521,0.07042253521126761,0.0,0.4507042253521127,0.0,0.04225352112676056,0.0,0.0,0.056338028169014086,0.36619718309859156,0.0,Cancer_Tumor,PC
2022_Perez_Science_SLE|dmx_flare1,0.5239852398523985,0.22878228782287824,0.0996309963099631,0.0,0.0,0.0,0.14760147601476015,0.0,0.0,0.0,0.0,0.0,0.0,Non-malignant disease,
2021_Chan_CancerCell_SCLC|RU1262C,0.0,0.0,0.0625,0.21875,0.0,0.0,0.0,0.171875,0.046875,0.0,0.5,0.0,0.0,Cancer_Tumor,NSCLC
2021_Ren_Cell_COVID|S-HC014,0.39655172413793105,0.5,0.10344827586206896,0.0,0.0,0.0,0.0,0.0,0.0,0.0,0.0,0.0,0.0,Control,
2022_Guilliams_Cell_Liver|CS41,0.25379609544468545,0.0455531453362256,0.42950108459869846,0.049891540130151846,0.019522776572668113,0.02386117136659436,0.0,0.0,0.0,0.019522776572668113,0.15835140997830802,0.0,0.0,Cancer_Metastasis,CRC
2021_Ren_Cell_COVID|S-M055,0.6818181818181818,0.06818181818181818,0.10227272727272728,0.0,0.07954545454545454,0.0,0.06818181818181818,0.0,0.0,0.0,0.0,0.0,0.0,Non-malignant disease,
2023_Kumar_Nature_Breast|hbca_c57,0.0,0.12962962962962962,0.1111111111111111,0.0,0.0,0.09259259259259259,0.0,0.0,0.0,0.0,0.6666666666666666,0.0,0.0,Control,
2020_Adams_SciAdv_IPF|212I-a,0.0,0.0,0.03225806451612903,0.3225806451612903,0.0,0.12903225806451613,0.0,0.12903225806451613,0.0,0.08064516129032258,0.3064516129032258,0.0,0.0,Non-malignant disease,
2023_Terekhova_Immunity_PBMC|E16,0.7333333333333333,0.26666666666666666,0.0,0.0,0.0,0.0,0.0,0.0,0.0,0.0,0.0,0.0,0.0,Control,
2023_Kumar_Nature_Breast|hbca_c68,0.0,0.01818181818181818,0.21818181818181817,0.0,0.0,0.0,0.0,0.0,0.0,0.03636363636363636,0.7090909090909091,0.01818181818181818,0.0,Control,
2023_Wang_SciAdv_CRC|s1231_Liver_AdjNorm,0.0,0.18779342723004694,0.2112676056338028,0.018779342723004695,0.27699530516431925,0.0,0.0,0.0,0.023474178403755867,0.009389671361502348,0.2300469483568075,0.04225352112676056,0.0,Cancer_AdjNorm,CRC
2021_Pelka_Cell_CRC|C143_T_1_1_1_c1_v2,0.038461538461538464,0.0,0.057692307692307696,0.0,0.0,0.7692307692307693,0.0,0.019230769230769232,0.0,0.07692307692307693,0.019230769230769232,0.019230769230769232,0.0,Cancer_Tumor,CRC
2023_Terekhova_Immunity_PBMC|D02,0.78125,0.140625,0.078125,0.0,0.0,0.0,0.0,0.0,0.0,0.0,0.0,0.0,0.0,Control,
2023_Kumar_Nature_Breast|hbca_c40,0.0,0.05555555555555555,0.2777777777777778,0.0,0.13333333333333333,0.0,0.0,0.0,0.0,0.0,0.5333333333333333,0.0,0.0,Cancer_Tumor,BRCA
2020_Adams_SciAdv_IPF|041I-b,0.0,0.0,0.0,0.14516129032258066,0.0,0.07258064516129033,0.0,0.04032258064516129,0.0,0.03225806451612903,0.7096774193548387,0.0,0.0,Non-malignant disease,
2022_Kumar_CancerDis_Gastric|GSM5573473_sample8,0.0,0.5263157894736842,0.12280701754385964,0.2631578947368421,0.0,0.0,0.03508771929824561,0.0,0.0,0.0,0.05263157894736842,0.0,0.0,Cancer_Tumor,GC
2020_Park_Science_Thymus|T07_TH_TOT_1_S1,0.08888888888888889,0.0,0.34444444444444444,0.0,0.0,0.4222222222222222,0.0,0.05555555555555555,0.0,0.0,0.0,0.08888888888888889,0.0,Control,
2023_Kong_Immunity_CD|N127643_L,0.0,0.10483870967741936,0.27419354838709675,0.0,0.0,0.12096774193548387,0.0,0.0,0.12903225806451613,0.0,0.3467741935483871,0.024193548387096774,0.0,Non-malignant disease,
2023_Terekhova_Immunity_PBMC|A03,0.5185185185185185,0.35185185185185186,0.12962962962962962,0.0,0.0,0.0,0.0,0.0,0.0,0.0,0.0,0.0,0.0,Control,
2023_Kumar_Nature_Breast|hbca_c143,0.0,0.0,0.09803921568627451,0.0,0.0,0.0,0.0,0.0,0.0,0.058823529411764705,0.8431372549019608,0.0,0.0,Control,
2023_Kumar_Nature_Breast|hbca_c31,0.0,0.0,0.3238095238095238,0.0,0.0,0.09523809523809523,0.0,0.0,0.0,0.0,0.580952380952381,0.0,0.0,Control,
2021_Pelka_Cell_CRC|C170_T_0_0_1_c1_v3,0.0,0.0,0.1095890410958904,0.1780821917808219,0.0,0.4657534246575342,0.0,0.0958904109589041,0.0410958904109589,0.0684931506849315,0.0410958904109589,0.0,0.0,Cancer_Tumor,CRC
2022_TabulaSapiens_Science_TabulaSapiens|TSP2_Lung_proxmedialdistal_10X,0.038461538461538464,0.057692307692307696,0.21153846153846154,0.6153846153846154,0.0,0.07692307692307693,0.0,0.0,0.0,0.0,0.0,0.0,0.0,Control,
2023_Kumar_Nature_Breast|hbca_c70,0.0,0.04040404040404041,0.1111111111111111,0.0,0.0,0.06060606060606061,0.0,0.0,0.0,0.0,0.7575757575757576,0.030303030303030304,0.0,Control,
2021_Zheng_Science_TIL|UCEC_P20190910_N,0.0,0.0,0.3300970873786408,0.019417475728155338,0.0,0.0,0.0,0.0,0.0,0.0,0.6504854368932039,0.0,0.0,Cancer_AdjNorm,EC
2021_Ren_Cell_COVID|S-M043-1,0.3867924528301887,0.009433962264150943,0.05660377358490566,0.0,0.0,0.0,0.5471698113207547,0.0,0.0,0.0,0.0,0.0,0.0,Non-malignant disease,
2022_Guilliams_Cell_Liver|CS37,0.0,0.4838709677419355,0.43548387096774194,0.0,0.0,0.08064516129032258,0.0,0.0,0.0,0.0,0.0,0.0,0.0,Non-malignant disease,
2020_Adams_SciAdv_IPF|192CO-b,0.0,0.0,0.25,0.18055555555555555,0.0,0.125,0.0,0.0,0.041666666666666664,0.05555555555555555,0.3472222222222222,0.0,0.0,Non-malignant disease,
2020_Adams_SciAdv_IPF|137C-a,0.0,0.0,0.0,0.0,0.0,0.03937007874015748,0.0,0.0,0.0,0.0,0.9606299212598425,0.0,0.0,Control,
2023_Kumar_Nature_Breast|hbca_c137,0.03636363636363636,0.0,0.09090909090909091,0.0,0.0,0.0,0.0,0.0,0.0,0.0,0.8727272727272727,0.0,0.0,Control,
2021_Ren_Cell_COVID|S-M052,0.7222222222222222,0.16666666666666666,0.1111111111111111,0.0,0.0,0.0,0.0,0.0,0.0,0.0,0.0,0.0,0.0,Non-malignant disease,
2022_TabulaSapiens_Science_TabulaSapiens|TSP1_Bladder_nan_10X,0.0,0.0,0.18243243243243243,0.04054054054054054,0.060810810810810814,0.0,0.0,0.0,0.0,0.0,0.7162162162162162,0.0,0.0,Control,
2020_Adams_SciAdv_IPF|210CO,0.0,0.0,0.058823529411764705,0.029411764705882353,0.0,0.11176470588235295,0.0,0.058823529411764705,0.0,0.023529411764705882,0.7176470588235294,0.0,0.0,Non-malignant disease,
2022_Guilliams_Cell_Liver|CS43,0.048458149779735685,0.2555066079295154,0.526431718061674,0.0,0.0,0.022026431718061675,0.0,0.0,0.0,0.0,0.14757709251101322,0.0,0.0,Cancer_Metastasis,CRC
2022_Perez_Science_SLE|dmx_YS-JY-22_pool5,0.34767025089605735,0.45161290322580644,0.1039426523297491,0.0,0.0,0.0,0.0967741935483871,0.0,0.0,0.0,0.0,0.0,0.0,Non-malignant disease,
2021_Ren_Cell_COVID|S-M074-1,0.0,0.0,0.0,0.21052631578947367,0.0,0.3508771929824561,0.43859649122807015,0.0,0.0,0.0,0.0,0.0,0.0,Non-malignant disease,
2021_Hao_Cell_Blood|P5_3,0.5087719298245614,0.39348370927318294,0.06516290726817042,0.0,0.0,0.0,0.03258145363408521,0.0,0.0,0.0,0.0,0.0,0.0,Non-malignant disease,
2021_Stephenson_NatMed_COVID19|AP6,0.8166666666666667,0.0,0.0,0.0,0.0,0.0,0.16666666666666666,0.0,0.0,0.016666666666666666,0.0,0.0,0.0,Non-malignant disease,
2020_Adams_SciAdv_IPF|174I-a,0.0,0.0,0.03837471783295711,0.2076749435665914,0.0,0.07674943566591422,0.0,0.040632054176072234,0.01805869074492099,0.01580135440180587,0.6027088036117382,0.0,0.0,Non-malignant disease,
2021_Stephenson_NatMed_COVID19|newcastle21v2,0.5230769230769231,0.4153846153846154,0.06153846153846154,0.0,0.0,0.0,0.0,0.0,0.0,0.0,0.0,0.0,0.0,Non-malignant disease,
2023_Kong_Immunity_CD|N176196_L1,0.0,0.7421875,0.234375,0.0,0.0,0.0,0.0,0.0,0.0,0.0,0.0,0.0,0.0234375,Non-malignant disease,
2020_Adams_SciAdv_IPF|235CO,0.0,0.0,0.39473684210526316,0.0,0.0,0.15789473684210525,0.0,0.0,0.0,0.02631578947368421,0.42105263157894735,0.0,0.0,Non-malignant disease,
2021_Cheng_Cell_Myeloid|ESCA-P20190404-T,0.12280701754385964,0.0,0.0,0.17543859649122806,0.0,0.49122807017543857,0.0,0.017543859649122806,0.0,0.0,0.0,0.19298245614035087,0.0,Cancer_Tumor,ESCA
2022_TabulaSapiens_Science_TabulaSapiens|TSP1_Lung_nan_10X,0.0,0.0,0.10967741935483871,0.4,0.0,0.0,0.0,0.3870967741935484,0.0,0.03225806451612903,0.07096774193548387,0.0,0.0,Control,
2021_Stephenson_NatMed_COVID19|MH9143324,0.5241379310344828,0.3586206896551724,0.11724137931034483,0.0,0.0,0.0,0.0,0.0,0.0,0.0,0.0,0.0,0.0,Non-malignant disease,
2021_Stephenson_NatMed_COVID19|MH8919326,0.20253164556962025,0.0,0.05063291139240506,0.0,0.0,0.0,0.7468354430379747,0.0,0.0,0.0,0.0,0.0,0.0,Non-malignant disease,
2023_Hirz_NatComm_Prostate|GSM5494371_SCG-PCA17-T-LG,0.0,0.18181818181818182,0.14545454545454545,0.2727272727272727,0.01818181818181818,0.21818181818181817,0.0,0.0,0.0,0.03636363636363636,0.12727272727272726,0.0,0.0,Cancer_Tumor,PRC
2021_Stephenson_NatMed_COVID19|MH8919226,0.3148148148148148,0.5740740740740741,0.09259259259259259,0.0,0.0,0.0,0.018518518518518517,0.0,0.0,0.0,0.0,0.0,0.0,Control,
2022_Guilliams_Cell_Liver|CS101,0.0,0.07051282051282051,0.5512820512820513,0.0,0.0,0.0,0.0,0.0,0.0,0.038461538461538464,0.33974358974358976,0.0,0.0,Control,
2022_Perez_Science_SLE|dmx_YE_7-13,0.6625310173697271,0.15632754342431762,0.09925558312655088,0.0,0.0,0.0,0.0794044665012407,0.0,0.0,0.0024813895781637717,0.0,0.0,0.0,Control,
2023_Kumar_Nature_Breast|hbca_c86,0.0,0.11320754716981132,0.18867924528301888,0.0,0.0,0.0,0.0,0.0,0.0,0.0,0.6981132075471698,0.0,0.0,Control,
2021_Stephenson_NatMed_COVID19|MH9179825,0.640625,0.203125,0.15625,0.0,0.0,0.0,0.0,0.0,0.0,0.0,0.0,0.0,0.0,Non-malignant disease,
2021_Cheng_Cell_Myeloid|RC-P20190923-T,0.0,0.0,0.040372670807453416,0.468944099378882,0.0,0.027950310559006212,0.0,0.0,0.0,0.0,0.46273291925465837,0.0,0.0,Cancer_Tumor,RCC
2023_Kumar_Nature_Breast|hbca_c121,0.0,0.1016949152542373,0.0,0.0,0.0,0.0,0.0,0.0,0.0,0.06779661016949153,0.8305084745762712,0.0,0.0,Control,
2021_Melms_Nature_Lung-COVID19|C55ctr,0.0,0.0,0.4117647058823529,0.0,0.0,0.0784313725490196,0.0,0.0,0.0,0.0,0.5098039215686274,0.0,0.0,Control,
2021_Hao_Cell_Blood|P2_3,0.46808510638297873,0.48404255319148937,0.047872340425531915,0.0,0.0,0.0,0.0,0.0,0.0,0.0,0.0,0.0,0.0,Non-malignant disease,
2021_Stephenson_NatMed_COVID19|MH9143321,0.6554054054054054,0.12837837837837837,0.033783783783783786,0.0,0.0,0.0,0.18243243243243243,0.0,0.0,0.0,0.0,0.0,0.0,Non-malignant disease,
2020_Adams_SciAdv_IPF|135I-a,0.0,0.0,0.05925925925925926,0.044444444444444446,0.0,0.08148148148148149,0.0,0.06666666666666667,0.0,0.07407407407407407,0.674074074074074,0.0,0.0,Non-malignant disease,
2022_Zhou_NatGenet_PDAC|HT270P1-S1H2Fc2A2N1Bmn1_1,0.0,0.0,0.6626506024096386,0.0,0.0,0.10843373493975904,0.0,0.0,0.2289156626506024,0.0,0.0,0.0,0.0,Cancer_Tumor,PC
2021_Ren_Cell_COVID|S-M066,0.37362637362637363,0.6263736263736264,0.0,0.0,0.0,0.0,0.0,0.0,0.0,0.0,0.0,0.0,0.0,Non-malignant disease,
2021_Cheng_Cell_Myeloid|ESCA-P20181123-N,0.125,0.027777777777777776,0.16666666666666666,0.09722222222222222,0.0,0.05555555555555555,0.0,0.0,0.0,0.0,0.5277777777777778,0.0,0.0,Cancer_AdjNorm,ESCA
2023_Hirz_NatComm_Prostate|GSM5494374_SCG-PCA19-N-HG,0.0,0.1487603305785124,0.1322314049586777,0.0,0.0,0.0,0.0,0.0,0.21487603305785125,0.0,0.49586776859504134,0.008264462809917356,0.0,Cancer_AdjNorm,PRC
2021_Zheng_Science_TIL|KIDNEY_P20190919_N,0.0,0.05263157894736842,0.20394736842105263,0.0,0.0,0.046052631578947366,0.0,0.0,0.0,0.0,0.13815789473684212,0.5592105263157895,0.0,Cancer_AdjNorm,RCC
2021_Stephenson_NatMed_COVID19|MH8919227,0.65625,0.296875,0.046875,0.0,0.0,0.0,0.0,0.0,0.0,0.0,0.0,0.0,0.0,Control,
2020_Adams_SciAdv_IPF|222I-b,0.016666666666666666,0.016666666666666666,0.16666666666666666,0.43333333333333335,0.0,0.15,0.0,0.18333333333333332,0.0,0.0,0.03333333333333333,0.0,0.0,Non-malignant disease,
2023_Kong_Immunity_CD|N130064_N1,0.0,0.47619047619047616,0.34285714285714286,0.0,0.0,0.1619047619047619,0.0,0.0,0.0,0.0,0.01904761904761905,0.0,0.0,Non-malignant disease,
2022_Guilliams_Cell_Liver|CS42,0.18027210884353742,0.10884353741496598,0.5102040816326531,0.02040816326530612,0.003401360544217687,0.03741496598639456,0.0,0.0,0.0,0.0,0.13945578231292516,0.0,0.0,Cancer_Metastasis,CRC
2023_Kong_Immunity_CD|N154787_L2,0.0,0.632183908045977,0.06896551724137931,0.1724137931034483,0.11494252873563218,0.0,0.0,0.0,0.0,0.0,0.011494252873563218,0.0,0.0,Non-malignant disease,
2021_Hao_Cell_Blood|P1_3,0.6317460317460317,0.2984126984126984,0.06984126984126984,0.0,0.0,0.0,0.0,0.0,0.0,0.0,0.0,0.0,0.0,Non-malignant disease,
2023_Fonseca_NatGenet_Endometriosis|sample23,0.0,0.4636363636363636,0.1318181818181818,0.0,0.0,0.045454545454545456,0.0,0.0,0.0,0.0,0.19545454545454546,0.16363636363636364,0.0,Non-malignant disease,
2021_Pal_EMBO_Breast|GSM4909317_ER-MH0173-T,0.057692307692307696,0.057692307692307696,0.23076923076923078,0.5961538461538461,0.0,0.0,0.0,0.019230769230769232,0.0,0.0,0.0,0.0,0.038461538461538464,Cancer_Tumor,BRCA
2023_Kumar_Nature_Breast|hbca_c58,0.0,0.05,0.17142857142857143,0.0,0.02857142857142857,0.02142857142857143,0.0,0.0,0.0,0.0,0.7285714285714285,0.0,0.0,Control,
2021_Pelka_Cell_CRC|C135_T_1_1_1_c2_v2,0.0,0.037037037037037035,0.0,0.09259259259259259,0.0,0.6666666666666666,0.0,0.07407407407407407,0.0,0.0,0.12962962962962962,0.0,0.0,Cancer_Tumor,CRC
2021_Ren_Cell_COVID|S-M039-1,0.555956678700361,0.3935018050541516,0.05054151624548736,0.0,0.0,0.0,0.0,0.0,0.0,0.0,0.0,0.0,0.0,Non-malignant disease,
2023_Kumar_Nature_Breast|hbca_c76,0.0,0.0,0.18181818181818182,0.0,0.0,0.0,0.0,0.0,0.0,0.10909090909090909,0.7090909090909091,0.0,0.0,Control,
2021_Ren_Cell_COVID|S-S060,0.5864661654135338,0.37593984962406013,0.03759398496240601,0.0,0.0,0.0,0.0,0.0,0.0,0.0,0.0,0.0,0.0,Non-malignant disease,
2021_Ren_Cell_COVID|S-M009-1,0.7835051546391752,0.07216494845360824,0.07216494845360824,0.0,0.010309278350515464,0.0,0.061855670103092786,0.0,0.0,0.0,0.0,0.0,0.0,Non-malignant disease,
2021_Pelka_Cell_CRC|C123_T_1_1_0_c1_v2,0.0,0.046153846153846156,0.0,0.49230769230769234,0.0,0.2923076923076923,0.0,0.16923076923076924,0.0,0.0,0.0,0.0,0.0,Cancer_Tumor,CRC
2023_Terekhova_Immunity_PBMC|S16,0.589041095890411,0.2602739726027397,0.1506849315068493,0.0,0.0,0.0,0.0,0.0,0.0,0.0,0.0,0.0,0.0,Control,
2023_Wang_SciAdv_CRC|s0107_Liver_AdjNorm,0.0,0.1485148514851485,0.16831683168316833,0.0,0.024752475247524754,0.0,0.0,0.0,0.0,0.0,0.2079207920792079,0.4504950495049505,0.0,Cancer_AdjNorm,CRC
2023_Kumar_Nature_Breast|hbca_c60,0.0,0.0,0.0625,0.0,0.0,0.0,0.0,0.0,0.0,0.0,0.84375,0.041666666666666664,0.052083333333333336,Control,
2021_Cheng_Cell_Myeloid|THCA-P20190621-T,0.0,0.0,0.109375,0.140625,0.0234375,0.0,0.0,0.03125,0.0,0.0625,0.6328125,0.0,0.0,Cancer_Tumor,THCA
2021_Cheng_Cell_Myeloid|RC-P20181217-T,0.23076923076923078,0.0,0.046153846153846156,0.35384615384615387,0.015384615384615385,0.0,0.0,0.0,0.0,0.0,0.2153846153846154,0.13846153846153847,0.0,Cancer_Tumor,RCC
2021_Pal_EMBO_Breast|GSM4909290_HER2-PM0337,0.0,0.018518518518518517,0.05555555555555555,0.5925925925925926,0.0,0.2222222222222222,0.0,0.0,0.037037037037037035,0.0,0.0,0.0,0.07407407407407407,Cancer_Tumor,BRCA
2023_Lake_Nature_Kidney|AKI3410050,0.0,0.5272727272727272,0.17272727272727273,0.03636363636363636,0.0,0.2636363636363636,0.0,0.0,0.0,0.0,0.0,0.0,0.0,Non-malignant disease,
2023_Kong_Immunity_CD|I114902_N,0.0,0.9285714285714286,0.07142857142857142,0.0,0.0,0.0,0.0,0.0,0.0,0.0,0.0,0.0,0.0,Non-malignant disease,
2022_Guilliams_Cell_Liver|CS109,0.014285714285714285,0.44285714285714284,0.14285714285714285,0.34285714285714286,0.0,0.0,0.02857142857142857,0.0,0.0,0.0,0.0,0.02857142857142857,0.0,Cancer_Tumor,HCC
2021_Hao_Cell_Blood|P4_3,0.5852842809364549,0.3076923076923077,0.09364548494983277,0.0,0.0,0.0,0.013377926421404682,0.0,0.0,0.0,0.0,0.0,0.0,Non-malignant disease,
2023_Kong_Immunity_CD|N172428_E2,0.0,0.9224806201550387,0.023255813953488372,0.05426356589147287,0.0,0.0,0.0,0.0,0.0,0.0,0.0,0.0,0.0,Non-malignant disease,
2021_Stephenson_NatMed_COVID19|MH9143270,0.8589743589743589,0.02564102564102564,0.10256410256410256,0.01282051282051282,0.0,0.0,0.0,0.0,0.0,0.0,0.0,0.0,0.0,Non-malignant disease,
2023_Kong_Immunity_CD|N148519_L2,0.0,0.6756756756756757,0.0,0.0,0.02702702702702703,0.2702702702702703,0.0,0.0,0.0,0.013513513513513514,0.013513513513513514,0.0,0.0,Non-malignant disease,
2023_Kong_Immunity_CD|N130064_N3,0.0,0.5614973262032086,0.37433155080213903,0.0,0.0,0.06417112299465241,0.0,0.0,0.0,0.0,0.0,0.0,0.0,Non-malignant disease,
2022_Madissoon_NatGenet_Lung|WSSS8015046,0.1896551724137931,0.017241379310344827,0.08620689655172414,0.29310344827586204,0.017241379310344827,0.1206896551724138,0.017241379310344827,0.05172413793103448,0.0,0.0,0.20689655172413793,0.0,0.0,Control,
2023_Kong_Immunity_CD|N10_LP_B,0.0,0.75,0.14705882352941177,0.08823529411764706,0.0,0.0,0.0,0.0,0.0,0.0,0.014705882352941176,0.0,0.0,Control,
2023_Kumar_Nature_Breast|hbca_c53,0.0,0.03278688524590164,0.09836065573770492,0.4262295081967213,0.09836065573770492,0.13114754098360656,0.0,0.0,0.0,0.0,0.21311475409836064,0.0,0.0,Control,
2021_Pal_EMBO_Breast|GSM4909294_HER2-MH0176,0.02145922746781116,0.1759656652360515,0.13304721030042918,0.3218884120171674,0.02145922746781116,0.1888412017167382,0.12017167381974249,0.0,0.0,0.0,0.017167381974248927,0.0,0.0,Cancer_Tumor,BRCA
2021_Pelka_Cell_CRC|C112_T_0_1_0_c1_v2,0.0,0.01639344262295082,0.09836065573770492,0.5573770491803278,0.0,0.19672131147540983,0.0,0.09836065573770492,0.0,0.0,0.03278688524590164,0.0,0.0,Cancer_Tumor,CRC
2021_Ren_Cell_COVID|S-S086-1,0.0,0.0,0.0,0.2833333333333333,0.0,0.06666666666666667,0.65,0.0,0.0,0.0,0.0,0.0,0.0,Non-malignant disease,
2023_Kumar_Nature_Breast|hbca_c66,0.0,0.0,0.08955223880597014,0.0,0.0,0.0,0.0,0.0,0.0,0.0,0.9104477611940298,0.0,0.0,Control,
2022_TabulaSapiens_Science_TabulaSapiens|TSP7_Lymph_Node_Supradiaphagmatic_10X,0.29411764705882354,0.0,0.3333333333333333,0.0,0.0,0.0196078431372549,0.0,0.0,0.1568627450980392,0.0,0.19607843137254902,0.0,0.0,Control,
2023_Wang_SciAdv_CRC|s0920_Colon_Tumor,0.0,0.0,0.0,0.0,0.0,0.06201550387596899,0.0,0.0,0.0,0.0,0.10077519379844961,0.8217054263565892,0.015503875968992248,Cancer_Tumor,CRC
2023_Kumar_Nature_Breast|hbca_c61,0.0,0.0,0.21153846153846154,0.0,0.0,0.0,0.0,0.0,0.0,0.0,0.7307692307692307,0.019230769230769232,0.038461538461538464,Control,
2022_Gur_Cell_Sceleroderma|GSM5837254_AB7066,0.0,0.875,0.08928571428571429,0.0,0.0,0.0,0.0,0.0,0.0,0.0,0.03571428571428571,0.0,0.0,Non-malignant disease,
2023_Fonseca_NatGenet_Endometriosis|sample7,0.0,0.3902439024390244,0.1986062717770035,0.0,0.0,0.0313588850174216,0.0,0.0,0.0,0.0,0.21602787456445993,0.16376306620209058,0.0,Non-malignant disease,
2023_Wang_SciAdv_CRC|s0115_Colon_Tumor,0.0,0.0,0.16176470588235295,0.0,0.11764705882352941,0.0,0.0,0.0,0.058823529411764705,0.1323529411764706,0.5294117647058824,0.0,0.0,Cancer_Tumor,CRC
2023_Kong_Immunity_CD|I182231_L,0.0,0.6993006993006993,0.23776223776223776,0.0,0.0,0.06293706293706294,0.0,0.0,0.0,0.0,0.0,0.0,0.0,Non-malignant disease,
2023_Fonseca_NatGenet_Endometriosis|sample19,0.0,0.48360655737704916,0.10655737704918032,0.0,0.02459016393442623,0.0,0.0,0.0,0.0,0.0,0.22131147540983606,0.16393442622950818,0.0,Non-malignant disease,
2022_Guilliams_Cell_Liver|CS34,0.25862068965517243,0.034482758620689655,0.0,0.7068965517241379,0.0,0.0,0.0,0.0,0.0,0.0,0.0,0.0,0.0,Cancer_Metastasis,CRC
2020_Adams_SciAdv_IPF|209I-a,0.0,0.0,0.0,0.3103448275862069,0.0,0.10344827586206896,0.0,0.06896551724137931,0.0,0.0,0.5172413793103449,0.0,0.0,Non-malignant disease,
2023_Kong_Immunity_CD|N134300_L,0.0,0.42857142857142855,0.42857142857142855,0.03571428571428571,0.0,0.10714285714285714,0.0,0.0,0.0,0.0,0.0,0.0,0.0,Non-malignant disease,
2023_Kong_Immunity_CD|N46_LP_A,0.0,0.717391304347826,0.18478260869565216,0.010869565217391304,0.08695652173913043,0.0,0.0,0.0,0.0,0.0,0.0,0.0,0.0,Control,
2023_Kong_Immunity_CD|N166301_N3,0.0,0.8625954198473282,0.09923664122137404,0.0,0.0,0.03816793893129771,0.0,0.0,0.0,0.0,0.0,0.0,0.0,Non-malignant disease,
2022_Zhou_NatGenet_PDAC|HT060P1-S1R1A1G1Z1_1B2_1,0.0,0.0,0.2222222222222222,0.4027777777777778,0.0,0.0,0.0,0.041666666666666664,0.0,0.0,0.1111111111111111,0.2222222222222222,0.0,Cancer_Tumor,PC
2021_Ren_Cell_COVID|S-S068,0.5652173913043478,0.13043478260869565,0.25217391304347825,0.0,0.05217391304347826,0.0,0.0,0.0,0.0,0.0,0.0,0.0,0.0,Non-malignant disease,
2020_Adams_SciAdv_IPF|021I,0.0,0.0,0.07865168539325842,0.06741573033707865,0.0,0.06741573033707865,0.0,0.0,0.0,0.0449438202247191,0.7415730337078652,0.0,0.0,Non-malignant disease,
2021_Ren_Cell_COVID|S-HC004,0.3958333333333333,0.5520833333333334,0.052083333333333336,0.0,0.0,0.0,0.0,0.0,0.0,0.0,0.0,0.0,0.0,Control,
2021_Pal_EMBO_Breast|GSM4909318_ER-MH0173-LN,0.031914893617021274,0.18085106382978725,0.26595744680851063,0.18085106382978725,0.0,0.2872340425531915,0.0,0.0,0.05319148936170213,0.0,0.0,0.0,0.0,Cancer_Tumor,BRCA
2021_Elmentaite_Nature_Intestine|4918STDY7447825,0.034482758620689655,0.7241379310344828,0.20689655172413793,0.0,0.0,0.0,0.0,0.0,0.0,0.034482758620689655,0.0,0.0,0.0,Control,
2020_Litvinukova_Nature_Heart|HCAHeart8102859,0.0,0.0,0.6710526315789473,0.0,0.0,0.0,0.0,0.0,0.0,0.0,0.32894736842105265,0.0,0.0,Control,
2020_Litvinukova_Nature_Heart|HCAHeart8102858,0.0,0.0,0.44642857142857145,0.17857142857142858,0.0,0.0,0.0,0.0,0.0,0.0,0.375,0.0,0.0,Control,
2021_Cheng_Cell_Myeloid|THCA-P20190612-T,0.0,0.3,0.1,0.6,0.0,0.0,0.0,0.0,0.0,0.0,0.0,0.0,0.0,Cancer_Tumor,THCA
2021_Hao_Cell_Blood|P6_3,0.42857142857142855,0.42857142857142855,0.037815126050420166,0.0,0.0,0.0,0.10504201680672269,0.0,0.0,0.0,0.0,0.0,0.0,Control,
2023_Kong_Immunity_CD|N105598_L1,0.0,0.6666666666666666,0.11403508771929824,0.13157894736842105,0.0,0.05263157894736842,0.0,0.0,0.0,0.0,0.03508771929824561,0.0,0.0,Non-malignant disease,
2023_Kong_Immunity_CD|N168051_L2,0.04375,0.86875,0.0,0.03125,0.0,0.05625,0.0,0.0,0.0,0.0,0.0,0.0,0.0,Non-malignant disease,
2023_Kumar_Nature_Breast|hbca_c80,0.0,0.0,0.1774193548387097,0.0,0.0,0.0,0.0,0.0,0.0,0.04838709677419355,0.7419354838709677,0.0,0.03225806451612903,Control,
2020_Adams_SciAdv_IPF|49I-a,0.0,0.0,0.18867924528301888,0.20754716981132076,0.0,0.05660377358490566,0.0,0.07547169811320754,0.018867924528301886,0.0,0.4528301886792453,0.0,0.0,Non-malignant disease,
2022_TabulaSapiens_Science_TabulaSapiens|TSP7_Tongue_Posterior_10X,0.0,0.0,0.0,0.038461538461538464,0.038461538461538464,0.0,0.0,0.7884615384615384,0.0,0.0,0.1346153846153846,0.0,0.0,Control,
2021_Stephenson_NatMed_COVID19|MH8919330,0.59375,0.359375,0.046875,0.0,0.0,0.0,0.0,0.0,0.0,0.0,0.0,0.0,0.0,Non-malignant disease,
2021_Zheng_Science_TIL|PAAD_P20190909_T,0.0,0.0,0.0,0.10526315789473684,0.0,0.10526315789473684,0.0,0.17894736842105263,0.0,0.05263157894736842,0.5578947368421052,0.0,0.0,Cancer_Tumor,PC
2023_Wang_SciAdv_CRC|s1125_Colon_Tumor,0.0,0.0,0.11392405063291139,0.0,0.06329113924050633,0.0,0.0,0.0,0.10126582278481013,0.08860759493670886,0.6329113924050633,0.0,0.0,Cancer_Tumor,CRC
2021_Ren_Cell_COVID|S-M076-2,0.6216216216216216,0.3108108108108108,0.0,0.0,0.0,0.0,0.06756756756756757,0.0,0.0,0.0,0.0,0.0,0.0,Non-malignant disease,
2020_Habermann_SciAdv_Lung-COVID19|GSM5226578_C55ctr,0.0,0.0,0.4117647058823529,0.0,0.0,0.0784313725490196,0.0,0.0,0.0,0.0,0.5098039215686274,0.0,0.0,Control,
2021_Zheng_Science_TIL|KIDNEY_P20190918_N,0.25196850393700787,0.0,0.08661417322834646,0.1889763779527559,0.047244094488188976,0.0,0.0,0.0,0.0,0.0,0.4251968503937008,0.0,0.0,Cancer_AdjNorm,RCC
2021_Zheng_Science_TIL|OV-FTC_P20181225_T,0.0,0.0,0.08264462809917356,0.03305785123966942,0.0,0.05785123966942149,0.0,0.0,0.0,0.09090909090909091,0.7355371900826446,0.0,0.0,Cancer_Tumor,OV-FTC
2021_Szabo_Immunity_COVID19|COV028_respiratory_airway_7days,0.0,0.0,0.0,0.1864406779661017,0.0,0.06779661016949153,0.0,0.0,0.0,0.03389830508474576,0.711864406779661,0.0,0.0,Non-malignant disease,
2021_Ren_Cell_COVID|S-M073,0.3068181818181818,0.6022727272727273,0.06818181818181818,0.0,0.0,0.0,0.022727272727272728,0.0,0.0,0.0,0.0,0.0,0.0,Non-malignant disease,
2021_Stephenson_NatMed_COVID19|newcastle65,0.788235294117647,0.17647058823529413,0.0,0.0,0.0,0.0,0.03529411764705882,0.0,0.0,0.0,0.0,0.0,0.0,Control,
2023_Hirz_NatComm_Prostate|GSM5494343_HP2,0.0,0.2711864406779661,0.06779661016949153,0.03389830508474576,0.0,0.0,0.0,0.0,0.0,0.0,0.1694915254237288,0.4576271186440678,0.0,Control,
2020_Adams_SciAdv_IPF|065C,0.0,0.0,0.05,0.13333333333333333,0.0,0.1,0.0,0.0,0.016666666666666666,0.0,0.7,0.0,0.0,Control,
2023_Kong_Immunity_CD|N130064_N2,0.0,0.46808510638297873,0.3333333333333333,0.0,0.0,0.18439716312056736,0.0,0.0,0.0,0.0,0.014184397163120567,0.0,0.0,Non-malignant disease,
2021_Hao_Cell_Blood|P1_5,0.5578947368421052,0.30526315789473685,0.1368421052631579,0.0,0.0,0.0,0.0,0.0,0.0,0.0,0.0,0.0,0.0,Non-malignant disease,
2022_Perez_Science_SLE|dmx_count_BH7YT2DMXX_YE_0907,0.5007052186177715,0.41748942172073344,0.08180535966149506,0.0,0.0,0.0,0.0,0.0,0.0,0.0,0.0,0.0,0.0,Control,
2021_Pelka_Cell_CRC|C132_T_1_1_1_c1_v2,0.0,0.0,0.03636363636363636,0.38181818181818183,0.0,0.0,0.0,0.5636363636363636,0.0,0.0,0.0,0.01818181818181818,0.0,Cancer_Tumor,CRC
2021_Zheng_Science_TIL|THCA_P20181226_T,0.0,0.0,0.05263157894736842,0.4605263157894737,0.0,0.0,0.0,0.2894736842105263,0.0,0.0,0.19736842105263158,0.0,0.0,Cancer_Tumor,THCA
2021_Cheng_Cell_Myeloid|PACA-P20190306-T,0.0,0.0,0.05128205128205128,0.20512820512820512,0.0,0.41025641025641024,0.0,0.07692307692307693,0.0,0.0,0.07692307692307693,0.1794871794871795,0.0,Cancer_Tumor,PC
2021_Pelka_Cell_CRC|C162_N_0_0_0_c2_v2,0.17543859649122806,0.42105263157894735,0.22807017543859648,0.0,0.0,0.15789473684210525,0.0,0.0,0.017543859649122806,0.0,0.0,0.0,0.0,Control,
2021_Hao_Cell_Blood|P7_5,0.63,0.29,0.07,0.0,0.0,0.0,0.0,0.0,0.0,0.0,0.01,0.0,0.0,Control,
2022_TabulaSapiens_Science_TabulaSapiens|TSP10_Skin_nan_10X,0.0,0.0,0.0,0.0,0.0,0.0,0.0,0.0,0.0,0.0,1.0,0.0,0.0,Control,
2023_Fonseca_NatGenet_Endometriosis|sample29,0.0,0.0,0.2347266881028939,0.0,0.0,0.0932475884244373,0.0,0.0,0.0,0.0,0.6720257234726688,0.0,0.0,Non-malignant disease,
2021_Ren_Cell_COVID|S-S077,0.8235294117647058,0.1568627450980392,0.0,0.0,0.0,0.0,0.0196078431372549,0.0,0.0,0.0,0.0,0.0,0.0,Non-malignant disease,
2021_Zheng_Science_TIL|THCA_P20190621_T,0.0,0.022900763358778626,0.10687022900763359,0.13740458015267176,0.022900763358778626,0.0,0.0,0.022900763358778626,0.0,0.07633587786259542,0.6106870229007634,0.0,0.0,Cancer_Tumor,THCA
2023_Fonseca_NatGenet_Endometriosis|sample12,0.0,0.0,0.30357142857142855,0.0,0.125,0.07142857142857142,0.0,0.0,0.017857142857142856,0.0,0.48214285714285715,0.0,0.0,Non-malignant disease,
2021_Stephenson_NatMed_COVID19|MH8919327,0.0,0.0,0.15126050420168066,0.0,0.0,0.0,0.8487394957983193,0.0,0.0,0.0,0.0,0.0,0.0,Non-malignant disease,
2023_Kong_Immunity_CD|N165697_L1,0.0,0.5921052631578947,0.3026315789473684,0.10526315789473684,0.0,0.0,0.0,0.0,0.0,0.0,0.0,0.0,0.0,Non-malignant disease,
2022_Guilliams_Cell_Liver|CS44,0.1410488245931284,0.16817359855334538,0.4719710669077758,0.0705244122965642,0.003616636528028933,0.014466546112115732,0.0,0.0,0.0,0.0,0.1301989150090416,0.0,0.0,Cancer_Metastasis,CRC
2021_Cheng_Cell_Myeloid|OV-P20181225-T,0.0,0.0,0.08130081300813008,0.024390243902439025,0.0,0.056910569105691054,0.0,0.0,0.0,0.08943089430894309,0.7479674796747967,0.0,0.0,Cancer_Tumor,OV-FTC
2020_Adams_SciAdv_IPF|157I-a,0.0,0.0,0.061855670103092786,0.27835051546391754,0.0,0.21649484536082475,0.0,0.05154639175257732,0.0,0.07216494845360824,0.31958762886597936,0.0,0.0,Non-malignant disease,
2023_Kumar_Nature_Breast|hbca_c44,0.0,0.0,0.0,0.057971014492753624,0.0,0.5072463768115942,0.0,0.0,0.0,0.0,0.43478260869565216,0.0,0.0,Cancer_Tumor,BRCA
2021_Ren_Cell_COVID|S-M005,0.7520661157024794,0.19008264462809918,0.05785123966942149,0.0,0.0,0.0,0.0,0.0,0.0,0.0,0.0,0.0,0.0,Non-malignant disease,
2021_Cheng_Cell_Myeloid|THCA-P20181226-T,0.0,0.0,0.0625,0.4625,0.0,0.0,0.0,0.2625,0.0,0.0,0.2125,0.0,0.0,Cancer_Tumor,THCA
2023_Wang_SciAdv_CRC|s0816_Liver_Metastasis,0.0,0.0,0.09848484848484848,0.0,0.06818181818181818,0.0,0.0,0.0,0.0,0.030303030303030304,0.803030303030303,0.0,0.0,Cancer_Metastasis,CRC
2020_Adams_SciAdv_IPF|222C,0.016666666666666666,0.0,0.18333333333333332,0.11666666666666667,0.0,0.1,0.0,0.0,0.0,0.0,0.5833333333333334,0.0,0.0,Control,
2022_Perez_Science_SLE|dmx_YE110,0.5972045743329097,0.2337992376111817,0.07496823379923762,0.0,0.0,0.0,0.0940279542566709,0.0,0.0,0.0,0.0,0.0,0.0,Non-malignant disease,
2023_Fonseca_NatGenet_Endometriosis|sample22,0.016666666666666666,0.2,0.15,0.16666666666666666,0.016666666666666666,0.0,0.0,0.0,0.0,0.0,0.26666666666666666,0.18333333333333332,0.0,Non-malignant disease,
2023_Lake_Nature_Kidney|AKI3010018,0.0,0.9107142857142857,0.08928571428571429,0.0,0.0,0.0,0.0,0.0,0.0,0.0,0.0,0.0,0.0,Non-malignant disease,
2023_Lake_Nature_Kidney|DKD2910012,0.0,0.8076923076923077,0.14743589743589744,0.0,0.0,0.04487179487179487,0.0,0.0,0.0,0.0,0.0,0.0,0.0,Non-malignant disease,
2021_Ren_Cell_COVID|S-M067,0.7441860465116279,0.22093023255813954,0.03488372093023256,0.0,0.0,0.0,0.0,0.0,0.0,0.0,0.0,0.0,0.0,Non-malignant disease,
2020_Adams_SciAdv_IPF|138I-a,0.0,0.0,0.0,0.09659090909090909,0.0,0.045454545454545456,0.0,0.07954545454545454,0.0,0.0,0.7784090909090909,0.0,0.0,Non-malignant disease,
2021_Hao_Cell_Blood|P2_5,0.6133333333333333,0.38666666666666666,0.0,0.0,0.0,0.0,0.0,0.0,0.0,0.0,0.0,0.0,0.0,Non-malignant disease,
2023_Fonseca_NatGenet_Endometriosis|sample20,0.0,0.6691176470588235,0.0,0.0,0.0,0.0,0.0,0.0,0.0,0.0,0.13970588235294118,0.19117647058823528,0.0,Non-malignant disease,
2020_Adams_SciAdv_IPF|022I,0.0,0.0,0.1506849315068493,0.0547945205479452,0.0,0.2328767123287671,0.0,0.0,0.0,0.0,0.5616438356164384,0.0,0.0,Non-malignant disease,
2023_Kong_Immunity_CD|N20_LP_B,0.0,0.5094339622641509,0.4339622641509434,0.0,0.0,0.05660377358490566,0.0,0.0,0.0,0.0,0.0,0.0,0.0,Control,
2022_Guilliams_Cell_Liver|CS87,0.053497942386831275,0.6255144032921811,0.27983539094650206,0.024691358024691357,0.01646090534979424,0.0,0.0,0.0,0.0,0.0,0.0,0.0,0.0,Cancer_Metastasis,CRC
2023_Hirz_NatComm_Prostate|GSM5494373_SCG-PCA18-T-LG,0.0,0.16666666666666666,0.1282051282051282,0.05128205128205128,0.0,0.0641025641025641,0.0,0.0,0.01282051282051282,0.01282051282051282,0.5641025641025641,0.0,0.0,Cancer_Tumor,PRC
2023_Kong_Immunity_CD|N166301_N2,0.0,1.0,0.0,0.0,0.0,0.0,0.0,0.0,0.0,0.0,0.0,0.0,0.0,Non-malignant disease,
2021_Ren_Cell_COVID|S-M030,0.6164383561643836,0.1506849315068493,0.0,0.0,0.2328767123287671,0.0,0.0,0.0,0.0,0.0,0.0,0.0,0.0,Non-malignant disease,
2022_Perez_Science_SLE|dmx_YS-JY-22_pool6,0.5115511551155115,0.3432343234323432,0.07755775577557755,0.0,0.0,0.0,0.06765676567656766,0.0,0.0,0.0,0.0,0.0,0.0,Control,
2020_Adams_SciAdv_IPF|193CO-a,0.0,0.0,0.13333333333333333,0.15,0.0,0.2833333333333333,0.0,0.0,0.03333333333333333,0.0,0.4,0.0,0.0,Non-malignant disease,
2023_Kong_Immunity_CD|N127693_L1,0.0,0.4722222222222222,0.4027777777777778,0.0,0.0,0.125,0.0,0.0,0.0,0.0,0.0,0.0,0.0,Non-malignant disease,
2021_Ren_Cell_COVID|S-S051,0.4696969696969697,0.07575757575757576,0.10606060606060606,0.0,0.09090909090909091,0.0,0.0,0.0,0.0,0.0,0.25757575757575757,0.0,0.0,Non-malignant disease,
2021_Stephenson_NatMed_COVID19|newcastle49,0.782608695652174,0.0,0.043478260869565216,0.0,0.0,0.0,0.17391304347826086,0.0,0.0,0.0,0.0,0.0,0.0,Non-malignant disease,
2021_Stephenson_NatMed_COVID19|MH8919333,0.5032258064516129,0.4032258064516129,0.0935483870967742,0.0,0.0,0.0,0.0,0.0,0.0,0.0,0.0,0.0,0.0,Control,
2020_Adams_SciAdv_IPF|010I,0.0,0.0,0.15151515151515152,0.35353535353535354,0.0,0.08080808080808081,0.0,0.0,0.030303030303030304,0.030303030303030304,0.35353535353535354,0.0,0.0,Non-malignant disease,
2021_Chan_CancerCell_SCLC|RU684_N,0.0,0.02666666666666667,0.08,0.13333333333333333,0.013333333333333334,0.06,0.0,0.44,0.0,0.0,0.24666666666666667,0.0,0.0,Cancer_AdjNorm,NSCLC
2020_Adams_SciAdv_IPF|098C-a,0.0,0.0,0.1111111111111111,0.011111111111111112,0.0,0.0,0.0,0.0,0.0,0.0,0.8777777777777778,0.0,0.0,Control,
2023_Fonseca_NatGenet_Endometriosis|sample5,0.0,0.515625,0.140625,0.171875,0.0,0.125,0.0,0.0,0.0,0.0,0.0,0.046875,0.0,Non-malignant disease,
2021_Stephenson_NatMed_COVID19|MH8919178,0.6206896551724138,0.3275862068965517,0.05172413793103448,0.0,0.0,0.0,0.0,0.0,0.0,0.0,0.0,0.0,0.0,Control,
2022_Madissoon_NatGenet_Lung|5841STDY7991477,0.0,0.0,0.0,0.08163265306122448,0.0,0.8979591836734694,0.0,0.01020408163265306,0.0,0.0,0.0,0.01020408163265306,0.0,Control,
2021_Stephenson_NatMed_COVID19|MH9143425,0.4189189189189189,0.3108108108108108,0.12162162162162163,0.0,0.0,0.0,0.14864864864864866,0.0,0.0,0.0,0.0,0.0,0.0,Non-malignant disease,
2022_Perez_Science_SLE|dmx_flare2,0.519650655021834,0.17903930131004367,0.08733624454148471,0.0,0.0,0.0,0.21397379912663755,0.0,0.0,0.0,0.0,0.0,0.0,Non-malignant disease,
2022_Guilliams_Cell_Liver|CISE08,0.009708737864077669,0.6601941747572816,0.2912621359223301,0.038834951456310676,0.0,0.0,0.0,0.0,0.0,0.0,0.0,0.0,0.0,Cancer_Metastasis,CRC
2023_Kumar_Nature_Breast|hbca_c73,0.0,0.0,0.19480519480519481,0.0,0.0,0.12987012987012986,0.0,0.0,0.012987012987012988,0.0,0.6623376623376623,0.0,0.0,Control,
2021_Cheng_Cell_Myeloid|THCA-P20190108-N,0.0684931506849315,0.02054794520547945,0.2534246575342466,0.0,0.06164383561643835,0.1506849315068493,0.0,0.0,0.0,0.0547945205479452,0.3904109589041096,0.0,0.0,Cancer_AdjNorm,THCA
2023_Kumar_Nature_Breast|hbca_c87,0.0,0.02702702702702703,0.17117117117117117,0.16216216216216217,0.0,0.0,0.0,0.0,0.0,0.0,0.6396396396396397,0.0,0.0,Control,
2021_Cheng_Cell_Myeloid|ESCA-P20190613-N,0.0,0.03125,0.21875,0.03125,0.078125,0.0,0.0,0.109375,0.0,0.0,0.53125,0.0,0.0,Cancer_AdjNorm,ESCA
2021_Ren_Cell_COVID|S-HC013,0.3445378151260504,0.5714285714285714,0.04201680672268908,0.0,0.0,0.0,0.04201680672268908,0.0,0.0,0.0,0.0,0.0,0.0,Control,
2021_Stephenson_NatMed_COVID19|MH9143326,0.36470588235294116,0.0,0.023529411764705882,0.011764705882352941,0.0,0.0,0.6,0.0,0.0,0.0,0.0,0.0,0.0,Non-malignant disease,
2021_Stephenson_NatMed_COVID19|MH9143426,0.18032786885245902,0.13114754098360656,0.06557377049180328,0.0,0.0,0.0,0.5901639344262295,0.0,0.0,0.03278688524590164,0.0,0.0,0.0,Non-malignant disease,
2022_Perez_Science_SLE|dmx_count_AHCM2CDMXX_YE_0831,0.7005347593582888,0.21212121212121213,0.0873440285204991,0.0,0.0,0.0,0.0,0.0,0.0,0.0,0.0,0.0,0.0,Control,
2021_Stephenson_NatMed_COVID19|MH9143427,0.26717557251908397,0.0,0.22137404580152673,0.0,0.0,0.0,0.5114503816793893,0.0,0.0,0.0,0.0,0.0,0.0,Non-malignant disease,
2021_Ren_Cell_COVID|S-S067,0.6119402985074627,0.08955223880597014,0.08955223880597014,0.0,0.04477611940298507,0.0,0.11940298507462686,0.0,0.0,0.04477611940298507,0.0,0.0,0.0,Non-malignant disease,
2020_Adams_SciAdv_IPF|152CO-a,0.023255813953488372,0.0,0.3023255813953488,0.0,0.0,0.08527131782945736,0.0,0.0,0.0,0.007751937984496124,0.5813953488372093,0.0,0.0,Non-malignant disease,
2020_Adams_SciAdv_IPF|193CO-b,0.019230769230769232,0.0,0.15384615384615385,0.038461538461538464,0.0,0.21153846153846154,0.0,0.0,0.0,0.057692307692307696,0.5192307692307693,0.0,0.0,Non-malignant disease,
2021_Stephenson_NatMed_COVID19|MH9143277,0.6694915254237288,0.15254237288135594,0.05084745762711865,0.0,0.0,0.0,0.1271186440677966,0.0,0.0,0.0,0.0,0.0,0.0,Non-malignant disease,
2020_Adams_SciAdv_IPF|238CO,0.0,0.0,0.358974358974359,0.0,0.0,0.10256410256410256,0.0,0.02564102564102564,0.0,0.02564102564102564,0.48717948717948717,0.0,0.0,Non-malignant disease,
2023_Terekhova_Immunity_PBMC|M20,0.7777777777777778,0.2222222222222222,0.0,0.0,0.0,0.0,0.0,0.0,0.0,0.0,0.0,0.0,0.0,Control,
2023_Kong_Immunity_CD|N171336_L1,0.0,0.373134328358209,0.6268656716417911,0.0,0.0,0.0,0.0,0.0,0.0,0.0,0.0,0.0,0.0,Non-malignant disease,
2023_Kong_Immunity_CD|I178961_L,0.05555555555555555,0.35185185185185186,0.42592592592592593,0.0,0.0,0.037037037037037035,0.0,0.0,0.037037037037037035,0.037037037037037035,0.05555555555555555,0.0,0.0,Non-malignant disease,
2022_Kumar_CancerDis_Gastric|GSM5573468_sample3,0.0,0.045454545454545456,0.07575757575757576,0.4696969696969697,0.015151515151515152,0.09090909090909091,0.0,0.030303030303030304,0.0,0.09090909090909091,0.10606060606060606,0.07575757575757576,0.0,Cancer_Tumor,GC
2023_Hirz_NatComm_Prostate|GSM5494372_SCG-PCA18-N-LG,0.0,0.3230769230769231,0.046153846153846156,0.15384615384615385,0.015384615384615385,0.0,0.0,0.0,0.07692307692307693,0.0,0.38461538461538464,0.0,0.0,Cancer_AdjNorm,PRC
2023_Lake_Nature_Kidney|DKD2910006a,0.0,0.4827586206896552,0.034482758620689655,0.4827586206896552,0.0,0.0,0.0,0.0,0.0,0.0,0.0,0.0,0.0,Non-malignant disease,
2021_Ren_Cell_COVID|S-M036-1,0.33727810650887574,0.5680473372781065,0.05325443786982249,0.0,0.0,0.0,0.04142011834319527,0.0,0.0,0.0,0.0,0.0,0.0,Non-malignant disease,
2021_Pal_EMBO_Breast|GSM4909288_TN-B1-MH0177,0.0,0.032,0.144,0.048,0.0,0.324,0.116,0.276,0.0,0.032,0.028,0.0,0.0,Cancer_Tumor,BRCA
2021_Pelka_Cell_CRC|C125_T_1_1_1_c1_v2,0.014285714285714285,0.12857142857142856,0.05714285714285714,0.07142857142857142,0.0,0.6285714285714286,0.0,0.0,0.08571428571428572,0.014285714285714285,0.0,0.0,0.0,Cancer_Tumor,CRC
2021_Pal_EMBO_Breast|GSM4909281_TN-MH0126,0.0673076923076923,0.0,0.11538461538461539,0.5384615384615384,0.0,0.15384615384615385,0.009615384615384616,0.07692307692307693,0.0,0.038461538461538464,0.0,0.0,0.0,Cancer_Tumor,BRCA
2023_Kong_Immunity_CD|N130084_L,0.0,0.04411764705882353,0.5588235294117647,0.04411764705882353,0.0,0.0,0.0,0.0,0.0,0.0,0.10294117647058823,0.25,0.0,Non-malignant disease,
2021_Zheng_Science_TIL|UCEC_P20190911_N,0.0,0.0,0.1244343891402715,0.0,0.0,0.04072398190045249,0.0,0.0,0.00904977375565611,0.0,0.8257918552036199,0.0,0.0,Cancer_AdjNorm,EC
2023_Kong_Immunity_CD|H158108_N3,0.0,0.37037037037037035,0.42592592592592593,0.0,0.0,0.2037037037037037,0.0,0.0,0.0,0.0,0.0,0.0,0.0,Control,
2023_Kong_Immunity_CD|N172428_L1,0.0,0.7853107344632768,0.2033898305084746,0.0,0.011299435028248588,0.0,0.0,0.0,0.0,0.0,0.0,0.0,0.0,Non-malignant disease,
2021_Ren_Cell_COVID|S-M053,0.7076923076923077,0.2153846153846154,0.046153846153846156,0.0,0.03076923076923077,0.0,0.0,0.0,0.0,0.0,0.0,0.0,0.0,Non-malignant disease,
2023_Lake_Nature_Kidney|DKD2910011,0.0,0.8571428571428571,0.11428571428571428,0.0,0.0,0.0,0.02857142857142857,0.0,0.0,0.0,0.0,0.0,0.0,Non-malignant disease,
2023_Kumar_Nature_Breast|hbca_c127,0.0,0.0,0.07291666666666667,0.0,0.0,0.07291666666666667,0.0,0.0,0.0,0.020833333333333332,0.8333333333333334,0.0,0.0,Control,
2021_Pelka_Cell_CRC|C125_T_1_1_1_c2_v2,0.06666666666666667,0.15,0.0,0.05,0.0,0.6,0.0,0.0,0.11666666666666667,0.0,0.016666666666666666,0.0,0.0,Cancer_Tumor,CRC
2022_Guilliams_Cell_Liver|CS111,0.0,0.2033898305084746,0.3220338983050847,0.15254237288135594,0.0,0.0,0.0,0.0,0.0,0.0,0.1864406779661017,0.13559322033898305,0.0,Non-malignant disease,
2022_Kumar_CancerDis_Gastric|GSM5573492_sample27,0.0,0.0,0.17938931297709923,0.0,0.0,0.33587786259541985,0.0,0.0,0.03435114503816794,0.0,0.011450381679389313,0.4389312977099237,0.0,Cancer_AdjNorm,GC
2021_Ren_Cell_COVID|S-HC015,0.4537037037037037,0.46296296296296297,0.05555555555555555,0.0,0.0,0.0,0.027777777777777776,0.0,0.0,0.0,0.0,0.0,0.0,Control,
2023_Kumar_Nature_Breast|hbca_c77,0.0,0.0,0.07216494845360824,0.0,0.061855670103092786,0.0,0.0,0.0,0.0,0.0,0.865979381443299,0.0,0.0,Control,
2020_Adams_SciAdv_IPF|186CO-b,0.0,0.0,0.19318181818181818,0.045454545454545456,0.0,0.09090909090909091,0.0,0.0,0.022727272727272728,0.03409090909090909,0.6136363636363636,0.0,0.0,Non-malignant disease,
2021_Zheng_Science_TIL|KIDNEY_P20190925_N,0.0,0.01639344262295082,0.14754098360655737,0.19672131147540983,0.13114754098360656,0.0,0.0,0.0,0.0,0.0,0.5081967213114754,0.0,0.0,Cancer_AdjNorm,RCC
2023_Kong_Immunity_CD|I130084_L,0.0,0.018518518518518517,0.4444444444444444,0.0,0.0,0.2962962962962963,0.0,0.0,0.07407407407407407,0.0,0.1111111111111111,0.018518518518518517,0.037037037037037035,Non-malignant disease,
2021_Hao_Cell_Blood|P3_3,0.43103448275862066,0.46551724137931033,0.08620689655172414,0.0,0.0,0.0,0.017241379310344827,0.0,0.0,0.0,0.0,0.0,0.0,Control,
2023_Kumar_Nature_Breast|hbca_c55,0.0,0.10294117647058823,0.14705882352941177,0.0,0.014705882352941176,0.11764705882352941,0.0,0.0,0.0,0.0,0.6176470588235294,0.0,0.0,Control,
2023_Terekhova_Immunity_PBMC|M14,0.7017543859649122,0.19298245614035087,0.10526315789473684,0.0,0.0,0.0,0.0,0.0,0.0,0.0,0.0,0.0,0.0,Control,
2021_Ren_Cell_COVID|S-M017,0.35294117647058826,0.3137254901960784,0.0,0.0,0.0,0.0,0.3333333333333333,0.0,0.0,0.0,0.0,0.0,0.0,Non-malignant disease,
2023_Wang_SciAdv_CRC|s1125_Liver_Metastasis,0.0,0.0,0.0,0.208955223880597,0.06716417910447761,0.0,0.0,0.0,0.0,0.0,0.7238805970149254,0.0,0.0,Cancer_Metastasis,CRC
2023_Hirz_NatComm_Prostate|GSM5494380_SCG-PCA24-N-CplusD,0.0,0.028985507246376812,0.30434782608695654,0.07246376811594203,0.07246376811594203,0.0,0.0,0.0,0.028985507246376812,0.0,0.4927536231884058,0.0,0.0,Cancer_AdjNorm,PRC
2021_Stephenson_NatMed_COVID19|MH9143274,0.8656716417910447,0.08955223880597014,0.04477611940298507,0.0,0.0,0.0,0.0,0.0,0.0,0.0,0.0,0.0,0.0,Non-malignant disease,
2021_Ren_Cell_COVID|S-M021,0.5862068965517241,0.3275862068965517,0.0,0.0,0.0,0.0,0.08620689655172414,0.0,0.0,0.0,0.0,0.0,0.0,Non-malignant disease,
2021_Wu_NatGenet_Breast|CID4398,0.0379746835443038,0.0,0.2911392405063291,0.16455696202531644,0.0,0.26582278481012656,0.02531645569620253,0.0,0.0,0.0,0.21518987341772153,0.0,0.0,Cancer_Tumor,BRCA
2021_Ren_Cell_COVID|S-M061-2,0.6164383561643836,0.1232876712328767,0.2191780821917808,0.0,0.0,0.0,0.0410958904109589,0.0,0.0,0.0,0.0,0.0,0.0,Non-malignant disease,
2023_Kumar_Nature_Breast|hbca_c146,0.0,0.0,0.1377245508982036,0.07784431137724551,0.0,0.0,0.0,0.0,0.0,0.0,0.7844311377245509,0.0,0.0,Control,
2022_Kumar_CancerDis_Gastric|GSM5573489_sample24,0.0,0.08928571428571429,0.10714285714285714,0.0,0.0,0.30357142857142855,0.0,0.0,0.17857142857142858,0.03571428571428571,0.25,0.03571428571428571,0.0,Cancer_Tumor,GC
2021_Ren_Cell_COVID|S-S041,0.08791208791208792,0.16483516483516483,0.0,0.0,0.02197802197802198,0.0,0.0,0.0,0.0,0.0,0.7252747252747253,0.0,0.0,Non-malignant disease,
2023_Kong_Immunity_CD|N171336_L2,0.0,0.6885245901639344,0.23770491803278687,0.0,0.0,0.05737704918032787,0.0,0.0,0.01639344262295082,0.0,0.0,0.0,0.0,Non-malignant disease,
2021_Cheng_Cell_Myeloid|ESCA-P20181114-T,0.0,0.08928571428571429,0.07142857142857142,0.08928571428571429,0.0,0.125,0.0,0.0,0.0,0.125,0.5,0.0,0.0,Cancer_Tumor,ESCA
2021_Stephenson_NatMed_COVID19|MH8919177,0.5576923076923077,0.36538461538461536,0.07692307692307693,0.0,0.0,0.0,0.0,0.0,0.0,0.0,0.0,0.0,0.0,Control,
2023_Kumar_Nature_Breast|hbca_c81,0.0,0.0,0.0,0.0,0.0,0.0,0.0,0.0,0.0,0.0,1.0,0.0,0.0,Control,
2023_Terekhova_Immunity_PBMC|L10,0.5398230088495575,0.40707964601769914,0.05309734513274336,0.0,0.0,0.0,0.0,0.0,0.0,0.0,0.0,0.0,0.0,Control,
2021_Ren_Cell_COVID|S-HC009,0.6538461538461539,0.2692307692307692,0.057692307692307696,0.0,0.0,0.0,0.0,0.0,0.0,0.019230769230769232,0.0,0.0,0.0,Control,
2023_Kong_Immunity_CD|N125985_L1,0.0,0.6666666666666666,0.3333333333333333,0.0,0.0,0.0,0.0,0.0,0.0,0.0,0.0,0.0,0.0,Non-malignant disease,
2021_Zheng_Science_TIL|KIDNEY_P20190923_T,0.0,0.0,0.0436241610738255,0.46308724832214765,0.0,0.030201342281879196,0.0,0.0,0.0,0.0,0.46308724832214765,0.0,0.0,Cancer_Tumor,RCC
2023_Fonseca_NatGenet_Endometriosis|sample15,0.0,0.0,0.1935483870967742,0.0,0.0,0.0,0.0,0.0,0.016129032258064516,0.0,0.7903225806451613,0.0,0.0,Non-malignant disease,
2022_Perez_Science_SLE|dmx_YE_8-17,0.63915857605178,0.21197411003236247,0.09223300970873786,0.0,0.0,0.0,0.05663430420711974,0.0,0.0,0.0,0.0,0.0,0.0,Non-malignant disease,
2022_Kumar_CancerDis_Gastric|GSM5573479_sample14,0.0,0.26785714285714285,0.26785714285714285,0.0,0.017857142857142856,0.26785714285714285,0.0,0.0,0.0,0.0,0.14285714285714285,0.03571428571428571,0.0,Cancer_Tumor,GC
2023_Wang_SciAdv_CRC|s0813_Liver_Metastasis,0.0,0.0,0.1506849315068493,0.3013698630136986,0.0273972602739726,0.2054794520547945,0.0273972602739726,0.0,0.0273972602739726,0.0,0.2602739726027397,0.0,0.0,Cancer_Metastasis,CRC
2020_Adams_SciAdv_IPF|192CO-a,0.0,0.0,0.2823529411764706,0.11764705882352941,0.0,0.1411764705882353,0.0,0.0,0.011764705882352941,0.03529411764705882,0.4117647058823529,0.0,0.0,Non-malignant disease,
2022_Zhou_NatGenet_PDAC|TWCE-HT060P1-S1PBA1A1Z1B1,0.0,0.06060606060606061,0.13636363636363635,0.30303030303030304,0.0,0.0,0.0,0.06060606060606061,0.18181818181818182,0.0,0.09090909090909091,0.16666666666666666,0.0,Cancer_Tumor,PC
2022_Zhou_NatGenet_PDAC|HT056P-S1PBA3,0.0,0.0,0.05555555555555555,0.3472222222222222,0.013888888888888888,0.0,0.0,0.0,0.0,0.0,0.5833333333333334,0.0,0.0,Cancer_Tumor,PC
2023_Terekhova_Immunity_PBMC|G04,0.35185185185185186,0.6481481481481481,0.0,0.0,0.0,0.0,0.0,0.0,0.0,0.0,0.0,0.0,0.0,Control,
2022_Perez_Science_SLE|dmx_AbFlare-4,0.5069306930693069,0.24158415841584158,0.08514851485148515,0.0,0.0,0.0,0.16633663366336635,0.0,0.0,0.0,0.0,0.0,0.0,Non-malignant disease,
2023_Fonseca_NatGenet_Endometriosis|sample18,0.01098901098901099,0.7197802197802198,0.2032967032967033,0.0,0.0,0.0,0.0,0.0,0.0,0.0,0.0,0.06593406593406594,0.0,Non-malignant disease,
2022_Guilliams_Cell_Liver|CISE09,0.09848484848484848,0.48484848484848486,0.3560606060606061,0.06060606060606061,0.0,0.0,0.0,0.0,0.0,0.0,0.0,0.0,0.0,Cancer_Metastasis,CRC
2023_Kong_Immunity_CD|N104152_N,0.0,0.8842105263157894,0.11578947368421053,0.0,0.0,0.0,0.0,0.0,0.0,0.0,0.0,0.0,0.0,Non-malignant disease,
2021_Zheng_Science_TIL|UCEC_P20190910_T,0.0,0.015706806282722512,0.16230366492146597,0.450261780104712,0.0,0.10471204188481675,0.0,0.010471204188481676,0.05759162303664921,0.0,0.13612565445026178,0.06282722513089005,0.0,Cancer_Tumor,EC
2021_Chan_CancerCell_SCLC|RU661_T,0.0,0.0,0.16326530612244897,0.32142857142857145,0.0,0.0,0.0,0.09183673469387756,0.0663265306122449,0.05102040816326531,0.30612244897959184,0.0,0.0,Cancer_Tumor,NSCLC
2020_Adams_SciAdv_IPF|439C-b,0.0,0.0,0.05660377358490566,0.07547169811320754,0.0,0.0,0.0,0.0,0.03773584905660377,0.0,0.8301886792452831,0.0,0.0,Control,
2023_Wang_SciAdv_CRC|s1125_Colon_AdjNorm,0.0,0.0,0.19753086419753085,0.16049382716049382,0.012345679012345678,0.0,0.0,0.0,0.0,0.0,0.6296296296296297,0.0,0.0,Cancer_AdjNorm,CRC
2021_Stephenson_NatMed_COVID19|MH8919282,0.6516129032258065,0.25161290322580643,0.05161290322580645,0.0,0.0,0.0,0.04516129032258064,0.0,0.0,0.0,0.0,0.0,0.0,Control,
2021_Stephenson_NatMed_COVID19|MH8919332,0.656934306569343,0.2846715328467153,0.0364963503649635,0.0,0.0,0.0,0.021897810218978103,0.0,0.0,0.0,0.0,0.0,0.0,Control,
2020_Adams_SciAdv_IPF|158I-b,0.0,0.0,0.1935483870967742,0.3978494623655914,0.0,0.0967741935483871,0.0,0.03225806451612903,0.0,0.0,0.27956989247311825,0.0,0.0,Non-malignant disease,
2022_Guilliams_Cell_Liver|CS108,0.08421052631578947,0.24210526315789474,0.21052631578947367,0.4631578947368421,0.0,0.0,0.0,0.0,0.0,0.0,0.0,0.0,0.0,Cancer_Tumor,HCC
2020_Adams_SciAdv_IPF|184CO-a,0.0,0.0,0.21238938053097345,0.0,0.0,0.168141592920354,0.0,0.0,0.0,0.035398230088495575,0.584070796460177,0.0,0.0,Non-malignant disease,
2023_Fonseca_NatGenet_Endometriosis|sample27,0.0,0.023809523809523808,0.12698412698412698,0.03968253968253968,0.07936507936507936,0.0,0.0,0.0,0.0,0.0,0.626984126984127,0.10317460317460317,0.0,Non-malignant disease,
2021_Stephenson_NatMed_COVID19|MH9143422,0.5252525252525253,0.12121212121212122,0.13131313131313133,0.0,0.0,0.0,0.2222222222222222,0.0,0.0,0.0,0.0,0.0,0.0,Non-malignant disease,
2021_Elmentaite_Nature_Intestine|4918STDY7901096,0.03488372093023256,0.1511627906976744,0.29069767441860467,0.0,0.0,0.4883720930232558,0.0,0.0,0.03488372093023256,0.0,0.0,0.0,0.0,Non-malignant disease,
2020_Adams_SciAdv_IPF|003C,0.0,0.0,0.18584070796460178,0.20353982300884957,0.0,0.05309734513274336,0.0,0.0,0.0,0.05309734513274336,0.504424778761062,0.0,0.0,Control,
2021_Stephenson_NatMed_COVID19|MH9143322,0.9104477611940298,0.04477611940298507,0.04477611940298507,0.0,0.0,0.0,0.0,0.0,0.0,0.0,0.0,0.0,0.0,Non-malignant disease,
2023_Terekhova_Immunity_PBMC|B06,0.7692307692307693,0.1346153846153846,0.09615384615384616,0.0,0.0,0.0,0.0,0.0,0.0,0.0,0.0,0.0,0.0,Control,
2023_Fonseca_NatGenet_Endometriosis|sample32,0.0,0.0,0.5901639344262295,0.26229508196721313,0.0,0.0,0.0,0.0,0.0,0.0,0.08196721311475409,0.06557377049180328,0.0,Non-malignant disease,
2020_Adams_SciAdv_IPF|237CO,0.0,0.0,0.24870466321243523,0.0,0.0,0.025906735751295335,0.0,0.0,0.0,0.0,0.7253886010362695,0.0,0.0,Non-malignant disease,
2020_Adams_SciAdv_IPF|222I-a,0.0,0.03636363636363636,0.10909090909090909,0.2,0.0,0.12727272727272726,0.0,0.03636363636363636,0.03636363636363636,0.07272727272727272,0.38181818181818183,0.0,0.0,Non-malignant disease,
2020_Adams_SciAdv_IPF|454C,0.02127659574468085,0.0,0.06382978723404255,0.0425531914893617,0.0,0.09574468085106383,0.0,0.0,0.0,0.0,0.776595744680851,0.0,0.0,Control,
2023_Kumar_Nature_Breast|hbca_c120,0.03076923076923077,0.0,0.09230769230769231,0.0,0.0,0.0,0.0,0.0,0.0,0.0,0.8769230769230769,0.0,0.0,Cancer_Tumor,BRCA
2023_Wang_SciAdv_CRC|s1231_Colon_AdjNorm,0.0,0.0,0.203125,0.234375,0.296875,0.109375,0.0,0.0,0.0,0.0,0.15625,0.0,0.0,Cancer_AdjNorm,CRC
2023_Lake_Nature_Kidney|AKI3210074,0.0,0.6381909547738693,0.15577889447236182,0.10552763819095477,0.0,0.10050251256281408,0.0,0.0,0.0,0.0,0.0,0.0,0.0,Non-malignant disease,
2020_Adams_SciAdv_IPF|226C-a,0.0,0.0,0.14942528735632185,0.0,0.0,0.05747126436781609,0.0,0.0,0.0,0.04597701149425287,0.7471264367816092,0.0,0.0,Control,
2023_Terekhova_Immunity_PBMC|N20,0.5087719298245614,0.3684210526315789,0.12280701754385964,0.0,0.0,0.0,0.0,0.0,0.0,0.0,0.0,0.0,0.0,Control,
2022_Perez_Science_SLE|dmx_YE_8-2,0.552054794520548,0.33835616438356164,0.08904109589041095,0.0,0.0,0.0,0.02054794520547945,0.0,0.0,0.0,0.0,0.0,0.0,Non-malignant disease,
2020_Adams_SciAdv_IPF|135I-b,0.0,0.0,0.0,0.006993006993006993,0.0,0.0979020979020979,0.0,0.04195804195804196,0.0,0.027972027972027972,0.8251748251748252,0.0,0.0,Non-malignant disease,
2023_Terekhova_Immunity_PBMC|T08,0.5932203389830508,0.3898305084745763,0.0,0.0,0.0,0.0,0.01694915254237288,0.0,0.0,0.0,0.0,0.0,0.0,Control,
2022_Guilliams_Cell_Liver|CS46,0.0,0.6377358490566037,0.33584905660377357,0.0,0.0,0.026415094339622643,0.0,0.0,0.0,0.0,0.0,0.0,0.0,Cancer_Tumor,HCA
2023_Kong_Immunity_CD|N46_LP_B,0.00980392156862745,0.29411764705882354,0.3627450980392157,0.17647058823529413,0.0196078431372549,0.058823529411764705,0.0,0.0,0.0,0.0,0.0196078431372549,0.0,0.058823529411764705,Control,
2021_Stephenson_NatMed_COVID19|AP11,0.0,0.0,0.0,0.0,0.0,0.0,1.0,0.0,0.0,0.0,0.0,0.0,0.0,Non-malignant disease,
2022_Zhou_NatGenet_PDAC|HT061P1-S1PAA1A1Z1_1B2_1,0.0,0.05555555555555555,0.05555555555555555,0.5,0.0,0.0,0.0,0.0,0.05555555555555555,0.0,0.3333333333333333,0.0,0.0,Cancer_Tumor,PC
2023_Terekhova_Immunity_PBMC|P10,0.6759259259259259,0.28703703703703703,0.037037037037037035,0.0,0.0,0.0,0.0,0.0,0.0,0.0,0.0,0.0,0.0,Control,
2021_Cheng_Cell_Myeloid|RC-P20190918-T,0.0,0.0,0.06633601983880967,0.31308121512709236,0.0,0.050216986980781156,0.0,0.0,0.0006199628022318661,0.0,0.5697458152510849,0.0,0.0,Cancer_Tumor,RCC
2021_Cheng_Cell_Myeloid|ESCA-P20190411-T,0.0,0.0,0.028985507246376812,0.3188405797101449,0.0,0.2463768115942029,0.0,0.0,0.0,0.028985507246376812,0.18840579710144928,0.18840579710144928,0.0,Cancer_Tumor,ESCA
2023_Wang_SciAdv_CRC|s0813_Liver_AdjNorm,0.0,0.0,0.28859060402684567,0.12751677852348994,0.28859060402684567,0.0,0.0,0.0,0.0,0.026845637583892617,0.2684563758389262,0.0,0.0,Cancer_AdjNorm,CRC
2021_Cheng_Cell_Myeloid|UCEC-P20190911-N,0.0,0.0,0.12557077625570776,0.0,0.0,0.0410958904109589,0.0,0.0,0.01598173515981735,0.0,0.817351598173516,0.0,0.0,Cancer_AdjNorm,EC
2021_Cheng_Cell_Myeloid|THCA-P20190122-T,0.0,0.0,0.049019607843137254,0.6176470588235294,0.0,0.0,0.0,0.0392156862745098,0.0,0.0,0.29411764705882354,0.0,0.0,Cancer_Tumor,THCA
2022_TabulaSapiens_Science_TabulaSapiens|TSP2_Bladder_nan_10X,0.0,0.0,0.22950819672131148,0.01639344262295082,0.0,0.09836065573770492,0.0,0.0,0.0,0.0,0.6557377049180327,0.0,0.0,Control,
2023_Kumar_Nature_Breast|hbca_c133,0.0,0.0,0.14754098360655737,0.0,0.0,0.0,0.0,0.0,0.0,0.0,0.8524590163934426,0.0,0.0,Control,
2021_Cheng_Cell_Myeloid|THCA-P20190108-T,0.0,0.0,0.17272727272727273,0.5363636363636364,0.0,0.09090909090909091,0.045454545454545456,0.0,0.0,0.0,0.15454545454545454,0.0,0.0,Cancer_Tumor,THCA
2023_Kong_Immunity_CD|N119540_L1,0.02197802197802198,0.7582417582417582,0.054945054945054944,0.054945054945054944,0.02197802197802198,0.0,0.0,0.0,0.08791208791208792,0.0,0.0,0.0,0.0,Non-malignant disease,
2022_Madissoon_NatGenet_Lung|WSSS8123926,0.018518518518518517,0.1111111111111111,0.05555555555555555,0.2777777777777778,0.0,0.2037037037037037,0.0,0.05555555555555555,0.018518518518518517,0.0,0.0,0.24074074074074073,0.018518518518518517,Control,
2023_Kumar_Nature_Breast|hbca_c92,0.0,0.03296703296703297,0.0989010989010989,0.0,0.0,0.0,0.0,0.0,0.0,0.03296703296703297,0.8351648351648352,0.0,0.0,Control,
2022_Madissoon_NatGenet_Lung|WSSS8062682,0.0,0.04918032786885246,0.4426229508196721,0.01639344262295082,0.0,0.04918032786885246,0.0,0.0,0.0,0.0,0.4426229508196721,0.0,0.0,Control,
2023_Kumar_Nature_Breast|hbca_c157,0.0,0.0,0.13675213675213677,0.0,0.0,0.0,0.0,0.0,0.0,0.0,0.8632478632478633,0.0,0.0,Cancer_Tumor,BRCA
2020_Adams_SciAdv_IPF|179I,0.0,0.0,0.092,0.048,0.0,0.096,0.0,0.032,0.04,0.0,0.692,0.0,0.0,Non-malignant disease,
2023_Kumar_Nature_Breast|hbca_c26,0.0,0.0,0.0,0.0,0.0,1.0,0.0,0.0,0.0,0.0,0.0,0.0,0.0,Control,
2021_Ren_Cell_COVID|S-S053,0.3333333333333333,0.10526315789473684,0.38596491228070173,0.0,0.10526315789473684,0.0,0.0,0.0,0.0,0.0,0.05263157894736842,0.0,0.017543859649122806,Non-malignant disease,
2021_Ren_Cell_COVID|S-S056,0.0,0.0,0.0,0.0,0.0,0.0,1.0,0.0,0.0,0.0,0.0,0.0,0.0,Non-malignant disease,
2021_Pal_EMBO_Breast|GSM4909305_ER-MH0029-7C,0.0,0.484375,0.25,0.15625,0.015625,0.09375,0.0,0.0,0.0,0.0,0.0,0.0,0.0,Cancer_Tumor,BRCA
2023_Kumar_Nature_Breast|hbca_c83,0.0,0.0,0.1,0.0,0.0,0.0,0.0,0.0,0.0,0.0,0.9,0.0,0.0,Control,
2021_Ren_Cell_COVID|S-S065,0.9152542372881356,0.0847457627118644,0.0,0.0,0.0,0.0,0.0,0.0,0.0,0.0,0.0,0.0,0.0,Non-malignant disease,
2021_Stephenson_NatMed_COVID19|MH9143420,0.5827814569536424,0.3509933774834437,0.046357615894039736,0.0,0.0,0.0,0.019867549668874173,0.0,0.0,0.0,0.0,0.0,0.0,Non-malignant disease,
2021_Zheng_Science_TIL|THCA_P20190108_T,0.009708737864077669,0.0,0.18446601941747573,0.46601941747572817,0.0,0.0970873786407767,0.04854368932038835,0.0,0.0,0.0,0.1941747572815534,0.0,0.0,Cancer_Tumor,THCA
2021_Hao_Cell_Blood|P4_5,0.5238095238095238,0.42857142857142855,0.047619047619047616,0.0,0.0,0.0,0.0,0.0,0.0,0.0,0.0,0.0,0.0,Non-malignant disease,
2023_Terekhova_Immunity_PBMC|C05,0.5666666666666667,0.43333333333333335,0.0,0.0,0.0,0.0,0.0,0.0,0.0,0.0,0.0,0.0,0.0,Control,
2021_Ren_Cell_COVID|S-HC017,0.45714285714285713,0.41904761904761906,0.06666666666666667,0.0,0.0,0.0,0.05714285714285714,0.0,0.0,0.0,0.0,0.0,0.0,Control,
2021_Cheng_Cell_Myeloid|RC-P20190918-N,0.06930693069306931,0.0,0.1485148514851485,0.22772277227722773,0.06930693069306931,0.0,0.0,0.0,0.0,0.0,0.48514851485148514,0.0,0.0,Cancer_AdjNorm,RCC
2021_Ren_Cell_COVID|S-M020,0.4225352112676056,0.49295774647887325,0.08450704225352113,0.0,0.0,0.0,0.0,0.0,0.0,0.0,0.0,0.0,0.0,Non-malignant disease,
2021_Ren_Cell_COVID|S-S038,0.017857142857142856,0.0,0.07142857142857142,0.0,0.017857142857142856,0.0,0.7678571428571429,0.0,0.0,0.05357142857142857,0.07142857142857142,0.0,0.0,Non-malignant disease,
2023_Kong_Immunity_CD|N195045_L2,0.009174311926605505,0.7614678899082569,0.08256880733944955,0.07339449541284404,0.07339449541284404,0.0,0.0,0.0,0.0,0.0,0.0,0.0,0.0,Non-malignant disease,
2020_Adams_SciAdv_IPF|484C,0.0,0.0,0.13636363636363635,0.10606060606060606,0.0,0.0,0.0,0.0,0.015151515151515152,0.0,0.7424242424242424,0.0,0.0,Control,
2021_Ren_Cell_COVID|S-S085-2,0.8245614035087719,0.12280701754385964,0.05263157894736842,0.0,0.0,0.0,0.0,0.0,0.0,0.0,0.0,0.0,0.0,Non-malignant disease,
2022_Perez_Science_SLE|dmx_AbFlare-3,0.6443514644351465,0.23221757322175732,0.07322175732217573,0.0,0.0,0.0,0.0502092050209205,0.0,0.0,0.0,0.0,0.0,0.0,Non-malignant disease,
2022_Zhou_NatGenet_PDAC|HT288P1-S1H4Fc2A2N1Z1_1Bmn1_1,0.0,0.018518518518518517,0.48148148148148145,0.05555555555555555,0.0,0.24074074074074073,0.0,0.0,0.2037037037037037,0.0,0.0,0.0,0.0,Cancer_Tumor,PC
2021_Pelka_Cell_CRC|C140_T_1_1_1_c1_v2,0.11764705882352941,0.0784313725490196,0.0,0.47058823529411764,0.0,0.2549019607843137,0.0,0.0,0.0,0.0784313725490196,0.0,0.0,0.0,Cancer_Tumor,CRC
2022_Kumar_CancerDis_Gastric|GSM5573480_sample15,0.0,0.017543859649122806,0.3157894736842105,0.08771929824561403,0.0,0.08771929824561403,0.0,0.0,0.0,0.15789473684210525,0.3333333333333333,0.0,0.0,Cancer_Tumor,GC
2020_Adams_SciAdv_IPF|178CO,0.0,0.0,0.5196850393700787,0.10236220472440945,0.0,0.07874015748031496,0.0,0.0,0.031496062992125984,0.0,0.2677165354330709,0.0,0.0,Non-malignant disease,
2021_Cheng_Cell_Myeloid|UCEC-P20190911-T,0.0,0.0,0.057569296375266525,0.0,0.0,0.15778251599147122,0.0,0.0,0.0,0.0,0.7846481876332623,0.0,0.0,Cancer_Tumor,EC
2021_Cheng_Cell_Myeloid|UCEC-P20190910-T,0.0,0.011583011583011582,0.11969111969111969,0.4517374517374517,0.0,0.07722007722007722,0.0,0.007722007722007722,0.04247104247104247,0.0,0.23166023166023167,0.05791505791505792,0.0,Cancer_Tumor,EC
2021_Ren_Cell_COVID|S-S048,0.5769230769230769,0.21794871794871795,0.15384615384615385,0.0,0.02564102564102564,0.0,0.0,0.0,0.0,0.0,0.02564102564102564,0.0,0.0,Non-malignant disease,
2022_Emont_Nature_WAT|Hs_SAT_SVF_235-2B-1,0.0,0.2,0.12727272727272726,0.0,0.03636363636363636,0.12727272727272726,0.0,0.0,0.0,0.01818181818181818,0.4909090909090909,0.0,0.0,Control,
2022_Perez_Science_SLE|dmx_YS-JY-21_pool2,0.21809744779582366,0.6774941995359629,0.10440835266821345,0.0,0.0,0.0,0.0,0.0,0.0,0.0,0.0,0.0,0.0,Non-malignant disease,
2022_Madissoon_NatGenet_Lung|WSSS8062679,0.0,0.05128205128205128,0.6025641025641025,0.0,0.0,0.0641025641025641,0.0,0.0,0.0,0.0,0.28205128205128205,0.0,0.0,Control,
2021_Pelka_Cell_CRC|C123_T_1_1_1_c1_v2,0.0,0.0,0.05343511450381679,0.4580152671755725,0.0,0.22900763358778625,0.0,0.15267175572519084,0.05343511450381679,0.0,0.05343511450381679,0.0,0.0,Cancer_Tumor,CRC
2021_Ren_Cell_COVID|S-M054,0.5257731958762887,0.35051546391752575,0.12371134020618557,0.0,0.0,0.0,0.0,0.0,0.0,0.0,0.0,0.0,0.0,Non-malignant disease,
2022_Guilliams_Cell_Liver|CISE07,0.0761904761904762,0.4857142857142857,0.37142857142857144,0.05714285714285714,0.0,0.0,0.0,0.0,0.0,0.0,0.009523809523809525,0.0,0.0,Cancer_Metastasis,CRC
2023_Kumar_Nature_Breast|hbca_c69,0.0,0.0,0.11538461538461539,0.0,0.0,0.0,0.0,0.0,0.0,0.0,0.8333333333333334,0.05128205128205128,0.0,Control,
2021_Stephenson_NatMed_COVID19|MH9179823,0.7076923076923077,0.16923076923076924,0.03076923076923077,0.0,0.0,0.0,0.09230769230769231,0.0,0.0,0.0,0.0,0.0,0.0,Non-malignant disease,
2022_Zhou_NatGenet_PDAC|HT232P1-S1H1Fc2A2_1N1Bmn1_1,0.0,0.0,0.3384615384615385,0.15384615384615385,0.0,0.35384615384615387,0.0,0.0,0.0,0.0,0.15384615384615385,0.0,0.0,Cancer_Tumor,PC
2022_Guilliams_Cell_Liver|CS110,0.023809523809523808,0.28174603174603174,0.4166666666666667,0.011904761904761904,0.027777777777777776,0.0,0.015873015873015872,0.0,0.0,0.0,0.1349206349206349,0.0873015873015873,0.0,Non-malignant disease,
2021_Pelka_Cell_CRC|C155_T_0_0_0_c1_v3,0.0,0.0,0.11666666666666667,0.5333333333333333,0.0,0.2833333333333333,0.0,0.06666666666666667,0.0,0.0,0.0,0.0,0.0,Cancer_Tumor,CRC
2021_Cheng_Cell_Myeloid|RC-P20190925-N,0.0,0.0136986301369863,0.1232876712328767,0.273972602739726,0.0958904109589041,0.0,0.0273972602739726,0.0,0.0,0.0136986301369863,0.4520547945205479,0.0,0.0,Cancer_AdjNorm,RCC
2023_Terekhova_Immunity_PBMC|K09,0.921875,0.078125,0.0,0.0,0.0,0.0,0.0,0.0,0.0,0.0,0.0,0.0,0.0,Control,
2022_Perez_Science_SLE|dmx_YS-JY-20_pool3,0.3862815884476534,0.516245487364621,0.06498194945848375,0.0,0.0,0.0,0.032490974729241874,0.0,0.0,0.0,0.0,0.0,0.0,Non-malignant disease,
2021_Stephenson_NatMed_COVID19|MH9143320,0.6274509803921569,0.13725490196078433,0.23529411764705882,0.0,0.0,0.0,0.0,0.0,0.0,0.0,0.0,0.0,0.0,Non-malignant disease,
2021_Pelka_Cell_CRC|C161_T_1_1_0_c1_v3,0.0,0.18518518518518517,0.0,0.3148148148148148,0.018518518518518517,0.3888888888888889,0.0,0.0,0.0,0.0,0.09259259259259259,0.0,0.0,Cancer_Tumor,CRC
2023_Terekhova_Immunity_PBMC|K08,0.7272727272727273,0.2727272727272727,0.0,0.0,0.0,0.0,0.0,0.0,0.0,0.0,0.0,0.0,0.0,Control,
2021_Cheng_Cell_Myeloid|RC-P20190919-T,0.1288056206088993,0.06557377049180328,0.02810304449648712,0.3185011709601874,0.0,0.17330210772833723,0.0,0.1920374707259953,0.0,0.00702576112412178,0.0,0.08665105386416862,0.0,Cancer_Tumor,RCC
2023_Kong_Immunity_CD|N191305_L1,0.0,0.13725490196078433,0.7058823529411765,0.0,0.0,0.11764705882352941,0.0,0.0,0.0,0.0392156862745098,0.0,0.0,0.0,Non-malignant disease,
2021_Hao_Cell_Blood|P5_5,0.4027777777777778,0.4722222222222222,0.09722222222222222,0.0,0.0,0.0,0.027777777777777776,0.0,0.0,0.0,0.0,0.0,0.0,Non-malignant disease,
2023_Wang_SciAdv_CRC|s0920_Liver_AdjNorm,0.0,0.0,0.2064516129032258,0.0,0.13548387096774195,0.0,0.0,0.0,0.0,0.03870967741935484,0.5935483870967742,0.025806451612903226,0.0,Cancer_AdjNorm,CRC
2021_Ren_Cell_COVID|S-M032,0.020618556701030927,0.0,0.0,0.030927835051546393,0.0,0.6804123711340206,0.0,0.0,0.0,0.0,0.26804123711340205,0.0,0.0,Non-malignant disease,
2022_Guilliams_Cell_Liver|CISE06,0.11206896551724138,0.6637931034482759,0.1810344827586207,0.04310344827586207,0.0,0.0,0.0,0.0,0.0,0.0,0.0,0.0,0.0,Cancer_Metastasis,CRC
2020_Adams_SciAdv_IPF|056CO,0.0,0.0,0.2222222222222222,0.0,0.0,0.1388888888888889,0.0,0.0,0.0,0.0,0.6388888888888888,0.0,0.0,Non-malignant disease,
2023_Kumar_Nature_Breast|hbca_c59,0.0,0.288135593220339,0.15254237288135594,0.0,0.0,0.0,0.0,0.0,0.0,0.0,0.5254237288135594,0.0,0.03389830508474576,Control,
2023_Terekhova_Immunity_PBMC|D01,0.4339622641509434,0.4528301886792453,0.11320754716981132,0.0,0.0,0.0,0.0,0.0,0.0,0.0,0.0,0.0,0.0,Control,
2022_Madissoon_NatGenet_Lung|5841STDY7991479,0.0379746835443038,0.0,0.26582278481012656,0.24050632911392406,0.0,0.25316455696202533,0.0,0.16455696202531644,0.0,0.0,0.0,0.0379746835443038,0.0,Control,
2023_Fonseca_NatGenet_Endometriosis|sample14,0.0,0.27049180327868855,0.12295081967213115,0.0,0.0,0.08196721311475409,0.0,0.0,0.0,0.02459016393442623,0.5,0.0,0.0,Non-malignant disease,
2021_Wu_NatGenet_Breast|CID44971,0.0,0.06289308176100629,0.16352201257861634,0.559748427672956,0.0,0.11320754716981132,0.0,0.018867924528301886,0.0,0.025157232704402517,0.05660377358490566,0.0,0.0,Cancer_Tumor,BRCA
2023_Wang_SciAdv_CRC|s0107_Liver_Metastasis,0.0,0.014388489208633094,0.0,0.025179856115107913,0.0035971223021582736,0.08633093525179857,0.0,0.03597122302158273,0.0,0.0,0.06474820143884892,0.7697841726618705,0.0,Cancer_Metastasis,CRC
2022_Perez_Science_SLE|dmx_YS-JY-21_pool1,0.43529411764705883,0.5019607843137255,0.052941176470588235,0.0,0.0,0.0,0.00980392156862745,0.0,0.0,0.0,0.0,0.0,0.0,Control,
2021_Pal_EMBO_Breast|GSM4909287_TN-B1-Tum0554,0.0,0.03431372549019608,0.16176470588235295,0.3235294117647059,0.0,0.09803921568627451,0.0,0.10784313725490197,0.0,0.0,0.24019607843137256,0.0,0.03431372549019608,Cancer_Tumor,BRCA
2022_Perez_Science_SLE|dmx_YE_8-16,0.4523809523809524,0.3435374149659864,0.0782312925170068,0.0,0.0,0.0,0.11904761904761904,0.0,0.0,0.0,0.006802721088435374,0.0,0.0,Control,
2023_Kong_Immunity_CD|N128346_L2,0.04697986577181208,0.5503355704697986,0.19463087248322147,0.03355704697986577,0.0,0.026845637583892617,0.0,0.0,0.10738255033557047,0.0,0.006711409395973154,0.0,0.03355704697986577,Non-malignant disease,
2023_Kumar_Nature_Breast|hbca_c138,0.0,0.0,0.1016949152542373,0.0,0.0,0.0,0.0,0.0,0.0,0.0,0.8983050847457628,0.0,0.0,Control,
2021_Zheng_Science_TIL|KIDNEY_P20190918_T,0.0,0.0,0.0781021897810219,0.28175182481751826,0.0,0.05766423357664233,0.0,0.0,0.00145985401459854,0.0,0.581021897810219,0.0,0.0,Cancer_Tumor,RCC
2023_Wang_SciAdv_CRC|s0107_Colon_Tumor,0.0,0.0,0.10810810810810811,0.0,0.04504504504504504,0.18018018018018017,0.0,0.0,0.05405405405405406,0.02702702702702703,0.43243243243243246,0.15315315315315314,0.0,Cancer_Tumor,CRC
2022_Guilliams_Cell_Liver|CS32,0.08755760368663594,0.05069124423963134,0.815668202764977,0.0,0.0,0.0,0.0,0.0,0.0,0.04608294930875576,0.0,0.0,0.0,Cancer_Metastasis,CRC
2023_Kong_Immunity_CD|N168051_L1,0.09859154929577464,0.676056338028169,0.1267605633802817,0.028169014084507043,0.0,0.07042253521126761,0.0,0.0,0.0,0.0,0.0,0.0,0.0,Non-malignant disease,
2021_Chan_CancerCell_SCLC|RU685_N,0.0684931506849315,0.0,0.0958904109589041,0.4383561643835616,0.0,0.0821917808219178,0.0,0.0,0.0,0.0,0.273972602739726,0.0410958904109589,0.0,Cancer_AdjNorm,NSCLC
2022_TabulaSapiens_Science_TabulaSapiens|TSP1_Blood_nan_10X,0.8909090909090909,0.10909090909090909,0.0,0.0,0.0,0.0,0.0,0.0,0.0,0.0,0.0,0.0,0.0,Control,
2023_Kumar_Nature_Breast|hbca_c163,0.0,0.0,0.0,0.11764705882352941,0.0,0.0,0.0,0.0,0.0,0.0,0.8431372549019608,0.0392156862745098,0.0,Cancer_Tumor,BRCA
